simulation_id,probability,payoutMultiplier
0,0.0001,500
1,0.0001,900
2,0.0001,8380
3,0.0001,0
4,0.0001,0
5,0.0001,900
6,0.0001,2100
7,0.0001,0
8,0.0001,0
9,0.0001,7080
10,0.0001,0
11,0.0001,0
12,0.0001,1500
13,0.0001,0
14,0.0001,240
15,0.0001,300
16,0.0001,0
17,0.0001,0
18,0.0001,900
19,0.0001,0
20,0.0001,550
21,0.0001,0
22,0.0001,600
23,0.0001,300
24,0.0001,1500
25,0.0001,0
26,0.0001,800
27,0.0001,2100
28,0.0001,300
29,0.0001,0
30,0.0001,690
31,0.0001,0
32,0.0001,2200
33,0.0001,0
34,0.0001,3840
35,0.0001,0
36,0.0001,900
37,0.0001,0
38,0.0001,900
39,0.0001,400
40,0.0001,540
41,0.0001,0
42,0.0001,900
43,0.0001,0
44,0.0001,0
45,0.0001,0
46,0.0001,0
47,0.0001,900
48,0.0001,1500
49,0.0001,20940
50,0.0001,20880
51,0.0001,0
52,0.0001,2000
53,0.0001,0
54,0.0001,0
55,0.0001,300
56,0.0001,7080
57,0.0001,0
58,0.0001,1500
59,0.0001,7060
60,0.0001,0
61,0.0001,0
62,0.0001,2700
63,0.0001,300
64,0.0001,0
65,0.0001,3000
66,0.0001,0
67,0.0001,0
68,0.0001,0
69,0.0001,300
70,0.0001,400
71,0.0001,900
72,0.0001,0
73,0.0001,2100
74,0.0001,0
75,0.0001,6930
76,0.0001,900
77,0.0001,2520
78,0.0001,0
79,0.0001,300
80,0.0001,900
81,0.0001,900
82,0.0001,0
83,0.0001,2100
84,0.0001,0
85,0.0001,0
86,0.0001,400
87,0.0001,500
88,0.0001,900
89,0.0001,0
90,0.0001,300
91,0.0001,900
92,0.0001,300
93,0.0001,900
94,0.0001,0
95,0.0001,2100
96,0.0001,0
97,0.0001,0
98,0.0001,6300
99,0.0001,0
100,0.0001,34400
101,0.0001,900
102,0.0001,0
103,0.0001,700
104,0.0001,300
105,0.0001,1500
106,0.0001,400
107,0.0001,740
108,0.0001,0
109,0.0001,500
110,0.0001,1500
111,0.0001,0
112,0.0001,600
113,0.0001,0
114,0.0001,1920
115,0.0001,0
116,0.0001,0
117,0.0001,0
118,0.0001,0
119,0.0001,400
120,0.0001,300
121,0.0001,1500
122,0.0001,0
123,0.0001,0
124,0.0001,0
125,0.0001,1800
126,0.0001,540
127,0.0001,1500
128,0.0001,900
129,0.0001,0
130,0.0001,6980
131,0.0001,0
132,0.0001,1200
133,0.0001,1200
134,0.0001,0
135,0.0001,0
136,0.0001,0
137,0.0001,0
138,0.0001,0
139,0.0001,900
140,0.0001,900
141,0.0001,400
142,0.0001,900
143,0.0001,300
144,0.0001,20940
145,0.0001,0
146,0.0001,900
147,0.0001,900
148,0.0001,300
149,0.0001,500
150,0.0001,2800
151,0.0001,0
152,0.0001,800
153,0.0001,300
154,0.0001,3620
155,0.0001,2100
156,0.0001,0
157,0.0001,0
158,0.0001,450
159,0.0001,2000
160,0.0001,900
161,0.0001,2700
162,0.0001,1500
163,0.0001,0
164,0.0001,0
165,0.0001,300
166,0.0001,0
167,0.0001,3000
168,0.0001,0
169,0.0001,0
170,0.0001,0
171,0.0001,4950
172,0.0001,400
173,0.0001,1200
174,0.0001,0
175,0.0001,600
176,0.0001,700
177,0.0001,400
178,0.0001,1200
179,0.0001,1350
180,0.0001,1800
181,0.0001,1620
182,0.0001,10800
183,0.0001,400
184,0.0001,1500
185,0.0001,2100
186,0.0001,400
187,0.0001,0
188,0.0001,1650
189,0.0001,0
190,0.0001,1500
191,0.0001,0
192,0.0001,0
193,0.0001,900
194,0.0001,0
195,0.0001,0
196,0.0001,300
197,0.0001,0
198,0.0001,300
199,0.0001,1200
200,0.0001,300
201,0.0001,750
202,0.0001,2520
203,0.0001,0
204,0.0001,1200
205,0.0001,3600
206,0.0001,0
207,0.0001,0
208,0.0001,1500
209,0.0001,0
210,0.0001,900
211,0.0001,500
212,0.0001,0
213,0.0001,0
214,0.0001,2100
215,0.0001,1500
216,0.0001,900
217,0.0001,1350
218,0.0001,600
219,0.0001,0
220,0.0001,0
221,0.0001,300
222,0.0001,1200
223,0.0001,900
224,0.0001,900
225,0.0001,500
226,0.0001,300
227,0.0001,0
228,0.0001,400
229,0.0001,0
230,0.0001,1500
231,0.0001,0
232,0.0001,13500
233,0.0001,1500
234,0.0001,1200
235,0.0001,0
236,0.0001,0
237,0.0001,2000
238,0.0001,400
239,0.0001,1200
240,0.0001,300
241,0.0001,640
242,0.0001,0
243,0.0001,12600
244,0.0001,900
245,0.0001,0
246,0.0001,0
247,0.0001,1200
248,0.0001,0
249,0.0001,0
250,0.0001,400
251,0.0001,1500
252,0.0001,600
253,0.0001,0
254,0.0001,400
255,0.0001,0
256,0.0001,300
257,0.0001,0
258,0.0001,1800
259,0.0001,0
260,0.0001,300
261,0.0001,0
262,0.0001,0
263,0.0001,2250
264,0.0001,300
265,0.0001,1500
266,0.0001,0
267,0.0001,0
268,0.0001,1950
269,0.0001,1500
270,0.0001,0
271,0.0001,400
272,0.0001,0
273,0.0001,20640
274,0.0001,900
275,0.0001,400
276,0.0001,0
277,0.0001,2100
278,0.0001,0
279,0.0001,1500
280,0.0001,2100
281,0.0001,1200
282,0.0001,0
283,0.0001,0
284,0.0001,900
285,0.0001,900
286,0.0001,2100
287,0.0001,0
288,0.0001,3900
289,0.0001,0
290,0.0001,1350
291,0.0001,900
292,0.0001,0
293,0.0001,6000
294,0.0001,3450
295,0.0001,300
296,0.0001,1200
297,0.0001,800
298,0.0001,300
299,0.0001,1500
300,0.0001,7180
301,0.0001,7080
302,0.0001,1200
303,0.0001,1200
304,0.0001,0
305,0.0001,0
306,0.0001,7030
307,0.0001,0
308,0.0001,0
309,0.0001,900
310,0.0001,0
311,0.0001,1500
312,0.0001,0
313,0.0001,600
314,0.0001,1200
315,0.0001,1500
316,0.0001,1500
317,0.0001,10800
318,0.0001,0
319,0.0001,1800
320,0.0001,0
321,0.0001,1650
322,0.0001,640
323,0.0001,1200
324,0.0001,600
325,0.0001,500
326,0.0001,11600
327,0.0001,0
328,0.0001,0
329,0.0001,1800
330,0.0001,300
331,0.0001,2100
332,0.0001,3000
333,0.0001,0
334,0.0001,1500
335,0.0001,0
336,0.0001,0
337,0.0001,1200
338,0.0001,3600
339,0.0001,0
340,0.0001,0
341,0.0001,1200
342,0.0001,640
343,0.0001,0
344,0.0001,0
345,0.0001,0
346,0.0001,1500
347,0.0001,900
348,0.0001,0
349,0.0001,34300
350,0.0001,400
351,0.0001,2250
352,0.0001,0
353,0.0001,0
354,0.0001,0
355,0.0001,0
356,0.0001,0
357,0.0001,0
358,0.0001,700
359,0.0001,700
360,0.0001,2100
361,0.0001,500
362,0.0001,400
363,0.0001,300
364,0.0001,700
365,0.0001,2000
366,0.0001,1920
367,0.0001,300
368,0.0001,0
369,0.0001,1200
370,0.0001,720
371,0.0001,0
372,0.0001,1800
373,0.0001,840
374,0.0001,0
375,0.0001,2250
376,0.0001,0
377,0.0001,400
378,0.0001,2000
379,0.0001,20640
380,0.0001,300
381,0.0001,3600
382,0.0001,0
383,0.0001,1500
384,0.0001,23340
385,0.0001,0
386,0.0001,2000
387,0.0001,450
388,0.0001,0
389,0.0001,0
390,0.0001,6960
391,0.0001,900
392,0.0001,0
393,0.0001,20940
394,0.0001,5400
395,0.0001,0
396,0.0001,700
397,0.0001,1200
398,0.0001,0
399,0.0001,900
400,0.0001,1800
401,0.0001,300
402,0.0001,300
403,0.0001,400
404,0.0001,300
405,0.0001,2100
406,0.0001,1740
407,0.0001,20940
408,0.0001,300
409,0.0001,0
410,0.0001,900
411,0.0001,0
412,0.0001,1500
413,0.0001,2000
414,0.0001,0
415,0.0001,450
416,0.0001,1200
417,0.0001,900
418,0.0001,0
419,0.0001,900
420,0.0001,0
421,0.0001,0
422,0.0001,300
423,0.0001,1800
424,0.0001,900
425,0.0001,1500
426,0.0001,900
427,0.0001,3000
428,0.0001,0
429,0.0001,20940
430,0.0001,300
431,0.0001,1500
432,0.0001,0
433,0.0001,500
434,0.0001,1500
435,0.0001,3500
436,0.0001,2100
437,0.0001,0
438,0.0001,0
439,0.0001,300
440,0.0001,1200
441,0.0001,0
442,0.0001,300
443,0.0001,0
444,0.0001,1200
445,0.0001,0
446,0.0001,1500
447,0.0001,20880
448,0.0001,1500
449,0.0001,900
450,0.0001,400
451,0.0001,300
452,0.0001,300
453,0.0001,1200
454,0.0001,1500
455,0.0001,0
456,0.0001,0
457,0.0001,0
458,0.0001,1200
459,0.0001,1200
460,0.0001,1600
461,0.0001,500
462,0.0001,0
463,0.0001,300
464,0.0001,0
465,0.0001,0
466,0.0001,34400
467,0.0001,900
468,0.0001,400
469,0.0001,2100
470,0.0001,0
471,0.0001,1200
472,0.0001,27420
473,0.0001,0
474,0.0001,700
475,0.0001,940
476,0.0001,1540
477,0.0001,0
478,0.0001,0
479,0.0001,7780
480,0.0001,800
481,0.0001,2700
482,0.0001,300
483,0.0001,300
484,0.0001,0
485,0.0001,1500
486,0.0001,400
487,0.0001,400
488,0.0001,0
489,0.0001,0
490,0.0001,1500
491,0.0001,2100
492,0.0001,540
493,0.0001,20940
494,0.0001,1800
495,0.0001,1200
496,0.0001,1800
497,0.0001,900
498,0.0001,800
499,0.0001,0
500,0.0001,900
501,0.0001,0
502,0.0001,300
503,0.0001,700
504,0.0001,900
505,0.0001,1200
506,0.0001,700
507,0.0001,900
508,0.0001,700
509,0.0001,900
510,0.0001,540
511,0.0001,1200
512,0.0001,7080
513,0.0001,600
514,0.0001,3700
515,0.0001,22140
516,0.0001,700
517,0.0001,0
518,0.0001,2000
519,0.0001,400
520,0.0001,400
521,0.0001,2520
522,0.0001,0
523,0.0001,400
524,0.0001,500
525,0.0001,0
526,0.0001,0
527,0.0001,0
528,0.0001,1440
529,0.0001,900
530,0.0001,0
531,0.0001,0
532,0.0001,0
533,0.0001,0
534,0.0001,0
535,0.0001,7080
536,0.0001,0
537,0.0001,0
538,0.0001,0
539,0.0001,0
540,0.0001,600
541,0.0001,400
542,0.0001,0
543,0.0001,1500
544,0.0001,0
545,0.0001,0
546,0.0001,0
547,0.0001,0
548,0.0001,600
549,0.0001,400
550,0.0001,900
551,0.0001,900
552,0.0001,0
553,0.0001,900
554,0.0001,400
555,0.0001,1200
556,0.0001,850
557,0.0001,900
558,0.0001,0
559,0.0001,0
560,0.0001,900
561,0.0001,15750
562,0.0001,540
563,0.0001,900
564,0.0001,900
565,0.0001,1200
566,0.0001,2000
567,0.0001,900
568,0.0001,1500
569,0.0001,0
570,0.0001,2700
571,0.0001,300
572,0.0001,0
573,0.0001,0
574,0.0001,600
575,0.0001,0
576,0.0001,0
577,0.0001,0
578,0.0001,1200
579,0.0001,23640
580,0.0001,900
581,0.0001,0
582,0.0001,2250
583,0.0001,0
584,0.0001,0
585,0.0001,0
586,0.0001,900
587,0.0001,300
588,0.0001,8380
589,0.0001,300
590,0.0001,0
591,0.0001,400
592,0.0001,900
593,0.0001,300
594,0.0001,500
595,0.0001,0
596,0.0001,0
597,0.0001,900
598,0.0001,0
599,0.0001,1200
600,0.0001,300
601,0.0001,900
602,0.0001,900
603,0.0001,0
604,0.0001,900
605,0.0001,900
606,0.0001,300
607,0.0001,0
608,0.0001,0
609,0.0001,0
610,0.0001,240
611,0.0001,7030
612,0.0001,1500
613,0.0001,0
614,0.0001,0
615,0.0001,1400
616,0.0001,300
617,0.0001,0
618,0.0001,0
619,0.0001,2100
620,0.0001,900
621,0.0001,0
622,0.0001,400
623,0.0001,400
624,0.0001,400
625,0.0001,0
626,0.0001,2100
627,0.0001,0
628,0.0001,400
629,0.0001,1200
630,0.0001,0
631,0.0001,900
632,0.0001,900
633,0.0001,300
634,0.0001,0
635,0.0001,900
636,0.0001,3600
637,0.0001,0
638,0.0001,700
639,0.0001,6980
640,0.0001,0
641,0.0001,4320
642,0.0001,0
643,0.0001,2250
644,0.0001,1200
645,0.0001,400
646,0.0001,300
647,0.0001,450
648,0.0001,0
649,0.0001,0
650,0.0001,900
651,0.0001,1500
652,0.0001,0
653,0.0001,400
654,0.0001,0
655,0.0001,1800
656,0.0001,0
657,0.0001,1500
658,0.0001,1500
659,0.0001,0
660,0.0001,300
661,0.0001,1200
662,0.0001,700
663,0.0001,33900
664,0.0001,0
665,0.0001,1200
666,0.0001,0
667,0.0001,600
668,0.0001,400
669,0.0001,0
670,0.0001,900
671,0.0001,0
672,0.0001,0
673,0.0001,1950
674,0.0001,1500
675,0.0001,1500
676,0.0001,0
677,0.0001,0
678,0.0001,300
679,0.0001,0
680,0.0001,0
681,0.0001,600
682,0.0001,2200
683,0.0001,0
684,0.0001,600
685,0.0001,300
686,0.0001,1200
687,0.0001,0
688,0.0001,300
689,0.0001,900
690,0.0001,1300
691,0.0001,0
692,0.0001,0
693,0.0001,0
694,0.0001,900
695,0.0001,400
696,0.0001,500
697,0.0001,0
698,0.0001,1500
699,0.0001,400
700,0.0001,900
701,0.0001,800
702,0.0001,2000
703,0.0001,0
704,0.0001,3000
705,0.0001,0
706,0.0001,0
707,0.0001,400
708,0.0001,0
709,0.0001,0
710,0.0001,500
711,0.0001,0
712,0.0001,900
713,0.0001,0
714,0.0001,1650
715,0.0001,0
716,0.0001,0
717,0.0001,0
718,0.0001,0
719,0.0001,0
720,0.0001,900
721,0.0001,0
722,0.0001,0
723,0.0001,600
724,0.0001,0
725,0.0001,3600
726,0.0001,300
727,0.0001,300
728,0.0001,1500
729,0.0001,21990
730,0.0001,1500
731,0.0001,1650
732,0.0001,400
733,0.0001,0
734,0.0001,0
735,0.0001,750
736,0.0001,400
737,0.0001,0
738,0.0001,400
739,0.0001,900
740,0.0001,0
741,0.0001,900
742,0.0001,0
743,0.0001,6980
744,0.0001,1400
745,0.0001,540
746,0.0001,0
747,0.0001,400
748,0.0001,2200
749,0.0001,0
750,0.0001,900
751,0.0001,1500
752,0.0001,2100
753,0.0001,0
754,0.0001,1500
755,0.0001,300
756,0.0001,900
757,0.0001,0
758,0.0001,700
759,0.0001,300
760,0.0001,7030
761,0.0001,0
762,0.0001,4200
763,0.0001,400
764,0.0001,300
765,0.0001,1500
766,0.0001,0
767,0.0001,1500
768,0.0001,400
769,0.0001,300
770,0.0001,0
771,0.0001,0
772,0.0001,800
773,0.0001,2000
774,0.0001,2000
775,0.0001,0
776,0.0001,0
777,0.0001,700
778,0.0001,700
779,0.0001,300
780,0.0001,3500
781,0.0001,300
782,0.0001,300
783,0.0001,1500
784,0.0001,300
785,0.0001,0
786,0.0001,2100
787,0.0001,0
788,0.0001,800
789,0.0001,900
790,0.0001,0
791,0.0001,3600
792,0.0001,0
793,0.0001,1200
794,0.0001,900
795,0.0001,1800
796,0.0001,900
797,0.0001,900
798,0.0001,300
799,0.0001,600
800,0.0001,500
801,0.0001,1900
802,0.0001,1500
803,0.0001,400
804,0.0001,450
805,0.0001,700
806,0.0001,1200
807,0.0001,700
808,0.0001,1600
809,0.0001,7480
810,0.0001,2100
811,0.0001,300
812,0.0001,0
813,0.0001,0
814,0.0001,1500
815,0.0001,4500
816,0.0001,0
817,0.0001,3000
818,0.0001,0
819,0.0001,9190
820,0.0001,300
821,0.0001,900
822,0.0001,400
823,0.0001,0
824,0.0001,400
825,0.0001,6000
826,0.0001,0
827,0.0001,0
828,0.0001,0
829,0.0001,900
830,0.0001,1200
831,0.0001,900
832,0.0001,2070
833,0.0001,0
834,0.0001,1500
835,0.0001,900
836,0.0001,9000
837,0.0001,900
838,0.0001,400
839,0.0001,2000
840,0.0001,750
841,0.0001,400
842,0.0001,10350
843,0.0001,900
844,0.0001,1200
845,0.0001,900
846,0.0001,400
847,0.0001,400
848,0.0001,500
849,0.0001,300
850,0.0001,300
851,0.0001,400
852,0.0001,0
853,0.0001,1800
854,0.0001,7030
855,0.0001,2000
856,0.0001,20940
857,0.0001,0
858,0.0001,900
859,0.0001,0
860,0.0001,0
861,0.0001,400
862,0.0001,0
863,0.0001,700
864,0.0001,0
865,0.0001,800
866,0.0001,10200
867,0.0001,900
868,0.0001,1200
869,0.0001,2700
870,0.0001,9240
871,0.0001,0
872,0.0001,300
873,0.0001,0
874,0.0001,0
875,0.0001,720
876,0.0001,3000
877,0.0001,7480
878,0.0001,0
879,0.0001,800
880,0.0001,400
881,0.0001,20940
882,0.0001,900
883,0.0001,0
884,0.0001,600
885,0.0001,2000
886,0.0001,900
887,0.0001,900
888,0.0001,0
889,0.0001,9140
890,0.0001,0
891,0.0001,2500
892,0.0001,1500
893,0.0001,0
894,0.0001,0
895,0.0001,1450
896,0.0001,0
897,0.0001,4320
898,0.0001,21540
899,0.0001,400
900,0.0001,1800
901,0.0001,0
902,0.0001,700
903,0.0001,940
904,0.0001,300
905,0.0001,700
906,0.0001,300
907,0.0001,300
908,0.0001,9240
909,0.0001,0
910,0.0001,300
911,0.0001,2000
912,0.0001,0
913,0.0001,500
914,0.0001,300
915,0.0001,300
916,0.0001,0
917,0.0001,900
918,0.0001,500
919,0.0001,0
920,0.0001,0
921,0.0001,20880
922,0.0001,800
923,0.0001,900
924,0.0001,1500
925,0.0001,0
926,0.0001,650
927,0.0001,300
928,0.0001,0
929,0.0001,7060
930,0.0001,0
931,0.0001,2100
932,0.0001,10620
933,0.0001,1200
934,0.0001,1500
935,0.0001,300
936,0.0001,300
937,0.0001,0
938,0.0001,600
939,0.0001,1800
940,0.0001,300
941,0.0001,900
942,0.0001,0
943,0.0001,400
944,0.0001,2100
945,0.0001,2250
946,0.0001,0
947,0.0001,14700
948,0.0001,700
949,0.0001,800
950,0.0001,0
951,0.0001,34400
952,0.0001,0
953,0.0001,0
954,0.0001,300
955,0.0001,28020
956,0.0001,900
957,0.0001,0
958,0.0001,1200
959,0.0001,1200
960,0.0001,0
961,0.0001,700
962,0.0001,2100
963,0.0001,1500
964,0.0001,790
965,0.0001,0
966,0.0001,900
967,0.0001,0
968,0.0001,400
969,0.0001,0
970,0.0001,1500
971,0.0001,0
972,0.0001,900
973,0.0001,700
974,0.0001,0
975,0.0001,0
976,0.0001,0
977,0.0001,1900
978,0.0001,900
979,0.0001,9900
980,0.0001,0
981,0.0001,2000
982,0.0001,0
983,0.0001,7030
984,0.0001,500
985,0.0001,0
986,0.0001,0
987,0.0001,900
988,0.0001,1200
989,0.0001,3600
990,0.0001,0
991,0.0001,0
992,0.0001,1500
993,0.0001,7480
994,0.0001,0
995,0.0001,400
996,0.0001,0
997,0.0001,400
998,0.0001,27420
999,0.0001,0
1000,0.0001,600
1001,0.0001,400
1002,0.0001,2100
1003,0.0001,0
1004,0.0001,6000
1005,0.0001,900
1006,0.0001,2000
1007,0.0001,300
1008,0.0001,300
1009,0.0001,0
1010,0.0001,300
1011,0.0001,2100
1012,0.0001,300
1013,0.0001,0
1014,0.0001,0
1015,0.0001,900
1016,0.0001,1200
1017,0.0001,0
1018,0.0001,400
1019,0.0001,0
1020,0.0001,0
1021,0.0001,1500
1022,0.0001,400
1023,0.0001,1200
1024,0.0001,5700
1025,0.0001,840
1026,0.0001,0
1027,0.0001,5460
1028,0.0001,0
1029,0.0001,1350
1030,0.0001,0
1031,0.0001,300
1032,0.0001,300
1033,0.0001,900
1034,0.0001,900
1035,0.0001,7980
1036,0.0001,0
1037,0.0001,0
1038,0.0001,800
1039,0.0001,900
1040,0.0001,900
1041,0.0001,0
1042,0.0001,300
1043,0.0001,0
1044,0.0001,3000
1045,0.0001,9900
1046,0.0001,34400
1047,0.0001,400
1048,0.0001,0
1049,0.0001,0
1050,0.0001,1860
1051,0.0001,0
1052,0.0001,900
1053,0.0001,600
1054,0.0001,300
1055,0.0001,1200
1056,0.0001,300
1057,0.0001,0
1058,0.0001,900
1059,0.0001,20640
1060,0.0001,900
1061,0.0001,900
1062,0.0001,0
1063,0.0001,1200
1064,0.0001,0
1065,0.0001,1200
1066,0.0001,0
1067,0.0001,0
1068,0.0001,900
1069,0.0001,1500
1070,0.0001,0
1071,0.0001,600
1072,0.0001,1200
1073,0.0001,3700
1074,0.0001,720
1075,0.0001,7080
1076,0.0001,1200
1077,0.0001,900
1078,0.0001,0
1079,0.0001,300
1080,0.0001,1200
1081,0.0001,900
1082,0.0001,2100
1083,0.0001,840
1084,0.0001,1200
1085,0.0001,0
1086,0.0001,0
1087,0.0001,0
1088,0.0001,1800
1089,0.0001,880
1090,0.0001,400
1091,0.0001,0
1092,0.0001,2250
1093,0.0001,650
1094,0.0001,550
1095,0.0001,1500
1096,0.0001,300
1097,0.0001,0
1098,0.0001,600
1099,0.0001,0
1100,0.0001,0
1101,0.0001,0
1102,0.0001,2100
1103,0.0001,3700
1104,0.0001,0
1105,0.0001,1800
1106,0.0001,900
1107,0.0001,3000
1108,0.0001,300
1109,0.0001,2520
1110,0.0001,0
1111,0.0001,0
1112,0.0001,2000
1113,0.0001,720
1114,0.0001,300
1115,0.0001,20790
1116,0.0001,0
1117,0.0001,900
1118,0.0001,1800
1119,0.0001,1500
1120,0.0001,0
1121,0.0001,900
1122,0.0001,900
1123,0.0001,2100
1124,0.0001,540
1125,0.0001,800
1126,0.0001,900
1127,0.0001,0
1128,0.0001,0
1129,0.0001,900
1130,0.0001,840
1131,0.0001,600
1132,0.0001,400
1133,0.0001,6980
1134,0.0001,500
1135,0.0001,2100
1136,0.0001,700
1137,0.0001,1900
1138,0.0001,20640
1139,0.0001,2250
1140,0.0001,1600
1141,0.0001,300
1142,0.0001,2100
1143,0.0001,9000
1144,0.0001,600
1145,0.0001,2100
1146,0.0001,300
1147,0.0001,1200
1148,0.0001,1200
1149,0.0001,0
1150,0.0001,0
1151,0.0001,1500
1152,0.0001,1500
1153,0.0001,900
1154,0.0001,300
1155,0.0001,9900
1156,0.0001,0
1157,0.0001,400
1158,0.0001,0
1159,0.0001,1600
1160,0.0001,0
1161,0.0001,0
1162,0.0001,3000
1163,0.0001,800
1164,0.0001,900
1165,0.0001,900
1166,0.0001,0
1167,0.0001,800
1168,0.0001,700
1169,0.0001,1500
1170,0.0001,0
1171,0.0001,2100
1172,0.0001,0
1173,0.0001,900
1174,0.0001,4500
1175,0.0001,0
1176,0.0001,300
1177,0.0001,0
1178,0.0001,1500
1179,0.0001,1200
1180,0.0001,3600
1181,0.0001,900
1182,0.0001,400
1183,0.0001,9140
1184,0.0001,0
1185,0.0001,1200
1186,0.0001,0
1187,0.0001,0
1188,0.0001,400
1189,0.0001,0
1190,0.0001,600
1191,0.0001,4500
1192,0.0001,0
1193,0.0001,0
1194,0.0001,300
1195,0.0001,900
1196,0.0001,3600
1197,0.0001,300
1198,0.0001,400
1199,0.0001,1500
1200,0.0001,0
1201,0.0001,900
1202,0.0001,400
1203,0.0001,300
1204,0.0001,0
1205,0.0001,0
1206,0.0001,7060
1207,0.0001,0
1208,0.0001,900
1209,0.0001,500
1210,0.0001,300
1211,0.0001,0
1212,0.0001,600
1213,0.0001,0
1214,0.0001,1500
1215,0.0001,0
1216,0.0001,0
1217,0.0001,700
1218,0.0001,1200
1219,0.0001,2100
1220,0.0001,0
1221,0.0001,0
1222,0.0001,0
1223,0.0001,0
1224,0.0001,3550
1225,0.0001,2100
1226,0.0001,9240
1227,0.0001,700
1228,0.0001,3700
1229,0.0001,0
1230,0.0001,0
1231,0.0001,0
1232,0.0001,0
1233,0.0001,1200
1234,0.0001,720
1235,0.0001,300
1236,0.0001,0
1237,0.0001,0
1238,0.0001,900
1239,0.0001,0
1240,0.0001,400
1241,0.0001,0
1242,0.0001,400
1243,0.0001,0
1244,0.0001,300
1245,0.0001,900
1246,0.0001,0
1247,0.0001,1200
1248,0.0001,0
1249,0.0001,1500
1250,0.0001,20640
1251,0.0001,300
1252,0.0001,300
1253,0.0001,0
1254,0.0001,450
1255,0.0001,900
1256,0.0001,0
1257,0.0001,900
1258,0.0001,300
1259,0.0001,900
1260,0.0001,6980
1261,0.0001,1500
1262,0.0001,900
1263,0.0001,300
1264,0.0001,1800
1265,0.0001,400
1266,0.0001,1500
1267,0.0001,650
1268,0.0001,400
1269,0.0001,0
1270,0.0001,0
1271,0.0001,0
1272,0.0001,16500
1273,0.0001,1500
1274,0.0001,0
1275,0.0001,20640
1276,0.0001,1500
1277,0.0001,0
1278,0.0001,0
1279,0.0001,0
1280,0.0001,0
1281,0.0001,900
1282,0.0001,0
1283,0.0001,750
1284,0.0001,640
1285,0.0001,0
1286,0.0001,0
1287,0.0001,300
1288,0.0001,300
1289,0.0001,300
1290,0.0001,1500
1291,0.0001,0
1292,0.0001,0
1293,0.0001,600
1294,0.0001,400
1295,0.0001,300
1296,0.0001,0
1297,0.0001,500
1298,0.0001,6980
1299,0.0001,900
1300,0.0001,1200
1301,0.0001,0
1302,0.0001,1950
1303,0.0001,300
1304,0.0001,800
1305,0.0001,850
1306,0.0001,400
1307,0.0001,400
1308,0.0001,300
1309,0.0001,0
1310,0.0001,1500
1311,0.0001,900
1312,0.0001,1500
1313,0.0001,2000
1314,0.0001,20940
1315,0.0001,900
1316,0.0001,400
1317,0.0001,0
1318,0.0001,0
1319,0.0001,900
1320,0.0001,300
1321,0.0001,0
1322,0.0001,900
1323,0.0001,0
1324,0.0001,5400
1325,0.0001,0
1326,0.0001,2100
1327,0.0001,0
1328,0.0001,800
1329,0.0001,0
1330,0.0001,1200
1331,0.0001,900
1332,0.0001,0
1333,0.0001,1500
1334,0.0001,0
1335,0.0001,0
1336,0.0001,1500
1337,0.0001,900
1338,0.0001,0
1339,0.0001,0
1340,0.0001,0
1341,0.0001,300
1342,0.0001,1200
1343,0.0001,0
1344,0.0001,1500
1345,0.0001,600
1346,0.0001,20790
1347,0.0001,300
1348,0.0001,1350
1349,0.0001,1200
1350,0.0001,0
1351,0.0001,900
1352,0.0001,9190
1353,0.0001,5700
1354,0.0001,0
1355,0.0001,0
1356,0.0001,0
1357,0.0001,900
1358,0.0001,27420
1359,0.0001,1200
1360,0.0001,900
1361,0.0001,0
1362,0.0001,800
1363,0.0001,700
1364,0.0001,3000
1365,0.0001,1500
1366,0.0001,2100
1367,0.0001,0
1368,0.0001,1800
1369,0.0001,0
1370,0.0001,0
1371,0.0001,2700
1372,0.0001,900
1373,0.0001,7080
1374,0.0001,900
1375,0.0001,0
1376,0.0001,900
1377,0.0001,600
1378,0.0001,0
1379,0.0001,0
1380,0.0001,840
1381,0.0001,900
1382,0.0001,900
1383,0.0001,600
1384,0.0001,300
1385,0.0001,1200
1386,0.0001,2100
1387,0.0001,0
1388,0.0001,20940
1389,0.0001,0
1390,0.0001,0
1391,0.0001,0
1392,0.0001,0
1393,0.0001,0
1394,0.0001,11400
1395,0.0001,0
1396,0.0001,1500
1397,0.0001,0
1398,0.0001,900
1399,0.0001,0
1400,0.0001,0
1401,0.0001,400
1402,0.0001,0
1403,0.0001,0
1404,0.0001,300
1405,0.0001,0
1406,0.0001,2100
1407,0.0001,300
1408,0.0001,0
1409,0.0001,0
1410,0.0001,0
1411,0.0001,400
1412,0.0001,0
1413,0.0001,7080
1414,0.0001,5400
1415,0.0001,1200
1416,0.0001,1080
1417,0.0001,1200
1418,0.0001,2000
1419,0.0001,0
1420,0.0001,3900
1421,0.0001,0
1422,0.0001,900
1423,0.0001,300
1424,0.0001,20580
1425,0.0001,1200
1426,0.0001,300
1427,0.0001,0
1428,0.0001,300
1429,0.0001,400
1430,0.0001,900
1431,0.0001,400
1432,0.0001,1200
1433,0.0001,600
1434,0.0001,400
1435,0.0001,0
1436,0.0001,600
1437,0.0001,640
1438,0.0001,900
1439,0.0001,900
1440,0.0001,0
1441,0.0001,1800
1442,0.0001,1500
1443,0.0001,1650
1444,0.0001,900
1445,0.0001,1600
1446,0.0001,0
1447,0.0001,0
1448,0.0001,1800
1449,0.0001,0
1450,0.0001,0
1451,0.0001,550
1452,0.0001,690
1453,0.0001,0
1454,0.0001,1200
1455,0.0001,1500
1456,0.0001,300
1457,0.0001,400
1458,0.0001,0
1459,0.0001,500
1460,0.0001,0
1461,0.0001,1200
1462,0.0001,0
1463,0.0001,400
1464,0.0001,2100
1465,0.0001,1200
1466,0.0001,1500
1467,0.0001,0
1468,0.0001,1500
1469,0.0001,900
1470,0.0001,400
1471,0.0001,0
1472,0.0001,6980
1473,0.0001,900
1474,0.0001,900
1475,0.0001,1500
1476,0.0001,600
1477,0.0001,6880
1478,0.0001,900
1479,0.0001,600
1480,0.0001,0
1481,0.0001,600
1482,0.0001,750
1483,0.0001,0
1484,0.0001,1200
1485,0.0001,900
1486,0.0001,1200
1487,0.0001,0
1488,0.0001,0
1489,0.0001,0
1490,0.0001,300
1491,0.0001,0
1492,0.0001,1800
1493,0.0001,300
1494,0.0001,0
1495,0.0001,900
1496,0.0001,300
1497,0.0001,400
1498,0.0001,2100
1499,0.0001,550
1500,0.0001,1500
1501,0.0001,1800
1502,0.0001,700
1503,0.0001,700
1504,0.0001,0
1505,0.0001,0
1506,0.0001,1200
1507,0.0001,500
1508,0.0001,10200
1509,0.0001,1500
1510,0.0001,600
1511,0.0001,1500
1512,0.0001,300
1513,0.0001,1200
1514,0.0001,900
1515,0.0001,0
1516,0.0001,1500
1517,0.0001,1500
1518,0.0001,0
1519,0.0001,0
1520,0.0001,0
1521,0.0001,0
1522,0.0001,7080
1523,0.0001,2070
1524,0.0001,5400
1525,0.0001,0
1526,0.0001,900
1527,0.0001,400
1528,0.0001,0
1529,0.0001,300
1530,0.0001,400
1531,0.0001,800
1532,0.0001,0
1533,0.0001,1200
1534,0.0001,700
1535,0.0001,300
1536,0.0001,2100
1537,0.0001,0
1538,0.0001,0
1539,0.0001,300
1540,0.0001,900
1541,0.0001,1500
1542,0.0001,0
1543,0.0001,1600
1544,0.0001,300
1545,0.0001,900
1546,0.0001,900
1547,0.0001,0
1548,0.0001,300
1549,0.0001,0
1550,0.0001,1200
1551,0.0001,0
1552,0.0001,0
1553,0.0001,1200
1554,0.0001,1800
1555,0.0001,2050
1556,0.0001,20640
1557,0.0001,0
1558,0.0001,900
1559,0.0001,1920
1560,0.0001,1200
1561,0.0001,600
1562,0.0001,0
1563,0.0001,300
1564,0.0001,300
1565,0.0001,900
1566,0.0001,0
1567,0.0001,0
1568,0.0001,400
1569,0.0001,1650
1570,0.0001,4500
1571,0.0001,0
1572,0.0001,300
1573,0.0001,1800
1574,0.0001,400
1575,0.0001,0
1576,0.0001,27420
1577,0.0001,1500
1578,0.0001,0
1579,0.0001,900
1580,0.0001,4050
1581,0.0001,7080
1582,0.0001,300
1583,0.0001,0
1584,0.0001,0
1585,0.0001,14400
1586,0.0001,300
1587,0.0001,0
1588,0.0001,0
1589,0.0001,9240
1590,0.0001,500
1591,0.0001,0
1592,0.0001,900
1593,0.0001,1800
1594,0.0001,900
1595,0.0001,0
1596,0.0001,300
1597,0.0001,400
1598,0.0001,2000
1599,0.0001,0
1600,0.0001,600
1601,0.0001,1200
1602,0.0001,0
1603,0.0001,20730
1604,0.0001,1500
1605,0.0001,0
1606,0.0001,400
1607,0.0001,500
1608,0.0001,0
1609,0.0001,900
1610,0.0001,20940
1611,0.0001,0
1612,0.0001,850
1613,0.0001,0
1614,0.0001,0
1615,0.0001,0
1616,0.0001,0
1617,0.0001,0
1618,0.0001,400
1619,0.0001,650
1620,0.0001,650
1621,0.0001,900
1622,0.0001,900
1623,0.0001,900
1624,0.0001,1500
1625,0.0001,0
1626,0.0001,0
1627,0.0001,3600
1628,0.0001,0
1629,0.0001,540
1630,0.0001,1200
1631,0.0001,7080
1632,0.0001,850
1633,0.0001,500
1634,0.0001,2100
1635,0.0001,1500
1636,0.0001,900
1637,0.0001,300
1638,0.0001,900
1639,0.0001,2000
1640,0.0001,640
1641,0.0001,300
1642,0.0001,0
1643,0.0001,2050
1644,0.0001,1500
1645,0.0001,300
1646,0.0001,1200
1647,0.0001,0
1648,0.0001,900
1649,0.0001,300
1650,0.0001,0
1651,0.0001,600
1652,0.0001,0
1653,0.0001,900
1654,0.0001,800
1655,0.0001,600
1656,0.0001,3600
1657,0.0001,0
1658,0.0001,0
1659,0.0001,0
1660,0.0001,1500
1661,0.0001,400
1662,0.0001,0
1663,0.0001,0
1664,0.0001,0
1665,0.0001,400
1666,0.0001,0
1667,0.0001,0
1668,0.0001,0
1669,0.0001,1900
1670,0.0001,400
1671,0.0001,3400
1672,0.0001,300
1673,0.0001,1500
1674,0.0001,0
1675,0.0001,900
1676,0.0001,0
1677,0.0001,1200
1678,0.0001,0
1679,0.0001,700
1680,0.0001,0
1681,0.0001,2200
1682,0.0001,0
1683,0.0001,300
1684,0.0001,9220
1685,0.0001,0
1686,0.0001,8100
1687,0.0001,900
1688,0.0001,400
1689,0.0001,0
1690,0.0001,300
1691,0.0001,0
1692,0.0001,900
1693,0.0001,0
1694,0.0001,900
1695,0.0001,900
1696,0.0001,0
1697,0.0001,0
1698,0.0001,600
1699,0.0001,2250
1700,0.0001,0
1701,0.0001,900
1702,0.0001,600
1703,0.0001,3600
1704,0.0001,900
1705,0.0001,900
1706,0.0001,0
1707,0.0001,300
1708,0.0001,700
1709,0.0001,0
1710,0.0001,150
1711,0.0001,1200
1712,0.0001,0
1713,0.0001,7060
1714,0.0001,0
1715,0.0001,1620
1716,0.0001,450
1717,0.0001,900
1718,0.0001,0
1719,0.0001,900
1720,0.0001,900
1721,0.0001,34400
1722,0.0001,0
1723,0.0001,500
1724,0.0001,400
1725,0.0001,620
1726,0.0001,1800
1727,0.0001,0
1728,0.0001,900
1729,0.0001,1200
1730,0.0001,900
1731,0.0001,300
1732,0.0001,0
1733,0.0001,0
1734,0.0001,300
1735,0.0001,1500
1736,0.0001,0
1737,0.0001,1500
1738,0.0001,1500
1739,0.0001,0
1740,0.0001,0
1741,0.0001,900
1742,0.0001,300
1743,0.0001,900
1744,0.0001,900
1745,0.0001,450
1746,0.0001,1800
1747,0.0001,300
1748,0.0001,300
1749,0.0001,800
1750,0.0001,400
1751,0.0001,0
1752,0.0001,300
1753,0.0001,900
1754,0.0001,900
1755,0.0001,0
1756,0.0001,400
1757,0.0001,300
1758,0.0001,0
1759,0.0001,800
1760,0.0001,2100
1761,0.0001,0
1762,0.0001,0
1763,0.0001,800
1764,0.0001,1200
1765,0.0001,400
1766,0.0001,0
1767,0.0001,23640
1768,0.0001,300
1769,0.0001,1200
1770,0.0001,300
1771,0.0001,500
1772,0.0001,800
1773,0.0001,0
1774,0.0001,0
1775,0.0001,900
1776,0.0001,900
1777,0.0001,800
1778,0.0001,0
1779,0.0001,1200
1780,0.0001,7030
1781,0.0001,20940
1782,0.0001,0
1783,0.0001,0
1784,0.0001,0
1785,0.0001,0
1786,0.0001,0
1787,0.0001,1500
1788,0.0001,0
1789,0.0001,2250
1790,0.0001,0
1791,0.0001,0
1792,0.0001,300
1793,0.0001,9900
1794,0.0001,0
1795,0.0001,0
1796,0.0001,900
1797,0.0001,1800
1798,0.0001,1500
1799,0.0001,1500
1800,0.0001,0
1801,0.0001,0
1802,0.0001,0
1803,0.0001,0
1804,0.0001,0
1805,0.0001,3600
1806,0.0001,600
1807,0.0001,1800
1808,0.0001,1200
1809,0.0001,3620
1810,0.0001,20790
1811,0.0001,0
1812,0.0001,0
1813,0.0001,0
1814,0.0001,0
1815,0.0001,0
1816,0.0001,300
1817,0.0001,10800
1818,0.0001,1200
1819,0.0001,900
1820,0.0001,400
1821,0.0001,300
1822,0.0001,300
1823,0.0001,0
1824,0.0001,1500
1825,0.0001,700
1826,0.0001,20940
1827,0.0001,300
1828,0.0001,0
1829,0.0001,6980
1830,0.0001,1800
1831,0.0001,16500
1832,0.0001,20940
1833,0.0001,1200
1834,0.0001,1500
1835,0.0001,0
1836,0.0001,0
1837,0.0001,7080
1838,0.0001,300
1839,0.0001,800
1840,0.0001,300
1841,0.0001,0
1842,0.0001,900
1843,0.0001,0
1844,0.0001,450
1845,0.0001,400
1846,0.0001,600
1847,0.0001,0
1848,0.0001,300
1849,0.0001,0
1850,0.0001,0
1851,0.0001,300
1852,0.0001,0
1853,0.0001,700
1854,0.0001,0
1855,0.0001,0
1856,0.0001,900
1857,0.0001,1500
1858,0.0001,0
1859,0.0001,0
1860,0.0001,7080
1861,0.0001,900
1862,0.0001,1500
1863,0.0001,0
1864,0.0001,0
1865,0.0001,0
1866,0.0001,0
1867,0.0001,1920
1868,0.0001,0
1869,0.0001,500
1870,0.0001,0
1871,0.0001,1200
1872,0.0001,34150
1873,0.0001,0
1874,0.0001,300
1875,0.0001,900
1876,0.0001,0
1877,0.0001,1200
1878,0.0001,0
1879,0.0001,900
1880,0.0001,2100
1881,0.0001,400
1882,0.0001,1500
1883,0.0001,900
1884,0.0001,1500
1885,0.0001,0
1886,0.0001,0
1887,0.0001,300
1888,0.0001,20640
1889,0.0001,1500
1890,0.0001,2100
1891,0.0001,550
1892,0.0001,0
1893,0.0001,900
1894,0.0001,700
1895,0.0001,600
1896,0.0001,2520
1897,0.0001,300
1898,0.0001,900
1899,0.0001,0
1900,0.0001,700
1901,0.0001,300
1902,0.0001,1200
1903,0.0001,500
1904,0.0001,900
1905,0.0001,400
1906,0.0001,900
1907,0.0001,1500
1908,0.0001,7880
1909,0.0001,300
1910,0.0001,0
1911,0.0001,0
1912,0.0001,1500
1913,0.0001,750
1914,0.0001,0
1915,0.0001,6880
1916,0.0001,300
1917,0.0001,240
1918,0.0001,500
1919,0.0001,0
1920,0.0001,0
1921,0.0001,900
1922,0.0001,0
1923,0.0001,0
1924,0.0001,0
1925,0.0001,300
1926,0.0001,300
1927,0.0001,20640
1928,0.0001,700
1929,0.0001,900
1930,0.0001,0
1931,0.0001,0
1932,0.0001,0
1933,0.0001,0
1934,0.0001,0
1935,0.0001,0
1936,0.0001,0
1937,0.0001,7080
1938,0.0001,1200
1939,0.0001,1500
1940,0.0001,900
1941,0.0001,7060
1942,0.0001,400
1943,0.0001,900
1944,0.0001,1500
1945,0.0001,400
1946,0.0001,10800
1947,0.0001,1500
1948,0.0001,900
1949,0.0001,0
1950,0.0001,0
1951,0.0001,1200
1952,0.0001,1200
1953,0.0001,3600
1954,0.0001,0
1955,0.0001,300
1956,0.0001,550
1957,0.0001,0
1958,0.0001,0
1959,0.0001,2100
1960,0.0001,0
1961,0.0001,1500
1962,0.0001,0
1963,0.0001,900
1964,0.0001,0
1965,0.0001,0
1966,0.0001,400
1967,0.0001,0
1968,0.0001,0
1969,0.0001,240
1970,0.0001,300
1971,0.0001,1200
1972,0.0001,7080
1973,0.0001,400
1974,0.0001,0
1975,0.0001,900
1976,0.0001,0
1977,0.0001,300
1978,0.0001,300
1979,0.0001,1200
1980,0.0001,900
1981,0.0001,1200
1982,0.0001,7380
1983,0.0001,1500
1984,0.0001,10140
1985,0.0001,300
1986,0.0001,1500
1987,0.0001,0
1988,0.0001,300
1989,0.0001,0
1990,0.0001,1500
1991,0.0001,0
1992,0.0001,11400
1993,0.0001,2100
1994,0.0001,0
1995,0.0001,0
1996,0.0001,1200
1997,0.0001,9240
1998,0.0001,400
1999,0.0001,300
2000,0.0001,0
2001,0.0001,0
2002,0.0001,0
2003,0.0001,0
2004,0.0001,0
2005,0.0001,0
2006,0.0001,23580
2007,0.0001,900
2008,0.0001,1500
2009,0.0001,1200
2010,0.0001,800
2011,0.0001,1500
2012,0.0001,840
2013,0.0001,900
2014,0.0001,2070
2015,0.0001,0
2016,0.0001,600
2017,0.0001,500
2018,0.0001,0
2019,0.0001,1500
2020,0.0001,0
2021,0.0001,0
2022,0.0001,0
2023,0.0001,1500
2024,0.0001,900
2025,0.0001,0
2026,0.0001,0
2027,0.0001,0
2028,0.0001,20640
2029,0.0001,1200
2030,0.0001,0
2031,0.0001,7080
2032,0.0001,0
2033,0.0001,800
2034,0.0001,1200
2035,0.0001,900
2036,0.0001,0
2037,0.0001,400
2038,0.0001,300
2039,0.0001,2520
2040,0.0001,0
2041,0.0001,900
2042,0.0001,2100
2043,0.0001,0
2044,0.0001,0
2045,0.0001,20640
2046,0.0001,800
2047,0.0001,0
2048,0.0001,2250
2049,0.0001,750
2050,0.0001,900
2051,0.0001,9240
2052,0.0001,0
2053,0.0001,0
2054,0.0001,800
2055,0.0001,0
2056,0.0001,1200
2057,0.0001,900
2058,0.0001,400
2059,0.0001,2100
2060,0.0001,900
2061,0.0001,7080
2062,0.0001,900
2063,0.0001,7030
2064,0.0001,300
2065,0.0001,900
2066,0.0001,0
2067,0.0001,800
2068,0.0001,900
2069,0.0001,9240
2070,0.0001,1600
2071,0.0001,0
2072,0.0001,1200
2073,0.0001,1200
2074,0.0001,0
2075,0.0001,400
2076,0.0001,900
2077,0.0001,400
2078,0.0001,0
2079,0.0001,900
2080,0.0001,0
2081,0.0001,900
2082,0.0001,2250
2083,0.0001,900
2084,0.0001,900
2085,0.0001,2100
2086,0.0001,0
2087,0.0001,0
2088,0.0001,0
2089,0.0001,300
2090,0.0001,0
2091,0.0001,0
2092,0.0001,300
2093,0.0001,2000
2094,0.0001,300
2095,0.0001,300
2096,0.0001,0
2097,0.0001,1800
2098,0.0001,0
2099,0.0001,3000
2100,0.0001,700
2101,0.0001,300
2102,0.0001,1350
2103,0.0001,0
2104,0.0001,0
2105,0.0001,600
2106,0.0001,0
2107,0.0001,700
2108,0.0001,600
2109,0.0001,0
2110,0.0001,3000
2111,0.0001,1500
2112,0.0001,0
2113,0.0001,400
2114,0.0001,400
2115,0.0001,20790
2116,0.0001,2250
2117,0.0001,7080
2118,0.0001,0
2119,0.0001,0
2120,0.0001,940
2121,0.0001,400
2122,0.0001,1200
2123,0.0001,2100
2124,0.0001,1200
2125,0.0001,0
2126,0.0001,0
2127,0.0001,240
2128,0.0001,400
2129,0.0001,900
2130,0.0001,0
2131,0.0001,900
2132,0.0001,1500
2133,0.0001,3500
2134,0.0001,500
2135,0.0001,0
2136,0.0001,900
2137,0.0001,700
2138,0.0001,300
2139,0.0001,6980
2140,0.0001,400
2141,0.0001,10800
2142,0.0001,0
2143,0.0001,1500
2144,0.0001,1800
2145,0.0001,1500
2146,0.0001,0
2147,0.0001,0
2148,0.0001,0
2149,0.0001,0
2150,0.0001,1200
2151,0.0001,0
2152,0.0001,1500
2153,0.0001,0
2154,0.0001,1500
2155,0.0001,0
2156,0.0001,0
2157,0.0001,400
2158,0.0001,300
2159,0.0001,0
2160,0.0001,2100
2161,0.0001,12600
2162,0.0001,2100
2163,0.0001,0
2164,0.0001,2000
2165,0.0001,400
2166,0.0001,0
2167,0.0001,2250
2168,0.0001,700
2169,0.0001,0
2170,0.0001,0
2171,0.0001,300
2172,0.0001,0
2173,0.0001,900
2174,0.0001,1500
2175,0.0001,0
2176,0.0001,1500
2177,0.0001,0
2178,0.0001,300
2179,0.0001,0
2180,0.0001,0
2181,0.0001,400
2182,0.0001,0
2183,0.0001,0
2184,0.0001,900
2185,0.0001,0
2186,0.0001,20640
2187,0.0001,0
2188,0.0001,2250
2189,0.0001,0
2190,0.0001,1200
2191,0.0001,0
2192,0.0001,0
2193,0.0001,1500
2194,0.0001,0
2195,0.0001,0
2196,0.0001,2000
2197,0.0001,540
2198,0.0001,4900
2199,0.0001,0
2200,0.0001,0
2201,0.0001,10620
2202,0.0001,0
2203,0.0001,0
2204,0.0001,600
2205,0.0001,20790
2206,0.0001,20790
2207,0.0001,12600
2208,0.0001,300
2209,0.0001,400
2210,0.0001,0
2211,0.0001,600
2212,0.0001,0
2213,0.0001,1200
2214,0.0001,1500
2215,0.0001,0
2216,0.0001,1500
2217,0.0001,20940
2218,0.0001,1200
2219,0.0001,0
2220,0.0001,0
2221,0.0001,1500
2222,0.0001,0
2223,0.0001,9240
2224,0.0001,0
2225,0.0001,900
2226,0.0001,900
2227,0.0001,3000
2228,0.0001,0
2229,0.0001,600
2230,0.0001,0
2231,0.0001,0
2232,0.0001,0
2233,0.0001,0
2234,0.0001,0
2235,0.0001,0
2236,0.0001,300
2237,0.0001,2100
2238,0.0001,2000
2239,0.0001,400
2240,0.0001,600
2241,0.0001,0
2242,0.0001,240
2243,0.0001,0
2244,0.0001,2520
2245,0.0001,800
2246,0.0001,1500
2247,0.0001,34400
2248,0.0001,0
2249,0.0001,0
2250,0.0001,900
2251,0.0001,2250
2252,0.0001,0
2253,0.0001,300
2254,0.0001,850
2255,0.0001,0
2256,0.0001,7030
2257,0.0001,400
2258,0.0001,900
2259,0.0001,800
2260,0.0001,900
2261,0.0001,0
2262,0.0001,0
2263,0.0001,0
2264,0.0001,700
2265,0.0001,600
2266,0.0001,600
2267,0.0001,400
2268,0.0001,500
2269,0.0001,900
2270,0.0001,900
2271,0.0001,0
2272,0.0001,0
2273,0.0001,0
2274,0.0001,6960
2275,0.0001,0
2276,0.0001,0
2277,0.0001,1500
2278,0.0001,0
2279,0.0001,0
2280,0.0001,0
2281,0.0001,900
2282,0.0001,1200
2283,0.0001,1200
2284,0.0001,900
2285,0.0001,2250
2286,0.0001,3550
2287,0.0001,300
2288,0.0001,300
2289,0.0001,0
2290,0.0001,1200
2291,0.0001,300
2292,0.0001,0
2293,0.0001,0
2294,0.0001,300
2295,0.0001,2000
2296,0.0001,700
2297,0.0001,1800
2298,0.0001,850
2299,0.0001,4500
2300,0.0001,400
2301,0.0001,2250
2302,0.0001,0
2303,0.0001,20940
2304,0.0001,800
2305,0.0001,400
2306,0.0001,0
2307,0.0001,7060
2308,0.0001,1200
2309,0.0001,850
2310,0.0001,7280
2311,0.0001,0
2312,0.0001,0
2313,0.0001,400
2314,0.0001,0
2315,0.0001,1620
2316,0.0001,1200
2317,0.0001,900
2318,0.0001,900
2319,0.0001,1500
2320,0.0001,900
2321,0.0001,0
2322,0.0001,0
2323,0.0001,6300
2324,0.0001,1500
2325,0.0001,0
2326,0.0001,0
2327,0.0001,0
2328,0.0001,500
2329,0.0001,1500
2330,0.0001,400
2331,0.0001,300
2332,0.0001,300
2333,0.0001,0
2334,0.0001,0
2335,0.0001,0
2336,0.0001,1800
2337,0.0001,0
2338,0.0001,800
2339,0.0001,300
2340,0.0001,900
2341,0.0001,0
2342,0.0001,900
2343,0.0001,0
2344,0.0001,900
2345,0.0001,10500
2346,0.0001,900
2347,0.0001,300
2348,0.0001,750
2349,0.0001,0
2350,0.0001,0
2351,0.0001,20880
2352,0.0001,1500
2353,0.0001,1800
2354,0.0001,900
2355,0.0001,400
2356,0.0001,840
2357,0.0001,3450
2358,0.0001,300
2359,0.0001,0
2360,0.0001,21240
2361,0.0001,900
2362,0.0001,800
2363,0.0001,900
2364,0.0001,0
2365,0.0001,0
2366,0.0001,0
2367,0.0001,0
2368,0.0001,10200
2369,0.0001,300
2370,0.0001,1200
2371,0.0001,0
2372,0.0001,700
2373,0.0001,400
2374,0.0001,0
2375,0.0001,4320
2376,0.0001,7180
2377,0.0001,1500
2378,0.0001,2100
2379,0.0001,0
2380,0.0001,0
2381,0.0001,1200
2382,0.0001,3390
2383,0.0001,700
2384,0.0001,700
2385,0.0001,900
2386,0.0001,0
2387,0.0001,800
2388,0.0001,1500
2389,0.0001,900
2390,0.0001,0
2391,0.0001,900
2392,0.0001,2100
2393,0.0001,300
2394,0.0001,1200
2395,0.0001,900
2396,0.0001,0
2397,0.0001,0
2398,0.0001,0
2399,0.0001,0
2400,0.0001,600
2401,0.0001,0
2402,0.0001,700
2403,0.0001,400
2404,0.0001,900
2405,0.0001,0
2406,0.0001,990
2407,0.0001,900
2408,0.0001,900
2409,0.0001,800
2410,0.0001,2100
2411,0.0001,10440
2412,0.0001,400
2413,0.0001,1200
2414,0.0001,0
2415,0.0001,900
2416,0.0001,400
2417,0.0001,1500
2418,0.0001,1500
2419,0.0001,0
2420,0.0001,900
2421,0.0001,900
2422,0.0001,0
2423,0.0001,0
2424,0.0001,34400
2425,0.0001,400
2426,0.0001,1200
2427,0.0001,0
2428,0.0001,0
2429,0.0001,600
2430,0.0001,0
2431,0.0001,2100
2432,0.0001,300
2433,0.0001,1650
2434,0.0001,0
2435,0.0001,0
2436,0.0001,400
2437,0.0001,0
2438,0.0001,20640
2439,0.0001,0
2440,0.0001,0
2441,0.0001,0
2442,0.0001,0
2443,0.0001,6300
2444,0.0001,1800
2445,0.0001,0
2446,0.0001,0
2447,0.0001,0
2448,0.0001,0
2449,0.0001,900
2450,0.0001,0
2451,0.0001,0
2452,0.0001,300
2453,0.0001,0
2454,0.0001,1800
2455,0.0001,0
2456,0.0001,0
2457,0.0001,900
2458,0.0001,500
2459,0.0001,850
2460,0.0001,900
2461,0.0001,0
2462,0.0001,400
2463,0.0001,3400
2464,0.0001,1890
2465,0.0001,1500
2466,0.0001,2250
2467,0.0001,0
2468,0.0001,21390
2469,0.0001,0
2470,0.0001,600
2471,0.0001,400
2472,0.0001,900
2473,0.0001,300
2474,0.0001,0
2475,0.0001,900
2476,0.0001,0
2477,0.0001,900
2478,0.0001,300
2479,0.0001,2200
2480,0.0001,1200
2481,0.0001,1200
2482,0.0001,1500
2483,0.0001,2100
2484,0.0001,1800
2485,0.0001,0
2486,0.0001,0
2487,0.0001,4900
2488,0.0001,0
2489,0.0001,0
2490,0.0001,900
2491,0.0001,540
2492,0.0001,300
2493,0.0001,1500
2494,0.0001,800
2495,0.0001,400
2496,0.0001,900
2497,0.0001,300
2498,0.0001,0
2499,0.0001,900
2500,0.0001,0
2501,0.0001,2520
2502,0.0001,900
2503,0.0001,700
2504,0.0001,600
2505,0.0001,0
2506,0.0001,0
2507,0.0001,900
2508,0.0001,9240
2509,0.0001,3000
2510,0.0001,0
2511,0.0001,0
2512,0.0001,900
2513,0.0001,1590
2514,0.0001,850
2515,0.0001,0
2516,0.0001,7060
2517,0.0001,0
2518,0.0001,0
2519,0.0001,300
2520,0.0001,1620
2521,0.0001,7980
2522,0.0001,800
2523,0.0001,0
2524,0.0001,0
2525,0.0001,0
2526,0.0001,0
2527,0.0001,300
2528,0.0001,0
2529,0.0001,2000
2530,0.0001,2520
2531,0.0001,3900
2532,0.0001,2100
2533,0.0001,0
2534,0.0001,900
2535,0.0001,300
2536,0.0001,900
2537,0.0001,900
2538,0.0001,7080
2539,0.0001,0
2540,0.0001,0
2541,0.0001,600
2542,0.0001,9900
2543,0.0001,600
2544,0.0001,300
2545,0.0001,0
2546,0.0001,34400
2547,0.0001,900
2548,0.0001,1500
2549,0.0001,940
2550,0.0001,400
2551,0.0001,0
2552,0.0001,1500
2553,0.0001,300
2554,0.0001,300
2555,0.0001,1050
2556,0.0001,900
2557,0.0001,300
2558,0.0001,6960
2559,0.0001,0
2560,0.0001,1500
2561,0.0001,600
2562,0.0001,2070
2563,0.0001,0
2564,0.0001,0
2565,0.0001,900
2566,0.0001,1200
2567,0.0001,0
2568,0.0001,0
2569,0.0001,0
2570,0.0001,700
2571,0.0001,2100
2572,0.0001,1200
2573,0.0001,0
2574,0.0001,0
2575,0.0001,300
2576,0.0001,700
2577,0.0001,2200
2578,0.0001,1500
2579,0.0001,850
2580,0.0001,1200
2581,0.0001,900
2582,0.0001,0
2583,0.0001,840
2584,0.0001,9000
2585,0.0001,900
2586,0.0001,0
2587,0.0001,400
2588,0.0001,300
2589,0.0001,0
2590,0.0001,0
2591,0.0001,2100
2592,0.0001,0
2593,0.0001,0
2594,0.0001,300
2595,0.0001,300
2596,0.0001,20940
2597,0.0001,0
2598,0.0001,0
2599,0.0001,1200
2600,0.0001,0
2601,0.0001,600
2602,0.0001,0
2603,0.0001,750
2604,0.0001,900
2605,0.0001,0
2606,0.0001,12600
2607,0.0001,0
2608,0.0001,400
2609,0.0001,900
2610,0.0001,0
2611,0.0001,900
2612,0.0001,0
2613,0.0001,3300
2614,0.0001,900
2615,0.0001,900
2616,0.0001,0
2617,0.0001,900
2618,0.0001,700
2619,0.0001,1500
2620,0.0001,2100
2621,0.0001,300
2622,0.0001,900
2623,0.0001,700
2624,0.0001,0
2625,0.0001,0
2626,0.0001,0
2627,0.0001,1500
2628,0.0001,2000
2629,0.0001,0
2630,0.0001,1500
2631,0.0001,0
2632,0.0001,1200
2633,0.0001,2100
2634,0.0001,0
2635,0.0001,0
2636,0.0001,0
2637,0.0001,20940
2638,0.0001,0
2639,0.0001,3300
2640,0.0001,900
2641,0.0001,0
2642,0.0001,1500
2643,0.0001,300
2644,0.0001,1500
2645,0.0001,1500
2646,0.0001,1500
2647,0.0001,0
2648,0.0001,0
2649,0.0001,2000
2650,0.0001,1200
2651,0.0001,7080
2652,0.0001,0
2653,0.0001,1620
2654,0.0001,0
2655,0.0001,0
2656,0.0001,2100
2657,0.0001,300
2658,0.0001,1620
2659,0.0001,300
2660,0.0001,940
2661,0.0001,0
2662,0.0001,300
2663,0.0001,0
2664,0.0001,1500
2665,0.0001,0
2666,0.0001,400
2667,0.0001,850
2668,0.0001,1800
2669,0.0001,0
2670,0.0001,600
2671,0.0001,600
2672,0.0001,7480
2673,0.0001,0
2674,0.0001,700
2675,0.0001,900
2676,0.0001,0
2677,0.0001,0
2678,0.0001,0
2679,0.0001,21990
2680,0.0001,0
2681,0.0001,10200
2682,0.0001,0
2683,0.0001,900
2684,0.0001,2100
2685,0.0001,0
2686,0.0001,900
2687,0.0001,700
2688,0.0001,500
2689,0.0001,300
2690,0.0001,740
2691,0.0001,2100
2692,0.0001,300
2693,0.0001,1800
2694,0.0001,0
2695,0.0001,9140
2696,0.0001,1800
2697,0.0001,900
2698,0.0001,2100
2699,0.0001,1200
2700,0.0001,1200
2701,0.0001,0
2702,0.0001,1800
2703,0.0001,0
2704,0.0001,600
2705,0.0001,400
2706,0.0001,300
2707,0.0001,20940
2708,0.0001,700
2709,0.0001,0
2710,0.0001,900
2711,0.0001,0
2712,0.0001,0
2713,0.0001,0
2714,0.0001,1200
2715,0.0001,0
2716,0.0001,0
2717,0.0001,840
2718,0.0001,0
2719,0.0001,2100
2720,0.0001,0
2721,0.0001,0
2722,0.0001,1500
2723,0.0001,300
2724,0.0001,2200
2725,0.0001,1500
2726,0.0001,0
2727,0.0001,0
2728,0.0001,7980
2729,0.0001,540
2730,0.0001,0
2731,0.0001,0
2732,0.0001,300
2733,0.0001,1500
2734,0.0001,600
2735,0.0001,0
2736,0.0001,1650
2737,0.0001,0
2738,0.0001,0
2739,0.0001,300
2740,0.0001,2700
2741,0.0001,700
2742,0.0001,0
2743,0.0001,600
2744,0.0001,900
2745,0.0001,7500
2746,0.0001,0
2747,0.0001,300
2748,0.0001,0
2749,0.0001,7180
2750,0.0001,1620
2751,0.0001,900
2752,0.0001,0
2753,0.0001,0
2754,0.0001,900
2755,0.0001,300
2756,0.0001,900
2757,0.0001,0
2758,0.0001,0
2759,0.0001,8180
2760,0.0001,740
2761,0.0001,30120
2762,0.0001,500
2763,0.0001,0
2764,0.0001,0
2765,0.0001,2100
2766,0.0001,900
2767,0.0001,900
2768,0.0001,3550
2769,0.0001,2100
2770,0.0001,4950
2771,0.0001,1500
2772,0.0001,2100
2773,0.0001,2100
2774,0.0001,900
2775,0.0001,3300
2776,0.0001,500
2777,0.0001,1200
2778,0.0001,2250
2779,0.0001,400
2780,0.0001,900
2781,0.0001,1600
2782,0.0001,900
2783,0.0001,900
2784,0.0001,850
2785,0.0001,700
2786,0.0001,7080
2787,0.0001,1500
2788,0.0001,850
2789,0.0001,300
2790,0.0001,6980
2791,0.0001,0
2792,0.0001,0
2793,0.0001,900
2794,0.0001,900
2795,0.0001,0
2796,0.0001,0
2797,0.0001,0
2798,0.0001,300
2799,0.0001,3300
2800,0.0001,1200
2801,0.0001,0
2802,0.0001,900
2803,0.0001,900
2804,0.0001,800
2805,0.0001,1500
2806,0.0001,300
2807,0.0001,1800
2808,0.0001,0
2809,0.0001,1200
2810,0.0001,800
2811,0.0001,0
2812,0.0001,0
2813,0.0001,900
2814,0.0001,1500
2815,0.0001,300
2816,0.0001,400
2817,0.0001,3000
2818,0.0001,300
2819,0.0001,700
2820,0.0001,300
2821,0.0001,9040
2822,0.0001,300
2823,0.0001,500
2824,0.0001,900
2825,0.0001,1500
2826,0.0001,0
2827,0.0001,0
2828,0.0001,740
2829,0.0001,0
2830,0.0001,850
2831,0.0001,900
2832,0.0001,0
2833,0.0001,0
2834,0.0001,0
2835,0.0001,900
2836,0.0001,900
2837,0.0001,6980
2838,0.0001,1800
2839,0.0001,0
2840,0.0001,300
2841,0.0001,0
2842,0.0001,1500
2843,0.0001,0
2844,0.0001,900
2845,0.0001,0
2846,0.0001,5400
2847,0.0001,2200
2848,0.0001,0
2849,0.0001,1200
2850,0.0001,0
2851,0.0001,10200
2852,0.0001,3840
2853,0.0001,7060
2854,0.0001,900
2855,0.0001,0
2856,0.0001,0
2857,0.0001,500
2858,0.0001,850
2859,0.0001,0
2860,0.0001,7910
2861,0.0001,0
2862,0.0001,0
2863,0.0001,300
2864,0.0001,0
2865,0.0001,1650
2866,0.0001,0
2867,0.0001,900
2868,0.0001,0
2869,0.0001,0
2870,0.0001,300
2871,0.0001,0
2872,0.0001,900
2873,0.0001,0
2874,0.0001,2000
2875,0.0001,0
2876,0.0001,700
2877,0.0001,1200
2878,0.0001,640
2879,0.0001,0
2880,0.0001,0
2881,0.0001,300
2882,0.0001,900
2883,0.0001,900
2884,0.0001,1920
2885,0.0001,0
2886,0.0001,20940
2887,0.0001,900
2888,0.0001,1500
2889,0.0001,700
2890,0.0001,2250
2891,0.0001,0
2892,0.0001,1500
2893,0.0001,0
2894,0.0001,0
2895,0.0001,2700
2896,0.0001,0
2897,0.0001,7880
2898,0.0001,550
2899,0.0001,1890
2900,0.0001,640
2901,0.0001,900
2902,0.0001,0
2903,0.0001,0
2904,0.0001,0
2905,0.0001,300
2906,0.0001,300
2907,0.0001,600
2908,0.0001,500
2909,0.0001,600
2910,0.0001,1400
2911,0.0001,0
2912,0.0001,20940
2913,0.0001,1200
2914,0.0001,850
2915,0.0001,700
2916,0.0001,0
2917,0.0001,0
2918,0.0001,900
2919,0.0001,0
2920,0.0001,0
2921,0.0001,0
2922,0.0001,1200
2923,0.0001,300
2924,0.0001,0
2925,0.0001,900
2926,0.0001,800
2927,0.0001,940
2928,0.0001,3700
2929,0.0001,900
2930,0.0001,0
2931,0.0001,600
2932,0.0001,300
2933,0.0001,900
2934,0.0001,0
2935,0.0001,0
2936,0.0001,1200
2937,0.0001,700
2938,0.0001,0
2939,0.0001,900
2940,0.0001,300
2941,0.0001,0
2942,0.0001,0
2943,0.0001,3550
2944,0.0001,300
2945,0.0001,0
2946,0.0001,0
2947,0.0001,0
2948,0.0001,900
2949,0.0001,0
2950,0.0001,0
2951,0.0001,900
2952,0.0001,0
2953,0.0001,900
2954,0.0001,1500
2955,0.0001,0
2956,0.0001,840
2957,0.0001,0
2958,0.0001,600
2959,0.0001,0
2960,0.0001,0
2961,0.0001,4320
2962,0.0001,0
2963,0.0001,0
2964,0.0001,0
2965,0.0001,0
2966,0.0001,1200
2967,0.0001,1800
2968,0.0001,550
2969,0.0001,0
2970,0.0001,1500
2971,0.0001,0
2972,0.0001,0
2973,0.0001,0
2974,0.0001,1800
2975,0.0001,600
2976,0.0001,3000
2977,0.0001,0
2978,0.0001,0
2979,0.0001,900
2980,0.0001,300
2981,0.0001,0
2982,0.0001,0
2983,0.0001,20640
2984,0.0001,900
2985,0.0001,900
2986,0.0001,300
2987,0.0001,3500
2988,0.0001,0
2989,0.0001,0
2990,0.0001,0
2991,0.0001,300
2992,0.0001,1350
2993,0.0001,1200
2994,0.0001,300
2995,0.0001,3600
2996,0.0001,5700
2997,0.0001,400
2998,0.0001,0
2999,0.0001,900
3000,0.0001,0
3001,0.0001,6930
3002,0.0001,300
3003,0.0001,0
3004,0.0001,0
3005,0.0001,0
3006,0.0001,2250
3007,0.0001,0
3008,0.0001,0
3009,0.0001,900
3010,0.0001,900
3011,0.0001,400
3012,0.0001,400
3013,0.0001,1500
3014,0.0001,1440
3015,0.0001,1500
3016,0.0001,3600
3017,0.0001,0
3018,0.0001,0
3019,0.0001,1450
3020,0.0001,1200
3021,0.0001,2100
3022,0.0001,450
3023,0.0001,300
3024,0.0001,300
3025,0.0001,600
3026,0.0001,600
3027,0.0001,900
3028,0.0001,700
3029,0.0001,0
3030,0.0001,0
3031,0.0001,400
3032,0.0001,900
3033,0.0001,0
3034,0.0001,400
3035,0.0001,0
3036,0.0001,400
3037,0.0001,500
3038,0.0001,900
3039,0.0001,1500
3040,0.0001,0
3041,0.0001,1600
3042,0.0001,0
3043,0.0001,850
3044,0.0001,500
3045,0.0001,0
3046,0.0001,1500
3047,0.0001,0
3048,0.0001,1800
3049,0.0001,0
3050,0.0001,0
3051,0.0001,900
3052,0.0001,0
3053,0.0001,0
3054,0.0001,0
3055,0.0001,0
3056,0.0001,2100
3057,0.0001,0
3058,0.0001,400
3059,0.0001,0
3060,0.0001,700
3061,0.0001,1800
3062,0.0001,1400
3063,0.0001,1500
3064,0.0001,1800
3065,0.0001,2340
3066,0.0001,900
3067,0.0001,900
3068,0.0001,900
3069,0.0001,400
3070,0.0001,0
3071,0.0001,0
3072,0.0001,2250
3073,0.0001,0
3074,0.0001,0
3075,0.0001,900
3076,0.0001,400
3077,0.0001,800
3078,0.0001,1800
3079,0.0001,1500
3080,0.0001,0
3081,0.0001,0
3082,0.0001,0
3083,0.0001,900
3084,0.0001,900
3085,0.0001,0
3086,0.0001,7920
3087,0.0001,0
3088,0.0001,400
3089,0.0001,720
3090,0.0001,900
3091,0.0001,900
3092,0.0001,900
3093,0.0001,2520
3094,0.0001,0
3095,0.0001,700
3096,0.0001,0
3097,0.0001,600
3098,0.0001,300
3099,0.0001,0
3100,0.0001,0
3101,0.0001,1650
3102,0.0001,300
3103,0.0001,300
3104,0.0001,400
3105,0.0001,0
3106,0.0001,300
3107,0.0001,3600
3108,0.0001,1500
3109,0.0001,900
3110,0.0001,700
3111,0.0001,0
3112,0.0001,600
3113,0.0001,0
3114,0.0001,1500
3115,0.0001,900
3116,0.0001,0
3117,0.0001,1500
3118,0.0001,300
3119,0.0001,700
3120,0.0001,6980
3121,0.0001,0
3122,0.0001,600
3123,0.0001,0
3124,0.0001,0
3125,0.0001,0
3126,0.0001,0
3127,0.0001,900
3128,0.0001,0
3129,0.0001,900
3130,0.0001,900
3131,0.0001,1500
3132,0.0001,0
3133,0.0001,9900
3134,0.0001,300
3135,0.0001,1500
3136,0.0001,300
3137,0.0001,0
3138,0.0001,300
3139,0.0001,1620
3140,0.0001,1200
3141,0.0001,500
3142,0.0001,0
3143,0.0001,0
3144,0.0001,700
3145,0.0001,900
3146,0.0001,900
3147,0.0001,1200
3148,0.0001,600
3149,0.0001,2000
3150,0.0001,0
3151,0.0001,3500
3152,0.0001,0
3153,0.0001,500
3154,0.0001,300
3155,0.0001,0
3156,0.0001,900
3157,0.0001,0
3158,0.0001,9000
3159,0.0001,600
3160,0.0001,300
3161,0.0001,2050
3162,0.0001,0
3163,0.0001,900
3164,0.0001,2250
3165,0.0001,900
3166,0.0001,400
3167,0.0001,300
3168,0.0001,7080
3169,0.0001,400
3170,0.0001,0
3171,0.0001,2200
3172,0.0001,0
3173,0.0001,940
3174,0.0001,700
3175,0.0001,900
3176,0.0001,0
3177,0.0001,200
3178,0.0001,300
3179,0.0001,1620
3180,0.0001,5220
3181,0.0001,300
3182,0.0001,7880
3183,0.0001,1500
3184,0.0001,700
3185,0.0001,0
3186,0.0001,0
3187,0.0001,0
3188,0.0001,6930
3189,0.0001,0
3190,0.0001,900
3191,0.0001,900
3192,0.0001,20940
3193,0.0001,0
3194,0.0001,1200
3195,0.0001,2100
3196,0.0001,6000
3197,0.0001,1800
3198,0.0001,1500
3199,0.0001,1200
3200,0.0001,0
3201,0.0001,6880
3202,0.0001,0
3203,0.0001,300
3204,0.0001,300
3205,0.0001,900
3206,0.0001,0
3207,0.0001,0
3208,0.0001,300
3209,0.0001,0
3210,0.0001,2100
3211,0.0001,0
3212,0.0001,1400
3213,0.0001,300
3214,0.0001,900
3215,0.0001,0
3216,0.0001,0
3217,0.0001,0
3218,0.0001,900
3219,0.0001,300
3220,0.0001,300
3221,0.0001,840
3222,0.0001,500
3223,0.0001,300
3224,0.0001,2200
3225,0.0001,940
3226,0.0001,700
3227,0.0001,0
3228,0.0001,27360
3229,0.0001,500
3230,0.0001,700
3231,0.0001,1800
3232,0.0001,0
3233,0.0001,500
3234,0.0001,0
3235,0.0001,600
3236,0.0001,850
3237,0.0001,0
3238,0.0001,900
3239,0.0001,1200
3240,0.0001,300
3241,0.0001,6300
3242,0.0001,0
3243,0.0001,2000
3244,0.0001,300
3245,0.0001,0
3246,0.0001,0
3247,0.0001,690
3248,0.0001,300
3249,0.0001,0
3250,0.0001,9140
3251,0.0001,900
3252,0.0001,0
3253,0.0001,0
3254,0.0001,900
3255,0.0001,900
3256,0.0001,7080
3257,0.0001,0
3258,0.0001,400
3259,0.0001,300
3260,0.0001,0
3261,0.0001,300
3262,0.0001,1800
3263,0.0001,9140
3264,0.0001,400
3265,0.0001,1500
3266,0.0001,1200
3267,0.0001,0
3268,0.0001,3000
3269,0.0001,2100
3270,0.0001,0
3271,0.0001,1500
3272,0.0001,0
3273,0.0001,300
3274,0.0001,0
3275,0.0001,400
3276,0.0001,1500
3277,0.0001,300
3278,0.0001,300
3279,0.0001,1500
3280,0.0001,900
3281,0.0001,800
3282,0.0001,7280
3283,0.0001,400
3284,0.0001,400
3285,0.0001,2700
3286,0.0001,300
3287,0.0001,0
3288,0.0001,0
3289,0.0001,900
3290,0.0001,0
3291,0.0001,1800
3292,0.0001,0
3293,0.0001,1500
3294,0.0001,900
3295,0.0001,900
3296,0.0001,300
3297,0.0001,0
3298,0.0001,0
3299,0.0001,0
3300,0.0001,0
3301,0.0001,0
3302,0.0001,0
3303,0.0001,600
3304,0.0001,0
3305,0.0001,4500
3306,0.0001,1500
3307,0.0001,0
3308,0.0001,540
3309,0.0001,1500
3310,0.0001,1350
3311,0.0001,400
3312,0.0001,900
3313,0.0001,2100
3314,0.0001,0
3315,0.0001,1600
3316,0.0001,1200
3317,0.0001,300
3318,0.0001,600
3319,0.0001,0
3320,0.0001,300
3321,0.0001,0
3322,0.0001,3450
3323,0.0001,0
3324,0.0001,0
3325,0.0001,300
3326,0.0001,900
3327,0.0001,900
3328,0.0001,400
3329,0.0001,0
3330,0.0001,0
3331,0.0001,0
3332,0.0001,300
3333,0.0001,0
3334,0.0001,2100
3335,0.0001,27360
3336,0.0001,0
3337,0.0001,0
3338,0.0001,3300
3339,0.0001,0
3340,0.0001,0
3341,0.0001,0
3342,0.0001,1800
3343,0.0001,600
3344,0.0001,0
3345,0.0001,300
3346,0.0001,0
3347,0.0001,0
3348,0.0001,0
3349,0.0001,600
3350,0.0001,400
3351,0.0001,600
3352,0.0001,2100
3353,0.0001,4500
3354,0.0001,0
3355,0.0001,0
3356,0.0001,0
3357,0.0001,900
3358,0.0001,900
3359,0.0001,4320
3360,0.0001,1920
3361,0.0001,0
3362,0.0001,0
3363,0.0001,1500
3364,0.0001,0
3365,0.0001,0
3366,0.0001,900
3367,0.0001,300
3368,0.0001,1800
3369,0.0001,0
3370,0.0001,7280
3371,0.0001,0
3372,0.0001,900
3373,0.0001,0
3374,0.0001,0
3375,0.0001,650
3376,0.0001,0
3377,0.0001,300
3378,0.0001,600
3379,0.0001,1500
3380,0.0001,700
3381,0.0001,500
3382,0.0001,1500
3383,0.0001,600
3384,0.0001,0
3385,0.0001,900
3386,0.0001,0
3387,0.0001,1800
3388,0.0001,0
3389,0.0001,900
3390,0.0001,1200
3391,0.0001,0
3392,0.0001,10200
3393,0.0001,600
3394,0.0001,1500
3395,0.0001,0
3396,0.0001,1500
3397,0.0001,5400
3398,0.0001,900
3399,0.0001,0
3400,0.0001,0
3401,0.0001,850
3402,0.0001,400
3403,0.0001,0
3404,0.0001,6980
3405,0.0001,0
3406,0.0001,0
3407,0.0001,900
3408,0.0001,0
3409,0.0001,800
3410,0.0001,0
3411,0.0001,900
3412,0.0001,900
3413,0.0001,300
3414,0.0001,0
3415,0.0001,0
3416,0.0001,0
3417,0.0001,0
3418,0.0001,300
3419,0.0001,0
3420,0.0001,0
3421,0.0001,900
3422,0.0001,600
3423,0.0001,1500
3424,0.0001,2400
3425,0.0001,1500
3426,0.0001,2100
3427,0.0001,900
3428,0.0001,300
3429,0.0001,0
3430,0.0001,0
3431,0.0001,900
3432,0.0001,0
3433,0.0001,840
3434,0.0001,900
3435,0.0001,300
3436,0.0001,0
3437,0.0001,0
3438,0.0001,0
3439,0.0001,1500
3440,0.0001,1200
3441,0.0001,900
3442,0.0001,20940
3443,0.0001,0
3444,0.0001,0
3445,0.0001,900
3446,0.0001,900
3447,0.0001,1800
3448,0.0001,0
3449,0.0001,3300
3450,0.0001,34400
3451,0.0001,0
3452,0.0001,1800
3453,0.0001,1500
3454,0.0001,0
3455,0.0001,600
3456,0.0001,300
3457,0.0001,0
3458,0.0001,0
3459,0.0001,3500
3460,0.0001,900
3461,0.0001,1500
3462,0.0001,3000
3463,0.0001,500
3464,0.0001,900
3465,0.0001,1800
3466,0.0001,2520
3467,0.0001,400
3468,0.0001,600
3469,0.0001,0
3470,0.0001,800
3471,0.0001,0
3472,0.0001,1800
3473,0.0001,0
3474,0.0001,900
3475,0.0001,0
3476,0.0001,2340
3477,0.0001,0
3478,0.0001,0
3479,0.0001,0
3480,0.0001,0
3481,0.0001,6960
3482,0.0001,300
3483,0.0001,0
3484,0.0001,900
3485,0.0001,0
3486,0.0001,900
3487,0.0001,600
3488,0.0001,3000
3489,0.0001,3600
3490,0.0001,0
3491,0.0001,900
3492,0.0001,500
3493,0.0001,0
3494,0.0001,300
3495,0.0001,400
3496,0.0001,9140
3497,0.0001,1500
3498,0.0001,900
3499,0.0001,1500
3500,0.0001,1500
3501,0.0001,0
3502,0.0001,2000
3503,0.0001,0
3504,0.0001,540
3505,0.0001,0
3506,0.0001,1500
3507,0.0001,2100
3508,0.0001,0
3509,0.0001,300
3510,0.0001,20640
3511,0.0001,0
3512,0.0001,0
3513,0.0001,0
3514,0.0001,0
3515,0.0001,0
3516,0.0001,640
3517,0.0001,0
3518,0.0001,3700
3519,0.0001,800
3520,0.0001,0
3521,0.0001,0
3522,0.0001,900
3523,0.0001,0
3524,0.0001,900
3525,0.0001,300
3526,0.0001,20940
3527,0.0001,400
3528,0.0001,0
3529,0.0001,900
3530,0.0001,0
3531,0.0001,0
3532,0.0001,400
3533,0.0001,2850
3534,0.0001,0
3535,0.0001,0
3536,0.0001,900
3537,0.0001,500
3538,0.0001,0
3539,0.0001,0
3540,0.0001,300
3541,0.0001,0
3542,0.0001,1650
3543,0.0001,400
3544,0.0001,0
3545,0.0001,6300
3546,0.0001,0
3547,0.0001,0
3548,0.0001,300
3549,0.0001,0
3550,0.0001,1200
3551,0.0001,900
3552,0.0001,2100
3553,0.0001,0
3554,0.0001,1800
3555,0.0001,1500
3556,0.0001,900
3557,0.0001,0
3558,0.0001,0
3559,0.0001,1350
3560,0.0001,900
3561,0.0001,0
3562,0.0001,20340
3563,0.0001,900
3564,0.0001,0
3565,0.0001,1500
3566,0.0001,1200
3567,0.0001,0
3568,0.0001,0
3569,0.0001,900
3570,0.0001,3000
3571,0.0001,1200
3572,0.0001,5700
3573,0.0001,0
3574,0.0001,3500
3575,0.0001,0
3576,0.0001,1200
3577,0.0001,0
3578,0.0001,6000
3579,0.0001,6980
3580,0.0001,1200
3581,0.0001,7280
3582,0.0001,0
3583,0.0001,300
3584,0.0001,0
3585,0.0001,1920
3586,0.0001,2100
3587,0.0001,1200
3588,0.0001,800
3589,0.0001,400
3590,0.0001,0
3591,0.0001,2700
3592,0.0001,6780
3593,0.0001,0
3594,0.0001,300
3595,0.0001,0
3596,0.0001,0
3597,0.0001,2250
3598,0.0001,1500
3599,0.0001,0
3600,0.0001,690
3601,0.0001,0
3602,0.0001,0
3603,0.0001,0
3604,0.0001,300
3605,0.0001,2100
3606,0.0001,1800
3607,0.0001,1200
3608,0.0001,1500
3609,0.0001,0
3610,0.0001,1500
3611,0.0001,2250
3612,0.0001,900
3613,0.0001,700
3614,0.0001,1800
3615,0.0001,300
3616,0.0001,900
3617,0.0001,0
3618,0.0001,0
3619,0.0001,500
3620,0.0001,900
3621,0.0001,0
3622,0.0001,400
3623,0.0001,300
3624,0.0001,300
3625,0.0001,2100
3626,0.0001,690
3627,0.0001,0
3628,0.0001,2100
3629,0.0001,1200
3630,0.0001,2250
3631,0.0001,940
3632,0.0001,900
3633,0.0001,900
3634,0.0001,0
3635,0.0001,0
3636,0.0001,300
3637,0.0001,0
3638,0.0001,2000
3639,0.0001,0
3640,0.0001,900
3641,0.0001,1650
3642,0.0001,400
3643,0.0001,0
3644,0.0001,0
3645,0.0001,45200
3646,0.0001,0
3647,0.0001,0
3648,0.0001,0
3649,0.0001,600
3650,0.0001,1200
3651,0.0001,0
3652,0.0001,0
3653,0.0001,0
3654,0.0001,300
3655,0.0001,0
3656,0.0001,300
3657,0.0001,0
3658,0.0001,300
3659,0.0001,700
3660,0.0001,3000
3661,0.0001,600
3662,0.0001,0
3663,0.0001,1200
3664,0.0001,850
3665,0.0001,1200
3666,0.0001,400
3667,0.0001,0
3668,0.0001,0
3669,0.0001,150
3670,0.0001,300
3671,0.0001,0
3672,0.0001,33900
3673,0.0001,0
3674,0.0001,1920
3675,0.0001,900
3676,0.0001,300
3677,0.0001,900
3678,0.0001,0
3679,0.0001,0
3680,0.0001,720
3681,0.0001,0
3682,0.0001,300
3683,0.0001,900
3684,0.0001,400
3685,0.0001,0
3686,0.0001,300
3687,0.0001,900
3688,0.0001,1500
3689,0.0001,9140
3690,0.0001,900
3691,0.0001,1450
3692,0.0001,6980
3693,0.0001,850
3694,0.0001,400
3695,0.0001,0
3696,0.0001,0
3697,0.0001,300
3698,0.0001,900
3699,0.0001,900
3700,0.0001,300
3701,0.0001,2250
3702,0.0001,650
3703,0.0001,1500
3704,0.0001,0
3705,0.0001,900
3706,0.0001,0
3707,0.0001,1800
3708,0.0001,6300
3709,0.0001,400
3710,0.0001,900
3711,0.0001,6880
3712,0.0001,300
3713,0.0001,1800
3714,0.0001,550
3715,0.0001,0
3716,0.0001,900
3717,0.0001,0
3718,0.0001,300
3719,0.0001,1800
3720,0.0001,0
3721,0.0001,1200
3722,0.0001,300
3723,0.0001,0
3724,0.0001,1500
3725,0.0001,1200
3726,0.0001,650
3727,0.0001,0
3728,0.0001,240
3729,0.0001,0
3730,0.0001,0
3731,0.0001,400
3732,0.0001,1500
3733,0.0001,940
3734,0.0001,300
3735,0.0001,34400
3736,0.0001,0
3737,0.0001,0
3738,0.0001,900
3739,0.0001,0
3740,0.0001,500
3741,0.0001,500
3742,0.0001,400
3743,0.0001,23640
3744,0.0001,0
3745,0.0001,2100
3746,0.0001,900
3747,0.0001,1500
3748,0.0001,0
3749,0.0001,900
3750,0.0001,400
3751,0.0001,600
3752,0.0001,300
3753,0.0001,0
3754,0.0001,0
3755,0.0001,900
3756,0.0001,400
3757,0.0001,3600
3758,0.0001,900
3759,0.0001,0
3760,0.0001,1500
3761,0.0001,300
3762,0.0001,1500
3763,0.0001,3000
3764,0.0001,1800
3765,0.0001,300
3766,0.0001,0
3767,0.0001,450
3768,0.0001,0
3769,0.0001,0
3770,0.0001,0
3771,0.0001,0
3772,0.0001,1500
3773,0.0001,900
3774,0.0001,1500
3775,0.0001,0
3776,0.0001,0
3777,0.0001,700
3778,0.0001,6980
3779,0.0001,900
3780,0.0001,0
3781,0.0001,300
3782,0.0001,3700
3783,0.0001,0
3784,0.0001,400
3785,0.0001,2100
3786,0.0001,0
3787,0.0001,900
3788,0.0001,0
3789,0.0001,400
3790,0.0001,900
3791,0.0001,0
3792,0.0001,0
3793,0.0001,1200
3794,0.0001,600
3795,0.0001,640
3796,0.0001,300
3797,0.0001,10140
3798,0.0001,700
3799,0.0001,600
3800,0.0001,4500
3801,0.0001,900
3802,0.0001,0
3803,0.0001,0
3804,0.0001,400
3805,0.0001,0
3806,0.0001,400
3807,0.0001,600
3808,0.0001,300
3809,0.0001,20340
3810,0.0001,400
3811,0.0001,9900
3812,0.0001,0
3813,0.0001,900
3814,0.0001,900
3815,0.0001,0
3816,0.0001,0
3817,0.0001,0
3818,0.0001,900
3819,0.0001,900
3820,0.0001,400
3821,0.0001,10800
3822,0.0001,900
3823,0.0001,0
3824,0.0001,900
3825,0.0001,940
3826,0.0001,300
3827,0.0001,900
3828,0.0001,0
3829,0.0001,300
3830,0.0001,1500
3831,0.0001,800
3832,0.0001,1500
3833,0.0001,990
3834,0.0001,600
3835,0.0001,5100
3836,0.0001,1500
3837,0.0001,0
3838,0.0001,0
3839,0.0001,300
3840,0.0001,1200
3841,0.0001,1500
3842,0.0001,300
3843,0.0001,2000
3844,0.0001,33900
3845,0.0001,900
3846,0.0001,1200
3847,0.0001,400
3848,0.0001,900
3849,0.0001,900
3850,0.0001,9900
3851,0.0001,400
3852,0.0001,1650
3853,0.0001,800
3854,0.0001,300
3855,0.0001,1200
3856,0.0001,0
3857,0.0001,0
3858,0.0001,0
3859,0.0001,0
3860,0.0001,0
3861,0.0001,0
3862,0.0001,300
3863,0.0001,0
3864,0.0001,0
3865,0.0001,0
3866,0.0001,1200
3867,0.0001,1200
3868,0.0001,0
3869,0.0001,0
3870,0.0001,0
3871,0.0001,1500
3872,0.0001,0
3873,0.0001,0
3874,0.0001,300
3875,0.0001,650
3876,0.0001,0
3877,0.0001,900
3878,0.0001,0
3879,0.0001,0
3880,0.0001,7080
3881,0.0001,0
3882,0.0001,0
3883,0.0001,900
3884,0.0001,1500
3885,0.0001,1500
3886,0.0001,300
3887,0.0001,300
3888,0.0001,500
3889,0.0001,750
3890,0.0001,500
3891,0.0001,0
3892,0.0001,0
3893,0.0001,600
3894,0.0001,0
3895,0.0001,2200
3896,0.0001,600
3897,0.0001,0
3898,0.0001,27420
3899,0.0001,1650
3900,0.0001,0
3901,0.0001,0
3902,0.0001,900
3903,0.0001,900
3904,0.0001,800
3905,0.0001,9000
3906,0.0001,1800
3907,0.0001,1500
3908,0.0001,900
3909,0.0001,0
3910,0.0001,1200
3911,0.0001,600
3912,0.0001,3600
3913,0.0001,1500
3914,0.0001,1620
3915,0.0001,1350
3916,0.0001,0
3917,0.0001,0
3918,0.0001,0
3919,0.0001,700
3920,0.0001,0
3921,0.0001,1200
3922,0.0001,1500
3923,0.0001,0
3924,0.0001,0
3925,0.0001,6980
3926,0.0001,1500
3927,0.0001,750
3928,0.0001,0
3929,0.0001,6000
3930,0.0001,5400
3931,0.0001,3000
3932,0.0001,900
3933,0.0001,0
3934,0.0001,7030
3935,0.0001,800
3936,0.0001,0
3937,0.0001,600
3938,0.0001,20940
3939,0.0001,2000
3940,0.0001,900
3941,0.0001,300
3942,0.0001,500
3943,0.0001,1200
3944,0.0001,900
3945,0.0001,300
3946,0.0001,1500
3947,0.0001,0
3948,0.0001,1500
3949,0.0001,900
3950,0.0001,0
3951,0.0001,0
3952,0.0001,0
3953,0.0001,300
3954,0.0001,1920
3955,0.0001,20640
3956,0.0001,300
3957,0.0001,300
3958,0.0001,1800
3959,0.0001,600
3960,0.0001,900
3961,0.0001,0
3962,0.0001,3000
3963,0.0001,0
3964,0.0001,0
3965,0.0001,300
3966,0.0001,4800
3967,0.0001,2100
3968,0.0001,0
3969,0.0001,900
3970,0.0001,600
3971,0.0001,0
3972,0.0001,1800
3973,0.0001,0
3974,0.0001,840
3975,0.0001,2100
3976,0.0001,720
3977,0.0001,0
3978,0.0001,3000
3979,0.0001,900
3980,0.0001,0
3981,0.0001,900
3982,0.0001,0
3983,0.0001,0
3984,0.0001,400
3985,0.0001,2250
3986,0.0001,0
3987,0.0001,0
3988,0.0001,0
3989,0.0001,0
3990,0.0001,7880
3991,0.0001,1800
3992,0.0001,600
3993,0.0001,4500
3994,0.0001,0
3995,0.0001,900
3996,0.0001,400
3997,0.0001,500
3998,0.0001,0
3999,0.0001,0
4000,0.0001,0
4001,0.0001,900
4002,0.0001,0
4003,0.0001,600
4004,0.0001,800
4005,0.0001,900
4006,0.0001,0
4007,0.0001,1200
4008,0.0001,1200
4009,0.0001,640
4010,0.0001,300
4011,0.0001,940
4012,0.0001,3700
4013,0.0001,500
4014,0.0001,20640
4015,0.0001,0
4016,0.0001,0
4017,0.0001,0
4018,0.0001,300
4019,0.0001,0
4020,0.0001,900
4021,0.0001,1200
4022,0.0001,750
4023,0.0001,0
4024,0.0001,0
4025,0.0001,0
4026,0.0001,550
4027,0.0001,0
4028,0.0001,900
4029,0.0001,300
4030,0.0001,3000
4031,0.0001,300
4032,0.0001,900
4033,0.0001,600
4034,0.0001,6980
4035,0.0001,1200
4036,0.0001,3000
4037,0.0001,900
4038,0.0001,1500
4039,0.0001,150
4040,0.0001,1500
4041,0.0001,6120
4042,0.0001,900
4043,0.0001,900
4044,0.0001,0
4045,0.0001,1200
4046,0.0001,400
4047,0.0001,4320
4048,0.0001,0
4049,0.0001,300
4050,0.0001,300
4051,0.0001,300
4052,0.0001,2100
4053,0.0001,0
4054,0.0001,0
4055,0.0001,1920
4056,0.0001,1600
4057,0.0001,400
4058,0.0001,300
4059,0.0001,0
4060,0.0001,0
4061,0.0001,1300
4062,0.0001,300
4063,0.0001,400
4064,0.0001,900
4065,0.0001,900
4066,0.0001,900
4067,0.0001,9000
4068,0.0001,900
4069,0.0001,0
4070,0.0001,4500
4071,0.0001,1500
4072,0.0001,20880
4073,0.0001,400
4074,0.0001,0
4075,0.0001,2700
4076,0.0001,0
4077,0.0001,12600
4078,0.0001,300
4079,0.0001,300
4080,0.0001,300
4081,0.0001,2100
4082,0.0001,900
4083,0.0001,20940
4084,0.0001,300
4085,0.0001,0
4086,0.0001,800
4087,0.0001,400
4088,0.0001,1650
4089,0.0001,0
4090,0.0001,400
4091,0.0001,0
4092,0.0001,2000
4093,0.0001,0
4094,0.0001,1200
4095,0.0001,9240
4096,0.0001,1650
4097,0.0001,0
4098,0.0001,1800
4099,0.0001,400
4100,0.0001,400
4101,0.0001,3300
4102,0.0001,0
4103,0.0001,0
4104,0.0001,700
4105,0.0001,600
4106,0.0001,10500
4107,0.0001,0
4108,0.0001,0
4109,0.0001,11400
4110,0.0001,1200
4111,0.0001,0
4112,0.0001,300
4113,0.0001,0
4114,0.0001,10800
4115,0.0001,0
4116,0.0001,900
4117,0.0001,1500
4118,0.0001,0
4119,0.0001,1200
4120,0.0001,1500
4121,0.0001,0
4122,0.0001,1200
4123,0.0001,0
4124,0.0001,800
4125,0.0001,0
4126,0.0001,7880
4127,0.0001,1800
4128,0.0001,300
4129,0.0001,0
4130,0.0001,400
4131,0.0001,400
4132,0.0001,400
4133,0.0001,900
4134,0.0001,400
4135,0.0001,700
4136,0.0001,700
4137,0.0001,0
4138,0.0001,900
4139,0.0001,1140
4140,0.0001,540
4141,0.0001,0
4142,0.0001,900
4143,0.0001,0
4144,0.0001,400
4145,0.0001,0
4146,0.0001,0
4147,0.0001,750
4148,0.0001,0
4149,0.0001,600
4150,0.0001,7080
4151,0.0001,500
4152,0.0001,20940
4153,0.0001,2520
4154,0.0001,900
4155,0.0001,0
4156,0.0001,0
4157,0.0001,4900
4158,0.0001,0
4159,0.0001,400
4160,0.0001,900
4161,0.0001,240
4162,0.0001,900
4163,0.0001,300
4164,0.0001,400
4165,0.0001,700
4166,0.0001,0
4167,0.0001,600
4168,0.0001,400
4169,0.0001,300
4170,0.0001,300
4171,0.0001,0
4172,0.0001,3900
4173,0.0001,0
4174,0.0001,1200
4175,0.0001,0
4176,0.0001,850
4177,0.0001,900
4178,0.0001,0
4179,0.0001,0
4180,0.0001,900
4181,0.0001,20880
4182,0.0001,1200
4183,0.0001,0
4184,0.0001,0
4185,0.0001,700
4186,0.0001,0
4187,0.0001,6880
4188,0.0001,1500
4189,0.0001,1500
4190,0.0001,0
4191,0.0001,0
4192,0.0001,0
4193,0.0001,1200
4194,0.0001,900
4195,0.0001,900
4196,0.0001,500
4197,0.0001,1800
4198,0.0001,900
4199,0.0001,0
4200,0.0001,1500
4201,0.0001,6960
4202,0.0001,3600
4203,0.0001,1800
4204,0.0001,0
4205,0.0001,400
4206,0.0001,20490
4207,0.0001,300
4208,0.0001,10350
4209,0.0001,1200
4210,0.0001,1500
4211,0.0001,300
4212,0.0001,0
4213,0.0001,0
4214,0.0001,900
4215,0.0001,0
4216,0.0001,5100
4217,0.0001,0
4218,0.0001,0
4219,0.0001,2100
4220,0.0001,0
4221,0.0001,10800
4222,0.0001,10620
4223,0.0001,900
4224,0.0001,0
4225,0.0001,400
4226,0.0001,0
4227,0.0001,1500
4228,0.0001,0
4229,0.0001,400
4230,0.0001,0
4231,0.0001,300
4232,0.0001,0
4233,0.0001,3000
4234,0.0001,300
4235,0.0001,900
4236,0.0001,1500
4237,0.0001,1620
4238,0.0001,1500
4239,0.0001,0
4240,0.0001,2000
4241,0.0001,900
4242,0.0001,0
4243,0.0001,1350
4244,0.0001,900
4245,0.0001,1500
4246,0.0001,0
4247,0.0001,400
4248,0.0001,0
4249,0.0001,500
4250,0.0001,600
4251,0.0001,900
4252,0.0001,1800
4253,0.0001,2100
4254,0.0001,1200
4255,0.0001,150
4256,0.0001,1350
4257,0.0001,0
4258,0.0001,9900
4259,0.0001,700
4260,0.0001,0
4261,0.0001,900
4262,0.0001,0
4263,0.0001,0
4264,0.0001,300
4265,0.0001,0
4266,0.0001,0
4267,0.0001,900
4268,0.0001,2250
4269,0.0001,34400
4270,0.0001,2300
4271,0.0001,0
4272,0.0001,0
4273,0.0001,3550
4274,0.0001,700
4275,0.0001,500
4276,0.0001,1400
4277,0.0001,300
4278,0.0001,0
4279,0.0001,0
4280,0.0001,0
4281,0.0001,6300
4282,0.0001,640
4283,0.0001,700
4284,0.0001,3000
4285,0.0001,2100
4286,0.0001,300
4287,0.0001,0
4288,0.0001,0
4289,0.0001,0
4290,0.0001,2100
4291,0.0001,0
4292,0.0001,0
4293,0.0001,7480
4294,0.0001,300
4295,0.0001,7080
4296,0.0001,900
4297,0.0001,1500
4298,0.0001,0
4299,0.0001,2700
4300,0.0001,0
4301,0.0001,720
4302,0.0001,23640
4303,0.0001,0
4304,0.0001,0
4305,0.0001,500
4306,0.0001,720
4307,0.0001,22140
4308,0.0001,300
4309,0.0001,0
4310,0.0001,300
4311,0.0001,900
4312,0.0001,0
4313,0.0001,0
4314,0.0001,1200
4315,0.0001,900
4316,0.0001,300
4317,0.0001,2000
4318,0.0001,1200
4319,0.0001,300
4320,0.0001,400
4321,0.0001,900
4322,0.0001,1500
4323,0.0001,300
4324,0.0001,300
4325,0.0001,0
4326,0.0001,3700
4327,0.0001,300
4328,0.0001,0
4329,0.0001,0
4330,0.0001,500
4331,0.0001,300
4332,0.0001,0
4333,0.0001,0
4334,0.0001,900
4335,0.0001,400
4336,0.0001,0
4337,0.0001,1200
4338,0.0001,300
4339,0.0001,0
4340,0.0001,0
4341,0.0001,4050
4342,0.0001,0
4343,0.0001,600
4344,0.0001,600
4345,0.0001,0
4346,0.0001,900
4347,0.0001,600
4348,0.0001,0
4349,0.0001,900
4350,0.0001,1200
4351,0.0001,0
4352,0.0001,750
4353,0.0001,9140
4354,0.0001,0
4355,0.0001,1800
4356,0.0001,300
4357,0.0001,700
4358,0.0001,400
4359,0.0001,0
4360,0.0001,1200
4361,0.0001,0
4362,0.0001,0
4363,0.0001,1500
4364,0.0001,0
4365,0.0001,0
4366,0.0001,300
4367,0.0001,0
4368,0.0001,900
4369,0.0001,300
4370,0.0001,1200
4371,0.0001,0
4372,0.0001,0
4373,0.0001,2000
4374,0.0001,0
4375,0.0001,600
4376,0.0001,0
4377,0.0001,700
4378,0.0001,0
4379,0.0001,900
4380,0.0001,2100
4381,0.0001,300
4382,0.0001,790
4383,0.0001,300
4384,0.0001,0
4385,0.0001,900
4386,0.0001,0
4387,0.0001,0
4388,0.0001,0
4389,0.0001,400
4390,0.0001,900
4391,0.0001,0
4392,0.0001,1500
4393,0.0001,1200
4394,0.0001,300
4395,0.0001,0
4396,0.0001,400
4397,0.0001,3540
4398,0.0001,300
4399,0.0001,600
4400,0.0001,0
4401,0.0001,0
4402,0.0001,900
4403,0.0001,0
4404,0.0001,900
4405,0.0001,300
4406,0.0001,1800
4407,0.0001,6980
4408,0.0001,0
4409,0.0001,600
4410,0.0001,0
4411,0.0001,700
4412,0.0001,0
4413,0.0001,6980
4414,0.0001,0
4415,0.0001,0
4416,0.0001,0
4417,0.0001,7080
4418,0.0001,700
4419,0.0001,150
4420,0.0001,900
4421,0.0001,2100
4422,0.0001,0
4423,0.0001,0
4424,0.0001,400
4425,0.0001,900
4426,0.0001,0
4427,0.0001,0
4428,0.0001,300
4429,0.0001,900
4430,0.0001,0
4431,0.0001,1200
4432,0.0001,900
4433,0.0001,0
4434,0.0001,1800
4435,0.0001,1800
4436,0.0001,0
4437,0.0001,0
4438,0.0001,0
4439,0.0001,900
4440,0.0001,0
4441,0.0001,0
4442,0.0001,0
4443,0.0001,900
4444,0.0001,1500
4445,0.0001,0
4446,0.0001,0
4447,0.0001,0
4448,0.0001,0
4449,0.0001,300
4450,0.0001,700
4451,0.0001,300
4452,0.0001,0
4453,0.0001,540
4454,0.0001,900
4455,0.0001,0
4456,0.0001,400
4457,0.0001,0
4458,0.0001,900
4459,0.0001,0
4460,0.0001,600
4461,0.0001,0
4462,0.0001,0
4463,0.0001,400
4464,0.0001,0
4465,0.0001,6300
4466,0.0001,4140
4467,0.0001,300
4468,0.0001,20640
4469,0.0001,0
4470,0.0001,300
4471,0.0001,6980
4472,0.0001,300
4473,0.0001,300
4474,0.0001,1500
4475,0.0001,900
4476,0.0001,6980
4477,0.0001,600
4478,0.0001,0
4479,0.0001,20880
4480,0.0001,900
4481,0.0001,300
4482,0.0001,1800
4483,0.0001,0
4484,0.0001,0
4485,0.0001,0
4486,0.0001,0
4487,0.0001,1800
4488,0.0001,600
4489,0.0001,0
4490,0.0001,300
4491,0.0001,900
4492,0.0001,0
4493,0.0001,900
4494,0.0001,0
4495,0.0001,400
4496,0.0001,0
4497,0.0001,500
4498,0.0001,0
4499,0.0001,720
4500,0.0001,300
4501,0.0001,500
4502,0.0001,6980
4503,0.0001,1500
4504,0.0001,400
4505,0.0001,0
4506,0.0001,0
4507,0.0001,600
4508,0.0001,700
4509,0.0001,0
4510,0.0001,1500
4511,0.0001,0
4512,0.0001,0
4513,0.0001,7180
4514,0.0001,0
4515,0.0001,1200
4516,0.0001,0
4517,0.0001,0
4518,0.0001,0
4519,0.0001,0
4520,0.0001,900
4521,0.0001,0
4522,0.0001,2000
4523,0.0001,1500
4524,0.0001,300
4525,0.0001,1500
4526,0.0001,0
4527,0.0001,1500
4528,0.0001,0
4529,0.0001,300
4530,0.0001,0
4531,0.0001,1200
4532,0.0001,300
4533,0.0001,1740
4534,0.0001,1200
4535,0.0001,900
4536,0.0001,0
4537,0.0001,900
4538,0.0001,1200
4539,0.0001,0
4540,0.0001,0
4541,0.0001,900
4542,0.0001,500
4543,0.0001,1500
4544,0.0001,2000
4545,0.0001,900
4546,0.0001,700
4547,0.0001,0
4548,0.0001,1500
4549,0.0001,1800
4550,0.0001,400
4551,0.0001,0
4552,0.0001,0
4553,0.0001,0
4554,0.0001,0
4555,0.0001,720
4556,0.0001,500
4557,0.0001,0
4558,0.0001,940
4559,0.0001,300
4560,0.0001,0
4561,0.0001,900
4562,0.0001,3400
4563,0.0001,800
4564,0.0001,0
4565,0.0001,1500
4566,0.0001,1200
4567,0.0001,0
4568,0.0001,0
4569,0.0001,1800
4570,0.0001,5400
4571,0.0001,3000
4572,0.0001,700
4573,0.0001,0
4574,0.0001,300
4575,0.0001,6300
4576,0.0001,2000
4577,0.0001,7080
4578,0.0001,1200
4579,0.0001,0
4580,0.0001,400
4581,0.0001,900
4582,0.0001,1500
4583,0.0001,0
4584,0.0001,550
4585,0.0001,0
4586,0.0001,7080
4587,0.0001,0
4588,0.0001,0
4589,0.0001,0
4590,0.0001,1500
4591,0.0001,400
4592,0.0001,6960
4593,0.0001,0
4594,0.0001,0
4595,0.0001,300
4596,0.0001,0
4597,0.0001,0
4598,0.0001,400
4599,0.0001,0
4600,0.0001,1350
4601,0.0001,2070
4602,0.0001,900
4603,0.0001,6300
4604,0.0001,0
4605,0.0001,300
4606,0.0001,0
4607,0.0001,1500
4608,0.0001,0
4609,0.0001,300
4610,0.0001,1200
4611,0.0001,0
4612,0.0001,0
4613,0.0001,0
4614,0.0001,300
4615,0.0001,600
4616,0.0001,2100
4617,0.0001,900
4618,0.0001,7030
4619,0.0001,0
4620,0.0001,6880
4621,0.0001,0
4622,0.0001,1200
4623,0.0001,1200
4624,0.0001,0
4625,0.0001,0
4626,0.0001,400
4627,0.0001,900
4628,0.0001,700
4629,0.0001,5700
4630,0.0001,0
4631,0.0001,900
4632,0.0001,700
4633,0.0001,0
4634,0.0001,300
4635,0.0001,900
4636,0.0001,450
4637,0.0001,400
4638,0.0001,7030
4639,0.0001,300
4640,0.0001,2700
4641,0.0001,6980
4642,0.0001,0
4643,0.0001,900
4644,0.0001,20640
4645,0.0001,0
4646,0.0001,1500
4647,0.0001,400
4648,0.0001,3000
4649,0.0001,300
4650,0.0001,1620
4651,0.0001,5700
4652,0.0001,9000
4653,0.0001,0
4654,0.0001,0
4655,0.0001,700
4656,0.0001,0
4657,0.0001,23640
4658,0.0001,0
4659,0.0001,0
4660,0.0001,0
4661,0.0001,300
4662,0.0001,400
4663,0.0001,1500
4664,0.0001,0
4665,0.0001,300
4666,0.0001,7060
4667,0.0001,1500
4668,0.0001,0
4669,0.0001,0
4670,0.0001,300
4671,0.0001,9240
4672,0.0001,0
4673,0.0001,7080
4674,0.0001,2250
4675,0.0001,0
4676,0.0001,400
4677,0.0001,21240
4678,0.0001,0
4679,0.0001,0
4680,0.0001,900
4681,0.0001,900
4682,0.0001,600
4683,0.0001,900
4684,0.0001,6980
4685,0.0001,3400
4686,0.0001,0
4687,0.0001,1350
4688,0.0001,1800
4689,0.0001,1500
4690,0.0001,2250
4691,0.0001,300
4692,0.0001,0
4693,0.0001,7080
4694,0.0001,0
4695,0.0001,500
4696,0.0001,1800
4697,0.0001,900
4698,0.0001,300
4699,0.0001,1200
4700,0.0001,400
4701,0.0001,0
4702,0.0001,400
4703,0.0001,20640
4704,0.0001,0
4705,0.0001,0
4706,0.0001,600
4707,0.0001,0
4708,0.0001,0
4709,0.0001,0
4710,0.0001,0
4711,0.0001,0
4712,0.0001,0
4713,0.0001,600
4714,0.0001,300
4715,0.0001,800
4716,0.0001,400
4717,0.0001,900
4718,0.0001,1200
4719,0.0001,3900
4720,0.0001,900
4721,0.0001,0
4722,0.0001,900
4723,0.0001,0
4724,0.0001,0
4725,0.0001,0
4726,0.0001,0
4727,0.0001,0
4728,0.0001,0
4729,0.0001,0
4730,0.0001,9170
4731,0.0001,2100
4732,0.0001,2100
4733,0.0001,20940
4734,0.0001,300
4735,0.0001,0
4736,0.0001,0
4737,0.0001,300
4738,0.0001,2100
4739,0.0001,1200
4740,0.0001,300
4741,0.0001,34300
4742,0.0001,0
4743,0.0001,1500
4744,0.0001,800
4745,0.0001,3000
4746,0.0001,0
4747,0.0001,1500
4748,0.0001,2100
4749,0.0001,900
4750,0.0001,7230
4751,0.0001,900
4752,0.0001,0
4753,0.0001,300
4754,0.0001,0
4755,0.0001,700
4756,0.0001,1680
4757,0.0001,600
4758,0.0001,0
4759,0.0001,0
4760,0.0001,0
4761,0.0001,1200
4762,0.0001,850
4763,0.0001,0
4764,0.0001,0
4765,0.0001,900
4766,0.0001,900
4767,0.0001,300
4768,0.0001,900
4769,0.0001,0
4770,0.0001,600
4771,0.0001,400
4772,0.0001,900
4773,0.0001,7480
4774,0.0001,700
4775,0.0001,0
4776,0.0001,300
4777,0.0001,0
4778,0.0001,500
4779,0.0001,0
4780,0.0001,1920
4781,0.0001,540
4782,0.0001,900
4783,0.0001,0
4784,0.0001,7980
4785,0.0001,0
4786,0.0001,550
4787,0.0001,750
4788,0.0001,0
4789,0.0001,900
4790,0.0001,7080
4791,0.0001,900
4792,0.0001,0
4793,0.0001,840
4794,0.0001,0
4795,0.0001,2000
4796,0.0001,0
4797,0.0001,0
4798,0.0001,1200
4799,0.0001,800
4800,0.0001,0
4801,0.0001,400
4802,0.0001,900
4803,0.0001,0
4804,0.0001,3600
4805,0.0001,0
4806,0.0001,0
4807,0.0001,1500
4808,0.0001,600
4809,0.0001,1800
4810,0.0001,0
4811,0.0001,0
4812,0.0001,300
4813,0.0001,0
4814,0.0001,0
4815,0.0001,900
4816,0.0001,0
4817,0.0001,2100
4818,0.0001,0
4819,0.0001,7480
4820,0.0001,900
4821,0.0001,300
4822,0.0001,300
4823,0.0001,300
4824,0.0001,0
4825,0.0001,6000
4826,0.0001,900
4827,0.0001,900
4828,0.0001,0
4829,0.0001,700
4830,0.0001,0
4831,0.0001,300
4832,0.0001,900
4833,0.0001,300
4834,0.0001,300
4835,0.0001,850
4836,0.0001,0
4837,0.0001,0
4838,0.0001,700
4839,0.0001,1200
4840,0.0001,900
4841,0.0001,0
4842,0.0001,900
4843,0.0001,400
4844,0.0001,0
4845,0.0001,400
4846,0.0001,300
4847,0.0001,500
4848,0.0001,150
4849,0.0001,0
4850,0.0001,0
4851,0.0001,1200
4852,0.0001,400
4853,0.0001,2100
4854,0.0001,0
4855,0.0001,300
4856,0.0001,0
4857,0.0001,0
4858,0.0001,0
4859,0.0001,1500
4860,0.0001,0
4861,0.0001,0
4862,0.0001,1200
4863,0.0001,1200
4864,0.0001,1500
4865,0.0001,0
4866,0.0001,0
4867,0.0001,900
4868,0.0001,0
4869,0.0001,300
4870,0.0001,300
4871,0.0001,0
4872,0.0001,20790
4873,0.0001,400
4874,0.0001,1500
4875,0.0001,0
4876,0.0001,500
4877,0.0001,0
4878,0.0001,1900
4879,0.0001,0
4880,0.0001,500
4881,0.0001,1500
4882,0.0001,1500
4883,0.0001,0
4884,0.0001,6880
4885,0.0001,2000
4886,0.0001,600
4887,0.0001,300
4888,0.0001,500
4889,0.0001,300
4890,0.0001,0
4891,0.0001,900
4892,0.0001,4500
4893,0.0001,300
4894,0.0001,1500
4895,0.0001,1200
4896,0.0001,400
4897,0.0001,0
4898,0.0001,300
4899,0.0001,900
4900,0.0001,700
4901,0.0001,0
4902,0.0001,800
4903,0.0001,0
4904,0.0001,300
4905,0.0001,400
4906,0.0001,0
4907,0.0001,2520
4908,0.0001,700
4909,0.0001,1600
4910,0.0001,0
4911,0.0001,0
4912,0.0001,0
4913,0.0001,7380
4914,0.0001,0
4915,0.0001,0
4916,0.0001,900
4917,0.0001,0
4918,0.0001,1800
4919,0.0001,700
4920,0.0001,0
4921,0.0001,900
4922,0.0001,0
4923,0.0001,0
4924,0.0001,300
4925,0.0001,0
4926,0.0001,0
4927,0.0001,600
4928,0.0001,900
4929,0.0001,0
4930,0.0001,600
4931,0.0001,7080
4932,0.0001,400
4933,0.0001,0
4934,0.0001,20640
4935,0.0001,600
4936,0.0001,2100
4937,0.0001,1920
4938,0.0001,0
4939,0.0001,0
4940,0.0001,300
4941,0.0001,500
4942,0.0001,0
4943,0.0001,300
4944,0.0001,2700
4945,0.0001,400
4946,0.0001,7080
4947,0.0001,1800
4948,0.0001,0
4949,0.0001,0
4950,0.0001,400
4951,0.0001,400
4952,0.0001,1500
4953,0.0001,0
4954,0.0001,5700
4955,0.0001,1200
4956,0.0001,400
4957,0.0001,300
4958,0.0001,0
4959,0.0001,0
4960,0.0001,0
4961,0.0001,0
4962,0.0001,300
4963,0.0001,900
4964,0.0001,0
4965,0.0001,0
4966,0.0001,0
4967,0.0001,2100
4968,0.0001,0
4969,0.0001,3000
4970,0.0001,0
4971,0.0001,900
4972,0.0001,5400
4973,0.0001,400
4974,0.0001,400
4975,0.0001,7280
4976,0.0001,900
4977,0.0001,21000
4978,0.0001,800
4979,0.0001,300
4980,0.0001,0
4981,0.0001,300
4982,0.0001,0
4983,0.0001,900
4984,0.0001,1500
4985,0.0001,0
4986,0.0001,900
4987,0.0001,1920
4988,0.0001,2000
4989,0.0001,0
4990,0.0001,750
4991,0.0001,0
4992,0.0001,7480
4993,0.0001,20940
4994,0.0001,1500
4995,0.0001,300
4996,0.0001,0
4997,0.0001,6980
4998,0.0001,300
4999,0.0001,9240
5000,0.0001,600
5001,0.0001,300
5002,0.0001,900
5003,0.0001,800
5004,0.0001,0
5005,0.0001,20940
5006,0.0001,900
5007,0.0001,6980
5008,0.0001,300
5009,0.0001,0
5010,0.0001,0
5011,0.0001,0
5012,0.0001,0
5013,0.0001,1200
5014,0.0001,600
5015,0.0001,1500
5016,0.0001,0
5017,0.0001,700
5018,0.0001,900
5019,0.0001,0
5020,0.0001,0
5021,0.0001,1500
5022,0.0001,150
5023,0.0001,300
5024,0.0001,5850
5025,0.0001,300
5026,0.0001,0
5027,0.0001,900
5028,0.0001,700
5029,0.0001,0
5030,0.0001,900
5031,0.0001,300
5032,0.0001,300
5033,0.0001,0
5034,0.0001,900
5035,0.0001,0
5036,0.0001,1500
5037,0.0001,800
5038,0.0001,900
5039,0.0001,600
5040,0.0001,1950
5041,0.0001,800
5042,0.0001,600
5043,0.0001,1200
5044,0.0001,300
5045,0.0001,700
5046,0.0001,1500
5047,0.0001,900
5048,0.0001,0
5049,0.0001,9900
5050,0.0001,1500
5051,0.0001,900
5052,0.0001,0
5053,0.0001,0
5054,0.0001,900
5055,0.0001,300
5056,0.0001,300
5057,0.0001,1200
5058,0.0001,0
5059,0.0001,0
5060,0.0001,0
5061,0.0001,0
5062,0.0001,0
5063,0.0001,9190
5064,0.0001,0
5065,0.0001,0
5066,0.0001,0
5067,0.0001,400
5068,0.0001,650
5069,0.0001,900
5070,0.0001,1620
5071,0.0001,600
5072,0.0001,300
5073,0.0001,6960
5074,0.0001,500
5075,0.0001,0
5076,0.0001,0
5077,0.0001,300
5078,0.0001,900
5079,0.0001,3000
5080,0.0001,1200
5081,0.0001,540
5082,0.0001,900
5083,0.0001,0
5084,0.0001,0
5085,0.0001,300
5086,0.0001,1500
5087,0.0001,500
5088,0.0001,0
5089,0.0001,0
5090,0.0001,400
5091,0.0001,0
5092,0.0001,0
5093,0.0001,500
5094,0.0001,0
5095,0.0001,0
5096,0.0001,15000
5097,0.0001,600
5098,0.0001,0
5099,0.0001,0
5100,0.0001,0
5101,0.0001,300
5102,0.0001,3900
5103,0.0001,700
5104,0.0001,1500
5105,0.0001,0
5106,0.0001,1620
5107,0.0001,0
5108,0.0001,900
5109,0.0001,0
5110,0.0001,0
5111,0.0001,0
5112,0.0001,5400
5113,0.0001,900
5114,0.0001,2100
5115,0.0001,700
5116,0.0001,2100
5117,0.0001,0
5118,0.0001,400
5119,0.0001,0
5120,0.0001,1200
5121,0.0001,0
5122,0.0001,0
5123,0.0001,4350
5124,0.0001,900
5125,0.0001,0
5126,0.0001,300
5127,0.0001,0
5128,0.0001,900
5129,0.0001,300
5130,0.0001,0
5131,0.0001,0
5132,0.0001,900
5133,0.0001,0
5134,0.0001,1500
5135,0.0001,900
5136,0.0001,1200
5137,0.0001,900
5138,0.0001,6980
5139,0.0001,2100
5140,0.0001,0
5141,0.0001,0
5142,0.0001,300
5143,0.0001,0
5144,0.0001,0
5145,0.0001,300
5146,0.0001,1200
5147,0.0001,900
5148,0.0001,900
5149,0.0001,900
5150,0.0001,800
5151,0.0001,2700
5152,0.0001,1200
5153,0.0001,300
5154,0.0001,300
5155,0.0001,0
5156,0.0001,9220
5157,0.0001,0
5158,0.0001,1200
5159,0.0001,1800
5160,0.0001,0
5161,0.0001,2250
5162,0.0001,300
5163,0.0001,7080
5164,0.0001,800
5165,0.0001,300
5166,0.0001,0
5167,0.0001,2100
5168,0.0001,0
5169,0.0001,0
5170,0.0001,2520
5171,0.0001,900
5172,0.0001,300
5173,0.0001,6980
5174,0.0001,0
5175,0.0001,900
5176,0.0001,900
5177,0.0001,0
5178,0.0001,5400
5179,0.0001,1200
5180,0.0001,0
5181,0.0001,0
5182,0.0001,3600
5183,0.0001,9000
5184,0.0001,0
5185,0.0001,300
5186,0.0001,0
5187,0.0001,0
5188,0.0001,900
5189,0.0001,9240
5190,0.0001,0
5191,0.0001,0
5192,0.0001,0
5193,0.0001,0
5194,0.0001,300
5195,0.0001,300
5196,0.0001,300
5197,0.0001,0
5198,0.0001,300
5199,0.0001,0
5200,0.0001,0
5201,0.0001,0
5202,0.0001,1500
5203,0.0001,0
5204,0.0001,0
5205,0.0001,0
5206,0.0001,400
5207,0.0001,0
5208,0.0001,1500
5209,0.0001,0
5210,0.0001,0
5211,0.0001,900
5212,0.0001,300
5213,0.0001,7030
5214,0.0001,2100
5215,0.0001,0
5216,0.0001,900
5217,0.0001,20340
5218,0.0001,1200
5219,0.0001,0
5220,0.0001,600
5221,0.0001,1800
5222,0.0001,600
5223,0.0001,900
5224,0.0001,0
5225,0.0001,1200
5226,0.0001,34150
5227,0.0001,0
5228,0.0001,7080
5229,0.0001,2250
5230,0.0001,0
5231,0.0001,0
5232,0.0001,900
5233,0.0001,7060
5234,0.0001,9240
5235,0.0001,540
5236,0.0001,2100
5237,0.0001,240
5238,0.0001,0
5239,0.0001,3600
5240,0.0001,0
5241,0.0001,0
5242,0.0001,700
5243,0.0001,0
5244,0.0001,7200
5245,0.0001,7030
5246,0.0001,900
5247,0.0001,400
5248,0.0001,1200
5249,0.0001,300
5250,0.0001,0
5251,0.0001,900
5252,0.0001,700
5253,0.0001,400
5254,0.0001,900
5255,0.0001,750
5256,0.0001,0
5257,0.0001,0
5258,0.0001,450
5259,0.0001,0
5260,0.0001,22500
5261,0.0001,1200
5262,0.0001,1200
5263,0.0001,10200
5264,0.0001,300
5265,0.0001,300
5266,0.0001,9140
5267,0.0001,0
5268,0.0001,0
5269,0.0001,10350
5270,0.0001,0
5271,0.0001,900
5272,0.0001,0
5273,0.0001,3600
5274,0.0001,0
5275,0.0001,0
5276,0.0001,0
5277,0.0001,900
5278,0.0001,2100
5279,0.0001,20640
5280,0.0001,0
5281,0.0001,900
5282,0.0001,300
5283,0.0001,900
5284,0.0001,2100
5285,0.0001,0
5286,0.0001,0
5287,0.0001,0
5288,0.0001,0
5289,0.0001,0
5290,0.0001,300
5291,0.0001,0
5292,0.0001,300
5293,0.0001,0
5294,0.0001,2100
5295,0.0001,6880
5296,0.0001,0
5297,0.0001,1650
5298,0.0001,600
5299,0.0001,0
5300,0.0001,300
5301,0.0001,600
5302,0.0001,700
5303,0.0001,7980
5304,0.0001,0
5305,0.0001,900
5306,0.0001,400
5307,0.0001,1500
5308,0.0001,0
5309,0.0001,7380
5310,0.0001,0
5311,0.0001,0
5312,0.0001,0
5313,0.0001,0
5314,0.0001,0
5315,0.0001,7030
5316,0.0001,1500
5317,0.0001,2100
5318,0.0001,1200
5319,0.0001,0
5320,0.0001,900
5321,0.0001,1200
5322,0.0001,3450
5323,0.0001,0
5324,0.0001,700
5325,0.0001,600
5326,0.0001,0
5327,0.0001,2000
5328,0.0001,1800
5329,0.0001,1440
5330,0.0001,300
5331,0.0001,900
5332,0.0001,900
5333,0.0001,400
5334,0.0001,5850
5335,0.0001,900
5336,0.0001,0
5337,0.0001,0
5338,0.0001,900
5339,0.0001,400
5340,0.0001,0
5341,0.0001,0
5342,0.0001,0
5343,0.0001,0
5344,0.0001,400
5345,0.0001,2040
5346,0.0001,0
5347,0.0001,600
5348,0.0001,900
5349,0.0001,0
5350,0.0001,900
5351,0.0001,700
5352,0.0001,850
5353,0.0001,0
5354,0.0001,900
5355,0.0001,1800
5356,0.0001,900
5357,0.0001,1200
5358,0.0001,300
5359,0.0001,0
5360,0.0001,900
5361,0.0001,0
5362,0.0001,3000
5363,0.0001,1600
5364,0.0001,1200
5365,0.0001,540
5366,0.0001,300
5367,0.0001,0
5368,0.0001,700
5369,0.0001,0
5370,0.0001,540
5371,0.0001,0
5372,0.0001,0
5373,0.0001,34300
5374,0.0001,600
5375,0.0001,400
5376,0.0001,2250
5377,0.0001,300
5378,0.0001,3400
5379,0.0001,400
5380,0.0001,1800
5381,0.0001,0
5382,0.0001,400
5383,0.0001,0
5384,0.0001,900
5385,0.0001,1500
5386,0.0001,0
5387,0.0001,300
5388,0.0001,0
5389,0.0001,0
5390,0.0001,2000
5391,0.0001,0
5392,0.0001,0
5393,0.0001,20640
5394,0.0001,0
5395,0.0001,720
5396,0.0001,0
5397,0.0001,1500
5398,0.0001,400
5399,0.0001,0
5400,0.0001,0
5401,0.0001,0
5402,0.0001,0
5403,0.0001,0
5404,0.0001,34400
5405,0.0001,300
5406,0.0001,1200
5407,0.0001,6880
5408,0.0001,3500
5409,0.0001,940
5410,0.0001,0
5411,0.0001,2100
5412,0.0001,0
5413,0.0001,1500
5414,0.0001,800
5415,0.0001,500
5416,0.0001,600
5417,0.0001,1500
5418,0.0001,1500
5419,0.0001,300
5420,0.0001,0
5421,0.0001,900
5422,0.0001,600
5423,0.0001,0
5424,0.0001,0
5425,0.0001,7080
5426,0.0001,6000
5427,0.0001,300
5428,0.0001,0
5429,0.0001,900
5430,0.0001,0
5431,0.0001,0
5432,0.0001,400
5433,0.0001,400
5434,0.0001,300
5435,0.0001,20490
5436,0.0001,1800
5437,0.0001,800
5438,0.0001,1500
5439,0.0001,0
5440,0.0001,1200
5441,0.0001,300
5442,0.0001,900
5443,0.0001,7060
5444,0.0001,300
5445,0.0001,1050
5446,0.0001,300
5447,0.0001,0
5448,0.0001,2250
5449,0.0001,1200
5450,0.0001,900
5451,0.0001,300
5452,0.0001,6980
5453,0.0001,1800
5454,0.0001,900
5455,0.0001,22080
5456,0.0001,700
5457,0.0001,0
5458,0.0001,400
5459,0.0001,3900
5460,0.0001,0
5461,0.0001,700
5462,0.0001,6980
5463,0.0001,0
5464,0.0001,690
5465,0.0001,0
5466,0.0001,900
5467,0.0001,300
5468,0.0001,6120
5469,0.0001,34150
5470,0.0001,0
5471,0.0001,0
5472,0.0001,2100
5473,0.0001,0
5474,0.0001,0
5475,0.0001,0
5476,0.0001,900
5477,0.0001,1500
5478,0.0001,400
5479,0.0001,0
5480,0.0001,0
5481,0.0001,23640
5482,0.0001,0
5483,0.0001,7060
5484,0.0001,1800
5485,0.0001,20340
5486,0.0001,720
5487,0.0001,0
5488,0.0001,400
5489,0.0001,1500
5490,0.0001,900
5491,0.0001,0
5492,0.0001,0
5493,0.0001,0
5494,0.0001,800
5495,0.0001,13500
5496,0.0001,1500
5497,0.0001,300
5498,0.0001,400
5499,0.0001,0
5500,0.0001,1500
5501,0.0001,400
5502,0.0001,0
5503,0.0001,7080
5504,0.0001,1500
5505,0.0001,400
5506,0.0001,400
5507,0.0001,500
5508,0.0001,900
5509,0.0001,0
5510,0.0001,2200
5511,0.0001,0
5512,0.0001,0
5513,0.0001,0
5514,0.0001,900
5515,0.0001,1200
5516,0.0001,400
5517,0.0001,300
5518,0.0001,2100
5519,0.0001,300
5520,0.0001,400
5521,0.0001,0
5522,0.0001,4500
5523,0.0001,0
5524,0.0001,300
5525,0.0001,7080
5526,0.0001,0
5527,0.0001,1800
5528,0.0001,900
5529,0.0001,2200
5530,0.0001,400
5531,0.0001,500
5532,0.0001,900
5533,0.0001,1500
5534,0.0001,700
5535,0.0001,900
5536,0.0001,700
5537,0.0001,0
5538,0.0001,7080
5539,0.0001,0
5540,0.0001,0
5541,0.0001,0
5542,0.0001,2800
5543,0.0001,0
5544,0.0001,600
5545,0.0001,0
5546,0.0001,900
5547,0.0001,900
5548,0.0001,400
5549,0.0001,900
5550,0.0001,0
5551,0.0001,0
5552,0.0001,300
5553,0.0001,1620
5554,0.0001,900
5555,0.0001,540
5556,0.0001,750
5557,0.0001,900
5558,0.0001,300
5559,0.0001,6000
5560,0.0001,500
5561,0.0001,0
5562,0.0001,400
5563,0.0001,0
5564,0.0001,500
5565,0.0001,1800
5566,0.0001,3700
5567,0.0001,0
5568,0.0001,0
5569,0.0001,1200
5570,0.0001,0
5571,0.0001,1200
5572,0.0001,0
5573,0.0001,1200
5574,0.0001,0
5575,0.0001,2100
5576,0.0001,300
5577,0.0001,0
5578,0.0001,0
5579,0.0001,0
5580,0.0001,0
5581,0.0001,1500
5582,0.0001,790
5583,0.0001,0
5584,0.0001,0
5585,0.0001,0
5586,0.0001,800
5587,0.0001,400
5588,0.0001,0
5589,0.0001,1200
5590,0.0001,4500
5591,0.0001,900
5592,0.0001,7080
5593,0.0001,1500
5594,0.0001,0
5595,0.0001,1500
5596,0.0001,800
5597,0.0001,900
5598,0.0001,0
5599,0.0001,0
5600,0.0001,0
5601,0.0001,0
5602,0.0001,0
5603,0.0001,990
5604,0.0001,0
5605,0.0001,7080
5606,0.0001,2000
5607,0.0001,0
5608,0.0001,1200
5609,0.0001,400
5610,0.0001,0
5611,0.0001,1200
5612,0.0001,0
5613,0.0001,1200
5614,0.0001,0
5615,0.0001,0
5616,0.0001,900
5617,0.0001,0
5618,0.0001,0
5619,0.0001,300
5620,0.0001,0
5621,0.0001,1200
5622,0.0001,0
5623,0.0001,0
5624,0.0001,400
5625,0.0001,400
5626,0.0001,0
5627,0.0001,400
5628,0.0001,5700
5629,0.0001,0
5630,0.0001,300
5631,0.0001,1200
5632,0.0001,4500
5633,0.0001,1800
5634,0.0001,300
5635,0.0001,7280
5636,0.0001,2000
5637,0.0001,0
5638,0.0001,3600
5639,0.0001,0
5640,0.0001,0
5641,0.0001,500
5642,0.0001,300
5643,0.0001,0
5644,0.0001,300
5645,0.0001,0
5646,0.0001,400
5647,0.0001,900
5648,0.0001,2000
5649,0.0001,10200
5650,0.0001,0
5651,0.0001,1800
5652,0.0001,10090
5653,0.0001,0
5654,0.0001,0
5655,0.0001,20640
5656,0.0001,1950
5657,0.0001,3400
5658,0.0001,300
5659,0.0001,1200
5660,0.0001,6120
5661,0.0001,0
5662,0.0001,0
5663,0.0001,700
5664,0.0001,0
5665,0.0001,0
5666,0.0001,300
5667,0.0001,0
5668,0.0001,1200
5669,0.0001,900
5670,0.0001,900
5671,0.0001,6000
5672,0.0001,2100
5673,0.0001,300
5674,0.0001,0
5675,0.0001,1200
5676,0.0001,400
5677,0.0001,1500
5678,0.0001,600
5679,0.0001,750
5680,0.0001,550
5681,0.0001,400
5682,0.0001,300
5683,0.0001,900
5684,0.0001,0
5685,0.0001,300
5686,0.0001,300
5687,0.0001,0
5688,0.0001,300
5689,0.0001,600
5690,0.0001,0
5691,0.0001,900
5692,0.0001,900
5693,0.0001,0
5694,0.0001,900
5695,0.0001,1200
5696,0.0001,0
5697,0.0001,2100
5698,0.0001,0
5699,0.0001,0
5700,0.0001,840
5701,0.0001,1200
5702,0.0001,0
5703,0.0001,900
5704,0.0001,1200
5705,0.0001,3750
5706,0.0001,0
5707,0.0001,0
5708,0.0001,2100
5709,0.0001,300
5710,0.0001,700
5711,0.0001,0
5712,0.0001,450
5713,0.0001,0
5714,0.0001,20640
5715,0.0001,7280
5716,0.0001,20940
5717,0.0001,0
5718,0.0001,0
5719,0.0001,600
5720,0.0001,2700
5721,0.0001,300
5722,0.0001,1800
5723,0.0001,20490
5724,0.0001,0
5725,0.0001,2100
5726,0.0001,5700
5727,0.0001,2700
5728,0.0001,0
5729,0.0001,0
5730,0.0001,840
5731,0.0001,1600
5732,0.0001,0
5733,0.0001,0
5734,0.0001,1200
5735,0.0001,900
5736,0.0001,0
5737,0.0001,900
5738,0.0001,600
5739,0.0001,2250
5740,0.0001,0
5741,0.0001,7080
5742,0.0001,0
5743,0.0001,1500
5744,0.0001,400
5745,0.0001,1500
5746,0.0001,0
5747,0.0001,0
5748,0.0001,1500
5749,0.0001,20640
5750,0.0001,4050
5751,0.0001,300
5752,0.0001,0
5753,0.0001,7080
5754,0.0001,3640
5755,0.0001,7880
5756,0.0001,7040
5757,0.0001,900
5758,0.0001,0
5759,0.0001,20880
5760,0.0001,450
5761,0.0001,9900
5762,0.0001,800
5763,0.0001,400
5764,0.0001,540
5765,0.0001,0
5766,0.0001,0
5767,0.0001,650
5768,0.0001,0
5769,0.0001,0
5770,0.0001,300
5771,0.0001,940
5772,0.0001,0
5773,0.0001,800
5774,0.0001,20940
5775,0.0001,500
5776,0.0001,0
5777,0.0001,600
5778,0.0001,1200
5779,0.0001,0
5780,0.0001,1500
5781,0.0001,7080
5782,0.0001,650
5783,0.0001,500
5784,0.0001,1800
5785,0.0001,0
5786,0.0001,900
5787,0.0001,0
5788,0.0001,400
5789,0.0001,0
5790,0.0001,1800
5791,0.0001,900
5792,0.0001,1500
5793,0.0001,27120
5794,0.0001,0
5795,0.0001,0
5796,0.0001,400
5797,0.0001,3000
5798,0.0001,1500
5799,0.0001,1500
5800,0.0001,0
5801,0.0001,7030
5802,0.0001,2100
5803,0.0001,0
5804,0.0001,0
5805,0.0001,940
5806,0.0001,0
5807,0.0001,700
5808,0.0001,0
5809,0.0001,300
5810,0.0001,6960
5811,0.0001,0
5812,0.0001,300
5813,0.0001,700
5814,0.0001,0
5815,0.0001,0
5816,0.0001,1650
5817,0.0001,720
5818,0.0001,20940
5819,0.0001,1620
5820,0.0001,0
5821,0.0001,0
5822,0.0001,0
5823,0.0001,0
5824,0.0001,1200
5825,0.0001,1500
5826,0.0001,0
5827,0.0001,600
5828,0.0001,0
5829,0.0001,1500
5830,0.0001,0
5831,0.0001,0
5832,0.0001,900
5833,0.0001,600
5834,0.0001,1200
5835,0.0001,400
5836,0.0001,0
5837,0.0001,900
5838,0.0001,1650
5839,0.0001,0
5840,0.0001,0
5841,0.0001,6980
5842,0.0001,0
5843,0.0001,0
5844,0.0001,300
5845,0.0001,2000
5846,0.0001,700
5847,0.0001,1500
5848,0.0001,300
5849,0.0001,0
5850,0.0001,2000
5851,0.0001,0
5852,0.0001,1920
5853,0.0001,0
5854,0.0001,0
5855,0.0001,400
5856,0.0001,0
5857,0.0001,0
5858,0.0001,3400
5859,0.0001,3000
5860,0.0001,400
5861,0.0001,0
5862,0.0001,1800
5863,0.0001,2100
5864,0.0001,600
5865,0.0001,300
5866,0.0001,6980
5867,0.0001,0
5868,0.0001,400
5869,0.0001,2100
5870,0.0001,1200
5871,0.0001,500
5872,0.0001,7880
5873,0.0001,400
5874,0.0001,550
5875,0.0001,400
5876,0.0001,900
5877,0.0001,1500
5878,0.0001,0
5879,0.0001,2200
5880,0.0001,0
5881,0.0001,1500
5882,0.0001,0
5883,0.0001,0
5884,0.0001,900
5885,0.0001,2100
5886,0.0001,0
5887,0.0001,0
5888,0.0001,900
5889,0.0001,0
5890,0.0001,0
5891,0.0001,0
5892,0.0001,900
5893,0.0001,0
5894,0.0001,900
5895,0.0001,900
5896,0.0001,1200
5897,0.0001,0
5898,0.0001,0
5899,0.0001,900
5900,0.0001,400
5901,0.0001,2100
5902,0.0001,1200
5903,0.0001,0
5904,0.0001,0
5905,0.0001,300
5906,0.0001,1800
5907,0.0001,600
5908,0.0001,500
5909,0.0001,0
5910,0.0001,900
5911,0.0001,0
5912,0.0001,0
5913,0.0001,0
5914,0.0001,6980
5915,0.0001,900
5916,0.0001,1200
5917,0.0001,0
5918,0.0001,3300
5919,0.0001,1800
5920,0.0001,0
5921,0.0001,300
5922,0.0001,7060
5923,0.0001,0
5924,0.0001,0
5925,0.0001,1500
5926,0.0001,400
5927,0.0001,2700
5928,0.0001,600
5929,0.0001,900
5930,0.0001,6000
5931,0.0001,300
5932,0.0001,400
5933,0.0001,700
5934,0.0001,0
5935,0.0001,500
5936,0.0001,300
5937,0.0001,400
5938,0.0001,300
5939,0.0001,1200
5940,0.0001,900
5941,0.0001,900
5942,0.0001,3500
5943,0.0001,4200
5944,0.0001,900
5945,0.0001,400
5946,0.0001,0
5947,0.0001,900
5948,0.0001,6300
5949,0.0001,2000
5950,0.0001,0
5951,0.0001,400
5952,0.0001,300
5953,0.0001,0
5954,0.0001,300
5955,0.0001,600
5956,0.0001,1500
5957,0.0001,300
5958,0.0001,400
5959,0.0001,1200
5960,0.0001,0
5961,0.0001,0
5962,0.0001,840
5963,0.0001,900
5964,0.0001,0
5965,0.0001,7880
5966,0.0001,0
5967,0.0001,3000
5968,0.0001,1800
5969,0.0001,1600
5970,0.0001,2200
5971,0.0001,3000
5972,0.0001,7260
5973,0.0001,0
5974,0.0001,0
5975,0.0001,900
5976,0.0001,300
5977,0.0001,400
5978,0.0001,900
5979,0.0001,0
5980,0.0001,900
5981,0.0001,700
5982,0.0001,1800
5983,0.0001,400
5984,0.0001,3700
5985,0.0001,0
5986,0.0001,300
5987,0.0001,1900
5988,0.0001,300
5989,0.0001,0
5990,0.0001,900
5991,0.0001,0
5992,0.0001,0
5993,0.0001,0
5994,0.0001,0
5995,0.0001,900
5996,0.0001,20940
5997,0.0001,500
5998,0.0001,0
5999,0.0001,900
6000,0.0001,0
6001,0.0001,0
6002,0.0001,0
6003,0.0001,1800
6004,0.0001,1200
6005,0.0001,300
6006,0.0001,3600
6007,0.0001,300
6008,0.0001,2100
6009,0.0001,0
6010,0.0001,600
6011,0.0001,300
6012,0.0001,700
6013,0.0001,900
6014,0.0001,650
6015,0.0001,900
6016,0.0001,900
6017,0.0001,0
6018,0.0001,720
6019,0.0001,0
6020,0.0001,2200
6021,0.0001,2040
6022,0.0001,600
6023,0.0001,300
6024,0.0001,1500
6025,0.0001,700
6026,0.0001,900
6027,0.0001,550
6028,0.0001,0
6029,0.0001,400
6030,0.0001,900
6031,0.0001,300
6032,0.0001,0
6033,0.0001,0
6034,0.0001,640
6035,0.0001,600
6036,0.0001,0
6037,0.0001,900
6038,0.0001,500
6039,0.0001,0
6040,0.0001,0
6041,0.0001,0
6042,0.0001,0
6043,0.0001,900
6044,0.0001,0
6045,0.0001,0
6046,0.0001,21240
6047,0.0001,0
6048,0.0001,0
6049,0.0001,0
6050,0.0001,900
6051,0.0001,0
6052,0.0001,300
6053,0.0001,850
6054,0.0001,1500
6055,0.0001,1500
6056,0.0001,3000
6057,0.0001,1200
6058,0.0001,0
6059,0.0001,0
6060,0.0001,640
6061,0.0001,300
6062,0.0001,9120
6063,0.0001,2000
6064,0.0001,740
6065,0.0001,0
6066,0.0001,1500
6067,0.0001,1500
6068,0.0001,0
6069,0.0001,0
6070,0.0001,0
6071,0.0001,0
6072,0.0001,600
6073,0.0001,900
6074,0.0001,900
6075,0.0001,0
6076,0.0001,800
6077,0.0001,300
6078,0.0001,690
6079,0.0001,600
6080,0.0001,0
6081,0.0001,900
6082,0.0001,0
6083,0.0001,0
6084,0.0001,300
6085,0.0001,0
6086,0.0001,300
6087,0.0001,1200
6088,0.0001,7080
6089,0.0001,400
6090,0.0001,0
6091,0.0001,1500
6092,0.0001,300
6093,0.0001,0
6094,0.0001,2700
6095,0.0001,6880
6096,0.0001,1650
6097,0.0001,0
6098,0.0001,1950
6099,0.0001,0
6100,0.0001,0
6101,0.0001,3700
6102,0.0001,6980
6103,0.0001,0
6104,0.0001,0
6105,0.0001,300
6106,0.0001,600
6107,0.0001,900
6108,0.0001,0
6109,0.0001,900
6110,0.0001,600
6111,0.0001,0
6112,0.0001,1350
6113,0.0001,500
6114,0.0001,900
6115,0.0001,0
6116,0.0001,0
6117,0.0001,1200
6118,0.0001,300
6119,0.0001,0
6120,0.0001,0
6121,0.0001,0
6122,0.0001,0
6123,0.0001,900
6124,0.0001,450
6125,0.0001,1650
6126,0.0001,600
6127,0.0001,0
6128,0.0001,300
6129,0.0001,0
6130,0.0001,1200
6131,0.0001,1920
6132,0.0001,300
6133,0.0001,0
6134,0.0001,600
6135,0.0001,400
6136,0.0001,0
6137,0.0001,400
6138,0.0001,900
6139,0.0001,2700
6140,0.0001,1500
6141,0.0001,900
6142,0.0001,900
6143,0.0001,0
6144,0.0001,1800
6145,0.0001,300
6146,0.0001,3000
6147,0.0001,900
6148,0.0001,1200
6149,0.0001,300
6150,0.0001,700
6151,0.0001,1500
6152,0.0001,0
6153,0.0001,900
6154,0.0001,2100
6155,0.0001,20580
6156,0.0001,7830
6157,0.0001,0
6158,0.0001,0
6159,0.0001,2100
6160,0.0001,300
6161,0.0001,0
6162,0.0001,1620
6163,0.0001,400
6164,0.0001,400
6165,0.0001,0
6166,0.0001,0
6167,0.0001,7080
6168,0.0001,0
6169,0.0001,1200
6170,0.0001,0
6171,0.0001,1200
6172,0.0001,1200
6173,0.0001,500
6174,0.0001,0
6175,0.0001,1500
6176,0.0001,0
6177,0.0001,2000
6178,0.0001,0
6179,0.0001,300
6180,0.0001,0
6181,0.0001,7080
6182,0.0001,900
6183,0.0001,0
6184,0.0001,0
6185,0.0001,790
6186,0.0001,900
6187,0.0001,450
6188,0.0001,0
6189,0.0001,880
6190,0.0001,300
6191,0.0001,1200
6192,0.0001,1200
6193,0.0001,300
6194,0.0001,0
6195,0.0001,900
6196,0.0001,0
6197,0.0001,0
6198,0.0001,0
6199,0.0001,1500
6200,0.0001,7080
6201,0.0001,2700
6202,0.0001,900
6203,0.0001,7080
6204,0.0001,0
6205,0.0001,0
6206,0.0001,0
6207,0.0001,0
6208,0.0001,0
6209,0.0001,0
6210,0.0001,1200
6211,0.0001,0
6212,0.0001,400
6213,0.0001,300
6214,0.0001,1200
6215,0.0001,0
6216,0.0001,1800
6217,0.0001,1300
6218,0.0001,0
6219,0.0001,450
6220,0.0001,0
6221,0.0001,650
6222,0.0001,400
6223,0.0001,2100
6224,0.0001,0
6225,0.0001,900
6226,0.0001,300
6227,0.0001,0
6228,0.0001,0
6229,0.0001,0
6230,0.0001,7030
6231,0.0001,3500
6232,0.0001,500
6233,0.0001,300
6234,0.0001,0
6235,0.0001,540
6236,0.0001,0
6237,0.0001,550
6238,0.0001,900
6239,0.0001,600
6240,0.0001,900
6241,0.0001,300
6242,0.0001,400
6243,0.0001,1200
6244,0.0001,400
6245,0.0001,0
6246,0.0001,1900
6247,0.0001,900
6248,0.0001,300
6249,0.0001,28020
6250,0.0001,1600
6251,0.0001,1450
6252,0.0001,0
6253,0.0001,940
6254,0.0001,6000
6255,0.0001,2520
6256,0.0001,2000
6257,0.0001,1200
6258,0.0001,0
6259,0.0001,900
6260,0.0001,0
6261,0.0001,600
6262,0.0001,400
6263,0.0001,0
6264,0.0001,0
6265,0.0001,0
6266,0.0001,2250
6267,0.0001,500
6268,0.0001,900
6269,0.0001,690
6270,0.0001,0
6271,0.0001,1500
6272,0.0001,0
6273,0.0001,0
6274,0.0001,0
6275,0.0001,0
6276,0.0001,0
6277,0.0001,750
6278,0.0001,300
6279,0.0001,300
6280,0.0001,400
6281,0.0001,0
6282,0.0001,300
6283,0.0001,400
6284,0.0001,1500
6285,0.0001,900
6286,0.0001,20640
6287,0.0001,0
6288,0.0001,900
6289,0.0001,0
6290,0.0001,0
6291,0.0001,0
6292,0.0001,400
6293,0.0001,900
6294,0.0001,700
6295,0.0001,600
6296,0.0001,0
6297,0.0001,1200
6298,0.0001,4050
6299,0.0001,700
6300,0.0001,1800
6301,0.0001,450
6302,0.0001,1800
6303,0.0001,0
6304,0.0001,0
6305,0.0001,0
6306,0.0001,0
6307,0.0001,0
6308,0.0001,0
6309,0.0001,0
6310,0.0001,20640
6311,0.0001,300
6312,0.0001,0
6313,0.0001,540
6314,0.0001,900
6315,0.0001,20940
6316,0.0001,2250
6317,0.0001,600
6318,0.0001,20940
6319,0.0001,700
6320,0.0001,2250
6321,0.0001,0
6322,0.0001,800
6323,0.0001,3000
6324,0.0001,0
6325,0.0001,0
6326,0.0001,900
6327,0.0001,550
6328,0.0001,450
6329,0.0001,540
6330,0.0001,900
6331,0.0001,0
6332,0.0001,1500
6333,0.0001,300
6334,0.0001,0
6335,0.0001,2200
6336,0.0001,0
6337,0.0001,0
6338,0.0001,0
6339,0.0001,0
6340,0.0001,1500
6341,0.0001,0
6342,0.0001,900
6343,0.0001,0
6344,0.0001,0
6345,0.0001,0
6346,0.0001,3450
6347,0.0001,300
6348,0.0001,1800
6349,0.0001,750
6350,0.0001,540
6351,0.0001,1200
6352,0.0001,1800
6353,0.0001,300
6354,0.0001,0
6355,0.0001,0
6356,0.0001,0
6357,0.0001,700
6358,0.0001,400
6359,0.0001,0
6360,0.0001,900
6361,0.0001,150
6362,0.0001,6980
6363,0.0001,800
6364,0.0001,300
6365,0.0001,150
6366,0.0001,900
6367,0.0001,1500
6368,0.0001,1200
6369,0.0001,750
6370,0.0001,400
6371,0.0001,900
6372,0.0001,2520
6373,0.0001,1500
6374,0.0001,0
6375,0.0001,1500
6376,0.0001,0
6377,0.0001,2100
6378,0.0001,0
6379,0.0001,0
6380,0.0001,400
6381,0.0001,6930
6382,0.0001,900
6383,0.0001,0
6384,0.0001,1200
6385,0.0001,300
6386,0.0001,300
6387,0.0001,900
6388,0.0001,2000
6389,0.0001,800
6390,0.0001,0
6391,0.0001,0
6392,0.0001,0
6393,0.0001,0
6394,0.0001,2100
6395,0.0001,0
6396,0.0001,0
6397,0.0001,2340
6398,0.0001,0
6399,0.0001,900
6400,0.0001,0
6401,0.0001,0
6402,0.0001,2100
6403,0.0001,0
6404,0.0001,1500
6405,0.0001,1800
6406,0.0001,7060
6407,0.0001,1500
6408,0.0001,0
6409,0.0001,0
6410,0.0001,0
6411,0.0001,0
6412,0.0001,400
6413,0.0001,0
6414,0.0001,400
6415,0.0001,1200
6416,0.0001,900
6417,0.0001,9900
6418,0.0001,300
6419,0.0001,300
6420,0.0001,7080
6421,0.0001,600
6422,0.0001,450
6423,0.0001,0
6424,0.0001,0
6425,0.0001,0
6426,0.0001,0
6427,0.0001,1800
6428,0.0001,600
6429,0.0001,1500
6430,0.0001,0
6431,0.0001,0
6432,0.0001,0
6433,0.0001,0
6434,0.0001,0
6435,0.0001,0
6436,0.0001,600
6437,0.0001,0
6438,0.0001,1800
6439,0.0001,0
6440,0.0001,1200
6441,0.0001,900
6442,0.0001,800
6443,0.0001,1500
6444,0.0001,300
6445,0.0001,3000
6446,0.0001,900
6447,0.0001,0
6448,0.0001,400
6449,0.0001,2250
6450,0.0001,6880
6451,0.0001,400
6452,0.0001,400
6453,0.0001,300
6454,0.0001,1500
6455,0.0001,900
6456,0.0001,900
6457,0.0001,1500
6458,0.0001,900
6459,0.0001,300
6460,0.0001,0
6461,0.0001,0
6462,0.0001,0
6463,0.0001,0
6464,0.0001,0
6465,0.0001,0
6466,0.0001,1650
6467,0.0001,0
6468,0.0001,0
6469,0.0001,0
6470,0.0001,800
6471,0.0001,0
6472,0.0001,900
6473,0.0001,0
6474,0.0001,500
6475,0.0001,1200
6476,0.0001,20640
6477,0.0001,0
6478,0.0001,1200
6479,0.0001,800
6480,0.0001,0
6481,0.0001,400
6482,0.0001,1170
6483,0.0001,2700
6484,0.0001,1200
6485,0.0001,900
6486,0.0001,1500
6487,0.0001,0
6488,0.0001,0
6489,0.0001,300
6490,0.0001,2100
6491,0.0001,400
6492,0.0001,900
6493,0.0001,900
6494,0.0001,1500
6495,0.0001,0
6496,0.0001,900
6497,0.0001,20940
6498,0.0001,0
6499,0.0001,2100
6500,0.0001,0
6501,0.0001,0
6502,0.0001,0
6503,0.0001,1500
6504,0.0001,300
6505,0.0001,6980
6506,0.0001,2000
6507,0.0001,900
6508,0.0001,0
6509,0.0001,300
6510,0.0001,0
6511,0.0001,850
6512,0.0001,0
6513,0.0001,4140
6514,0.0001,900
6515,0.0001,0
6516,0.0001,9000
6517,0.0001,0
6518,0.0001,700
6519,0.0001,1650
6520,0.0001,0
6521,0.0001,6980
6522,0.0001,3550
6523,0.0001,6880
6524,0.0001,0
6525,0.0001,1500
6526,0.0001,700
6527,0.0001,0
6528,0.0001,400
6529,0.0001,0
6530,0.0001,0
6531,0.0001,500
6532,0.0001,1500
6533,0.0001,0
6534,0.0001,0
6535,0.0001,0
6536,0.0001,300
6537,0.0001,300
6538,0.0001,0
6539,0.0001,940
6540,0.0001,3000
6541,0.0001,1200
6542,0.0001,0
6543,0.0001,720
6544,0.0001,7060
6545,0.0001,2520
6546,0.0001,0
6547,0.0001,6300
6548,0.0001,0
6549,0.0001,2000
6550,0.0001,7080
6551,0.0001,0
6552,0.0001,800
6553,0.0001,0
6554,0.0001,0
6555,0.0001,0
6556,0.0001,0
6557,0.0001,1200
6558,0.0001,2100
6559,0.0001,6980
6560,0.0001,400
6561,0.0001,1500
6562,0.0001,700
6563,0.0001,0
6564,0.0001,500
6565,0.0001,0
6566,0.0001,1350
6567,0.0001,1600
6568,0.0001,1200
6569,0.0001,20640
6570,0.0001,0
6571,0.0001,0
6572,0.0001,1200
6573,0.0001,0
6574,0.0001,0
6575,0.0001,400
6576,0.0001,900
6577,0.0001,0
6578,0.0001,900
6579,0.0001,0
6580,0.0001,1800
6581,0.0001,9240
6582,0.0001,2100
6583,0.0001,1500
6584,0.0001,1500
6585,0.0001,700
6586,0.0001,300
6587,0.0001,900
6588,0.0001,1500
6589,0.0001,0
6590,0.0001,0
6591,0.0001,0
6592,0.0001,0
6593,0.0001,300
6594,0.0001,1500
6595,0.0001,1300
6596,0.0001,0
6597,0.0001,300
6598,0.0001,240
6599,0.0001,300
6600,0.0001,0
6601,0.0001,300
6602,0.0001,7160
6603,0.0001,800
6604,0.0001,400
6605,0.0001,1200
6606,0.0001,0
6607,0.0001,0
6608,0.0001,0
6609,0.0001,0
6610,0.0001,700
6611,0.0001,3700
6612,0.0001,300
6613,0.0001,900
6614,0.0001,1500
6615,0.0001,2200
6616,0.0001,7480
6617,0.0001,700
6618,0.0001,900
6619,0.0001,0
6620,0.0001,2100
6621,0.0001,300
6622,0.0001,600
6623,0.0001,2100
6624,0.0001,1800
6625,0.0001,0
6626,0.0001,540
6627,0.0001,0
6628,0.0001,0
6629,0.0001,1200
6630,0.0001,1800
6631,0.0001,0
6632,0.0001,600
6633,0.0001,0
6634,0.0001,900
6635,0.0001,0
6636,0.0001,2000
6637,0.0001,1200
6638,0.0001,0
6639,0.0001,700
6640,0.0001,0
6641,0.0001,900
6642,0.0001,0
6643,0.0001,2250
6644,0.0001,300
6645,0.0001,1740
6646,0.0001,900
6647,0.0001,900
6648,0.0001,300
6649,0.0001,0
6650,0.0001,2000
6651,0.0001,0
6652,0.0001,7060
6653,0.0001,300
6654,0.0001,0
6655,0.0001,400
6656,0.0001,0
6657,0.0001,450
6658,0.0001,1500
6659,0.0001,0
6660,0.0001,400
6661,0.0001,7030
6662,0.0001,0
6663,0.0001,1800
6664,0.0001,2250
6665,0.0001,0
6666,0.0001,0
6667,0.0001,1500
6668,0.0001,400
6669,0.0001,0
6670,0.0001,1500
6671,0.0001,0
6672,0.0001,0
6673,0.0001,300
6674,0.0001,500
6675,0.0001,0
6676,0.0001,700
6677,0.0001,700
6678,0.0001,0
6679,0.0001,900
6680,0.0001,400
6681,0.0001,900
6682,0.0001,0
6683,0.0001,400
6684,0.0001,900
6685,0.0001,300
6686,0.0001,0
6687,0.0001,300
6688,0.0001,1500
6689,0.0001,1200
6690,0.0001,1200
6691,0.0001,400
6692,0.0001,0
6693,0.0001,0
6694,0.0001,27420
6695,0.0001,0
6696,0.0001,0
6697,0.0001,6930
6698,0.0001,600
6699,0.0001,900
6700,0.0001,0
6701,0.0001,0
6702,0.0001,400
6703,0.0001,400
6704,0.0001,1500
6705,0.0001,2000
6706,0.0001,900
6707,0.0001,300
6708,0.0001,5700
6709,0.0001,300
6710,0.0001,1680
6711,0.0001,400
6712,0.0001,900
6713,0.0001,0
6714,0.0001,900
6715,0.0001,14400
6716,0.0001,7130
6717,0.0001,900
6718,0.0001,400
6719,0.0001,750
6720,0.0001,0
6721,0.0001,1500
6722,0.0001,1200
6723,0.0001,900
6724,0.0001,0
6725,0.0001,0
6726,0.0001,900
6727,0.0001,0
6728,0.0001,300
6729,0.0001,1500
6730,0.0001,20640
6731,0.0001,0
6732,0.0001,1540
6733,0.0001,900
6734,0.0001,2100
6735,0.0001,600
6736,0.0001,300
6737,0.0001,400
6738,0.0001,0
6739,0.0001,900
6740,0.0001,3150
6741,0.0001,400
6742,0.0001,300
6743,0.0001,0
6744,0.0001,0
6745,0.0001,400
6746,0.0001,0
6747,0.0001,0
6748,0.0001,0
6749,0.0001,5400
6750,0.0001,0
6751,0.0001,0
6752,0.0001,900
6753,0.0001,16500
6754,0.0001,900
6755,0.0001,900
6756,0.0001,0
6757,0.0001,0
6758,0.0001,150
6759,0.0001,0
6760,0.0001,0
6761,0.0001,900
6762,0.0001,400
6763,0.0001,0
6764,0.0001,0
6765,0.0001,400
6766,0.0001,6960
6767,0.0001,1500
6768,0.0001,0
6769,0.0001,700
6770,0.0001,0
6771,0.0001,0
6772,0.0001,640
6773,0.0001,0
6774,0.0001,0
6775,0.0001,0
6776,0.0001,2000
6777,0.0001,0
6778,0.0001,0
6779,0.0001,0
6780,0.0001,0
6781,0.0001,6980
6782,0.0001,0
6783,0.0001,400
6784,0.0001,2700
6785,0.0001,0
6786,0.0001,6000
6787,0.0001,1500
6788,0.0001,900
6789,0.0001,3400
6790,0.0001,0
6791,0.0001,0
6792,0.0001,0
6793,0.0001,2100
6794,0.0001,0
6795,0.0001,1200
6796,0.0001,0
6797,0.0001,900
6798,0.0001,0
6799,0.0001,1920
6800,0.0001,6960
6801,0.0001,20940
6802,0.0001,0
6803,0.0001,0
6804,0.0001,0
6805,0.0001,300
6806,0.0001,0
6807,0.0001,300
6808,0.0001,1800
6809,0.0001,0
6810,0.0001,900
6811,0.0001,1600
6812,0.0001,0
6813,0.0001,0
6814,0.0001,0
6815,0.0001,0
6816,0.0001,20880
6817,0.0001,0
6818,0.0001,900
6819,0.0001,900
6820,0.0001,900
6821,0.0001,20790
6822,0.0001,0
6823,0.0001,900
6824,0.0001,0
6825,0.0001,1200
6826,0.0001,0
6827,0.0001,0
6828,0.0001,300
6829,0.0001,20580
6830,0.0001,300
6831,0.0001,0
6832,0.0001,900
6833,0.0001,0
6834,0.0001,1500
6835,0.0001,1500
6836,0.0001,900
6837,0.0001,300
6838,0.0001,6960
6839,0.0001,1500
6840,0.0001,0
6841,0.0001,0
6842,0.0001,900
6843,0.0001,1500
6844,0.0001,0
6845,0.0001,0
6846,0.0001,0
6847,0.0001,9440
6848,0.0001,1500
6849,0.0001,0
6850,0.0001,900
6851,0.0001,0
6852,0.0001,0
6853,0.0001,1500
6854,0.0001,450
6855,0.0001,0
6856,0.0001,300
6857,0.0001,20790
6858,0.0001,900
6859,0.0001,0
6860,0.0001,700
6861,0.0001,7980
6862,0.0001,9140
6863,0.0001,300
6864,0.0001,0
6865,0.0001,540
6866,0.0001,0
6867,0.0001,300
6868,0.0001,0
6869,0.0001,1500
6870,0.0001,0
6871,0.0001,900
6872,0.0001,300
6873,0.0001,1500
6874,0.0001,450
6875,0.0001,0
6876,0.0001,0
6877,0.0001,400
6878,0.0001,0
6879,0.0001,900
6880,0.0001,900
6881,0.0001,1800
6882,0.0001,0
6883,0.0001,0
6884,0.0001,7080
6885,0.0001,900
6886,0.0001,900
6887,0.0001,400
6888,0.0001,900
6889,0.0001,300
6890,0.0001,1500
6891,0.0001,0
6892,0.0001,0
6893,0.0001,300
6894,0.0001,0
6895,0.0001,300
6896,0.0001,6980
6897,0.0001,1900
6898,0.0001,1800
6899,0.0001,23640
6900,0.0001,1500
6901,0.0001,0
6902,0.0001,900
6903,0.0001,900
6904,0.0001,6000
6905,0.0001,900
6906,0.0001,4300
6907,0.0001,1600
6908,0.0001,900
6909,0.0001,800
6910,0.0001,0
6911,0.0001,0
6912,0.0001,1400
6913,0.0001,900
6914,0.0001,400
6915,0.0001,3540
6916,0.0001,0
6917,0.0001,9120
6918,0.0001,1200
6919,0.0001,0
6920,0.0001,2700
6921,0.0001,0
6922,0.0001,0
6923,0.0001,1200
6924,0.0001,900
6925,0.0001,0
6926,0.0001,400
6927,0.0001,900
6928,0.0001,900
6929,0.0001,0
6930,0.0001,900
6931,0.0001,1200
6932,0.0001,300
6933,0.0001,0
6934,0.0001,600
6935,0.0001,700
6936,0.0001,0
6937,0.0001,0
6938,0.0001,0
6939,0.0001,1500
6940,0.0001,900
6941,0.0001,0
6942,0.0001,400
6943,0.0001,0
6944,0.0001,0
6945,0.0001,900
6946,0.0001,1800
6947,0.0001,0
6948,0.0001,0
6949,0.0001,900
6950,0.0001,900
6951,0.0001,0
6952,0.0001,1500
6953,0.0001,0
6954,0.0001,400
6955,0.0001,0
6956,0.0001,15750
6957,0.0001,0
6958,0.0001,6960
6959,0.0001,2100
6960,0.0001,0
6961,0.0001,34400
6962,0.0001,900
6963,0.0001,6300
6964,0.0001,900
6965,0.0001,0
6966,0.0001,1500
6967,0.0001,1200
6968,0.0001,7080
6969,0.0001,1500
6970,0.0001,300
6971,0.0001,1500
6972,0.0001,1200
6973,0.0001,0
6974,0.0001,0
6975,0.0001,7180
6976,0.0001,6930
6977,0.0001,0
6978,0.0001,300
6979,0.0001,300
6980,0.0001,9090
6981,0.0001,0
6982,0.0001,0
6983,0.0001,3600
6984,0.0001,1200
6985,0.0001,2700
6986,0.0001,6980
6987,0.0001,400
6988,0.0001,300
6989,0.0001,900
6990,0.0001,0
6991,0.0001,3900
6992,0.0001,1200
6993,0.0001,800
6994,0.0001,1620
6995,0.0001,1200
6996,0.0001,300
6997,0.0001,0
6998,0.0001,400
6999,0.0001,0
7000,0.0001,0
7001,0.0001,0
7002,0.0001,0
7003,0.0001,1900
7004,0.0001,0
7005,0.0001,300
7006,0.0001,6930
7007,0.0001,400
7008,0.0001,400
7009,0.0001,1200
7010,0.0001,1440
7011,0.0001,0
7012,0.0001,0
7013,0.0001,700
7014,0.0001,5700
7015,0.0001,4050
7016,0.0001,0
7017,0.0001,7180
7018,0.0001,900
7019,0.0001,0
7020,0.0001,0
7021,0.0001,0
7022,0.0001,900
7023,0.0001,150
7024,0.0001,1500
7025,0.0001,0
7026,0.0001,740
7027,0.0001,1800
7028,0.0001,0
7029,0.0001,9000
7030,0.0001,0
7031,0.0001,300
7032,0.0001,300
7033,0.0001,300
7034,0.0001,0
7035,0.0001,0
7036,0.0001,300
7037,0.0001,0
7038,0.0001,900
7039,0.0001,1500
7040,0.0001,1500
7041,0.0001,2100
7042,0.0001,0
7043,0.0001,0
7044,0.0001,0
7045,0.0001,7060
7046,0.0001,3000
7047,0.0001,0
7048,0.0001,0
7049,0.0001,1500
7050,0.0001,0
7051,0.0001,800
7052,0.0001,0
7053,0.0001,400
7054,0.0001,800
7055,0.0001,900
7056,0.0001,2250
7057,0.0001,900
7058,0.0001,300
7059,0.0001,600
7060,0.0001,900
7061,0.0001,900
7062,0.0001,0
7063,0.0001,0
7064,0.0001,900
7065,0.0001,1540
7066,0.0001,300
7067,0.0001,300
7068,0.0001,300
7069,0.0001,300
7070,0.0001,300
7071,0.0001,0
7072,0.0001,0
7073,0.0001,700
7074,0.0001,900
7075,0.0001,0
7076,0.0001,20640
7077,0.0001,2100
7078,0.0001,1800
7079,0.0001,1200
7080,0.0001,0
7081,0.0001,1500
7082,0.0001,400
7083,0.0001,900
7084,0.0001,300
7085,0.0001,0
7086,0.0001,0
7087,0.0001,790
7088,0.0001,1500
7089,0.0001,2040
7090,0.0001,2250
7091,0.0001,1200
7092,0.0001,0
7093,0.0001,900
7094,0.0001,900
7095,0.0001,1200
7096,0.0001,550
7097,0.0001,0
7098,0.0001,20940
7099,0.0001,300
7100,0.0001,450
7101,0.0001,20880
7102,0.0001,0
7103,0.0001,0
7104,0.0001,0
7105,0.0001,900
7106,0.0001,900
7107,0.0001,300
7108,0.0001,500
7109,0.0001,1200
7110,0.0001,600
7111,0.0001,0
7112,0.0001,0
7113,0.0001,0
7114,0.0001,1500
7115,0.0001,0
7116,0.0001,0
7117,0.0001,6830
7118,0.0001,0
7119,0.0001,0
7120,0.0001,2800
7121,0.0001,0
7122,0.0001,0
7123,0.0001,0
7124,0.0001,0
7125,0.0001,990
7126,0.0001,0
7127,0.0001,640
7128,0.0001,600
7129,0.0001,0
7130,0.0001,300
7131,0.0001,900
7132,0.0001,400
7133,0.0001,0
7134,0.0001,2100
7135,0.0001,900
7136,0.0001,1200
7137,0.0001,2100
7138,0.0001,1500
7139,0.0001,5400
7140,0.0001,7480
7141,0.0001,0
7142,0.0001,600
7143,0.0001,300
7144,0.0001,0
7145,0.0001,0
7146,0.0001,900
7147,0.0001,900
7148,0.0001,0
7149,0.0001,0
7150,0.0001,0
7151,0.0001,0
7152,0.0001,500
7153,0.0001,900
7154,0.0001,0
7155,0.0001,34300
7156,0.0001,0
7157,0.0001,1200
7158,0.0001,0
7159,0.0001,2000
7160,0.0001,900
7161,0.0001,0
7162,0.0001,0
7163,0.0001,0
7164,0.0001,2100
7165,0.0001,0
7166,0.0001,300
7167,0.0001,3000
7168,0.0001,400
7169,0.0001,900
7170,0.0001,700
7171,0.0001,1800
7172,0.0001,780
7173,0.0001,0
7174,0.0001,3000
7175,0.0001,790
7176,0.0001,1650
7177,0.0001,20340
7178,0.0001,0
7179,0.0001,0
7180,0.0001,0
7181,0.0001,400
7182,0.0001,0
7183,0.0001,1200
7184,0.0001,0
7185,0.0001,0
7186,0.0001,0
7187,0.0001,900
7188,0.0001,540
7189,0.0001,0
7190,0.0001,7980
7191,0.0001,1500
7192,0.0001,900
7193,0.0001,2000
7194,0.0001,300
7195,0.0001,6000
7196,0.0001,7080
7197,0.0001,0
7198,0.0001,0
7199,0.0001,0
7200,0.0001,700
7201,0.0001,300
7202,0.0001,1200
7203,0.0001,300
7204,0.0001,900
7205,0.0001,600
7206,0.0001,300
7207,0.0001,9900
7208,0.0001,2100
7209,0.0001,900
7210,0.0001,1200
7211,0.0001,1920
7212,0.0001,0
7213,0.0001,1650
7214,0.0001,0
7215,0.0001,400
7216,0.0001,0
7217,0.0001,34400
7218,0.0001,900
7219,0.0001,2000
7220,0.0001,300
7221,0.0001,900
7222,0.0001,900
7223,0.0001,0
7224,0.0001,900
7225,0.0001,0
7226,0.0001,0
7227,0.0001,0
7228,0.0001,3000
7229,0.0001,0
7230,0.0001,0
7231,0.0001,0
7232,0.0001,600
7233,0.0001,0
7234,0.0001,0
7235,0.0001,700
7236,0.0001,0
7237,0.0001,0
7238,0.0001,900
7239,0.0001,0
7240,0.0001,900
7241,0.0001,2100
7242,0.0001,0
7243,0.0001,900
7244,0.0001,9000
7245,0.0001,0
7246,0.0001,1200
7247,0.0001,0
7248,0.0001,300
7249,0.0001,9000
7250,0.0001,900
7251,0.0001,900
7252,0.0001,900
7253,0.0001,0
7254,0.0001,0
7255,0.0001,0
7256,0.0001,940
7257,0.0001,300
7258,0.0001,0
7259,0.0001,0
7260,0.0001,0
7261,0.0001,0
7262,0.0001,0
7263,0.0001,300
7264,0.0001,1500
7265,0.0001,940
7266,0.0001,0
7267,0.0001,700
7268,0.0001,4600
7269,0.0001,0
7270,0.0001,300
7271,0.0001,400
7272,0.0001,1200
7273,0.0001,0
7274,0.0001,0
7275,0.0001,0
7276,0.0001,0
7277,0.0001,0
7278,0.0001,900
7279,0.0001,0
7280,0.0001,0
7281,0.0001,0
7282,0.0001,900
7283,0.0001,0
7284,0.0001,7060
7285,0.0001,400
7286,0.0001,700
7287,0.0001,300
7288,0.0001,940
7289,0.0001,0
7290,0.0001,0
7291,0.0001,300
7292,0.0001,1200
7293,0.0001,0
7294,0.0001,0
7295,0.0001,1350
7296,0.0001,800
7297,0.0001,300
7298,0.0001,0
7299,0.0001,400
7300,0.0001,900
7301,0.0001,0
7302,0.0001,900
7303,0.0001,0
7304,0.0001,4500
7305,0.0001,0
7306,0.0001,0
7307,0.0001,0
7308,0.0001,900
7309,0.0001,0
7310,0.0001,1200
7311,0.0001,1920
7312,0.0001,300
7313,0.0001,900
7314,0.0001,900
7315,0.0001,500
7316,0.0001,500
7317,0.0001,400
7318,0.0001,7260
7319,0.0001,0
7320,0.0001,1800
7321,0.0001,0
7322,0.0001,10620
7323,0.0001,0
7324,0.0001,0
7325,0.0001,300
7326,0.0001,700
7327,0.0001,0
7328,0.0001,0
7329,0.0001,0
7330,0.0001,400
7331,0.0001,2100
7332,0.0001,1800
7333,0.0001,300
7334,0.0001,2100
7335,0.0001,0
7336,0.0001,900
7337,0.0001,300
7338,0.0001,0
7339,0.0001,0
7340,0.0001,300
7341,0.0001,1800
7342,0.0001,0
7343,0.0001,0
7344,0.0001,1800
7345,0.0001,800
7346,0.0001,900
7347,0.0001,3300
7348,0.0001,0
7349,0.0001,0
7350,0.0001,0
7351,0.0001,0
7352,0.0001,300
7353,0.0001,300
7354,0.0001,0
7355,0.0001,900
7356,0.0001,300
7357,0.0001,1500
7358,0.0001,900
7359,0.0001,1200
7360,0.0001,1800
7361,0.0001,0
7362,0.0001,900
7363,0.0001,300
7364,0.0001,20640
7365,0.0001,1500
7366,0.0001,900
7367,0.0001,300
7368,0.0001,6930
7369,0.0001,700
7370,0.0001,1900
7371,0.0001,0
7372,0.0001,690
7373,0.0001,900
7374,0.0001,400
7375,0.0001,7480
7376,0.0001,0
7377,0.0001,0
7378,0.0001,700
7379,0.0001,0
7380,0.0001,1800
7381,0.0001,300
7382,0.0001,5400
7383,0.0001,400
7384,0.0001,0
7385,0.0001,600
7386,0.0001,20940
7387,0.0001,20940
7388,0.0001,900
7389,0.0001,1600
7390,0.0001,1650
7391,0.0001,300
7392,0.0001,300
7393,0.0001,1200
7394,0.0001,6980
7395,0.0001,3700
7396,0.0001,0
7397,0.0001,0
7398,0.0001,300
7399,0.0001,1800
7400,0.0001,0
7401,0.0001,500
7402,0.0001,0
7403,0.0001,1500
7404,0.0001,900
7405,0.0001,1350
7406,0.0001,0
7407,0.0001,0
7408,0.0001,900
7409,0.0001,300
7410,0.0001,400
7411,0.0001,1650
7412,0.0001,1200
7413,0.0001,1950
7414,0.0001,500
7415,0.0001,3500
7416,0.0001,0
7417,0.0001,900
7418,0.0001,0
7419,0.0001,400
7420,0.0001,0
7421,0.0001,550
7422,0.0001,0
7423,0.0001,900
7424,0.0001,2520
7425,0.0001,0
7426,0.0001,0
7427,0.0001,3870
7428,0.0001,0
7429,0.0001,1500
7430,0.0001,0
7431,0.0001,1800
7432,0.0001,550
7433,0.0001,0
7434,0.0001,0
7435,0.0001,0
7436,0.0001,500
7437,0.0001,1200
7438,0.0001,6880
7439,0.0001,2100
7440,0.0001,0
7441,0.0001,0
7442,0.0001,5220
7443,0.0001,400
7444,0.0001,0
7445,0.0001,3700
7446,0.0001,1500
7447,0.0001,0
7448,0.0001,2100
7449,0.0001,0
7450,0.0001,300
7451,0.0001,0
7452,0.0001,240
7453,0.0001,1200
7454,0.0001,1200
7455,0.0001,1200
7456,0.0001,750
7457,0.0001,0
7458,0.0001,1200
7459,0.0001,300
7460,0.0001,2700
7461,0.0001,6930
7462,0.0001,600
7463,0.0001,900
7464,0.0001,20940
7465,0.0001,9640
7466,0.0001,1500
7467,0.0001,300
7468,0.0001,900
7469,0.0001,300
7470,0.0001,1200
7471,0.0001,6980
7472,0.0001,0
7473,0.0001,1200
7474,0.0001,600
7475,0.0001,900
7476,0.0001,1800
7477,0.0001,400
7478,0.0001,300
7479,0.0001,2520
7480,0.0001,20940
7481,0.0001,0
7482,0.0001,0
7483,0.0001,900
7484,0.0001,2000
7485,0.0001,3300
7486,0.0001,9000
7487,0.0001,12600
7488,0.0001,20940
7489,0.0001,1200
7490,0.0001,0
7491,0.0001,300
7492,0.0001,0
7493,0.0001,0
7494,0.0001,0
7495,0.0001,1500
7496,0.0001,300
7497,0.0001,900
7498,0.0001,0
7499,0.0001,3000
7500,0.0001,0
7501,0.0001,900
7502,0.0001,1200
7503,0.0001,540
7504,0.0001,0
7505,0.0001,300
7506,0.0001,20940
7507,0.0001,0
7508,0.0001,900
7509,0.0001,600
7510,0.0001,0
7511,0.0001,900
7512,0.0001,900
7513,0.0001,700
7514,0.0001,300
7515,0.0001,900
7516,0.0001,2100
7517,0.0001,0
7518,0.0001,1920
7519,0.0001,0
7520,0.0001,400
7521,0.0001,800
7522,0.0001,0
7523,0.0001,0
7524,0.0001,900
7525,0.0001,900
7526,0.0001,400
7527,0.0001,900
7528,0.0001,1500
7529,0.0001,2250
7530,0.0001,300
7531,0.0001,0
7532,0.0001,2100
7533,0.0001,1600
7534,0.0001,0
7535,0.0001,0
7536,0.0001,0
7537,0.0001,540
7538,0.0001,7280
7539,0.0001,300
7540,0.0001,400
7541,0.0001,0
7542,0.0001,0
7543,0.0001,0
7544,0.0001,0
7545,0.0001,20340
7546,0.0001,0
7547,0.0001,0
7548,0.0001,0
7549,0.0001,400
7550,0.0001,900
7551,0.0001,2250
7552,0.0001,1200
7553,0.0001,1500
7554,0.0001,0
7555,0.0001,500
7556,0.0001,1600
7557,0.0001,0
7558,0.0001,900
7559,0.0001,900
7560,0.0001,300
7561,0.0001,300
7562,0.0001,0
7563,0.0001,3000
7564,0.0001,0
7565,0.0001,35400
7566,0.0001,900
7567,0.0001,900
7568,0.0001,0
7569,0.0001,990
7570,0.0001,0
7571,0.0001,0
7572,0.0001,3500
7573,0.0001,0
7574,0.0001,0
7575,0.0001,0
7576,0.0001,700
7577,0.0001,4300
7578,0.0001,690
7579,0.0001,900
7580,0.0001,0
7581,0.0001,0
7582,0.0001,900
7583,0.0001,0
7584,0.0001,0
7585,0.0001,300
7586,0.0001,0
7587,0.0001,0
7588,0.0001,0
7589,0.0001,1500
7590,0.0001,6880
7591,0.0001,400
7592,0.0001,300
7593,0.0001,0
7594,0.0001,2000
7595,0.0001,300
7596,0.0001,20940
7597,0.0001,2000
7598,0.0001,900
7599,0.0001,300
7600,0.0001,400
7601,0.0001,0
7602,0.0001,1200
7603,0.0001,300
7604,0.0001,720
7605,0.0001,300
7606,0.0001,300
7607,0.0001,4800
7608,0.0001,0
7609,0.0001,1500
7610,0.0001,1500
7611,0.0001,900
7612,0.0001,2000
7613,0.0001,1800
7614,0.0001,3700
7615,0.0001,1500
7616,0.0001,300
7617,0.0001,1500
7618,0.0001,400
7619,0.0001,1200
7620,0.0001,2250
7621,0.0001,300
7622,0.0001,7380
7623,0.0001,400
7624,0.0001,0
7625,0.0001,300
7626,0.0001,400
7627,0.0001,15000
7628,0.0001,900
7629,0.0001,800
7630,0.0001,900
7631,0.0001,700
7632,0.0001,800
7633,0.0001,300
7634,0.0001,2100
7635,0.0001,400
7636,0.0001,900
7637,0.0001,600
7638,0.0001,22140
7639,0.0001,900
7640,0.0001,1200
7641,0.0001,940
7642,0.0001,2000
7643,0.0001,22140
7644,0.0001,300
7645,0.0001,1500
7646,0.0001,1800
7647,0.0001,1170
7648,0.0001,400
7649,0.0001,10350
7650,0.0001,900
7651,0.0001,1200
7652,0.0001,0
7653,0.0001,0
7654,0.0001,0
7655,0.0001,36400
7656,0.0001,0
7657,0.0001,1620
7658,0.0001,900
7659,0.0001,0
7660,0.0001,7030
7661,0.0001,0
7662,0.0001,700
7663,0.0001,1200
7664,0.0001,900
7665,0.0001,800
7666,0.0001,900
7667,0.0001,0
7668,0.0001,300
7669,0.0001,0
7670,0.0001,990
7671,0.0001,1500
7672,0.0001,0
7673,0.0001,900
7674,0.0001,0
7675,0.0001,0
7676,0.0001,0
7677,0.0001,1500
7678,0.0001,0
7679,0.0001,0
7680,0.0001,1200
7681,0.0001,0
7682,0.0001,400
7683,0.0001,7030
7684,0.0001,0
7685,0.0001,0
7686,0.0001,0
7687,0.0001,2100
7688,0.0001,3600
7689,0.0001,10350
7690,0.0001,400
7691,0.0001,0
7692,0.0001,300
7693,0.0001,0
7694,0.0001,900
7695,0.0001,23640
7696,0.0001,0
7697,0.0001,800
7698,0.0001,0
7699,0.0001,940
7700,0.0001,1500
7701,0.0001,900
7702,0.0001,1200
7703,0.0001,0
7704,0.0001,0
7705,0.0001,0
7706,0.0001,0
7707,0.0001,900
7708,0.0001,1200
7709,0.0001,0
7710,0.0001,0
7711,0.0001,0
7712,0.0001,300
7713,0.0001,0
7714,0.0001,0
7715,0.0001,600
7716,0.0001,1920
7717,0.0001,400
7718,0.0001,0
7719,0.0001,300
7720,0.0001,0
7721,0.0001,840
7722,0.0001,900
7723,0.0001,3900
7724,0.0001,400
7725,0.0001,300
7726,0.0001,0
7727,0.0001,0
7728,0.0001,0
7729,0.0001,1200
7730,0.0001,900
7731,0.0001,600
7732,0.0001,0
7733,0.0001,0
7734,0.0001,0
7735,0.0001,0
7736,0.0001,800
7737,0.0001,20940
7738,0.0001,300
7739,0.0001,0
7740,0.0001,540
7741,0.0001,0
7742,0.0001,300
7743,0.0001,400
7744,0.0001,0
7745,0.0001,900
7746,0.0001,0
7747,0.0001,0
7748,0.0001,0
7749,0.0001,0
7750,0.0001,500
7751,0.0001,1200
7752,0.0001,450
7753,0.0001,400
7754,0.0001,750
7755,0.0001,900
7756,0.0001,0
7757,0.0001,1500
7758,0.0001,1500
7759,0.0001,0
7760,0.0001,0
7761,0.0001,1500
7762,0.0001,0
7763,0.0001,0
7764,0.0001,0
7765,0.0001,900
7766,0.0001,0
7767,0.0001,900
7768,0.0001,0
7769,0.0001,640
7770,0.0001,900
7771,0.0001,2250
7772,0.0001,0
7773,0.0001,0
7774,0.0001,2000
7775,0.0001,0
7776,0.0001,9220
7777,0.0001,0
7778,0.0001,600
7779,0.0001,0
7780,0.0001,900
7781,0.0001,0
7782,0.0001,3600
7783,0.0001,400
7784,0.0001,0
7785,0.0001,900
7786,0.0001,300
7787,0.0001,3700
7788,0.0001,1200
7789,0.0001,0
7790,0.0001,1500
7791,0.0001,0
7792,0.0001,0
7793,0.0001,7080
7794,0.0001,1200
7795,0.0001,0
7796,0.0001,0
7797,0.0001,0
7798,0.0001,20940
7799,0.0001,400
7800,0.0001,900
7801,0.0001,0
7802,0.0001,0
7803,0.0001,800
7804,0.0001,2100
7805,0.0001,0
7806,0.0001,600
7807,0.0001,900
7808,0.0001,0
7809,0.0001,0
7810,0.0001,27420
7811,0.0001,300
7812,0.0001,0
7813,0.0001,900
7814,0.0001,300
7815,0.0001,300
7816,0.0001,0
7817,0.0001,900
7818,0.0001,300
7819,0.0001,500
7820,0.0001,0
7821,0.0001,750
7822,0.0001,0
7823,0.0001,6000
7824,0.0001,0
7825,0.0001,400
7826,0.0001,900
7827,0.0001,5400
7828,0.0001,900
7829,0.0001,400
7830,0.0001,900
7831,0.0001,450
7832,0.0001,1500
7833,0.0001,900
7834,0.0001,900
7835,0.0001,400
7836,0.0001,2700
7837,0.0001,0
7838,0.0001,0
7839,0.0001,9140
7840,0.0001,400
7841,0.0001,0
7842,0.0001,300
7843,0.0001,0
7844,0.0001,300
7845,0.0001,0
7846,0.0001,0
7847,0.0001,0
7848,0.0001,0
7849,0.0001,300
7850,0.0001,0
7851,0.0001,800
7852,0.0001,0
7853,0.0001,800
7854,0.0001,300
7855,0.0001,0
7856,0.0001,0
7857,0.0001,1800
7858,0.0001,2100
7859,0.0001,900
7860,0.0001,0
7861,0.0001,300
7862,0.0001,0
7863,0.0001,0
7864,0.0001,900
7865,0.0001,300
7866,0.0001,0
7867,0.0001,0
7868,0.0001,0
7869,0.0001,300
7870,0.0001,1500
7871,0.0001,0
7872,0.0001,1200
7873,0.0001,0
7874,0.0001,0
7875,0.0001,1500
7876,0.0001,1500
7877,0.0001,400
7878,0.0001,500
7879,0.0001,0
7880,0.0001,0
7881,0.0001,0
7882,0.0001,1620
7883,0.0001,1500
7884,0.0001,0
7885,0.0001,750
7886,0.0001,1200
7887,0.0001,6980
7888,0.0001,7360
7889,0.0001,3300
7890,0.0001,0
7891,0.0001,14400
7892,0.0001,9640
7893,0.0001,1620
7894,0.0001,6930
7895,0.0001,1200
7896,0.0001,1500
7897,0.0001,6980
7898,0.0001,0
7899,0.0001,0
7900,0.0001,0
7901,0.0001,0
7902,0.0001,0
7903,0.0001,0
7904,0.0001,650
7905,0.0001,1200
7906,0.0001,900
7907,0.0001,900
7908,0.0001,940
7909,0.0001,550
7910,0.0001,2100
7911,0.0001,2520
7912,0.0001,0
7913,0.0001,1500
7914,0.0001,0
7915,0.0001,0
7916,0.0001,300
7917,0.0001,1500
7918,0.0001,300
7919,0.0001,0
7920,0.0001,1200
7921,0.0001,700
7922,0.0001,900
7923,0.0001,400
7924,0.0001,0
7925,0.0001,1800
7926,0.0001,0
7927,0.0001,0
7928,0.0001,1200
7929,0.0001,0
7930,0.0001,0
7931,0.0001,900
7932,0.0001,900
7933,0.0001,0
7934,0.0001,1500
7935,0.0001,600
7936,0.0001,400
7937,0.0001,900
7938,0.0001,540
7939,0.0001,0
7940,0.0001,0
7941,0.0001,0
7942,0.0001,9900
7943,0.0001,0
7944,0.0001,300
7945,0.0001,600
7946,0.0001,0
7947,0.0001,800
7948,0.0001,4500
7949,0.0001,300
7950,0.0001,1500
7951,0.0001,300
7952,0.0001,2700
7953,0.0001,0
7954,0.0001,300
7955,0.0001,1500
7956,0.0001,0
7957,0.0001,400
7958,0.0001,900
7959,0.0001,300
7960,0.0001,3000
7961,0.0001,2000
7962,0.0001,400
7963,0.0001,0
7964,0.0001,300
7965,0.0001,7460
7966,0.0001,720
7967,0.0001,0
7968,0.0001,0
7969,0.0001,0
7970,0.0001,0
7971,0.0001,0
7972,0.0001,2000
7973,0.0001,900
7974,0.0001,0
7975,0.0001,0
7976,0.0001,2200
7977,0.0001,1350
7978,0.0001,1200
7979,0.0001,0
7980,0.0001,1350
7981,0.0001,1350
7982,0.0001,0
7983,0.0001,400
7984,0.0001,0
7985,0.0001,0
7986,0.0001,0
7987,0.0001,1200
7988,0.0001,33900
7989,0.0001,1300
7990,0.0001,0
7991,0.0001,750
7992,0.0001,0
7993,0.0001,0
7994,0.0001,0
7995,0.0001,0
7996,0.0001,1200
7997,0.0001,4500
7998,0.0001,0
7999,0.0001,2200
8000,0.0001,400
8001,0.0001,1800
8002,0.0001,900
8003,0.0001,0
8004,0.0001,2000
8005,0.0001,300
8006,0.0001,900
8007,0.0001,0
8008,0.0001,7060
8009,0.0001,1500
8010,0.0001,10800
8011,0.0001,300
8012,0.0001,1500
8013,0.0001,0
8014,0.0001,0
8015,0.0001,400
8016,0.0001,900
8017,0.0001,1200
8018,0.0001,1500
8019,0.0001,0
8020,0.0001,550
8021,0.0001,900
8022,0.0001,900
8023,0.0001,2100
8024,0.0001,900
8025,0.0001,900
8026,0.0001,0
8027,0.0001,400
8028,0.0001,900
8029,0.0001,0
8030,0.0001,300
8031,0.0001,900
8032,0.0001,12600
8033,0.0001,0
8034,0.0001,0
8035,0.0001,900
8036,0.0001,4500
8037,0.0001,900
8038,0.0001,1500
8039,0.0001,300
8040,0.0001,500
8041,0.0001,300
8042,0.0001,2940
8043,0.0001,0
8044,0.0001,900
8045,0.0001,1800
8046,0.0001,6980
8047,0.0001,600
8048,0.0001,20940
8049,0.0001,1500
8050,0.0001,2100
8051,0.0001,300
8052,0.0001,300
8053,0.0001,600
8054,0.0001,0
8055,0.0001,900
8056,0.0001,900
8057,0.0001,900
8058,0.0001,400
8059,0.0001,900
8060,0.0001,400
8061,0.0001,900
8062,0.0001,500
8063,0.0001,0
8064,0.0001,600
8065,0.0001,0
8066,0.0001,1500
8067,0.0001,900
8068,0.0001,0
8069,0.0001,300
8070,0.0001,300
8071,0.0001,700
8072,0.0001,1500
8073,0.0001,6980
8074,0.0001,0
8075,0.0001,0
8076,0.0001,500
8077,0.0001,0
8078,0.0001,1350
8079,0.0001,0
8080,0.0001,900
8081,0.0001,1800
8082,0.0001,300
8083,0.0001,300
8084,0.0001,0
8085,0.0001,0
8086,0.0001,600
8087,0.0001,3450
8088,0.0001,20490
8089,0.0001,700
8090,0.0001,0
8091,0.0001,20880
8092,0.0001,0
8093,0.0001,0
8094,0.0001,300
8095,0.0001,0
8096,0.0001,800
8097,0.0001,600
8098,0.0001,27420
8099,0.0001,900
8100,0.0001,0
8101,0.0001,300
8102,0.0001,0
8103,0.0001,2250
8104,0.0001,0
8105,0.0001,900
8106,0.0001,2600
8107,0.0001,900
8108,0.0001,900
8109,0.0001,0
8110,0.0001,0
8111,0.0001,3700
8112,0.0001,600
8113,0.0001,900
8114,0.0001,640
8115,0.0001,400
8116,0.0001,0
8117,0.0001,400
8118,0.0001,1400
8119,0.0001,0
8120,0.0001,900
8121,0.0001,400
8122,0.0001,700
8123,0.0001,0
8124,0.0001,6980
8125,0.0001,900
8126,0.0001,0
8127,0.0001,2000
8128,0.0001,7030
8129,0.0001,1500
8130,0.0001,650
8131,0.0001,0
8132,0.0001,0
8133,0.0001,700
8134,0.0001,0
8135,0.0001,3840
8136,0.0001,700
8137,0.0001,20940
8138,0.0001,700
8139,0.0001,20790
8140,0.0001,0
8141,0.0001,0
8142,0.0001,300
8143,0.0001,900
8144,0.0001,300
8145,0.0001,0
8146,0.0001,550
8147,0.0001,0
8148,0.0001,600
8149,0.0001,0
8150,0.0001,300
8151,0.0001,0
8152,0.0001,0
8153,0.0001,0
8154,0.0001,3300
8155,0.0001,600
8156,0.0001,7030
8157,0.0001,0
8158,0.0001,0
8159,0.0001,0
8160,0.0001,0
8161,0.0001,1500
8162,0.0001,0
8163,0.0001,540
8164,0.0001,0
8165,0.0001,0
8166,0.0001,400
8167,0.0001,300
8168,0.0001,900
8169,0.0001,1500
8170,0.0001,0
8171,0.0001,2100
8172,0.0001,0
8173,0.0001,0
8174,0.0001,0
8175,0.0001,300
8176,0.0001,1620
8177,0.0001,1650
8178,0.0001,900
8179,0.0001,0
8180,0.0001,34300
8181,0.0001,2100
8182,0.0001,600
8183,0.0001,0
8184,0.0001,0
8185,0.0001,2250
8186,0.0001,900
8187,0.0001,1200
8188,0.0001,0
8189,0.0001,0
8190,0.0001,0
8191,0.0001,450
8192,0.0001,0
8193,0.0001,300
8194,0.0001,0
8195,0.0001,0
8196,0.0001,700
8197,0.0001,1500
8198,0.0001,650
8199,0.0001,500
8200,0.0001,6980
8201,0.0001,0
8202,0.0001,500
8203,0.0001,0
8204,0.0001,600
8205,0.0001,0
8206,0.0001,7430
8207,0.0001,0
8208,0.0001,900
8209,0.0001,0
8210,0.0001,900
8211,0.0001,0
8212,0.0001,0
8213,0.0001,900
8214,0.0001,1350
8215,0.0001,0
8216,0.0001,300
8217,0.0001,600
8218,0.0001,790
8219,0.0001,300
8220,0.0001,1500
8221,0.0001,700
8222,0.0001,900
8223,0.0001,0
8224,0.0001,0
8225,0.0001,20880
8226,0.0001,0
8227,0.0001,1600
8228,0.0001,7180
8229,0.0001,1500
8230,0.0001,900
8231,0.0001,0
8232,0.0001,23640
8233,0.0001,0
8234,0.0001,1620
8235,0.0001,1500
8236,0.0001,850
8237,0.0001,2000
8238,0.0001,0
8239,0.0001,0
8240,0.0001,0
8241,0.0001,900
8242,0.0001,6300
8243,0.0001,0
8244,0.0001,300
8245,0.0001,0
8246,0.0001,0
8247,0.0001,2100
8248,0.0001,0
8249,0.0001,2250
8250,0.0001,640
8251,0.0001,240
8252,0.0001,0
8253,0.0001,1800
8254,0.0001,0
8255,0.0001,20880
8256,0.0001,0
8257,0.0001,300
8258,0.0001,0
8259,0.0001,1500
8260,0.0001,790
8261,0.0001,900
8262,0.0001,0
8263,0.0001,900
8264,0.0001,23640
8265,0.0001,900
8266,0.0001,0
8267,0.0001,600
8268,0.0001,1200
8269,0.0001,600
8270,0.0001,0
8271,0.0001,0
8272,0.0001,0
8273,0.0001,0
8274,0.0001,0
8275,0.0001,600
8276,0.0001,20340
8277,0.0001,0
8278,0.0001,1350
8279,0.0001,0
8280,0.0001,0
8281,0.0001,300
8282,0.0001,0
8283,0.0001,300
8284,0.0001,750
8285,0.0001,1200
8286,0.0001,400
8287,0.0001,700
8288,0.0001,47460
8289,0.0001,7030
8290,0.0001,2200
8291,0.0001,0
8292,0.0001,0
8293,0.0001,900
8294,0.0001,0
8295,0.0001,1200
8296,0.0001,1350
8297,0.0001,1200
8298,0.0001,0
8299,0.0001,1200
8300,0.0001,1620
8301,0.0001,400
8302,0.0001,300
8303,0.0001,900
8304,0.0001,0
8305,0.0001,9040
8306,0.0001,0
8307,0.0001,0
8308,0.0001,1950
8309,0.0001,34400
8310,0.0001,0
8311,0.0001,0
8312,0.0001,400
8313,0.0001,0
8314,0.0001,1920
8315,0.0001,900
8316,0.0001,1800
8317,0.0001,0
8318,0.0001,700
8319,0.0001,300
8320,0.0001,400
8321,0.0001,0
8322,0.0001,4500
8323,0.0001,0
8324,0.0001,4500
8325,0.0001,300
8326,0.0001,900
8327,0.0001,900
8328,0.0001,20940
8329,0.0001,6860
8330,0.0001,2250
8331,0.0001,300
8332,0.0001,300
8333,0.0001,1920
8334,0.0001,940
8335,0.0001,1500
8336,0.0001,20940
8337,0.0001,0
8338,0.0001,750
8339,0.0001,9190
8340,0.0001,0
8341,0.0001,0
8342,0.0001,0
8343,0.0001,0
8344,0.0001,2250
8345,0.0001,900
8346,0.0001,0
8347,0.0001,0
8348,0.0001,1500
8349,0.0001,0
8350,0.0001,540
8351,0.0001,0
8352,0.0001,300
8353,0.0001,840
8354,0.0001,0
8355,0.0001,900
8356,0.0001,700
8357,0.0001,1500
8358,0.0001,0
8359,0.0001,150
8360,0.0001,0
8361,0.0001,500
8362,0.0001,600
8363,0.0001,4500
8364,0.0001,900
8365,0.0001,0
8366,0.0001,2200
8367,0.0001,1500
8368,0.0001,0
8369,0.0001,0
8370,0.0001,900
8371,0.0001,300
8372,0.0001,0
8373,0.0001,800
8374,0.0001,0
8375,0.0001,900
8376,0.0001,1200
8377,0.0001,0
8378,0.0001,0
8379,0.0001,0
8380,0.0001,0
8381,0.0001,1500
8382,0.0001,1200
8383,0.0001,20940
8384,0.0001,1200
8385,0.0001,0
8386,0.0001,900
8387,0.0001,900
8388,0.0001,20640
8389,0.0001,0
8390,0.0001,0
8391,0.0001,900
8392,0.0001,0
8393,0.0001,2000
8394,0.0001,900
8395,0.0001,0
8396,0.0001,3400
8397,0.0001,0
8398,0.0001,800
8399,0.0001,0
8400,0.0001,400
8401,0.0001,9000
8402,0.0001,500
8403,0.0001,0
8404,0.0001,0
8405,0.0001,600
8406,0.0001,400
8407,0.0001,400
8408,0.0001,0
8409,0.0001,6930
8410,0.0001,900
8411,0.0001,400
8412,0.0001,900
8413,0.0001,900
8414,0.0001,500
8415,0.0001,500
8416,0.0001,9900
8417,0.0001,1500
8418,0.0001,1200
8419,0.0001,400
8420,0.0001,400
8421,0.0001,450
8422,0.0001,700
8423,0.0001,0
8424,0.0001,0
8425,0.0001,500
8426,0.0001,1500
8427,0.0001,300
8428,0.0001,20940
8429,0.0001,1500
8430,0.0001,900
8431,0.0001,300
8432,0.0001,300
8433,0.0001,3450
8434,0.0001,1500
8435,0.0001,900
8436,0.0001,720
8437,0.0001,7960
8438,0.0001,400
8439,0.0001,300
8440,0.0001,9120
8441,0.0001,0
8442,0.0001,400
8443,0.0001,0
8444,0.0001,300
8445,0.0001,500
8446,0.0001,400
8447,0.0001,1200
8448,0.0001,0
8449,0.0001,1200
8450,0.0001,300
8451,0.0001,400
8452,0.0001,3000
8453,0.0001,900
8454,0.0001,300
8455,0.0001,300
8456,0.0001,900
8457,0.0001,900
8458,0.0001,0
8459,0.0001,900
8460,0.0001,8180
8461,0.0001,0
8462,0.0001,550
8463,0.0001,1800
8464,0.0001,0
8465,0.0001,1500
8466,0.0001,300
8467,0.0001,2520
8468,0.0001,300
8469,0.0001,900
8470,0.0001,900
8471,0.0001,400
8472,0.0001,1200
8473,0.0001,600
8474,0.0001,0
8475,0.0001,6300
8476,0.0001,900
8477,0.0001,1500
8478,0.0001,0
8479,0.0001,2100
8480,0.0001,1200
8481,0.0001,3600
8482,0.0001,0
8483,0.0001,1500
8484,0.0001,0
8485,0.0001,0
8486,0.0001,940
8487,0.0001,0
8488,0.0001,0
8489,0.0001,300
8490,0.0001,300
8491,0.0001,0
8492,0.0001,0
8493,0.0001,1500
8494,0.0001,0
8495,0.0001,0
8496,0.0001,400
8497,0.0001,7060
8498,0.0001,0
8499,0.0001,0
8500,0.0001,0
8501,0.0001,0
8502,0.0001,1620
8503,0.0001,5700
8504,0.0001,1500
8505,0.0001,0
8506,0.0001,400
8507,0.0001,1650
8508,0.0001,10200
8509,0.0001,0
8510,0.0001,0
8511,0.0001,900
8512,0.0001,1500
8513,0.0001,0
8514,0.0001,6980
8515,0.0001,300
8516,0.0001,1920
8517,0.0001,300
8518,0.0001,0
8519,0.0001,700
8520,0.0001,1650
8521,0.0001,1350
8522,0.0001,1800
8523,0.0001,1500
8524,0.0001,6980
8525,0.0001,1500
8526,0.0001,6980
8527,0.0001,1860
8528,0.0001,0
8529,0.0001,300
8530,0.0001,550
8531,0.0001,0
8532,0.0001,850
8533,0.0001,0
8534,0.0001,900
8535,0.0001,300
8536,0.0001,0
8537,0.0001,300
8538,0.0001,0
8539,0.0001,900
8540,0.0001,3000
8541,0.0001,300
8542,0.0001,300
8543,0.0001,2000
8544,0.0001,0
8545,0.0001,300
8546,0.0001,0
8547,0.0001,0
8548,0.0001,0
8549,0.0001,0
8550,0.0001,500
8551,0.0001,600
8552,0.0001,0
8553,0.0001,1500
8554,0.0001,400
8555,0.0001,300
8556,0.0001,900
8557,0.0001,0
8558,0.0001,0
8559,0.0001,0
8560,0.0001,0
8561,0.0001,600
8562,0.0001,1800
8563,0.0001,0
8564,0.0001,0
8565,0.0001,6960
8566,0.0001,0
8567,0.0001,2400
8568,0.0001,500
8569,0.0001,1900
8570,0.0001,1800
8571,0.0001,900
8572,0.0001,900
8573,0.0001,0
8574,0.0001,900
8575,0.0001,0
8576,0.0001,0
8577,0.0001,0
8578,0.0001,0
8579,0.0001,0
8580,0.0001,0
8581,0.0001,10620
8582,0.0001,20940
8583,0.0001,0
8584,0.0001,7080
8585,0.0001,600
8586,0.0001,20790
8587,0.0001,0
8588,0.0001,0
8589,0.0001,0
8590,0.0001,1200
8591,0.0001,1200
8592,0.0001,0
8593,0.0001,0
8594,0.0001,900
8595,0.0001,0
8596,0.0001,1800
8597,0.0001,0
8598,0.0001,0
8599,0.0001,900
8600,0.0001,0
8601,0.0001,9900
8602,0.0001,400
8603,0.0001,300
8604,0.0001,500
8605,0.0001,300
8606,0.0001,600
8607,0.0001,0
8608,0.0001,300
8609,0.0001,550
8610,0.0001,1500
8611,0.0001,10800
8612,0.0001,4500
8613,0.0001,0
8614,0.0001,300
8615,0.0001,900
8616,0.0001,300
8617,0.0001,0
8618,0.0001,900
8619,0.0001,0
8620,0.0001,540
8621,0.0001,1200
8622,0.0001,900
8623,0.0001,600
8624,0.0001,900
8625,0.0001,2100
8626,0.0001,0
8627,0.0001,0
8628,0.0001,900
8629,0.0001,1200
8630,0.0001,3150
8631,0.0001,900
8632,0.0001,900
8633,0.0001,400
8634,0.0001,0
8635,0.0001,0
8636,0.0001,1500
8637,0.0001,300
8638,0.0001,900
8639,0.0001,900
8640,0.0001,300
8641,0.0001,300
8642,0.0001,700
8643,0.0001,690
8644,0.0001,1600
8645,0.0001,2000
8646,0.0001,400
8647,0.0001,3000
8648,0.0001,1800
8649,0.0001,400
8650,0.0001,400
8651,0.0001,900
8652,0.0001,0
8653,0.0001,0
8654,0.0001,300
8655,0.0001,20940
8656,0.0001,900
8657,0.0001,300
8658,0.0001,1500
8659,0.0001,7080
8660,0.0001,0
8661,0.0001,0
8662,0.0001,1200
8663,0.0001,900
8664,0.0001,300
8665,0.0001,0
8666,0.0001,400
8667,0.0001,1650
8668,0.0001,1200
8669,0.0001,300
8670,0.0001,1500
8671,0.0001,400
8672,0.0001,1200
8673,0.0001,7010
8674,0.0001,300
8675,0.0001,0
8676,0.0001,900
8677,0.0001,0
8678,0.0001,0
8679,0.0001,0
8680,0.0001,1500
8681,0.0001,900
8682,0.0001,300
8683,0.0001,600
8684,0.0001,400
8685,0.0001,400
8686,0.0001,4440
8687,0.0001,400
8688,0.0001,700
8689,0.0001,1200
8690,0.0001,0
8691,0.0001,300
8692,0.0001,900
8693,0.0001,34400
8694,0.0001,0
8695,0.0001,400
8696,0.0001,900
8697,0.0001,0
8698,0.0001,900
8699,0.0001,2520
8700,0.0001,900
8701,0.0001,900
8702,0.0001,0
8703,0.0001,0
8704,0.0001,3900
8705,0.0001,9240
8706,0.0001,0
8707,0.0001,0
8708,0.0001,300
8709,0.0001,750
8710,0.0001,300
8711,0.0001,700
8712,0.0001,300
8713,0.0001,0
8714,0.0001,1200
8715,0.0001,0
8716,0.0001,0
8717,0.0001,2100
8718,0.0001,1500
8719,0.0001,300
8720,0.0001,0
8721,0.0001,0
8722,0.0001,7080
8723,0.0001,0
8724,0.0001,0
8725,0.0001,20940
8726,0.0001,700
8727,0.0001,0
8728,0.0001,400
8729,0.0001,0
8730,0.0001,900
8731,0.0001,700
8732,0.0001,400
8733,0.0001,0
8734,0.0001,1620
8735,0.0001,0
8736,0.0001,4320
8737,0.0001,27420
8738,0.0001,500
8739,0.0001,300
8740,0.0001,900
8741,0.0001,900
8742,0.0001,0
8743,0.0001,600
8744,0.0001,940
8745,0.0001,300
8746,0.0001,0
8747,0.0001,0
8748,0.0001,300
8749,0.0001,0
8750,0.0001,600
8751,0.0001,2000
8752,0.0001,0
8753,0.0001,1500
8754,0.0001,0
8755,0.0001,0
8756,0.0001,2000
8757,0.0001,0
8758,0.0001,3600
8759,0.0001,11400
8760,0.0001,500
8761,0.0001,0
8762,0.0001,2520
8763,0.0001,9140
8764,0.0001,2100
8765,0.0001,0
8766,0.0001,0
8767,0.0001,20940
8768,0.0001,1800
8769,0.0001,6000
8770,0.0001,0
8771,0.0001,0
8772,0.0001,0
8773,0.0001,0
8774,0.0001,150
8775,0.0001,3700
8776,0.0001,1500
8777,0.0001,0
8778,0.0001,6980
8779,0.0001,0
8780,0.0001,0
8781,0.0001,0
8782,0.0001,540
8783,0.0001,0
8784,0.0001,2100
8785,0.0001,0
8786,0.0001,600
8787,0.0001,900
8788,0.0001,0
8789,0.0001,0
8790,0.0001,0
8791,0.0001,4500
8792,0.0001,300
8793,0.0001,0
8794,0.0001,300
8795,0.0001,2100
8796,0.0001,0
8797,0.0001,800
8798,0.0001,27420
8799,0.0001,0
8800,0.0001,900
8801,0.0001,400
8802,0.0001,400
8803,0.0001,0
8804,0.0001,900
8805,0.0001,400
8806,0.0001,0
8807,0.0001,0
8808,0.0001,15750
8809,0.0001,38900
8810,0.0001,400
8811,0.0001,700
8812,0.0001,10200
8813,0.0001,0
8814,0.0001,1200
8815,0.0001,1800
8816,0.0001,600
8817,0.0001,700
8818,0.0001,0
8819,0.0001,1500
8820,0.0001,6980
8821,0.0001,0
8822,0.0001,300
8823,0.0001,1500
8824,0.0001,400
8825,0.0001,900
8826,0.0001,1500
8827,0.0001,400
8828,0.0001,400
8829,0.0001,400
8830,0.0001,900
8831,0.0001,0
8832,0.0001,0
8833,0.0001,900
8834,0.0001,800
8835,0.0001,300
8836,0.0001,0
8837,0.0001,20940
8838,0.0001,0
8839,0.0001,600
8840,0.0001,1500
8841,0.0001,0
8842,0.0001,720
8843,0.0001,900
8844,0.0001,600
8845,0.0001,0
8846,0.0001,1500
8847,0.0001,0
8848,0.0001,1200
8849,0.0001,0
8850,0.0001,0
8851,0.0001,2700
8852,0.0001,0
8853,0.0001,900
8854,0.0001,7960
8855,0.0001,6980
8856,0.0001,300
8857,0.0001,0
8858,0.0001,1500
8859,0.0001,400
8860,0.0001,0
8861,0.0001,450
8862,0.0001,0
8863,0.0001,1900
8864,0.0001,9000
8865,0.0001,0
8866,0.0001,0
8867,0.0001,1500
8868,0.0001,750
8869,0.0001,1500
8870,0.0001,400
8871,0.0001,0
8872,0.0001,2100
8873,0.0001,1800
8874,0.0001,0
8875,0.0001,300
8876,0.0001,0
8877,0.0001,900
8878,0.0001,1200
8879,0.0001,0
8880,0.0001,0
8881,0.0001,900
8882,0.0001,1500
8883,0.0001,900
8884,0.0001,900
8885,0.0001,840
8886,0.0001,300
8887,0.0001,900
8888,0.0001,0
8889,0.0001,0
8890,0.0001,1500
8891,0.0001,0
8892,0.0001,900
8893,0.0001,0
8894,0.0001,0
8895,0.0001,0
8896,0.0001,2940
8897,0.0001,300
8898,0.0001,8700
8899,0.0001,1200
8900,0.0001,0
8901,0.0001,0
8902,0.0001,1350
8903,0.0001,300
8904,0.0001,7280
8905,0.0001,400
8906,0.0001,900
8907,0.0001,600
8908,0.0001,600
8909,0.0001,1500
8910,0.0001,23640
8911,0.0001,0
8912,0.0001,0
8913,0.0001,0
8914,0.0001,1800
8915,0.0001,600
8916,0.0001,1500
8917,0.0001,850
8918,0.0001,0
8919,0.0001,600
8920,0.0001,900
8921,0.0001,2700
8922,0.0001,0
8923,0.0001,900
8924,0.0001,0
8925,0.0001,0
8926,0.0001,6980
8927,0.0001,0
8928,0.0001,400
8929,0.0001,0
8930,0.0001,1500
8931,0.0001,1500
8932,0.0001,1800
8933,0.0001,0
8934,0.0001,900
8935,0.0001,300
8936,0.0001,0
8937,0.0001,0
8938,0.0001,1200
8939,0.0001,0
8940,0.0001,1800
8941,0.0001,0
8942,0.0001,0
8943,0.0001,1200
8944,0.0001,900
8945,0.0001,0
8946,0.0001,300
8947,0.0001,2250
8948,0.0001,0
8949,0.0001,1500
8950,0.0001,700
8951,0.0001,1050
8952,0.0001,1800
8953,0.0001,1200
8954,0.0001,400
8955,0.0001,1500
8956,0.0001,2100
8957,0.0001,900
8958,0.0001,0
8959,0.0001,0
8960,0.0001,0
8961,0.0001,1800
8962,0.0001,1200
8963,0.0001,1200
8964,0.0001,300
8965,0.0001,1200
8966,0.0001,1200
8967,0.0001,0
8968,0.0001,0
8969,0.0001,0
8970,0.0001,0
8971,0.0001,0
8972,0.0001,2200
8973,0.0001,23640
8974,0.0001,0
8975,0.0001,1800
8976,0.0001,0
8977,0.0001,900
8978,0.0001,1500
8979,0.0001,400
8980,0.0001,600
8981,0.0001,0
8982,0.0001,300
8983,0.0001,0
8984,0.0001,300
8985,0.0001,23580
8986,0.0001,0
8987,0.0001,14400
8988,0.0001,500
8989,0.0001,5400
8990,0.0001,0
8991,0.0001,900
8992,0.0001,1500
8993,0.0001,1650
8994,0.0001,900
8995,0.0001,900
8996,0.0001,2100
8997,0.0001,0
8998,0.0001,0
8999,0.0001,0
9000,0.0001,2100
9001,0.0001,1800
9002,0.0001,20640
9003,0.0001,2070
9004,0.0001,0
9005,0.0001,400
9006,0.0001,0
9007,0.0001,900
9008,0.0001,1200
9009,0.0001,0
9010,0.0001,1500
9011,0.0001,0
9012,0.0001,0
9013,0.0001,900
9014,0.0001,0
9015,0.0001,0
9016,0.0001,6980
9017,0.0001,800
9018,0.0001,300
9019,0.0001,0
9020,0.0001,400
9021,0.0001,300
9022,0.0001,1650
9023,0.0001,400
9024,0.0001,2000
9025,0.0001,1500
9026,0.0001,0
9027,0.0001,1500
9028,0.0001,0
9029,0.0001,300
9030,0.0001,900
9031,0.0001,0
9032,0.0001,1800
9033,0.0001,3700
9034,0.0001,0
9035,0.0001,3000
9036,0.0001,0
9037,0.0001,0
9038,0.0001,0
9039,0.0001,0
9040,0.0001,7030
9041,0.0001,900
9042,0.0001,0
9043,0.0001,7080
9044,0.0001,300
9045,0.0001,0
9046,0.0001,0
9047,0.0001,900
9048,0.0001,1200
9049,0.0001,0
9050,0.0001,0
9051,0.0001,300
9052,0.0001,0
9053,0.0001,300
9054,0.0001,0
9055,0.0001,400
9056,0.0001,0
9057,0.0001,3000
9058,0.0001,300
9059,0.0001,0
9060,0.0001,300
9061,0.0001,6000
9062,0.0001,0
9063,0.0001,0
9064,0.0001,0
9065,0.0001,1200
9066,0.0001,20940
9067,0.0001,900
9068,0.0001,0
9069,0.0001,0
9070,0.0001,0
9071,0.0001,0
9072,0.0001,0
9073,0.0001,0
9074,0.0001,300
9075,0.0001,0
9076,0.0001,0
9077,0.0001,2100
9078,0.0001,850
9079,0.0001,0
9080,0.0001,1200
9081,0.0001,1500
9082,0.0001,1500
9083,0.0001,1920
9084,0.0001,1920
9085,0.0001,0
9086,0.0001,0
9087,0.0001,300
9088,0.0001,0
9089,0.0001,400
9090,0.0001,0
9091,0.0001,0
9092,0.0001,1920
9093,0.0001,1500
9094,0.0001,0
9095,0.0001,0
9096,0.0001,0
9097,0.0001,3000
9098,0.0001,7280
9099,0.0001,0
9100,0.0001,0
9101,0.0001,0
9102,0.0001,900
9103,0.0001,3000
9104,0.0001,940
9105,0.0001,0
9106,0.0001,400
9107,0.0001,900
9108,0.0001,6930
9109,0.0001,900
9110,0.0001,0
9111,0.0001,900
9112,0.0001,300
9113,0.0001,400
9114,0.0001,1800
9115,0.0001,7060
9116,0.0001,900
9117,0.0001,1500
9118,0.0001,0
9119,0.0001,900
9120,0.0001,900
9121,0.0001,0
9122,0.0001,0
9123,0.0001,900
9124,0.0001,600
9125,0.0001,300
9126,0.0001,1800
9127,0.0001,0
9128,0.0001,34400
9129,0.0001,500
9130,0.0001,0
9131,0.0001,300
9132,0.0001,600
9133,0.0001,400
9134,0.0001,2100
9135,0.0001,400
9136,0.0001,0
9137,0.0001,1800
9138,0.0001,300
9139,0.0001,0
9140,0.0001,6980
9141,0.0001,800
9142,0.0001,600
9143,0.0001,2200
9144,0.0001,0
9145,0.0001,5400
9146,0.0001,0
9147,0.0001,5700
9148,0.0001,900
9149,0.0001,20940
9150,0.0001,0
9151,0.0001,1920
9152,0.0001,0
9153,0.0001,0
9154,0.0001,400
9155,0.0001,2100
9156,0.0001,400
9157,0.0001,5400
9158,0.0001,400
9159,0.0001,0
9160,0.0001,1800
9161,0.0001,400
9162,0.0001,2700
9163,0.0001,450
9164,0.0001,3700
9165,0.0001,10140
9166,0.0001,7030
9167,0.0001,1200
9168,0.0001,300
9169,0.0001,500
9170,0.0001,0
9171,0.0001,16500
9172,0.0001,20940
9173,0.0001,0
9174,0.0001,0
9175,0.0001,0
9176,0.0001,900
9177,0.0001,400
9178,0.0001,1500
9179,0.0001,1200
9180,0.0001,400
9181,0.0001,400
9182,0.0001,0
9183,0.0001,3000
9184,0.0001,10620
9185,0.0001,900
9186,0.0001,300
9187,0.0001,600
9188,0.0001,0
9189,0.0001,1800
9190,0.0001,300
9191,0.0001,700
9192,0.0001,700
9193,0.0001,0
9194,0.0001,2000
9195,0.0001,1500
9196,0.0001,20940
9197,0.0001,9000
9198,0.0001,0
9199,0.0001,1200
9200,0.0001,0
9201,0.0001,400
9202,0.0001,900
9203,0.0001,0
9204,0.0001,9140
9205,0.0001,300
9206,0.0001,900
9207,0.0001,900
9208,0.0001,0
9209,0.0001,900
9210,0.0001,0
9211,0.0001,0
9212,0.0001,2000
9213,0.0001,0
9214,0.0001,900
9215,0.0001,900
9216,0.0001,2000
9217,0.0001,2100
9218,0.0001,700
9219,0.0001,1620
9220,0.0001,2200
9221,0.0001,6980
9222,0.0001,2100
9223,0.0001,3300
9224,0.0001,550
9225,0.0001,2100
9226,0.0001,0
9227,0.0001,600
9228,0.0001,900
9229,0.0001,0
9230,0.0001,300
9231,0.0001,300
9232,0.0001,0
9233,0.0001,300
9234,0.0001,1200
9235,0.0001,7430
9236,0.0001,900
9237,0.0001,600
9238,0.0001,7880
9239,0.0001,1800
9240,0.0001,0
9241,0.0001,6930
9242,0.0001,400
9243,0.0001,400
9244,0.0001,0
9245,0.0001,22140
9246,0.0001,1200
9247,0.0001,9140
9248,0.0001,20940
9249,0.0001,900
9250,0.0001,2100
9251,0.0001,2100
9252,0.0001,0
9253,0.0001,0
9254,0.0001,0
9255,0.0001,0
9256,0.0001,1200
9257,0.0001,2100
9258,0.0001,0
9259,0.0001,0
9260,0.0001,300
9261,0.0001,0
9262,0.0001,1800
9263,0.0001,0
9264,0.0001,300
9265,0.0001,27420
9266,0.0001,400
9267,0.0001,900
9268,0.0001,1200
9269,0.0001,1200
9270,0.0001,0
9271,0.0001,2700
9272,0.0001,1200
9273,0.0001,700
9274,0.0001,400
9275,0.0001,2140
9276,0.0001,900
9277,0.0001,0
9278,0.0001,20940
9279,0.0001,0
9280,0.0001,0
9281,0.0001,0
9282,0.0001,0
9283,0.0001,0
9284,0.0001,0
9285,0.0001,300
9286,0.0001,900
9287,0.0001,0
9288,0.0001,400
9289,0.0001,2700
9290,0.0001,300
9291,0.0001,0
9292,0.0001,900
9293,0.0001,0
9294,0.0001,1350
9295,0.0001,0
9296,0.0001,300
9297,0.0001,1500
9298,0.0001,0
9299,0.0001,2100
9300,0.0001,0
9301,0.0001,900
9302,0.0001,620
9303,0.0001,0
9304,0.0001,20940
9305,0.0001,0
9306,0.0001,0
9307,0.0001,0
9308,0.0001,0
9309,0.0001,0
9310,0.0001,2000
9311,0.0001,2100
9312,0.0001,400
9313,0.0001,0
9314,0.0001,1200
9315,0.0001,900
9316,0.0001,300
9317,0.0001,1140
9318,0.0001,2100
9319,0.0001,900
9320,0.0001,900
9321,0.0001,0
9322,0.0001,1500
9323,0.0001,0
9324,0.0001,900
9325,0.0001,0
9326,0.0001,300
9327,0.0001,900
9328,0.0001,4200
9329,0.0001,0
9330,0.0001,900
9331,0.0001,900
9332,0.0001,400
9333,0.0001,6980
9334,0.0001,900
9335,0.0001,900
9336,0.0001,400
9337,0.0001,9140
9338,0.0001,900
9339,0.0001,0
9340,0.0001,1650
9341,0.0001,900
9342,0.0001,9000
9343,0.0001,300
9344,0.0001,1600
9345,0.0001,1800
9346,0.0001,900
9347,0.0001,900
9348,0.0001,900
9349,0.0001,0
9350,0.0001,900
9351,0.0001,450
9352,0.0001,0
9353,0.0001,0
9354,0.0001,0
9355,0.0001,0
9356,0.0001,400
9357,0.0001,0
9358,0.0001,400
9359,0.0001,0
9360,0.0001,300
9361,0.0001,300
9362,0.0001,500
9363,0.0001,1800
9364,0.0001,0
9365,0.0001,300
9366,0.0001,2000
9367,0.0001,0
9368,0.0001,0
9369,0.0001,1920
9370,0.0001,300
9371,0.0001,0
9372,0.0001,0
9373,0.0001,300
9374,0.0001,0
9375,0.0001,0
9376,0.0001,0
9377,0.0001,640
9378,0.0001,900
9379,0.0001,2000
9380,0.0001,0
9381,0.0001,1800
9382,0.0001,0
9383,0.0001,300
9384,0.0001,900
9385,0.0001,1500
9386,0.0001,0
9387,0.0001,2000
9388,0.0001,0
9389,0.0001,0
9390,0.0001,2000
9391,0.0001,0
9392,0.0001,0
9393,0.0001,0
9394,0.0001,900
9395,0.0001,2000
9396,0.0001,240
9397,0.0001,7080
9398,0.0001,1800
9399,0.0001,1500
9400,0.0001,550
9401,0.0001,0
9402,0.0001,1350
9403,0.0001,0
9404,0.0001,5850
9405,0.0001,740
9406,0.0001,500
9407,0.0001,0
9408,0.0001,1200
9409,0.0001,0
9410,0.0001,0
9411,0.0001,0
9412,0.0001,940
9413,0.0001,400
9414,0.0001,740
9415,0.0001,0
9416,0.0001,1500
9417,0.0001,500
9418,0.0001,300
9419,0.0001,640
9420,0.0001,6980
9421,0.0001,900
9422,0.0001,20580
9423,0.0001,0
9424,0.0001,10200
9425,0.0001,1200
9426,0.0001,6880
9427,0.0001,900
9428,0.0001,0
9429,0.0001,0
9430,0.0001,34400
9431,0.0001,300
9432,0.0001,0
9433,0.0001,1500
9434,0.0001,0
9435,0.0001,0
9436,0.0001,0
9437,0.0001,300
9438,0.0001,6930
9439,0.0001,0
9440,0.0001,5670
9441,0.0001,1200
9442,0.0001,0
9443,0.0001,0
9444,0.0001,0
9445,0.0001,2000
9446,0.0001,0
9447,0.0001,0
9448,0.0001,400
9449,0.0001,1500
9450,0.0001,0
9451,0.0001,400
9452,0.0001,0
9453,0.0001,300
9454,0.0001,900
9455,0.0001,0
9456,0.0001,0
9457,0.0001,2100
9458,0.0001,45200
9459,0.0001,1800
9460,0.0001,0
9461,0.0001,1200
9462,0.0001,23640
9463,0.0001,0
9464,0.0001,800
9465,0.0001,0
9466,0.0001,1920
9467,0.0001,1500
9468,0.0001,0
9469,0.0001,5850
9470,0.0001,0
9471,0.0001,0
9472,0.0001,400
9473,0.0001,900
9474,0.0001,700
9475,0.0001,0
9476,0.0001,400
9477,0.0001,900
9478,0.0001,11400
9479,0.0001,0
9480,0.0001,0
9481,0.0001,300
9482,0.0001,0
9483,0.0001,0
9484,0.0001,700
9485,0.0001,2100
9486,0.0001,300
9487,0.0001,600
9488,0.0001,1500
9489,0.0001,700
9490,0.0001,0
9491,0.0001,300
9492,0.0001,9620
9493,0.0001,0
9494,0.0001,0
9495,0.0001,900
9496,0.0001,0
9497,0.0001,0
9498,0.0001,0
9499,0.0001,27420
9500,0.0001,0
9501,0.0001,1350
9502,0.0001,900
9503,0.0001,300
9504,0.0001,300
9505,0.0001,300
9506,0.0001,300
9507,0.0001,34400
9508,0.0001,1500
9509,0.0001,700
9510,0.0001,1300
9511,0.0001,0
9512,0.0001,1200
9513,0.0001,1350
9514,0.0001,300
9515,0.0001,4320
9516,0.0001,400
9517,0.0001,1200
9518,0.0001,600
9519,0.0001,1440
9520,0.0001,300
9521,0.0001,0
9522,0.0001,9000
9523,0.0001,540
9524,0.0001,0
9525,0.0001,0
9526,0.0001,0
9527,0.0001,0
9528,0.0001,940
9529,0.0001,800
9530,0.0001,900
9531,0.0001,2850
9532,0.0001,4320
9533,0.0001,0
9534,0.0001,0
9535,0.0001,900
9536,0.0001,0
9537,0.0001,0
9538,0.0001,750
9539,0.0001,0
9540,0.0001,1620
9541,0.0001,900
9542,0.0001,0
9543,0.0001,6960
9544,0.0001,0
9545,0.0001,300
9546,0.0001,1500
9547,0.0001,400
9548,0.0001,0
9549,0.0001,0
9550,0.0001,0
9551,0.0001,7080
9552,0.0001,0
9553,0.0001,2200
9554,0.0001,1500
9555,0.0001,600
9556,0.0001,650
9557,0.0001,300
9558,0.0001,0
9559,0.0001,0
9560,0.0001,300
9561,0.0001,400
9562,0.0001,10620
9563,0.0001,0
9564,0.0001,0
9565,0.0001,1500
9566,0.0001,700
9567,0.0001,0
9568,0.0001,0
9569,0.0001,720
9570,0.0001,300
9571,0.0001,7180
9572,0.0001,0
9573,0.0001,0
9574,0.0001,2000
9575,0.0001,6980
9576,0.0001,3900
9577,0.0001,0
9578,0.0001,1900
9579,0.0001,900
9580,0.0001,0
9581,0.0001,1200
9582,0.0001,13560
9583,0.0001,0
9584,0.0001,1200
9585,0.0001,0
9586,0.0001,900
9587,0.0001,0
9588,0.0001,5700
9589,0.0001,0
9590,0.0001,300
9591,0.0001,1500
9592,0.0001,0
9593,0.0001,2100
9594,0.0001,0
9595,0.0001,1500
9596,0.0001,0
9597,0.0001,400
9598,0.0001,0
9599,0.0001,1200
9600,0.0001,10350
9601,0.0001,9220
9602,0.0001,0
9603,0.0001,990
9604,0.0001,0
9605,0.0001,0
9606,0.0001,1200
9607,0.0001,0
9608,0.0001,0
9609,0.0001,9240
9610,0.0001,1200
9611,0.0001,900
9612,0.0001,650
9613,0.0001,0
9614,0.0001,2000
9615,0.0001,0
9616,0.0001,600
9617,0.0001,3700
9618,0.0001,0
9619,0.0001,450
9620,0.0001,0
9621,0.0001,300
9622,0.0001,1300
9623,0.0001,20880
9624,0.0001,1500
9625,0.0001,900
9626,0.0001,0
9627,0.0001,5400
9628,0.0001,0
9629,0.0001,400
9630,0.0001,0
9631,0.0001,1800
9632,0.0001,6980
9633,0.0001,0
9634,0.0001,500
9635,0.0001,600
9636,0.0001,400
9637,0.0001,300
9638,0.0001,400
9639,0.0001,0
9640,0.0001,0
9641,0.0001,0
9642,0.0001,0
9643,0.0001,0
9644,0.0001,0
9645,0.0001,0
9646,0.0001,1200
9647,0.0001,300
9648,0.0001,300
9649,0.0001,400
9650,0.0001,400
9651,0.0001,0
9652,0.0001,7380
9653,0.0001,7480
9654,0.0001,700
9655,0.0001,2520
9656,0.0001,800
9657,0.0001,400
9658,0.0001,0
9659,0.0001,7080
9660,0.0001,0
9661,0.0001,1200
9662,0.0001,1500
9663,0.0001,400
9664,0.0001,0
9665,0.0001,400
9666,0.0001,900
9667,0.0001,2700
9668,0.0001,900
9669,0.0001,1650
9670,0.0001,0
9671,0.0001,790
9672,0.0001,1500
9673,0.0001,0
9674,0.0001,0
9675,0.0001,800
9676,0.0001,0
9677,0.0001,0
9678,0.0001,300
9679,0.0001,0
9680,0.0001,27120
9681,0.0001,0
9682,0.0001,0
9683,0.0001,6300
9684,0.0001,0
9685,0.0001,880
9686,0.0001,6980
9687,0.0001,400
9688,0.0001,900
9689,0.0001,20340
9690,0.0001,0
9691,0.0001,300
9692,0.0001,0
9693,0.0001,900
9694,0.0001,400
9695,0.0001,0
9696,0.0001,2520
9697,0.0001,0
9698,0.0001,0
9699,0.0001,0
9700,0.0001,300
9701,0.0001,900
9702,0.0001,0
9703,0.0001,0
9704,0.0001,300
9705,0.0001,0
9706,0.0001,600
9707,0.0001,700
9708,0.0001,450
9709,0.0001,0
9710,0.0001,500
9711,0.0001,0
9712,0.0001,1500
9713,0.0001,0
9714,0.0001,2250
9715,0.0001,300
9716,0.0001,2100
9717,0.0001,0
9718,0.0001,900
9719,0.0001,9140
9720,0.0001,1500
9721,0.0001,900
9722,0.0001,0
9723,0.0001,300
9724,0.0001,20940
9725,0.0001,620
9726,0.0001,0
9727,0.0001,400
9728,0.0001,900
9729,0.0001,900
9730,0.0001,21840
9731,0.0001,0
9732,0.0001,0
9733,0.0001,2100
9734,0.0001,400
9735,0.0001,900
9736,0.0001,900
9737,0.0001,0
9738,0.0001,0
9739,0.0001,1500
9740,0.0001,1200
9741,0.0001,0
9742,0.0001,300
9743,0.0001,20940
9744,0.0001,0
9745,0.0001,1500
9746,0.0001,900
9747,0.0001,0
9748,0.0001,1500
9749,0.0001,0
9750,0.0001,0
9751,0.0001,1500
9752,0.0001,900
9753,0.0001,400
9754,0.0001,900
9755,0.0001,0
9756,0.0001,6880
9757,0.0001,900
9758,0.0001,900
9759,0.0001,0
9760,0.0001,2340
9761,0.0001,0
9762,0.0001,9240
9763,0.0001,900
9764,0.0001,900
9765,0.0001,0
9766,0.0001,2100
9767,0.0001,400
9768,0.0001,3600
9769,0.0001,300
9770,0.0001,0
9771,0.0001,500
9772,0.0001,0
9773,0.0001,300
9774,0.0001,6980
9775,0.0001,0
9776,0.0001,0
9777,0.0001,1200
9778,0.0001,0
9779,0.0001,300
9780,0.0001,0
9781,0.0001,0
9782,0.0001,300
9783,0.0001,800
9784,0.0001,0
9785,0.0001,500
9786,0.0001,300
9787,0.0001,0
9788,0.0001,0
9789,0.0001,2100
9790,0.0001,500
9791,0.0001,0
9792,0.0001,1500
9793,0.0001,0
9794,0.0001,400
9795,0.0001,20880
9796,0.0001,500
9797,0.0001,0
9798,0.0001,900
9799,0.0001,400
9800,0.0001,0
9801,0.0001,20640
9802,0.0001,0
9803,0.0001,400
9804,0.0001,0
9805,0.0001,500
9806,0.0001,0
9807,0.0001,400
9808,0.0001,0
9809,0.0001,0
9810,0.0001,0
9811,0.0001,900
9812,0.0001,400
9813,0.0001,0
9814,0.0001,21390
9815,0.0001,0
9816,0.0001,0
9817,0.0001,300
9818,0.0001,20580
9819,0.0001,400
9820,0.0001,900
9821,0.0001,1500
9822,0.0001,1200
9823,0.0001,1500
9824,0.0001,20640
9825,0.0001,900
9826,0.0001,1200
9827,0.0001,0
9828,0.0001,1500
9829,0.0001,900
9830,0.0001,750
9831,0.0001,2100
9832,0.0001,1500
9833,0.0001,0
9834,0.0001,1200
9835,0.0001,400
9836,0.0001,1200
9837,0.0001,0
9838,0.0001,0
9839,0.0001,0
9840,0.0001,900
9841,0.0001,800
9842,0.0001,800
9843,0.0001,0
9844,0.0001,1200
9845,0.0001,1500
9846,0.0001,990
9847,0.0001,0
9848,0.0001,600
9849,0.0001,0
9850,0.0001,700
9851,0.0001,600
9852,0.0001,1200
9853,0.0001,3000
9854,0.0001,0
9855,0.0001,3540
9856,0.0001,0
9857,0.0001,1800
9858,0.0001,0
9859,0.0001,0
9860,0.0001,2100
9861,0.0001,1500
9862,0.0001,600
9863,0.0001,1500
9864,0.0001,900
9865,0.0001,300
9866,0.0001,10800
9867,0.0001,1200
9868,0.0001,400
9869,0.0001,0
9870,0.0001,0
9871,0.0001,300
9872,0.0001,0
9873,0.0001,0
9874,0.0001,1200
9875,0.0001,1200
9876,0.0001,900
9877,0.0001,900
9878,0.0001,0
9879,0.0001,0
9880,0.0001,0
9881,0.0001,20940
9882,0.0001,1650
9883,0.0001,1500
9884,0.0001,0
9885,0.0001,300
9886,0.0001,2100
9887,0.0001,1500
9888,0.0001,900
9889,0.0001,0
9890,0.0001,6980
9891,0.0001,400
9892,0.0001,1450
9893,0.0001,0
9894,0.0001,500
9895,0.0001,300
9896,0.0001,900
9897,0.0001,0
9898,0.0001,0
9899,0.0001,0
9900,0.0001,5700
9901,0.0001,20580
9902,0.0001,900
9903,0.0001,0
9904,0.0001,2700
9905,0.0001,1200
9906,0.0001,300
9907,0.0001,20880
9908,0.0001,1200
9909,0.0001,300
9910,0.0001,900
9911,0.0001,840
9912,0.0001,1800
9913,0.0001,20640
9914,0.0001,1500
9915,0.0001,2100
9916,0.0001,300
9917,0.0001,1500
9918,0.0001,1800
9919,0.0001,600
9920,0.0001,0
9921,0.0001,500
9922,0.0001,1800
9923,0.0001,800
9924,0.0001,0
9925,0.0001,900
9926,0.0001,0
9927,0.0001,400
9928,0.0001,300
9929,0.0001,0
9930,0.0001,0
9931,0.0001,1500
9932,0.0001,0
9933,0.0001,1800
9934,0.0001,900
9935,0.0001,0
9936,0.0001,500
9937,0.0001,1800
9938,0.0001,0
9939,0.0001,0
9940,0.0001,20820
9941,0.0001,900
9942,0.0001,500
9943,0.0001,1500
9944,0.0001,0
9945,0.0001,7030
9946,0.0001,900
9947,0.0001,5700
9948,0.0001,20940
9949,0.0001,0
9950,0.0001,1920
9951,0.0001,0
9952,0.0001,6980
9953,0.0001,900
9954,0.0001,900
9955,0.0001,300
9956,0.0001,0
9957,0.0001,0
9958,0.0001,0
9959,0.0001,1620
9960,0.0001,0
9961,0.0001,0
9962,0.0001,0
9963,0.0001,0
9964,0.0001,1200
9965,0.0001,400
9966,0.0001,0
9967,0.0001,2000
9968,0.0001,4800
9969,0.0001,0
9970,0.0001,900
9971,0.0001,900
9972,0.0001,0
9973,0.0001,0
9974,0.0001,900
9975,0.0001,400
9976,0.0001,600
9977,0.0001,0
9978,0.0001,27420
9979,0.0001,0
9980,0.0001,0
9981,0.0001,0
9982,0.0001,1620
9983,0.0001,400
9984,0.0001,300
9985,0.0001,1200
9986,0.0001,300
9987,0.0001,0
9988,0.0001,400
9989,0.0001,0
9990,0.0001,1200
9991,0.0001,300
9992,0.0001,640
9993,0.0001,0
9994,0.0001,300
9995,0.0001,0
9996,0.0001,900
9997,0.0001,900
9998,0.0001,0
9999,0.0001,750
