simulation_id,probability,payoutMultiplier
0,0.0001,33900
1,0.0001,0
2,0.0001,3000
3,0.0001,1440
4,0.0001,0
5,0.0001,15860
6,0.0001,1480
7,0.0001,1800
8,0.0001,0
9,0.0001,1800
10,0.0001,0
11,0.0001,0
12,0.0001,0
13,0.0001,41760
14,0.0001,41880
15,0.0001,1400
16,0.0001,4200
17,0.0001,0
18,0.0001,0
19,0.0001,800
20,0.0001,1800
21,0.0001,0
22,0.0001,0
23,0.0001,1600
24,0.0001,1800
25,0.0001,19800
26,0.0001,12240
27,0.0001,4200
28,0.0001,800
29,0.0001,0
30,0.0001,4500
31,0.0001,1440
32,0.0001,3600
33,0.0001,3000
34,0.0001,5400
35,0.0001,3600
36,0.0001,6000
37,0.0001,3000
38,0.0001,2100
39,0.0001,800
40,0.0001,0
41,0.0001,1800
42,0.0001,3000
43,0.0001,0
44,0.0001,1800
45,0.0001,7800
46,0.0001,0
47,0.0001,4400
48,0.0001,0
49,0.0001,41880
50,0.0001,6600
51,0.0001,600
52,0.0001,68800
53,0.0001,14160
54,0.0001,1600
55,0.0001,3000
56,0.0001,3600
57,0.0001,0
58,0.0001,1800
59,0.0001,600
60,0.0001,0
61,0.0001,3300
62,0.0001,600
63,0.0001,600
64,0.0001,7280
65,0.0001,1000
66,0.0001,0
67,0.0001,1800
68,0.0001,14360
69,0.0001,14160
70,0.0001,600
71,0.0001,0
72,0.0001,0
73,0.0001,3000
74,0.0001,1400
75,0.0001,600
76,0.0001,0
77,0.0001,600
78,0.0001,0
79,0.0001,4000
80,0.0001,3000
81,0.0001,0
82,0.0001,0
83,0.0001,0
84,0.0001,1200
85,0.0001,0
86,0.0001,1800
87,0.0001,0
88,0.0001,600
89,0.0001,16760
90,0.0001,1800
91,0.0001,800
92,0.0001,0
93,0.0001,0
94,0.0001,0
95,0.0001,7080
96,0.0001,10800
97,0.0001,900
98,0.0001,0
99,0.0001,700
100,0.0001,2700
101,0.0001,0
102,0.0001,0
103,0.0001,0
104,0.0001,0
105,0.0001,900
106,0.0001,0
107,0.0001,0
108,0.0001,2100
109,0.0001,900
110,0.0001,300
111,0.0001,4050
112,0.0001,0
113,0.0001,500
114,0.0001,0
115,0.0001,900
116,0.0001,1800
117,0.0001,1500
118,0.0001,900
119,0.0001,0
120,0.0001,900
121,0.0001,0
122,0.0001,0
123,0.0001,34300
124,0.0001,3640
125,0.0001,300
126,0.0001,0
127,0.0001,800
128,0.0001,300
129,0.0001,900
130,0.0001,600
131,0.0001,300
132,0.0001,1300
133,0.0001,1800
134,0.0001,900
135,0.0001,1800
136,0.0001,0
137,0.0001,1800
138,0.0001,400
139,0.0001,300
140,0.0001,1500
141,0.0001,0
142,0.0001,900
143,0.0001,1200
144,0.0001,0
145,0.0001,0
146,0.0001,400
147,0.0001,600
148,0.0001,1920
149,0.0001,400
150,0.0001,0
151,0.0001,1200
152,0.0001,0
153,0.0001,400
154,0.0001,0
155,0.0001,300
156,0.0001,900
157,0.0001,300
158,0.0001,0
159,0.0001,21600
160,0.0001,0
161,0.0001,0
162,0.0001,1000
163,0.0001,3000
164,0.0001,800
165,0.0001,0
166,0.0001,0
167,0.0001,1800
168,0.0001,1800
169,0.0001,2400
170,0.0001,15560
171,0.0001,3000
172,0.0001,600
173,0.0001,2400
174,0.0001,1800
175,0.0001,600
176,0.0001,480
177,0.0001,0
178,0.0001,1800
179,0.0001,0
180,0.0001,1800
181,0.0001,0
182,0.0001,0
183,0.0001,0
184,0.0001,0
185,0.0001,0
186,0.0001,3600
187,0.0001,0
188,0.0001,3000
189,0.0001,800
190,0.0001,0
191,0.0001,1800
192,0.0001,900
193,0.0001,800
194,0.0001,41880
195,0.0001,1800
196,0.0001,0
197,0.0001,0
198,0.0001,800
199,0.0001,0
200,0.0001,0
201,0.0001,2400
202,0.0001,1400
203,0.0001,5040
204,0.0001,0
205,0.0001,3000
206,0.0001,0
207,0.0001,3300
208,0.0001,3000
209,0.0001,0
210,0.0001,1800
211,0.0001,480
212,0.0001,600
213,0.0001,0
214,0.0001,0
215,0.0001,3000
216,0.0001,1400
217,0.0001,0
218,0.0001,54240
219,0.0001,0
220,0.0001,4400
221,0.0001,9000
222,0.0001,1400
223,0.0001,1800
224,0.0001,600
225,0.0001,1800
226,0.0001,3300
227,0.0001,1200
228,0.0001,1280
229,0.0001,3200
230,0.0001,1800
231,0.0001,0
232,0.0001,0
233,0.0001,1800
234,0.0001,13960
235,0.0001,0
236,0.0001,1000
237,0.0001,0
238,0.0001,14120
239,0.0001,0
240,0.0001,14160
241,0.0001,0
242,0.0001,400
243,0.0001,5400
244,0.0001,1800
245,0.0001,14060
246,0.0001,0
247,0.0001,0
248,0.0001,1800
249,0.0001,600
250,0.0001,1800
251,0.0001,2400
252,0.0001,1700
253,0.0001,1200
254,0.0001,1400
255,0.0001,0
256,0.0001,600
257,0.0001,0
258,0.0001,0
259,0.0001,600
260,0.0001,600
261,0.0001,3600
262,0.0001,15760
263,0.0001,2400
264,0.0001,1800
265,0.0001,600
266,0.0001,0
267,0.0001,41880
268,0.0001,1800
269,0.0001,1800
270,0.0001,0
271,0.0001,0
272,0.0001,1800
273,0.0001,0
274,0.0001,600
275,0.0001,0
276,0.0001,2400
277,0.0001,600
278,0.0001,600
279,0.0001,0
280,0.0001,4000
281,0.0001,0
282,0.0001,0
283,0.0001,0
284,0.0001,3240
285,0.0001,1800
286,0.0001,3600
287,0.0001,1800
288,0.0001,600
289,0.0001,600
290,0.0001,0
291,0.0001,0
292,0.0001,0
293,0.0001,1400
294,0.0001,47280
295,0.0001,1800
296,0.0001,0
297,0.0001,0
298,0.0001,0
299,0.0001,0
300,0.0001,3600
301,0.0001,600
302,0.0001,0
303,0.0001,1000
304,0.0001,800
305,0.0001,1800
306,0.0001,3600
307,0.0001,1800
308,0.0001,18440
309,0.0001,1000
310,0.0001,0
311,0.0001,0
312,0.0001,4200
313,0.0001,1200
314,0.0001,0
315,0.0001,1800
316,0.0001,13960
317,0.0001,0
318,0.0001,0
319,0.0001,1800
320,0.0001,600
321,0.0001,600
322,0.0001,0
323,0.0001,3840
324,0.0001,1080
325,0.0001,3800
326,0.0001,1800
327,0.0001,0
328,0.0001,18480
329,0.0001,600
330,0.0001,3000
331,0.0001,0
332,0.0001,800
333,0.0001,2400
334,0.0001,0
335,0.0001,1800
336,0.0001,7800
337,0.0001,0
338,0.0001,5400
339,0.0001,43080
340,0.0001,2400
341,0.0001,0
342,0.0001,0
343,0.0001,600
344,0.0001,1200
345,0.0001,1800
346,0.0001,0
347,0.0001,900
348,0.0001,2100
349,0.0001,900
350,0.0001,300
351,0.0001,1200
352,0.0001,27420
353,0.0001,900
354,0.0001,0
355,0.0001,1500
356,0.0001,27420
357,0.0001,0
358,0.0001,400
359,0.0001,300
360,0.0001,0
361,0.0001,900
362,0.0001,0
363,0.0001,2100
364,0.0001,3000
365,0.0001,1200
366,0.0001,1500
367,0.0001,550
368,0.0001,300
369,0.0001,0
370,0.0001,750
371,0.0001,0
372,0.0001,0
373,0.0001,0
374,0.0001,400
375,0.0001,300
376,0.0001,900
377,0.0001,0
378,0.0001,0
379,0.0001,24840
380,0.0001,0
381,0.0001,900
382,0.0001,7080
383,0.0001,1800
384,0.0001,0
385,0.0001,0
386,0.0001,0
387,0.0001,900
388,0.0001,900
389,0.0001,900
390,0.0001,0
391,0.0001,0
392,0.0001,0
393,0.0001,0
394,0.0001,2050
395,0.0001,0
396,0.0001,0
397,0.0001,300
398,0.0001,5700
399,0.0001,7280
400,0.0001,1200
401,0.0001,0
402,0.0001,400
403,0.0001,400
404,0.0001,1200
405,0.0001,0
406,0.0001,7080
407,0.0001,1500
408,0.0001,900
409,0.0001,0
410,0.0001,1500
411,0.0001,1200
412,0.0001,0
413,0.0001,0
414,0.0001,1800
415,0.0001,800
416,0.0001,1500
417,0.0001,0
418,0.0001,900
419,0.0001,450
420,0.0001,0
421,0.0001,6300
422,0.0001,1200
423,0.0001,0
424,0.0001,0
425,0.0001,400
426,0.0001,6980
427,0.0001,900
428,0.0001,0
429,0.0001,300
430,0.0001,1350
431,0.0001,1400
432,0.0001,0
433,0.0001,0
434,0.0001,0
435,0.0001,2340
436,0.0001,1200
437,0.0001,20640
438,0.0001,1200
439,0.0001,400
440,0.0001,900
441,0.0001,0
442,0.0001,0
443,0.0001,900
444,0.0001,850
445,0.0001,400
446,0.0001,900
447,0.0001,6960
448,0.0001,0
449,0.0001,1350
450,0.0001,900
451,0.0001,0
452,0.0001,1500
453,0.0001,900
454,0.0001,900
455,0.0001,300
456,0.0001,2000
457,0.0001,0
458,0.0001,300
459,0.0001,0
460,0.0001,600
461,0.0001,300
462,0.0001,0
463,0.0001,300
464,0.0001,500
465,0.0001,300
466,0.0001,0
467,0.0001,2200
468,0.0001,300
469,0.0001,0
470,0.0001,900
471,0.0001,900
472,0.0001,900
473,0.0001,700
474,0.0001,1650
475,0.0001,3000
476,0.0001,0
477,0.0001,0
478,0.0001,2100
479,0.0001,27120
480,0.0001,600
481,0.0001,6300
482,0.0001,0
483,0.0001,600
484,0.0001,0
485,0.0001,300
486,0.0001,300
487,0.0001,300
488,0.0001,300
489,0.0001,300
490,0.0001,1740
491,0.0001,400
492,0.0001,0
493,0.0001,0
494,0.0001,800
495,0.0001,400
496,0.0001,900
497,0.0001,150
498,0.0001,1500
499,0.0001,900
500,0.0001,900
501,0.0001,0
502,0.0001,0
503,0.0001,400
504,0.0001,1500
505,0.0001,300
506,0.0001,700
507,0.0001,900
508,0.0001,0
509,0.0001,0
510,0.0001,900
511,0.0001,0
512,0.0001,0
513,0.0001,1500
514,0.0001,900
515,0.0001,300
516,0.0001,0
517,0.0001,22800
518,0.0001,1400
519,0.0001,0
520,0.0001,800
521,0.0001,1800
522,0.0001,800
523,0.0001,3000
524,0.0001,41760
525,0.0001,0
526,0.0001,0
527,0.0001,300
528,0.0001,0
529,0.0001,1200
530,0.0001,600
531,0.0001,1200
532,0.0001,1200
533,0.0001,740
534,0.0001,400
535,0.0001,2100
536,0.0001,1800
537,0.0001,1500
538,0.0001,0
539,0.0001,0
540,0.0001,300
541,0.0001,640
542,0.0001,0
543,0.0001,750
544,0.0001,0
545,0.0001,0
546,0.0001,400
547,0.0001,0
548,0.0001,0
549,0.0001,600
550,0.0001,3840
551,0.0001,600
552,0.0001,2400
553,0.0001,3000
554,0.0001,2400
555,0.0001,0
556,0.0001,0
557,0.0001,0
558,0.0001,0
559,0.0001,0
560,0.0001,0
561,0.0001,2400
562,0.0001,600
563,0.0001,800
564,0.0001,0
565,0.0001,600
566,0.0001,0
567,0.0001,1440
568,0.0001,1880
569,0.0001,600
570,0.0001,1800
571,0.0001,3000
572,0.0001,2400
573,0.0001,3000
574,0.0001,0
575,0.0001,2400
576,0.0001,2400
577,0.0001,600
578,0.0001,600
579,0.0001,0
580,0.0001,600
581,0.0001,0
582,0.0001,0
583,0.0001,0
584,0.0001,0
585,0.0001,0
586,0.0001,600
587,0.0001,3000
588,0.0001,0
589,0.0001,600
590,0.0001,0
591,0.0001,0
592,0.0001,7400
593,0.0001,800
594,0.0001,600
595,0.0001,0
596,0.0001,0
597,0.0001,0
598,0.0001,0
599,0.0001,1500
600,0.0001,7400
601,0.0001,0
602,0.0001,3840
603,0.0001,0
604,0.0001,4200
605,0.0001,1400
606,0.0001,600
607,0.0001,0
608,0.0001,800
609,0.0001,2100
610,0.0001,0
611,0.0001,0
612,0.0001,0
613,0.0001,14160
614,0.0001,1200
615,0.0001,1000
616,0.0001,3000
617,0.0001,5400
618,0.0001,1800
619,0.0001,3000
620,0.0001,18480
621,0.0001,1980
622,0.0001,0
623,0.0001,0
624,0.0001,0
625,0.0001,1500
626,0.0001,0
627,0.0001,0
628,0.0001,0
629,0.0001,500
630,0.0001,400
631,0.0001,2250
632,0.0001,3600
633,0.0001,1920
634,0.0001,300
635,0.0001,450
636,0.0001,1200
637,0.0001,0
638,0.0001,0
639,0.0001,300
640,0.0001,0
641,0.0001,0
642,0.0001,900
643,0.0001,23640
644,0.0001,0
645,0.0001,0
646,0.0001,900
647,0.0001,600
648,0.0001,300
649,0.0001,300
650,0.0001,6980
651,0.0001,900
652,0.0001,300
653,0.0001,0
654,0.0001,0
655,0.0001,900
656,0.0001,900
657,0.0001,9240
658,0.0001,4500
659,0.0001,900
660,0.0001,0
661,0.0001,900
662,0.0001,0
663,0.0001,7080
664,0.0001,0
665,0.0001,400
666,0.0001,0
667,0.0001,300
668,0.0001,3600
669,0.0001,0
670,0.0001,1500
671,0.0001,0
672,0.0001,0
673,0.0001,900
674,0.0001,0
675,0.0001,0
676,0.0001,1500
677,0.0001,300
678,0.0001,1500
679,0.0001,1650
680,0.0001,300
681,0.0001,1500
682,0.0001,0
683,0.0001,240
684,0.0001,0
685,0.0001,0
686,0.0001,900
687,0.0001,1500
688,0.0001,400
689,0.0001,900
690,0.0001,0
691,0.0001,0
692,0.0001,300
693,0.0001,640
694,0.0001,900
695,0.0001,900
696,0.0001,800
697,0.0001,900
698,0.0001,840
699,0.0001,650
700,0.0001,300
701,0.0001,300
702,0.0001,0
703,0.0001,0
704,0.0001,300
705,0.0001,720
706,0.0001,0
707,0.0001,0
708,0.0001,0
709,0.0001,400
710,0.0001,1500
711,0.0001,2100
712,0.0001,500
713,0.0001,650
714,0.0001,0
715,0.0001,20940
716,0.0001,34400
717,0.0001,1200
718,0.0001,300
719,0.0001,300
720,0.0001,3500
721,0.0001,900
722,0.0001,0
723,0.0001,1650
724,0.0001,0
725,0.0001,900
726,0.0001,700
727,0.0001,0
728,0.0001,800
729,0.0001,0
730,0.0001,0
731,0.0001,300
732,0.0001,0
733,0.0001,2700
734,0.0001,400
735,0.0001,0
736,0.0001,0
737,0.0001,700
738,0.0001,0
739,0.0001,0
740,0.0001,1800
741,0.0001,34400
742,0.0001,0
743,0.0001,2100
744,0.0001,700
745,0.0001,400
746,0.0001,0
747,0.0001,3000
748,0.0001,800
749,0.0001,500
750,0.0001,27420
751,0.0001,800
752,0.0001,1500
753,0.0001,1680
754,0.0001,9190
755,0.0001,1500
756,0.0001,1800
757,0.0001,900
758,0.0001,3500
759,0.0001,0
760,0.0001,1800
761,0.0001,700
762,0.0001,0
763,0.0001,1500
764,0.0001,0
765,0.0001,0
766,0.0001,900
767,0.0001,0
768,0.0001,900
769,0.0001,0
770,0.0001,0
771,0.0001,400
772,0.0001,900
773,0.0001,1350
774,0.0001,0
775,0.0001,700
776,0.0001,4050
777,0.0001,1200
778,0.0001,7060
779,0.0001,0
780,0.0001,3450
781,0.0001,1200
782,0.0001,6980
783,0.0001,0
784,0.0001,0
785,0.0001,0
786,0.0001,500
787,0.0001,720
788,0.0001,0
789,0.0001,1620
790,0.0001,0
791,0.0001,300
792,0.0001,0
793,0.0001,0
794,0.0001,900
795,0.0001,0
796,0.0001,0
797,0.0001,0
798,0.0001,0
799,0.0001,0
800,0.0001,0
801,0.0001,0
802,0.0001,0
803,0.0001,0
804,0.0001,0
805,0.0001,0
806,0.0001,0
807,0.0001,300
808,0.0001,800
809,0.0001,0
810,0.0001,1500
811,0.0001,900
812,0.0001,0
813,0.0001,1200
814,0.0001,7380
815,0.0001,0
816,0.0001,2100
817,0.0001,0
818,0.0001,10200
819,0.0001,300
820,0.0001,9140
821,0.0001,1500
822,0.0001,0
823,0.0001,700
824,0.0001,700
825,0.0001,1000
826,0.0001,2100
827,0.0001,400
828,0.0001,1500
829,0.0001,900
830,0.0001,1500
831,0.0001,300
832,0.0001,0
833,0.0001,900
834,0.0001,0
835,0.0001,400
836,0.0001,7080
837,0.0001,2100
838,0.0001,6880
839,0.0001,300
840,0.0001,0
841,0.0001,1450
842,0.0001,0
843,0.0001,700
844,0.0001,840
845,0.0001,0
846,0.0001,0
847,0.0001,1500
848,0.0001,0
849,0.0001,400
850,0.0001,2100
851,0.0001,1500
852,0.0001,0
853,0.0001,1200
854,0.0001,9240
855,0.0001,900
856,0.0001,0
857,0.0001,300
858,0.0001,0
859,0.0001,400
860,0.0001,0
861,0.0001,6980
862,0.0001,300
863,0.0001,940
864,0.0001,1350
865,0.0001,900
866,0.0001,300
867,0.0001,0
868,0.0001,300
869,0.0001,900
870,0.0001,1800
871,0.0001,0
872,0.0001,0
873,0.0001,2100
874,0.0001,900
875,0.0001,1500
876,0.0001,800
877,0.0001,900
878,0.0001,0
879,0.0001,6930
880,0.0001,0
881,0.0001,1500
882,0.0001,0
883,0.0001,0
884,0.0001,0
885,0.0001,400
886,0.0001,600
887,0.0001,0
888,0.0001,900
889,0.0001,300
890,0.0001,900
891,0.0001,300
892,0.0001,900
893,0.0001,900
894,0.0001,7480
895,0.0001,2100
896,0.0001,0
897,0.0001,400
898,0.0001,1500
899,0.0001,900
900,0.0001,450
901,0.0001,1500
902,0.0001,0
903,0.0001,500
904,0.0001,150
905,0.0001,0
906,0.0001,1350
907,0.0001,300
908,0.0001,0
909,0.0001,0
910,0.0001,600
911,0.0001,0
912,0.0001,0
913,0.0001,1200
914,0.0001,0
915,0.0001,540
916,0.0001,0
917,0.0001,2100
918,0.0001,1200
919,0.0001,0
920,0.0001,7080
921,0.0001,2100
922,0.0001,0
923,0.0001,1200
924,0.0001,500
925,0.0001,2280
926,0.0001,900
927,0.0001,1200
928,0.0001,0
929,0.0001,400
930,0.0001,500
931,0.0001,400
932,0.0001,7080
933,0.0001,900
934,0.0001,7280
935,0.0001,0
936,0.0001,2250
937,0.0001,400
938,0.0001,0
939,0.0001,540
940,0.0001,2100
941,0.0001,1500
942,0.0001,500
943,0.0001,0
944,0.0001,0
945,0.0001,900
946,0.0001,0
947,0.0001,540
948,0.0001,0
949,0.0001,700
950,0.0001,2100
951,0.0001,0
952,0.0001,2140
953,0.0001,900
954,0.0001,0
955,0.0001,1500
956,0.0001,450
957,0.0001,1200
958,0.0001,0
959,0.0001,0
960,0.0001,2100
961,0.0001,0
962,0.0001,300
963,0.0001,900
964,0.0001,300
965,0.0001,0
966,0.0001,900
967,0.0001,0
968,0.0001,0
969,0.0001,900
970,0.0001,400
971,0.0001,450
972,0.0001,7080
973,0.0001,900
974,0.0001,800
975,0.0001,900
976,0.0001,20940
977,0.0001,1500
978,0.0001,1800
979,0.0001,2520
980,0.0001,300
981,0.0001,450
982,0.0001,400
983,0.0001,0
984,0.0001,0
985,0.0001,6880
986,0.0001,0
987,0.0001,7280
988,0.0001,2100
989,0.0001,0
990,0.0001,750
991,0.0001,300
992,0.0001,0
993,0.0001,0
994,0.0001,500
995,0.0001,3900
996,0.0001,400
997,0.0001,2520
998,0.0001,0
999,0.0001,300
1000,0.0001,1500
1001,0.0001,0
1002,0.0001,0
1003,0.0001,1650
1004,0.0001,0
1005,0.0001,0
1006,0.0001,3500
1007,0.0001,0
1008,0.0001,900
1009,0.0001,7880
1010,0.0001,0
1011,0.0001,800
1012,0.0001,900
1013,0.0001,0
1014,0.0001,0
1015,0.0001,0
1016,0.0001,0
1017,0.0001,2700
1018,0.0001,0
1019,0.0001,900
1020,0.0001,0
1021,0.0001,640
1022,0.0001,7080
1023,0.0001,1800
1024,0.0001,0
1025,0.0001,300
1026,0.0001,300
1027,0.0001,2000
1028,0.0001,15000
1029,0.0001,0
1030,0.0001,0
1031,0.0001,0
1032,0.0001,1500
1033,0.0001,1200
1034,0.0001,0
1035,0.0001,1800
1036,0.0001,1200
1037,0.0001,1500
1038,0.0001,2100
1039,0.0001,400
1040,0.0001,0
1041,0.0001,1500
1042,0.0001,0
1043,0.0001,500
1044,0.0001,300
1045,0.0001,1500
1046,0.0001,620
1047,0.0001,7080
1048,0.0001,0
1049,0.0001,6980
1050,0.0001,0
1051,0.0001,600
1052,0.0001,0
1053,0.0001,0
1054,0.0001,1500
1055,0.0001,2700
1056,0.0001,2250
1057,0.0001,1200
1058,0.0001,900
1059,0.0001,0
1060,0.0001,1200
1061,0.0001,400
1062,0.0001,0
1063,0.0001,0
1064,0.0001,7010
1065,0.0001,0
1066,0.0001,900
1067,0.0001,0
1068,0.0001,6880
1069,0.0001,1500
1070,0.0001,7930
1071,0.0001,0
1072,0.0001,700
1073,0.0001,7080
1074,0.0001,0
1075,0.0001,0
1076,0.0001,0
1077,0.0001,0
1078,0.0001,1200
1079,0.0001,900
1080,0.0001,0
1081,0.0001,1800
1082,0.0001,0
1083,0.0001,0
1084,0.0001,6980
1085,0.0001,0
1086,0.0001,0
1087,0.0001,0
1088,0.0001,0
1089,0.0001,9140
1090,0.0001,6980
1091,0.0001,0
1092,0.0001,1200
1093,0.0001,0
1094,0.0001,540
1095,0.0001,700
1096,0.0001,0
1097,0.0001,1200
1098,0.0001,0
1099,0.0001,600
1100,0.0001,600
1101,0.0001,0
1102,0.0001,0
1103,0.0001,300
1104,0.0001,640
1105,0.0001,300
1106,0.0001,600
1107,0.0001,9240
1108,0.0001,600
1109,0.0001,2100
1110,0.0001,0
1111,0.0001,7280
1112,0.0001,0
1113,0.0001,700
1114,0.0001,500
1115,0.0001,500
1116,0.0001,2250
1117,0.0001,900
1118,0.0001,0
1119,0.0001,3000
1120,0.0001,1500
1121,0.0001,1920
1122,0.0001,400
1123,0.0001,1350
1124,0.0001,300
1125,0.0001,0
1126,0.0001,900
1127,0.0001,6980
1128,0.0001,2100
1129,0.0001,0
1130,0.0001,0
1131,0.0001,900
1132,0.0001,0
1133,0.0001,850
1134,0.0001,300
1135,0.0001,300
1136,0.0001,20490
1137,0.0001,300
1138,0.0001,0
1139,0.0001,900
1140,0.0001,900
1141,0.0001,6980
1142,0.0001,900
1143,0.0001,0
1144,0.0001,0
1145,0.0001,300
1146,0.0001,600
1147,0.0001,0
1148,0.0001,900
1149,0.0001,3700
1150,0.0001,300
1151,0.0001,0
1152,0.0001,1500
1153,0.0001,300
1154,0.0001,0
1155,0.0001,400
1156,0.0001,940
1157,0.0001,700
1158,0.0001,300
1159,0.0001,6940
1160,0.0001,900
1161,0.0001,1500
1162,0.0001,0
1163,0.0001,900
1164,0.0001,300
1165,0.0001,1440
1166,0.0001,7480
1167,0.0001,0
1168,0.0001,300
1169,0.0001,0
1170,0.0001,900
1171,0.0001,0
1172,0.0001,0
1173,0.0001,900
1174,0.0001,0
1175,0.0001,1200
1176,0.0001,1620
1177,0.0001,400
1178,0.0001,0
1179,0.0001,2100
1180,0.0001,900
1181,0.0001,1500
1182,0.0001,700
1183,0.0001,2000
1184,0.0001,0
1185,0.0001,300
1186,0.0001,900
1187,0.0001,0
1188,0.0001,0
1189,0.0001,1500
1190,0.0001,0
1191,0.0001,1500
1192,0.0001,300
1193,0.0001,300
1194,0.0001,0
1195,0.0001,2100
1196,0.0001,0
1197,0.0001,1500
1198,0.0001,0
1199,0.0001,2100
1200,0.0001,700
1201,0.0001,400
1202,0.0001,20940
1203,0.0001,0
1204,0.0001,0
1205,0.0001,0
1206,0.0001,1200
1207,0.0001,0
1208,0.0001,0
1209,0.0001,900
1210,0.0001,0
1211,0.0001,400
1212,0.0001,3000
1213,0.0001,7980
1214,0.0001,1650
1215,0.0001,0
1216,0.0001,6980
1217,0.0001,400
1218,0.0001,20940
1219,0.0001,0
1220,0.0001,0
1221,0.0001,1200
1222,0.0001,0
1223,0.0001,0
1224,0.0001,900
1225,0.0001,700
1226,0.0001,900
1227,0.0001,0
1228,0.0001,27420
1229,0.0001,0
1230,0.0001,300
1231,0.0001,0
1232,0.0001,300
1233,0.0001,20640
1234,0.0001,1500
1235,0.0001,1500
1236,0.0001,400
1237,0.0001,0
1238,0.0001,0
1239,0.0001,0
1240,0.0001,1800
1241,0.0001,300
1242,0.0001,0
1243,0.0001,0
1244,0.0001,500
1245,0.0001,0
1246,0.0001,6120
1247,0.0001,0
1248,0.0001,0
1249,0.0001,0
1250,0.0001,0
1251,0.0001,0
1252,0.0001,0
1253,0.0001,400
1254,0.0001,0
1255,0.0001,400
1256,0.0001,1200
1257,0.0001,0
1258,0.0001,0
1259,0.0001,900
1260,0.0001,0
1261,0.0001,800
1262,0.0001,1600
1263,0.0001,0
1264,0.0001,2000
1265,0.0001,1200
1266,0.0001,900
1267,0.0001,1500
1268,0.0001,1500
1269,0.0001,900
1270,0.0001,750
1271,0.0001,0
1272,0.0001,450
1273,0.0001,2100
1274,0.0001,0
1275,0.0001,0
1276,0.0001,300
1277,0.0001,3000
1278,0.0001,240
1279,0.0001,0
1280,0.0001,0
1281,0.0001,1900
1282,0.0001,0
1283,0.0001,300
1284,0.0001,9900
1285,0.0001,400
1286,0.0001,0
1287,0.0001,940
1288,0.0001,0
1289,0.0001,0
1290,0.0001,1920
1291,0.0001,300
1292,0.0001,900
1293,0.0001,0
1294,0.0001,900
1295,0.0001,0
1296,0.0001,0
1297,0.0001,1500
1298,0.0001,5850
1299,0.0001,300
1300,0.0001,300
1301,0.0001,400
1302,0.0001,1200
1303,0.0001,45200
1304,0.0001,1800
1305,0.0001,1200
1306,0.0001,600
1307,0.0001,400
1308,0.0001,3400
1309,0.0001,1800
1310,0.0001,0
1311,0.0001,6000
1312,0.0001,0
1313,0.0001,0
1314,0.0001,3000
1315,0.0001,47280
1316,0.0001,0
1317,0.0001,0
1318,0.0001,3000
1319,0.0001,1200
1320,0.0001,0
1321,0.0001,0
1322,0.0001,800
1323,0.0001,0
1324,0.0001,0
1325,0.0001,4200
1326,0.0001,0
1327,0.0001,1400
1328,0.0001,16660
1329,0.0001,1680
1330,0.0001,2400
1331,0.0001,19800
1332,0.0001,20400
1333,0.0001,0
1334,0.0001,0
1335,0.0001,1200
1336,0.0001,4200
1337,0.0001,0
1338,0.0001,5040
1339,0.0001,3000
1340,0.0001,600
1341,0.0001,0
1342,0.0001,0
1343,0.0001,1800
1344,0.0001,600
1345,0.0001,600
1346,0.0001,300
1347,0.0001,300
1348,0.0001,900
1349,0.0001,0
1350,0.0001,0
1351,0.0001,900
1352,0.0001,20940
1353,0.0001,0
1354,0.0001,940
1355,0.0001,0
1356,0.0001,900
1357,0.0001,9000
1358,0.0001,0
1359,0.0001,1650
1360,0.0001,800
1361,0.0001,0
1362,0.0001,0
1363,0.0001,540
1364,0.0001,9240
1365,0.0001,5700
1366,0.0001,0
1367,0.0001,7060
1368,0.0001,450
1369,0.0001,900
1370,0.0001,0
1371,0.0001,0
1372,0.0001,0
1373,0.0001,900
1374,0.0001,300
1375,0.0001,300
1376,0.0001,0
1377,0.0001,900
1378,0.0001,0
1379,0.0001,3600
1380,0.0001,700
1381,0.0001,400
1382,0.0001,0
1383,0.0001,300
1384,0.0001,300
1385,0.0001,900
1386,0.0001,0
1387,0.0001,2250
1388,0.0001,8250
1389,0.0001,400
1390,0.0001,0
1391,0.0001,850
1392,0.0001,300
1393,0.0001,0
1394,0.0001,0
1395,0.0001,6880
1396,0.0001,900
1397,0.0001,0
1398,0.0001,3000
1399,0.0001,1500
1400,0.0001,800
1401,0.0001,400
1402,0.0001,900
1403,0.0001,0
1404,0.0001,0
1405,0.0001,400
1406,0.0001,0
1407,0.0001,1200
1408,0.0001,1200
1409,0.0001,1200
1410,0.0001,9000
1411,0.0001,900
1412,0.0001,300
1413,0.0001,0
1414,0.0001,400
1415,0.0001,0
1416,0.0001,0
1417,0.0001,400
1418,0.0001,2250
1419,0.0001,0
1420,0.0001,900
1421,0.0001,0
1422,0.0001,1200
1423,0.0001,0
1424,0.0001,600
1425,0.0001,1800
1426,0.0001,1500
1427,0.0001,3500
1428,0.0001,20640
1429,0.0001,900
1430,0.0001,0
1431,0.0001,900
1432,0.0001,1500
1433,0.0001,0
1434,0.0001,1200
1435,0.0001,0
1436,0.0001,900
1437,0.0001,300
1438,0.0001,400
1439,0.0001,1500
1440,0.0001,0
1441,0.0001,900
1442,0.0001,1200
1443,0.0001,0
1444,0.0001,1500
1445,0.0001,1920
1446,0.0001,10800
1447,0.0001,900
1448,0.0001,840
1449,0.0001,300
1450,0.0001,300
1451,0.0001,900
1452,0.0001,400
1453,0.0001,0
1454,0.0001,300
1455,0.0001,300
1456,0.0001,21840
1457,0.0001,300
1458,0.0001,900
1459,0.0001,0
1460,0.0001,1200
1461,0.0001,20940
1462,0.0001,0
1463,0.0001,400
1464,0.0001,2100
1465,0.0001,0
1466,0.0001,450
1467,0.0001,7980
1468,0.0001,900
1469,0.0001,16500
1470,0.0001,1200
1471,0.0001,800
1472,0.0001,10350
1473,0.0001,0
1474,0.0001,450
1475,0.0001,0
1476,0.0001,300
1477,0.0001,0
1478,0.0001,9220
1479,0.0001,0
1480,0.0001,400
1481,0.0001,500
1482,0.0001,0
1483,0.0001,0
1484,0.0001,400
1485,0.0001,900
1486,0.0001,0
1487,0.0001,800
1488,0.0001,1400
1489,0.0001,0
1490,0.0001,3450
1491,0.0001,900
1492,0.0001,0
1493,0.0001,0
1494,0.0001,0
1495,0.0001,0
1496,0.0001,3600
1497,0.0001,0
1498,0.0001,600
1499,0.0001,20640
1500,0.0001,0
1501,0.0001,0
1502,0.0001,10350
1503,0.0001,900
1504,0.0001,0
1505,0.0001,900
1506,0.0001,0
1507,0.0001,300
1508,0.0001,0
1509,0.0001,1500
1510,0.0001,1620
1511,0.0001,900
1512,0.0001,0
1513,0.0001,300
1514,0.0001,550
1515,0.0001,1200
1516,0.0001,600
1517,0.0001,900
1518,0.0001,900
1519,0.0001,300
1520,0.0001,0
1521,0.0001,0
1522,0.0001,0
1523,0.0001,0
1524,0.0001,0
1525,0.0001,800
1526,0.0001,4280
1527,0.0001,41160
1528,0.0001,600
1529,0.0001,0
1530,0.0001,8600
1531,0.0001,0
1532,0.0001,0
1533,0.0001,7400
1534,0.0001,0
1535,0.0001,1580
1536,0.0001,1400
1537,0.0001,800
1538,0.0001,1800
1539,0.0001,44280
1540,0.0001,1000
1541,0.0001,13760
1542,0.0001,1800
1543,0.0001,0
1544,0.0001,4200
1545,0.0001,0
1546,0.0001,0
1547,0.0001,0
1548,0.0001,0
1549,0.0001,900
1550,0.0001,27420
1551,0.0001,400
1552,0.0001,0
1553,0.0001,900
1554,0.0001,1500
1555,0.0001,0
1556,0.0001,400
1557,0.0001,700
1558,0.0001,0
1559,0.0001,9900
1560,0.0001,1500
1561,0.0001,2200
1562,0.0001,1500
1563,0.0001,0
1564,0.0001,900
1565,0.0001,700
1566,0.0001,0
1567,0.0001,1200
1568,0.0001,500
1569,0.0001,300
1570,0.0001,900
1571,0.0001,500
1572,0.0001,300
1573,0.0001,300
1574,0.0001,1500
1575,0.0001,7280
1576,0.0001,0
1577,0.0001,3600
1578,0.0001,400
1579,0.0001,840
1580,0.0001,1200
1581,0.0001,850
1582,0.0001,0
1583,0.0001,0
1584,0.0001,1900
1585,0.0001,0
1586,0.0001,0
1587,0.0001,550
1588,0.0001,1200
1589,0.0001,900
1590,0.0001,0
1591,0.0001,300
1592,0.0001,1800
1593,0.0001,0
1594,0.0001,0
1595,0.0001,900
1596,0.0001,2100
1597,0.0001,0
1598,0.0001,4390
1599,0.0001,20940
1600,0.0001,2400
1601,0.0001,840
1602,0.0001,0
1603,0.0001,4320
1604,0.0001,2000
1605,0.0001,1350
1606,0.0001,0
1607,0.0001,0
1608,0.0001,800
1609,0.0001,450
1610,0.0001,900
1611,0.0001,0
1612,0.0001,0
1613,0.0001,1860
1614,0.0001,5400
1615,0.0001,0
1616,0.0001,20790
1617,0.0001,0
1618,0.0001,0
1619,0.0001,300
1620,0.0001,3300
1621,0.0001,0
1622,0.0001,400
1623,0.0001,0
1624,0.0001,900
1625,0.0001,900
1626,0.0001,2100
1627,0.0001,3000
1628,0.0001,300
1629,0.0001,300
1630,0.0001,700
1631,0.0001,550
1632,0.0001,3550
1633,0.0001,300
1634,0.0001,400
1635,0.0001,0
1636,0.0001,700
1637,0.0001,1500
1638,0.0001,2100
1639,0.0001,400
1640,0.0001,1200
1641,0.0001,900
1642,0.0001,1500
1643,0.0001,1600
1644,0.0001,0
1645,0.0001,2700
1646,0.0001,0
1647,0.0001,300
1648,0.0001,800
1649,0.0001,300
1650,0.0001,0
1651,0.0001,0
1652,0.0001,900
1653,0.0001,9340
1654,0.0001,650
1655,0.0001,1500
1656,0.0001,900
1657,0.0001,600
1658,0.0001,900
1659,0.0001,900
1660,0.0001,1650
1661,0.0001,2250
1662,0.0001,0
1663,0.0001,0
1664,0.0001,900
1665,0.0001,34150
1666,0.0001,0
1667,0.0001,450
1668,0.0001,0
1669,0.0001,850
1670,0.0001,0
1671,0.0001,400
1672,0.0001,0
1673,0.0001,1300
1674,0.0001,1500
1675,0.0001,900
1676,0.0001,600
1677,0.0001,900
1678,0.0001,1500
1679,0.0001,0
1680,0.0001,0
1681,0.0001,500
1682,0.0001,6980
1683,0.0001,0
1684,0.0001,0
1685,0.0001,900
1686,0.0001,900
1687,0.0001,0
1688,0.0001,900
1689,0.0001,1500
1690,0.0001,0
1691,0.0001,300
1692,0.0001,900
1693,0.0001,300
1694,0.0001,3000
1695,0.0001,6000
1696,0.0001,300
1697,0.0001,300
1698,0.0001,3000
1699,0.0001,0
1700,0.0001,900
1701,0.0001,900
1702,0.0001,0
1703,0.0001,0
1704,0.0001,400
1705,0.0001,3000
1706,0.0001,1440
1707,0.0001,0
1708,0.0001,1500
1709,0.0001,900
1710,0.0001,900
1711,0.0001,0
1712,0.0001,900
1713,0.0001,500
1714,0.0001,5700
1715,0.0001,0
1716,0.0001,0
1717,0.0001,2100
1718,0.0001,0
1719,0.0001,300
1720,0.0001,3750
1721,0.0001,600
1722,0.0001,0
1723,0.0001,0
1724,0.0001,3450
1725,0.0001,300
1726,0.0001,0
1727,0.0001,150
1728,0.0001,450
1729,0.0001,2100
1730,0.0001,900
1731,0.0001,0
1732,0.0001,400
1733,0.0001,0
1734,0.0001,0
1735,0.0001,0
1736,0.0001,0
1737,0.0001,0
1738,0.0001,900
1739,0.0001,1200
1740,0.0001,1800
1741,0.0001,550
1742,0.0001,300
1743,0.0001,20340
1744,0.0001,0
1745,0.0001,0
1746,0.0001,500
1747,0.0001,300
1748,0.0001,1200
1749,0.0001,700
1750,0.0001,0
1751,0.0001,1200
1752,0.0001,900
1753,0.0001,7060
1754,0.0001,0
1755,0.0001,800
1756,0.0001,0
1757,0.0001,2100
1758,0.0001,0
1759,0.0001,900
1760,0.0001,1500
1761,0.0001,400
1762,0.0001,0
1763,0.0001,300
1764,0.0001,4320
1765,0.0001,3000
1766,0.0001,300
1767,0.0001,0
1768,0.0001,2250
1769,0.0001,840
1770,0.0001,0
1771,0.0001,0
1772,0.0001,700
1773,0.0001,1800
1774,0.0001,300
1775,0.0001,700
1776,0.0001,3690
1777,0.0001,0
1778,0.0001,1740
1779,0.0001,0
1780,0.0001,0
1781,0.0001,300
1782,0.0001,0
1783,0.0001,0
1784,0.0001,1500
1785,0.0001,450
1786,0.0001,900
1787,0.0001,0
1788,0.0001,0
1789,0.0001,300
1790,0.0001,500
1791,0.0001,6980
1792,0.0001,0
1793,0.0001,20640
1794,0.0001,0
1795,0.0001,900
1796,0.0001,0
1797,0.0001,300
1798,0.0001,0
1799,0.0001,620
1800,0.0001,0
1801,0.0001,0
1802,0.0001,0
1803,0.0001,900
1804,0.0001,2140
1805,0.0001,300
1806,0.0001,0
1807,0.0001,300
1808,0.0001,900
1809,0.0001,0
1810,0.0001,690
1811,0.0001,16500
1812,0.0001,0
1813,0.0001,0
1814,0.0001,16500
1815,0.0001,900
1816,0.0001,500
1817,0.0001,600
1818,0.0001,900
1819,0.0001,0
1820,0.0001,0
1821,0.0001,700
1822,0.0001,0
1823,0.0001,0
1824,0.0001,0
1825,0.0001,900
1826,0.0001,0
1827,0.0001,0
1828,0.0001,900
1829,0.0001,1200
1830,0.0001,400
1831,0.0001,0
1832,0.0001,1400
1833,0.0001,2100
1834,0.0001,600
1835,0.0001,0
1836,0.0001,0
1837,0.0001,500
1838,0.0001,1500
1839,0.0001,900
1840,0.0001,0
1841,0.0001,600
1842,0.0001,5400
1843,0.0001,700
1844,0.0001,0
1845,0.0001,0
1846,0.0001,0
1847,0.0001,0
1848,0.0001,0
1849,0.0001,900
1850,0.0001,8360
1851,0.0001,600
1852,0.0001,0
1853,0.0001,3000
1854,0.0001,1500
1855,0.0001,34400
1856,0.0001,700
1857,0.0001,2250
1858,0.0001,700
1859,0.0001,2100
1860,0.0001,0
1861,0.0001,0
1862,0.0001,1200
1863,0.0001,0
1864,0.0001,0
1865,0.0001,0
1866,0.0001,500
1867,0.0001,900
1868,0.0001,1500
1869,0.0001,300
1870,0.0001,400
1871,0.0001,0
1872,0.0001,2100
1873,0.0001,400
1874,0.0001,300
1875,0.0001,900
1876,0.0001,0
1877,0.0001,300
1878,0.0001,2250
1879,0.0001,900
1880,0.0001,0
1881,0.0001,0
1882,0.0001,1200
1883,0.0001,900
1884,0.0001,3900
1885,0.0001,1500
1886,0.0001,0
1887,0.0001,20940
1888,0.0001,0
1889,0.0001,0
1890,0.0001,300
1891,0.0001,0
1892,0.0001,1200
1893,0.0001,800
1894,0.0001,2000
1895,0.0001,2200
1896,0.0001,1500
1897,0.0001,0
1898,0.0001,2100
1899,0.0001,7060
1900,0.0001,400
1901,0.0001,0
1902,0.0001,1500
1903,0.0001,800
1904,0.0001,34400
1905,0.0001,940
1906,0.0001,800
1907,0.0001,0
1908,0.0001,0
1909,0.0001,300
1910,0.0001,300
1911,0.0001,500
1912,0.0001,2100
1913,0.0001,7080
1914,0.0001,0
1915,0.0001,0
1916,0.0001,1500
1917,0.0001,1500
1918,0.0001,1800
1919,0.0001,750
1920,0.0001,20640
1921,0.0001,0
1922,0.0001,5850
1923,0.0001,1200
1924,0.0001,1200
1925,0.0001,900
1926,0.0001,1200
1927,0.0001,800
1928,0.0001,900
1929,0.0001,1350
1930,0.0001,7080
1931,0.0001,34400
1932,0.0001,500
1933,0.0001,940
1934,0.0001,850
1935,0.0001,900
1936,0.0001,5670
1937,0.0001,0
1938,0.0001,7480
1939,0.0001,0
1940,0.0001,0
1941,0.0001,300
1942,0.0001,900
1943,0.0001,1500
1944,0.0001,1500
1945,0.0001,0
1946,0.0001,20940
1947,0.0001,0
1948,0.0001,0
1949,0.0001,1200
1950,0.0001,300
1951,0.0001,0
1952,0.0001,1200
1953,0.0001,0
1954,0.0001,0
1955,0.0001,0
1956,0.0001,300
1957,0.0001,0
1958,0.0001,900
1959,0.0001,900
1960,0.0001,16500
1961,0.0001,700
1962,0.0001,0
1963,0.0001,0
1964,0.0001,0
1965,0.0001,1800
1966,0.0001,3600
1967,0.0001,600
1968,0.0001,3400
1969,0.0001,2100
1970,0.0001,0
1971,0.0001,10000
1972,0.0001,0
1973,0.0001,34400
1974,0.0001,1500
1975,0.0001,0
1976,0.0001,900
1977,0.0001,700
1978,0.0001,1500
1979,0.0001,6980
1980,0.0001,400
1981,0.0001,300
1982,0.0001,3540
1983,0.0001,400
1984,0.0001,500
1985,0.0001,2200
1986,0.0001,0
1987,0.0001,0
1988,0.0001,1500
1989,0.0001,2000
1990,0.0001,1800
1991,0.0001,0
1992,0.0001,700
1993,0.0001,1200
1994,0.0001,600
1995,0.0001,300
1996,0.0001,1200
1997,0.0001,0
1998,0.0001,0
1999,0.0001,0
2000,0.0001,500
2001,0.0001,0
2002,0.0001,300
2003,0.0001,0
2004,0.0001,1800
2005,0.0001,300
2006,0.0001,0
2007,0.0001,0
2008,0.0001,1500
2009,0.0001,1200
2010,0.0001,0
2011,0.0001,1800
2012,0.0001,400
2013,0.0001,0
2014,0.0001,0
2015,0.0001,600
2016,0.0001,0
2017,0.0001,0
2018,0.0001,300
2019,0.0001,300
2020,0.0001,0
2021,0.0001,2100
2022,0.0001,800
2023,0.0001,0
2024,0.0001,0
2025,0.0001,6930
2026,0.0001,0
2027,0.0001,0
2028,0.0001,7080
2029,0.0001,900
2030,0.0001,0
2031,0.0001,1800
2032,0.0001,0
2033,0.0001,940
2034,0.0001,300
2035,0.0001,0
2036,0.0001,27420
2037,0.0001,1600
2038,0.0001,1200
2039,0.0001,0
2040,0.0001,0
2041,0.0001,0
2042,0.0001,1200
2043,0.0001,500
2044,0.0001,0
2045,0.0001,20640
2046,0.0001,300
2047,0.0001,6980
2048,0.0001,900
2049,0.0001,940
2050,0.0001,1200
2051,0.0001,0
2052,0.0001,1800
2053,0.0001,0
2054,0.0001,20820
2055,0.0001,1620
2056,0.0001,20790
2057,0.0001,0
2058,0.0001,6300
2059,0.0001,1500
2060,0.0001,0
2061,0.0001,7080
2062,0.0001,2100
2063,0.0001,0
2064,0.0001,2700
2065,0.0001,0
2066,0.0001,1620
2067,0.0001,3690
2068,0.0001,900
2069,0.0001,1200
2070,0.0001,0
2071,0.0001,20940
2072,0.0001,0
2073,0.0001,7030
2074,0.0001,0
2075,0.0001,0
2076,0.0001,0
2077,0.0001,940
2078,0.0001,900
2079,0.0001,1200
2080,0.0001,0
2081,0.0001,7030
2082,0.0001,3000
2083,0.0001,0
2084,0.0001,0
2085,0.0001,1500
2086,0.0001,0
2087,0.0001,0
2088,0.0001,1200
2089,0.0001,900
2090,0.0001,0
2091,0.0001,0
2092,0.0001,0
2093,0.0001,1800
2094,0.0001,600
2095,0.0001,1500
2096,0.0001,3000
2097,0.0001,300
2098,0.0001,3600
2099,0.0001,0
2100,0.0001,0
2101,0.0001,0
2102,0.0001,1200
2103,0.0001,500
2104,0.0001,0
2105,0.0001,7010
2106,0.0001,0
2107,0.0001,900
2108,0.0001,0
2109,0.0001,300
2110,0.0001,300
2111,0.0001,600
2112,0.0001,2100
2113,0.0001,900
2114,0.0001,300
2115,0.0001,0
2116,0.0001,0
2117,0.0001,1200
2118,0.0001,900
2119,0.0001,900
2120,0.0001,0
2121,0.0001,300
2122,0.0001,0
2123,0.0001,0
2124,0.0001,0
2125,0.0001,0
2126,0.0001,900
2127,0.0001,0
2128,0.0001,900
2129,0.0001,700
2130,0.0001,0
2131,0.0001,5400
2132,0.0001,0
2133,0.0001,2520
2134,0.0001,900
2135,0.0001,300
2136,0.0001,2100
2137,0.0001,300
2138,0.0001,1500
2139,0.0001,0
2140,0.0001,0
2141,0.0001,1620
2142,0.0001,0
2143,0.0001,900
2144,0.0001,850
2145,0.0001,700
2146,0.0001,690
2147,0.0001,900
2148,0.0001,0
2149,0.0001,900
2150,0.0001,400
2151,0.0001,4140
2152,0.0001,0
2153,0.0001,300
2154,0.0001,0
2155,0.0001,400
2156,0.0001,800
2157,0.0001,620
2158,0.0001,0
2159,0.0001,600
2160,0.0001,0
2161,0.0001,7030
2162,0.0001,0
2163,0.0001,0
2164,0.0001,0
2165,0.0001,0
2166,0.0001,790
2167,0.0001,650
2168,0.0001,3600
2169,0.0001,900
2170,0.0001,300
2171,0.0001,600
2172,0.0001,1200
2173,0.0001,2100
2174,0.0001,0
2175,0.0001,900
2176,0.0001,0
2177,0.0001,300
2178,0.0001,47460
2179,0.0001,3900
2180,0.0001,900
2181,0.0001,1200
2182,0.0001,0
2183,0.0001,0
2184,0.0001,2100
2185,0.0001,700
2186,0.0001,0
2187,0.0001,3300
2188,0.0001,0
2189,0.0001,2100
2190,0.0001,0
2191,0.0001,22140
2192,0.0001,900
2193,0.0001,900
2194,0.0001,300
2195,0.0001,0
2196,0.0001,0
2197,0.0001,3640
2198,0.0001,0
2199,0.0001,0
2200,0.0001,900
2201,0.0001,2000
2202,0.0001,0
2203,0.0001,1800
2204,0.0001,0
2205,0.0001,0
2206,0.0001,5400
2207,0.0001,2100
2208,0.0001,300
2209,0.0001,0
2210,0.0001,400
2211,0.0001,900
2212,0.0001,0
2213,0.0001,7080
2214,0.0001,0
2215,0.0001,0
2216,0.0001,2250
2217,0.0001,9040
2218,0.0001,1650
2219,0.0001,1600
2220,0.0001,400
2221,0.0001,900
2222,0.0001,1200
2223,0.0001,2250
2224,0.0001,400
2225,0.0001,0
2226,0.0001,0
2227,0.0001,640
2228,0.0001,0
2229,0.0001,400
2230,0.0001,1350
2231,0.0001,0
2232,0.0001,300
2233,0.0001,0
2234,0.0001,0
2235,0.0001,400
2236,0.0001,900
2237,0.0001,0
2238,0.0001,6880
2239,0.0001,1500
2240,0.0001,0
2241,0.0001,900
2242,0.0001,0
2243,0.0001,2100
2244,0.0001,0
2245,0.0001,900
2246,0.0001,0
2247,0.0001,900
2248,0.0001,0
2249,0.0001,2250
2250,0.0001,1500
2251,0.0001,0
2252,0.0001,900
2253,0.0001,1200
2254,0.0001,1800
2255,0.0001,900
2256,0.0001,500
2257,0.0001,900
2258,0.0001,0
2259,0.0001,0
2260,0.0001,0
2261,0.0001,300
2262,0.0001,3840
2263,0.0001,34400
2264,0.0001,400
2265,0.0001,900
2266,0.0001,300
2267,0.0001,2100
2268,0.0001,1500
2269,0.0001,1800
2270,0.0001,1200
2271,0.0001,400
2272,0.0001,2100
2273,0.0001,800
2274,0.0001,300
2275,0.0001,0
2276,0.0001,400
2277,0.0001,1500
2278,0.0001,400
2279,0.0001,0
2280,0.0001,0
2281,0.0001,0
2282,0.0001,7130
2283,0.0001,2100
2284,0.0001,0
2285,0.0001,1800
2286,0.0001,900
2287,0.0001,600
2288,0.0001,300
2289,0.0001,900
2290,0.0001,600
2291,0.0001,20940
2292,0.0001,0
2293,0.0001,0
2294,0.0001,0
2295,0.0001,300
2296,0.0001,300
2297,0.0001,500
2298,0.0001,900
2299,0.0001,0
2300,0.0001,750
2301,0.0001,1600
2302,0.0001,1500
2303,0.0001,2000
2304,0.0001,0
2305,0.0001,300
2306,0.0001,900
2307,0.0001,600
2308,0.0001,0
2309,0.0001,300
2310,0.0001,400
2311,0.0001,0
2312,0.0001,300
2313,0.0001,1350
2314,0.0001,7080
2315,0.0001,0
2316,0.0001,0
2317,0.0001,7380
2318,0.0001,0
2319,0.0001,550
2320,0.0001,300
2321,0.0001,300
2322,0.0001,0
2323,0.0001,0
2324,0.0001,5700
2325,0.0001,900
2326,0.0001,300
2327,0.0001,0
2328,0.0001,300
2329,0.0001,1800
2330,0.0001,300
2331,0.0001,550
2332,0.0001,9240
2333,0.0001,800
2334,0.0001,0
2335,0.0001,1800
2336,0.0001,0
2337,0.0001,20640
2338,0.0001,900
2339,0.0001,900
2340,0.0001,900
2341,0.0001,300
2342,0.0001,0
2343,0.0001,0
2344,0.0001,400
2345,0.0001,850
2346,0.0001,0
2347,0.0001,400
2348,0.0001,300
2349,0.0001,1620
2350,0.0001,27420
2351,0.0001,300
2352,0.0001,800
2353,0.0001,1200
2354,0.0001,1500
2355,0.0001,0
2356,0.0001,2000
2357,0.0001,0
2358,0.0001,600
2359,0.0001,900
2360,0.0001,0
2361,0.0001,700
2362,0.0001,300
2363,0.0001,2100
2364,0.0001,0
2365,0.0001,2800
2366,0.0001,400
2367,0.0001,500
2368,0.0001,1500
2369,0.0001,0
2370,0.0001,0
2371,0.0001,1620
2372,0.0001,990
2373,0.0001,0
2374,0.0001,300
2375,0.0001,1300
2376,0.0001,0
2377,0.0001,0
2378,0.0001,600
2379,0.0001,10350
2380,0.0001,0
2381,0.0001,2100
2382,0.0001,0
2383,0.0001,0
2384,0.0001,0
2385,0.0001,900
2386,0.0001,0
2387,0.0001,0
2388,0.0001,0
2389,0.0001,0
2390,0.0001,0
2391,0.0001,0
2392,0.0001,900
2393,0.0001,0
2394,0.0001,7080
2395,0.0001,9000
2396,0.0001,300
2397,0.0001,0
2398,0.0001,6980
2399,0.0001,0
2400,0.0001,0
2401,0.0001,600
2402,0.0001,7780
2403,0.0001,900
2404,0.0001,0
2405,0.0001,1500
2406,0.0001,1300
2407,0.0001,1200
2408,0.0001,1800
2409,0.0001,0
2410,0.0001,7980
2411,0.0001,2250
2412,0.0001,0
2413,0.0001,10800
2414,0.0001,0
2415,0.0001,0
2416,0.0001,0
2417,0.0001,2100
2418,0.0001,0
2419,0.0001,0
2420,0.0001,4200
2421,0.0001,1500
2422,0.0001,2070
2423,0.0001,9000
2424,0.0001,300
2425,0.0001,0
2426,0.0001,6980
2427,0.0001,0
2428,0.0001,300
2429,0.0001,940
2430,0.0001,0
2431,0.0001,900
2432,0.0001,0
2433,0.0001,500
2434,0.0001,0
2435,0.0001,0
2436,0.0001,7040
2437,0.0001,700
2438,0.0001,7080
2439,0.0001,300
2440,0.0001,0
2441,0.0001,1800
2442,0.0001,0
2443,0.0001,600
2444,0.0001,1200
2445,0.0001,0
2446,0.0001,0
2447,0.0001,0
2448,0.0001,0
2449,0.0001,0
2450,0.0001,20880
2451,0.0001,800
2452,0.0001,300
2453,0.0001,300
2454,0.0001,300
2455,0.0001,900
2456,0.0001,14700
2457,0.0001,0
2458,0.0001,0
2459,0.0001,0
2460,0.0001,0
2461,0.0001,300
2462,0.0001,20640
2463,0.0001,1500
2464,0.0001,0
2465,0.0001,500
2466,0.0001,900
2467,0.0001,750
2468,0.0001,900
2469,0.0001,1920
2470,0.0001,1800
2471,0.0001,2000
2472,0.0001,1200
2473,0.0001,5850
2474,0.0001,700
2475,0.0001,0
2476,0.0001,4500
2477,0.0001,20940
2478,0.0001,300
2479,0.0001,640
2480,0.0001,1200
2481,0.0001,0
2482,0.0001,700
2483,0.0001,1200
2484,0.0001,900
2485,0.0001,0
2486,0.0001,300
2487,0.0001,700
2488,0.0001,0
2489,0.0001,300
2490,0.0001,300
2491,0.0001,0
2492,0.0001,2250
2493,0.0001,1200
2494,0.0001,1500
2495,0.0001,600
2496,0.0001,1300
2497,0.0001,1200
2498,0.0001,1500
2499,0.0001,2700
2500,0.0001,700
2501,0.0001,0
2502,0.0001,900
2503,0.0001,1200
2504,0.0001,400
2505,0.0001,0
2506,0.0001,0
2507,0.0001,300
2508,0.0001,7080
2509,0.0001,0
2510,0.0001,1500
2511,0.0001,0
2512,0.0001,0
2513,0.0001,300
2514,0.0001,300
2515,0.0001,900
2516,0.0001,0
2517,0.0001,900
2518,0.0001,1800
2519,0.0001,0
2520,0.0001,300
2521,0.0001,0
2522,0.0001,500
2523,0.0001,500
2524,0.0001,0
2525,0.0001,1300
2526,0.0001,1500
2527,0.0001,2100
2528,0.0001,1200
2529,0.0001,2000
2530,0.0001,600
2531,0.0001,400
2532,0.0001,0
2533,0.0001,300
2534,0.0001,2340
2535,0.0001,1200
2536,0.0001,1200
2537,0.0001,300
2538,0.0001,7080
2539,0.0001,900
2540,0.0001,0
2541,0.0001,0
2542,0.0001,900
2543,0.0001,0
2544,0.0001,0
2545,0.0001,6930
2546,0.0001,0
2547,0.0001,20880
2548,0.0001,640
2549,0.0001,10800
2550,0.0001,7030
2551,0.0001,0
2552,0.0001,550
2553,0.0001,900
2554,0.0001,600
2555,0.0001,0
2556,0.0001,300
2557,0.0001,0
2558,0.0001,300
2559,0.0001,900
2560,0.0001,0
2561,0.0001,0
2562,0.0001,1800
2563,0.0001,0
2564,0.0001,0
2565,0.0001,400
2566,0.0001,1200
2567,0.0001,900
2568,0.0001,400
2569,0.0001,0
2570,0.0001,700
2571,0.0001,0
2572,0.0001,600
2573,0.0001,0
2574,0.0001,900
2575,0.0001,21540
2576,0.0001,900
2577,0.0001,0
2578,0.0001,900
2579,0.0001,0
2580,0.0001,300
2581,0.0001,750
2582,0.0001,900
2583,0.0001,300
2584,0.0001,0
2585,0.0001,1500
2586,0.0001,1200
2587,0.0001,400
2588,0.0001,0
2589,0.0001,0
2590,0.0001,0
2591,0.0001,0
2592,0.0001,7030
2593,0.0001,20640
2594,0.0001,600
2595,0.0001,900
2596,0.0001,850
2597,0.0001,0
2598,0.0001,300
2599,0.0001,0
2600,0.0001,990
2601,0.0001,0
2602,0.0001,34400
2603,0.0001,300
2604,0.0001,0
2605,0.0001,900
2606,0.0001,5400
2607,0.0001,500
2608,0.0001,1900
2609,0.0001,1650
2610,0.0001,900
2611,0.0001,850
2612,0.0001,900
2613,0.0001,0
2614,0.0001,600
2615,0.0001,300
2616,0.0001,0
2617,0.0001,300
2618,0.0001,0
2619,0.0001,2200
2620,0.0001,1200
2621,0.0001,0
2622,0.0001,0
2623,0.0001,2520
2624,0.0001,600
2625,0.0001,2100
2626,0.0001,1500
2627,0.0001,0
2628,0.0001,0
2629,0.0001,300
2630,0.0001,0
2631,0.0001,1500
2632,0.0001,900
2633,0.0001,0
2634,0.0001,0
2635,0.0001,1350
2636,0.0001,0
2637,0.0001,7480
2638,0.0001,300
2639,0.0001,0
2640,0.0001,0
2641,0.0001,720
2642,0.0001,1500
2643,0.0001,720
2644,0.0001,0
2645,0.0001,900
2646,0.0001,0
2647,0.0001,0
2648,0.0001,0
2649,0.0001,470
2650,0.0001,0
2651,0.0001,0
2652,0.0001,0
2653,0.0001,300
2654,0.0001,0
2655,0.0001,0
2656,0.0001,0
2657,0.0001,0
2658,0.0001,900
2659,0.0001,0
2660,0.0001,1800
2661,0.0001,400
2662,0.0001,2200
2663,0.0001,6930
2664,0.0001,0
2665,0.0001,1500
2666,0.0001,300
2667,0.0001,500
2668,0.0001,700
2669,0.0001,0
2670,0.0001,300
2671,0.0001,300
2672,0.0001,900
2673,0.0001,0
2674,0.0001,300
2675,0.0001,500
2676,0.0001,0
2677,0.0001,2100
2678,0.0001,900
2679,0.0001,1200
2680,0.0001,9140
2681,0.0001,2250
2682,0.0001,900
2683,0.0001,0
2684,0.0001,7280
2685,0.0001,1800
2686,0.0001,400
2687,0.0001,0
2688,0.0001,640
2689,0.0001,0
2690,0.0001,600
2691,0.0001,1500
2692,0.0001,640
2693,0.0001,300
2694,0.0001,5400
2695,0.0001,0
2696,0.0001,900
2697,0.0001,0
2698,0.0001,0
2699,0.0001,900
2700,0.0001,0
2701,0.0001,9000
2702,0.0001,400
2703,0.0001,2700
2704,0.0001,1500
2705,0.0001,640
2706,0.0001,1500
2707,0.0001,0
2708,0.0001,900
2709,0.0001,0
2710,0.0001,900
2711,0.0001,0
2712,0.0001,0
2713,0.0001,34400
2714,0.0001,700
2715,0.0001,300
2716,0.0001,1500
2717,0.0001,0
2718,0.0001,10620
2719,0.0001,0
2720,0.0001,0
2721,0.0001,0
2722,0.0001,6300
2723,0.0001,0
2724,0.0001,3000
2725,0.0001,0
2726,0.0001,0
2727,0.0001,300
2728,0.0001,900
2729,0.0001,0
2730,0.0001,400
2731,0.0001,1200
2732,0.0001,600
2733,0.0001,300
2734,0.0001,1500
2735,0.0001,34400
2736,0.0001,0
2737,0.0001,1200
2738,0.0001,9900
2739,0.0001,0
2740,0.0001,900
2741,0.0001,400
2742,0.0001,0
2743,0.0001,20940
2744,0.0001,1500
2745,0.0001,0
2746,0.0001,0
2747,0.0001,900
2748,0.0001,300
2749,0.0001,0
2750,0.0001,0
2751,0.0001,300
2752,0.0001,0
2753,0.0001,0
2754,0.0001,940
2755,0.0001,0
2756,0.0001,0
2757,0.0001,2250
2758,0.0001,7080
2759,0.0001,900
2760,0.0001,20940
2761,0.0001,1800
2762,0.0001,0
2763,0.0001,2000
2764,0.0001,500
2765,0.0001,840
2766,0.0001,940
2767,0.0001,900
2768,0.0001,300
2769,0.0001,900
2770,0.0001,3000
2771,0.0001,0
2772,0.0001,300
2773,0.0001,9240
2774,0.0001,2100
2775,0.0001,0
2776,0.0001,1200
2777,0.0001,400
2778,0.0001,0
2779,0.0001,1200
2780,0.0001,0
2781,0.0001,0
2782,0.0001,400
2783,0.0001,0
2784,0.0001,0
2785,0.0001,900
2786,0.0001,600
2787,0.0001,0
2788,0.0001,3400
2789,0.0001,0
2790,0.0001,0
2791,0.0001,300
2792,0.0001,9140
2793,0.0001,0
2794,0.0001,0
2795,0.0001,450
2796,0.0001,0
2797,0.0001,3420
2798,0.0001,300
2799,0.0001,150
2800,0.0001,2100
2801,0.0001,300
2802,0.0001,1200
2803,0.0001,0
2804,0.0001,6980
2805,0.0001,1920
2806,0.0001,400
2807,0.0001,7080
2808,0.0001,1500
2809,0.0001,0
2810,0.0001,0
2811,0.0001,300
2812,0.0001,1800
2813,0.0001,9170
2814,0.0001,0
2815,0.0001,1800
2816,0.0001,0
2817,0.0001,0
2818,0.0001,0
2819,0.0001,640
2820,0.0001,1500
2821,0.0001,0
2822,0.0001,1200
2823,0.0001,1300
2824,0.0001,0
2825,0.0001,0
2826,0.0001,3000
2827,0.0001,0
2828,0.0001,9140
2829,0.0001,9000
2830,0.0001,0
2831,0.0001,0
2832,0.0001,2100
2833,0.0001,1200
2834,0.0001,0
2835,0.0001,0
2836,0.0001,1500
2837,0.0001,300
2838,0.0001,300
2839,0.0001,1800
2840,0.0001,300
2841,0.0001,0
2842,0.0001,0
2843,0.0001,0
2844,0.0001,0
2845,0.0001,0
2846,0.0001,0
2847,0.0001,0
2848,0.0001,900
2849,0.0001,33900
2850,0.0001,300
2851,0.0001,400
2852,0.0001,900
2853,0.0001,0
2854,0.0001,900
2855,0.0001,0
2856,0.0001,0
2857,0.0001,1200
2858,0.0001,500
2859,0.0001,1800
2860,0.0001,21390
2861,0.0001,0
2862,0.0001,7030
2863,0.0001,0
2864,0.0001,0
2865,0.0001,900
2866,0.0001,400
2867,0.0001,700
2868,0.0001,0
2869,0.0001,900
2870,0.0001,400
2871,0.0001,900
2872,0.0001,0
2873,0.0001,1800
2874,0.0001,450
2875,0.0001,900
2876,0.0001,0
2877,0.0001,400
2878,0.0001,0
2879,0.0001,0
2880,0.0001,1500
2881,0.0001,0
2882,0.0001,0
2883,0.0001,0
2884,0.0001,900
2885,0.0001,0
2886,0.0001,2000
2887,0.0001,900
2888,0.0001,0
2889,0.0001,5400
2890,0.0001,300
2891,0.0001,1650
2892,0.0001,400
2893,0.0001,0
2894,0.0001,1200
2895,0.0001,900
2896,0.0001,0
2897,0.0001,1500
2898,0.0001,0
2899,0.0001,0
2900,0.0001,500
2901,0.0001,0
2902,0.0001,1500
2903,0.0001,0
2904,0.0001,0
2905,0.0001,300
2906,0.0001,300
2907,0.0001,300
2908,0.0001,0
2909,0.0001,0
2910,0.0001,300
2911,0.0001,300
2912,0.0001,2100
2913,0.0001,9000
2914,0.0001,1350
2915,0.0001,0
2916,0.0001,1800
2917,0.0001,1500
2918,0.0001,0
2919,0.0001,0
2920,0.0001,450
2921,0.0001,0
2922,0.0001,300
2923,0.0001,0
2924,0.0001,2700
2925,0.0001,300
2926,0.0001,900
2927,0.0001,1200
2928,0.0001,0
2929,0.0001,1500
2930,0.0001,0
2931,0.0001,300
2932,0.0001,2250
2933,0.0001,0
2934,0.0001,900
2935,0.0001,0
2936,0.0001,300
2937,0.0001,400
2938,0.0001,1200
2939,0.0001,1620
2940,0.0001,1200
2941,0.0001,700
2942,0.0001,2100
2943,0.0001,300
2944,0.0001,850
2945,0.0001,20490
2946,0.0001,0
2947,0.0001,4500
2948,0.0001,450
2949,0.0001,0
2950,0.0001,1200
2951,0.0001,900
2952,0.0001,550
2953,0.0001,0
2954,0.0001,0
2955,0.0001,20940
2956,0.0001,0
2957,0.0001,20940
2958,0.0001,800
2959,0.0001,550
2960,0.0001,0
2961,0.0001,0
2962,0.0001,300
2963,0.0001,0
2964,0.0001,900
2965,0.0001,0
2966,0.0001,900
2967,0.0001,400
2968,0.0001,0
2969,0.0001,0
2970,0.0001,0
2971,0.0001,600
2972,0.0001,1350
2973,0.0001,2520
2974,0.0001,300
2975,0.0001,0
2976,0.0001,300
2977,0.0001,740
2978,0.0001,1800
2979,0.0001,400
2980,0.0001,600
2981,0.0001,300
2982,0.0001,900
2983,0.0001,300
2984,0.0001,2000
2985,0.0001,300
2986,0.0001,0
2987,0.0001,400
2988,0.0001,900
2989,0.0001,500
2990,0.0001,1600
2991,0.0001,300
2992,0.0001,900
2993,0.0001,900
2994,0.0001,900
2995,0.0001,0
2996,0.0001,850
2997,0.0001,3000
2998,0.0001,300
2999,0.0001,0
3000,0.0001,1200
3001,0.0001,750
3002,0.0001,0
3003,0.0001,23640
3004,0.0001,0
3005,0.0001,400
3006,0.0001,400
3007,0.0001,1800
3008,0.0001,900
3009,0.0001,0
3010,0.0001,0
3011,0.0001,500
3012,0.0001,900
3013,0.0001,1800
3014,0.0001,900
3015,0.0001,0
3016,0.0001,2000
3017,0.0001,0
3018,0.0001,0
3019,0.0001,0
3020,0.0001,0
3021,0.0001,300
3022,0.0001,0
3023,0.0001,0
3024,0.0001,0
3025,0.0001,3550
3026,0.0001,900
3027,0.0001,0
3028,0.0001,2000
3029,0.0001,0
3030,0.0001,1500
3031,0.0001,300
3032,0.0001,1920
3033,0.0001,34300
3034,0.0001,9000
3035,0.0001,700
3036,0.0001,750
3037,0.0001,650
3038,0.0001,400
3039,0.0001,300
3040,0.0001,0
3041,0.0001,1500
3042,0.0001,0
3043,0.0001,0
3044,0.0001,0
3045,0.0001,20940
3046,0.0001,0
3047,0.0001,0
3048,0.0001,1200
3049,0.0001,0
3050,0.0001,0
3051,0.0001,0
3052,0.0001,1800
3053,0.0001,33900
3054,0.0001,0
3055,0.0001,600
3056,0.0001,7080
3057,0.0001,900
3058,0.0001,0
3059,0.0001,3840
3060,0.0001,0
3061,0.0001,0
3062,0.0001,0
3063,0.0001,1350
3064,0.0001,0
3065,0.0001,900
3066,0.0001,0
3067,0.0001,0
3068,0.0001,0
3069,0.0001,1500
3070,0.0001,300
3071,0.0001,1200
3072,0.0001,300
3073,0.0001,2070
3074,0.0001,1500
3075,0.0001,0
3076,0.0001,900
3077,0.0001,0
3078,0.0001,5100
3079,0.0001,0
3080,0.0001,0
3081,0.0001,900
3082,0.0001,2100
3083,0.0001,500
3084,0.0001,1200
3085,0.0001,1500
3086,0.0001,0
3087,0.0001,900
3088,0.0001,0
3089,0.0001,0
3090,0.0001,500
3091,0.0001,0
3092,0.0001,7080
3093,0.0001,0
3094,0.0001,1800
3095,0.0001,0
3096,0.0001,0
3097,0.0001,0
3098,0.0001,0
3099,0.0001,0
3100,0.0001,1500
3101,0.0001,1650
3102,0.0001,0
3103,0.0001,2100
3104,0.0001,2100
3105,0.0001,0
3106,0.0001,1500
3107,0.0001,2250
3108,0.0001,0
3109,0.0001,0
3110,0.0001,300
3111,0.0001,300
3112,0.0001,0
3113,0.0001,0
3114,0.0001,1200
3115,0.0001,0
3116,0.0001,1500
3117,0.0001,400
3118,0.0001,0
3119,0.0001,1500
3120,0.0001,0
3121,0.0001,300
3122,0.0001,0
3123,0.0001,22140
3124,0.0001,0
3125,0.0001,7030
3126,0.0001,300
3127,0.0001,300
3128,0.0001,1920
3129,0.0001,850
3130,0.0001,800
3131,0.0001,6300
3132,0.0001,5400
3133,0.0001,0
3134,0.0001,300
3135,0.0001,900
3136,0.0001,0
3137,0.0001,9190
3138,0.0001,2000
3139,0.0001,0
3140,0.0001,900
3141,0.0001,0
3142,0.0001,300
3143,0.0001,400
3144,0.0001,450
3145,0.0001,750
3146,0.0001,20640
3147,0.0001,900
3148,0.0001,0
3149,0.0001,0
3150,0.0001,0
3151,0.0001,0
3152,0.0001,0
3153,0.0001,0
3154,0.0001,20490
3155,0.0001,400
3156,0.0001,20940
3157,0.0001,300
3158,0.0001,900
3159,0.0001,0
3160,0.0001,2700
3161,0.0001,0
3162,0.0001,0
3163,0.0001,300
3164,0.0001,3400
3165,0.0001,0
3166,0.0001,300
3167,0.0001,300
3168,0.0001,400
3169,0.0001,400
3170,0.0001,400
3171,0.0001,500
3172,0.0001,450
3173,0.0001,300
3174,0.0001,900
3175,0.0001,1500
3176,0.0001,1350
3177,0.0001,640
3178,0.0001,0
3179,0.0001,0
3180,0.0001,900
3181,0.0001,600
3182,0.0001,600
3183,0.0001,0
3184,0.0001,0
3185,0.0001,0
3186,0.0001,400
3187,0.0001,300
3188,0.0001,0
3189,0.0001,900
3190,0.0001,0
3191,0.0001,0
3192,0.0001,0
3193,0.0001,900
3194,0.0001,900
3195,0.0001,9900
3196,0.0001,0
3197,0.0001,1200
3198,0.0001,700
3199,0.0001,700
3200,0.0001,1800
3201,0.0001,900
3202,0.0001,0
3203,0.0001,900
3204,0.0001,900
3205,0.0001,0
3206,0.0001,4900
3207,0.0001,900
3208,0.0001,300
3209,0.0001,400
3210,0.0001,4320
3211,0.0001,0
3212,0.0001,0
3213,0.0001,0
3214,0.0001,300
3215,0.0001,0
3216,0.0001,1500
3217,0.0001,300
3218,0.0001,0
3219,0.0001,900
3220,0.0001,300
3221,0.0001,0
3222,0.0001,900
3223,0.0001,0
3224,0.0001,1500
3225,0.0001,300
3226,0.0001,1800
3227,0.0001,400
3228,0.0001,8100
3229,0.0001,0
3230,0.0001,0
3231,0.0001,1200
3232,0.0001,900
3233,0.0001,0
3234,0.0001,900
3235,0.0001,0
3236,0.0001,0
3237,0.0001,0
3238,0.0001,7080
3239,0.0001,600
3240,0.0001,2100
3241,0.0001,0
3242,0.0001,0
3243,0.0001,900
3244,0.0001,2200
3245,0.0001,300
3246,0.0001,20940
3247,0.0001,400
3248,0.0001,4500
3249,0.0001,900
3250,0.0001,1500
3251,0.0001,0
3252,0.0001,1800
3253,0.0001,300
3254,0.0001,300
3255,0.0001,1200
3256,0.0001,900
3257,0.0001,300
3258,0.0001,1860
3259,0.0001,0
3260,0.0001,1500
3261,0.0001,20940
3262,0.0001,640
3263,0.0001,300
3264,0.0001,600
3265,0.0001,0
3266,0.0001,700
3267,0.0001,400
3268,0.0001,1500
3269,0.0001,0
3270,0.0001,2000
3271,0.0001,400
3272,0.0001,900
3273,0.0001,1350
3274,0.0001,0
3275,0.0001,34400
3276,0.0001,300
3277,0.0001,2100
3278,0.0001,1500
3279,0.0001,300
3280,0.0001,0
3281,0.0001,1200
3282,0.0001,0
3283,0.0001,0
3284,0.0001,600
3285,0.0001,400
3286,0.0001,0
3287,0.0001,7380
3288,0.0001,0
3289,0.0001,300
3290,0.0001,900
3291,0.0001,0
3292,0.0001,7960
3293,0.0001,0
3294,0.0001,2100
3295,0.0001,0
3296,0.0001,0
3297,0.0001,640
3298,0.0001,0
3299,0.0001,0
3300,0.0001,400
3301,0.0001,0
3302,0.0001,750
3303,0.0001,500
3304,0.0001,0
3305,0.0001,1500
3306,0.0001,0
3307,0.0001,0
3308,0.0001,0
3309,0.0001,0
3310,0.0001,300
3311,0.0001,0
3312,0.0001,300
3313,0.0001,900
3314,0.0001,900
3315,0.0001,700
3316,0.0001,2100
3317,0.0001,900
3318,0.0001,900
3319,0.0001,0
3320,0.0001,1200
3321,0.0001,2100
3322,0.0001,1200
3323,0.0001,600
3324,0.0001,0
3325,0.0001,0
3326,0.0001,0
3327,0.0001,0
3328,0.0001,9900
3329,0.0001,0
3330,0.0001,300
3331,0.0001,300
3332,0.0001,0
3333,0.0001,2200
3334,0.0001,300
3335,0.0001,900
3336,0.0001,2000
3337,0.0001,300
3338,0.0001,3900
3339,0.0001,700
3340,0.0001,0
3341,0.0001,400
3342,0.0001,900
3343,0.0001,700
3344,0.0001,0
3345,0.0001,0
3346,0.0001,1500
3347,0.0001,500
3348,0.0001,6980
3349,0.0001,0
3350,0.0001,0
3351,0.0001,0
3352,0.0001,900
3353,0.0001,300
3354,0.0001,900
3355,0.0001,0
3356,0.0001,1620
3357,0.0001,1500
3358,0.0001,0
3359,0.0001,1500
3360,0.0001,0
3361,0.0001,300
3362,0.0001,300
3363,0.0001,900
3364,0.0001,1590
3365,0.0001,1200
3366,0.0001,0
3367,0.0001,300
3368,0.0001,400
3369,0.0001,0
3370,0.0001,6980
3371,0.0001,900
3372,0.0001,900
3373,0.0001,0
3374,0.0001,4500
3375,0.0001,2000
3376,0.0001,2250
3377,0.0001,20640
3378,0.0001,0
3379,0.0001,400
3380,0.0001,0
3381,0.0001,0
3382,0.0001,1200
3383,0.0001,300
3384,0.0001,1500
3385,0.0001,1200
3386,0.0001,900
3387,0.0001,0
3388,0.0001,600
3389,0.0001,900
3390,0.0001,700
3391,0.0001,900
3392,0.0001,300
3393,0.0001,900
3394,0.0001,0
3395,0.0001,0
3396,0.0001,7060
3397,0.0001,0
3398,0.0001,1200
3399,0.0001,2340
3400,0.0001,0
3401,0.0001,0
3402,0.0001,6930
3403,0.0001,0
3404,0.0001,300
3405,0.0001,0
3406,0.0001,750
3407,0.0001,300
3408,0.0001,2520
3409,0.0001,3400
3410,0.0001,240
3411,0.0001,850
3412,0.0001,850
3413,0.0001,900
3414,0.0001,7240
3415,0.0001,900
3416,0.0001,2000
3417,0.0001,2250
3418,0.0001,300
3419,0.0001,400
3420,0.0001,0
3421,0.0001,0
3422,0.0001,2200
3423,0.0001,2100
3424,0.0001,0
3425,0.0001,7500
3426,0.0001,34400
3427,0.0001,500
3428,0.0001,1200
3429,0.0001,900
3430,0.0001,0
3431,0.0001,0
3432,0.0001,0
3433,0.0001,900
3434,0.0001,6980
3435,0.0001,0
3436,0.0001,6980
3437,0.0001,0
3438,0.0001,0
3439,0.0001,900
3440,0.0001,1200
3441,0.0001,600
3442,0.0001,0
3443,0.0001,300
3444,0.0001,2000
3445,0.0001,0
3446,0.0001,0
3447,0.0001,10200
3448,0.0001,400
3449,0.0001,400
3450,0.0001,0
3451,0.0001,900
3452,0.0001,0
3453,0.0001,0
3454,0.0001,900
3455,0.0001,0
3456,0.0001,0
3457,0.0001,3450
3458,0.0001,400
3459,0.0001,900
3460,0.0001,0
3461,0.0001,0
3462,0.0001,2040
3463,0.0001,0
3464,0.0001,0
3465,0.0001,900
3466,0.0001,400
3467,0.0001,0
3468,0.0001,0
3469,0.0001,400
3470,0.0001,1650
3471,0.0001,0
3472,0.0001,600
3473,0.0001,2100
3474,0.0001,0
3475,0.0001,900
3476,0.0001,400
3477,0.0001,0
3478,0.0001,300
3479,0.0001,400
3480,0.0001,300
3481,0.0001,9620
3482,0.0001,1920
3483,0.0001,9240
3484,0.0001,3840
3485,0.0001,0
3486,0.0001,700
3487,0.0001,900
3488,0.0001,1800
3489,0.0001,10800
3490,0.0001,300
3491,0.0001,27120
3492,0.0001,700
3493,0.0001,300
3494,0.0001,300
3495,0.0001,20640
3496,0.0001,900
3497,0.0001,300
3498,0.0001,0
3499,0.0001,1500
3500,0.0001,9240
3501,0.0001,900
3502,0.0001,6880
3503,0.0001,720
3504,0.0001,1500
3505,0.0001,3600
3506,0.0001,0
3507,0.0001,900
3508,0.0001,300
3509,0.0001,1800
3510,0.0001,900
3511,0.0001,0
3512,0.0001,0
3513,0.0001,550
3514,0.0001,900
3515,0.0001,0
3516,0.0001,1200
3517,0.0001,300
3518,0.0001,900
3519,0.0001,0
3520,0.0001,7480
3521,0.0001,2100
3522,0.0001,300
3523,0.0001,0
3524,0.0001,400
3525,0.0001,400
3526,0.0001,7060
3527,0.0001,800
3528,0.0001,0
3529,0.0001,5400
3530,0.0001,400
3531,0.0001,2600
3532,0.0001,2000
3533,0.0001,2700
3534,0.0001,900
3535,0.0001,1500
3536,0.0001,7060
3537,0.0001,0
3538,0.0001,0
3539,0.0001,0
3540,0.0001,2100
3541,0.0001,150
3542,0.0001,20940
3543,0.0001,0
3544,0.0001,0
3545,0.0001,0
3546,0.0001,900
3547,0.0001,0
3548,0.0001,0
3549,0.0001,0
3550,0.0001,900
3551,0.0001,300
3552,0.0001,0
3553,0.0001,5220
3554,0.0001,2100
3555,0.0001,7680
3556,0.0001,1620
3557,0.0001,450
3558,0.0001,400
3559,0.0001,1350
3560,0.0001,0
3561,0.0001,400
3562,0.0001,9140
3563,0.0001,3000
3564,0.0001,20640
3565,0.0001,800
3566,0.0001,0
3567,0.0001,300
3568,0.0001,450
3569,0.0001,400
3570,0.0001,900
3571,0.0001,900
3572,0.0001,0
3573,0.0001,2100
3574,0.0001,1200
3575,0.0001,0
3576,0.0001,300
3577,0.0001,0
3578,0.0001,0
3579,0.0001,0
3580,0.0001,690
3581,0.0001,9000
3582,0.0001,800
3583,0.0001,300
3584,0.0001,600
3585,0.0001,1200
3586,0.0001,7880
3587,0.0001,1200
3588,0.0001,1500
3589,0.0001,600
3590,0.0001,3690
3591,0.0001,0
3592,0.0001,300
3593,0.0001,1200
3594,0.0001,900
3595,0.0001,0
3596,0.0001,0
3597,0.0001,2100
3598,0.0001,0
3599,0.0001,1500
3600,0.0001,900
3601,0.0001,400
3602,0.0001,700
3603,0.0001,400
3604,0.0001,1500
3605,0.0001,0
3606,0.0001,1500
3607,0.0001,2000
3608,0.0001,400
3609,0.0001,900
3610,0.0001,0
3611,0.0001,900
3612,0.0001,700
3613,0.0001,300
3614,0.0001,0
3615,0.0001,0
3616,0.0001,0
3617,0.0001,1800
3618,0.0001,300
3619,0.0001,450
3620,0.0001,2250
3621,0.0001,790
3622,0.0001,1400
3623,0.0001,0
3624,0.0001,0
3625,0.0001,0
3626,0.0001,9000
3627,0.0001,0
3628,0.0001,0
3629,0.0001,7080
3630,0.0001,1200
3631,0.0001,0
3632,0.0001,0
3633,0.0001,900
3634,0.0001,0
3635,0.0001,0
3636,0.0001,0
3637,0.0001,300
3638,0.0001,3700
3639,0.0001,0
3640,0.0001,0
3641,0.0001,400
3642,0.0001,900
3643,0.0001,1800
3644,0.0001,2100
3645,0.0001,300
3646,0.0001,0
3647,0.0001,600
3648,0.0001,45200
3649,0.0001,9190
3650,0.0001,0
3651,0.0001,740
3652,0.0001,0
3653,0.0001,900
3654,0.0001,1200
3655,0.0001,400
3656,0.0001,0
3657,0.0001,20940
3658,0.0001,0
3659,0.0001,840
3660,0.0001,2000
3661,0.0001,0
3662,0.0001,900
3663,0.0001,300
3664,0.0001,1500
3665,0.0001,0
3666,0.0001,7080
3667,0.0001,0
3668,0.0001,0
3669,0.0001,300
3670,0.0001,600
3671,0.0001,2200
3672,0.0001,0
3673,0.0001,0
3674,0.0001,0
3675,0.0001,0
3676,0.0001,0
3677,0.0001,0
3678,0.0001,1500
3679,0.0001,650
3680,0.0001,300
3681,0.0001,1800
3682,0.0001,2040
3683,0.0001,500
3684,0.0001,0
3685,0.0001,1500
3686,0.0001,0
3687,0.0001,4400
3688,0.0001,800
3689,0.0001,600
3690,0.0001,0
3691,0.0001,0
3692,0.0001,0
3693,0.0001,0
3694,0.0001,1200
3695,0.0001,0
3696,0.0001,1200
3697,0.0001,2200
3698,0.0001,0
3699,0.0001,1500
3700,0.0001,0
3701,0.0001,800
3702,0.0001,0
3703,0.0001,0
3704,0.0001,0
3705,0.0001,2700
3706,0.0001,1500
3707,0.0001,6980
3708,0.0001,900
3709,0.0001,1500
3710,0.0001,0
3711,0.0001,1500
3712,0.0001,500
3713,0.0001,900
3714,0.0001,600
3715,0.0001,7080
3716,0.0001,2100
3717,0.0001,400
3718,0.0001,300
3719,0.0001,0
3720,0.0001,300
3721,0.0001,400
3722,0.0001,1200
3723,0.0001,900
3724,0.0001,0
3725,0.0001,0
3726,0.0001,900
3727,0.0001,1200
3728,0.0001,720
3729,0.0001,450
3730,0.0001,400
3731,0.0001,1350
3732,0.0001,900
3733,0.0001,2100
3734,0.0001,900
3735,0.0001,900
3736,0.0001,0
3737,0.0001,0
3738,0.0001,2100
3739,0.0001,800
3740,0.0001,0
3741,0.0001,0
3742,0.0001,1500
3743,0.0001,0
3744,0.0001,1500
3745,0.0001,5400
3746,0.0001,400
3747,0.0001,500
3748,0.0001,0
3749,0.0001,700
3750,0.0001,5400
3751,0.0001,0
3752,0.0001,1500
3753,0.0001,700
3754,0.0001,0
3755,0.0001,800
3756,0.0001,2100
3757,0.0001,900
3758,0.0001,7080
3759,0.0001,300
3760,0.0001,0
3761,0.0001,0
3762,0.0001,2000
3763,0.0001,300
3764,0.0001,0
3765,0.0001,0
3766,0.0001,0
3767,0.0001,0
3768,0.0001,0
3769,0.0001,500
3770,0.0001,1500
3771,0.0001,0
3772,0.0001,300
3773,0.0001,0
3774,0.0001,500
3775,0.0001,900
3776,0.0001,0
3777,0.0001,700
3778,0.0001,840
3779,0.0001,1500
3780,0.0001,0
3781,0.0001,450
3782,0.0001,700
3783,0.0001,500
3784,0.0001,0
3785,0.0001,1500
3786,0.0001,900
3787,0.0001,900
3788,0.0001,400
3789,0.0001,300
3790,0.0001,1500
3791,0.0001,0
3792,0.0001,20640
3793,0.0001,900
3794,0.0001,0
3795,0.0001,0
3796,0.0001,2100
3797,0.0001,400
3798,0.0001,0
3799,0.0001,0
3800,0.0001,300
3801,0.0001,600
3802,0.0001,0
3803,0.0001,0
3804,0.0001,0
3805,0.0001,900
3806,0.0001,0
3807,0.0001,400
3808,0.0001,840
3809,0.0001,0
3810,0.0001,2100
3811,0.0001,400
3812,0.0001,7160
3813,0.0001,900
3814,0.0001,2100
3815,0.0001,300
3816,0.0001,900
3817,0.0001,0
3818,0.0001,0
3819,0.0001,0
3820,0.0001,6980
3821,0.0001,0
3822,0.0001,2000
3823,0.0001,300
3824,0.0001,1500
3825,0.0001,300
3826,0.0001,300
3827,0.0001,700
3828,0.0001,400
3829,0.0001,600
3830,0.0001,1500
3831,0.0001,900
3832,0.0001,1200
3833,0.0001,3900
3834,0.0001,1900
3835,0.0001,7030
3836,0.0001,0
3837,0.0001,33900
3838,0.0001,400
3839,0.0001,1500
3840,0.0001,0
3841,0.0001,900
3842,0.0001,900
3843,0.0001,7480
3844,0.0001,0
3845,0.0001,0
3846,0.0001,0
3847,0.0001,1800
3848,0.0001,2100
3849,0.0001,400
3850,0.0001,0
3851,0.0001,7030
3852,0.0001,400
3853,0.0001,0
3854,0.0001,2100
3855,0.0001,0
3856,0.0001,900
3857,0.0001,0
3858,0.0001,900
3859,0.0001,1200
3860,0.0001,2100
3861,0.0001,0
3862,0.0001,1200
3863,0.0001,3000
3864,0.0001,2700
3865,0.0001,300
3866,0.0001,900
3867,0.0001,0
3868,0.0001,900
3869,0.0001,1500
3870,0.0001,1800
3871,0.0001,300
3872,0.0001,2250
3873,0.0001,900
3874,0.0001,33900
3875,0.0001,2000
3876,0.0001,1500
3877,0.0001,0
3878,0.0001,1500
3879,0.0001,0
3880,0.0001,0
3881,0.0001,540
3882,0.0001,0
3883,0.0001,27420
3884,0.0001,740
3885,0.0001,1200
3886,0.0001,300
3887,0.0001,0
3888,0.0001,0
3889,0.0001,41280
3890,0.0001,4000
3891,0.0001,600
3892,0.0001,3000
3893,0.0001,1800
3894,0.0001,1400
3895,0.0001,20880
3896,0.0001,0
3897,0.0001,600
3898,0.0001,0
3899,0.0001,0
3900,0.0001,0
3901,0.0001,14160
3902,0.0001,7800
3903,0.0001,800
3904,0.0001,1400
3905,0.0001,600
3906,0.0001,3600
3907,0.0001,1200
3908,0.0001,0
3909,0.0001,0
3910,0.0001,1100
3911,0.0001,0
3912,0.0001,1000
3913,0.0001,0
3914,0.0001,1400
3915,0.0001,0
3916,0.0001,1800
3917,0.0001,0
3918,0.0001,1800
3919,0.0001,3000
3920,0.0001,0
3921,0.0001,0
3922,0.0001,300
3923,0.0001,1800
3924,0.0001,0
3925,0.0001,1920
3926,0.0001,2100
3927,0.0001,0
3928,0.0001,700
3929,0.0001,0
3930,0.0001,0
3931,0.0001,720
3932,0.0001,0
3933,0.0001,0
3934,0.0001,300
3935,0.0001,400
3936,0.0001,0
3937,0.0001,900
3938,0.0001,1800
3939,0.0001,1500
3940,0.0001,0
3941,0.0001,1000
3942,0.0001,9000
3943,0.0001,0
3944,0.0001,1800
3945,0.0001,0
3946,0.0001,0
3947,0.0001,0
3948,0.0001,1800
3949,0.0001,1880
3950,0.0001,1260
3951,0.0001,2400
3952,0.0001,3000
3953,0.0001,1200
3954,0.0001,1400
3955,0.0001,1800
3956,0.0001,0
3957,0.0001,2400
3958,0.0001,0
3959,0.0001,1800
3960,0.0001,0
3961,0.0001,1800
3962,0.0001,1480
3963,0.0001,19800
3964,0.0001,3000
3965,0.0001,1100
3966,0.0001,0
3967,0.0001,0
3968,0.0001,1300
3969,0.0001,1600
3970,0.0001,0
3971,0.0001,0
3972,0.0001,41880
3973,0.0001,1800
3974,0.0001,11400
3975,0.0001,1800
3976,0.0001,5400
3977,0.0001,0
3978,0.0001,0
3979,0.0001,0
3980,0.0001,0
3981,0.0001,11400
3982,0.0001,1800
3983,0.0001,41760
3984,0.0001,2400
3985,0.0001,0
3986,0.0001,1800
3987,0.0001,0
3988,0.0001,4000
3989,0.0001,800
3990,0.0001,0
3991,0.0001,0
3992,0.0001,0
3993,0.0001,2400
3994,0.0001,1800
3995,0.0001,67800
3996,0.0001,2400
3997,0.0001,4200
3998,0.0001,600
3999,0.0001,600
4000,0.0001,1800
4001,0.0001,0
4002,0.0001,11400
4003,0.0001,13960
4004,0.0001,4200
4005,0.0001,1600
4006,0.0001,14160
4007,0.0001,41280
4008,0.0001,600
4009,0.0001,0
4010,0.0001,3240
4011,0.0001,0
4012,0.0001,1200
4013,0.0001,0
4014,0.0001,0
4015,0.0001,4200
4016,0.0001,0
4017,0.0001,0
4018,0.0001,300
4019,0.0001,1200
4020,0.0001,900
4021,0.0001,6960
4022,0.0001,0
4023,0.0001,900
4024,0.0001,400
4025,0.0001,1200
4026,0.0001,400
4027,0.0001,0
4028,0.0001,0
4029,0.0001,0
4030,0.0001,700
4031,0.0001,700
4032,0.0001,300
4033,0.0001,600
4034,0.0001,0
4035,0.0001,900
4036,0.0001,0
4037,0.0001,0
4038,0.0001,3700
4039,0.0001,0
4040,0.0001,900
4041,0.0001,0
4042,0.0001,0
4043,0.0001,1620
4044,0.0001,0
4045,0.0001,20940
4046,0.0001,0
4047,0.0001,0
4048,0.0001,0
4049,0.0001,790
4050,0.0001,0
4051,0.0001,0
4052,0.0001,0
4053,0.0001,2400
4054,0.0001,0
4055,0.0001,3000
4056,0.0001,1800
4057,0.0001,0
4058,0.0001,2400
4059,0.0001,1800
4060,0.0001,600
4061,0.0001,480
4062,0.0001,2400
4063,0.0001,1100
4064,0.0001,800
4065,0.0001,2400
4066,0.0001,0
4067,0.0001,1600
4068,0.0001,1800
4069,0.0001,3000
4070,0.0001,19800
4071,0.0001,0
4072,0.0001,600
4073,0.0001,0
4074,0.0001,0
4075,0.0001,3600
4076,0.0001,800
4077,0.0001,300
4078,0.0001,0
4079,0.0001,7030
4080,0.0001,0
4081,0.0001,0
4082,0.0001,300
4083,0.0001,2100
4084,0.0001,0
4085,0.0001,400
4086,0.0001,900
4087,0.0001,0
4088,0.0001,7080
4089,0.0001,0
4090,0.0001,0
4091,0.0001,0
4092,0.0001,0
4093,0.0001,900
4094,0.0001,0
4095,0.0001,0
4096,0.0001,1500
4097,0.0001,0
4098,0.0001,400
4099,0.0001,2520
4100,0.0001,0
4101,0.0001,0
4102,0.0001,0
4103,0.0001,1200
4104,0.0001,900
4105,0.0001,900
4106,0.0001,400
4107,0.0001,0
4108,0.0001,300
4109,0.0001,0
4110,0.0001,300
4111,0.0001,1500
4112,0.0001,6980
4113,0.0001,20940
4114,0.0001,900
4115,0.0001,0
4116,0.0001,940
4117,0.0001,0
4118,0.0001,6980
4119,0.0001,300
4120,0.0001,900
4121,0.0001,0
4122,0.0001,900
4123,0.0001,740
4124,0.0001,900
4125,0.0001,0
4126,0.0001,3750
4127,0.0001,0
4128,0.0001,9240
4129,0.0001,0
4130,0.0001,20940
4131,0.0001,0
4132,0.0001,0
4133,0.0001,0
4134,0.0001,1200
4135,0.0001,2000
4136,0.0001,1200
4137,0.0001,900
4138,0.0001,0
4139,0.0001,1620
4140,0.0001,2100
4141,0.0001,900
4142,0.0001,0
4143,0.0001,900
4144,0.0001,0
4145,0.0001,0
4146,0.0001,800
4147,0.0001,1500
4148,0.0001,0
4149,0.0001,0
4150,0.0001,2800
4151,0.0001,0
4152,0.0001,2520
4153,0.0001,400
4154,0.0001,690
4155,0.0001,900
4156,0.0001,0
4157,0.0001,300
4158,0.0001,0
4159,0.0001,1500
4160,0.0001,0
4161,0.0001,500
4162,0.0001,9000
4163,0.0001,900
4164,0.0001,4800
4165,0.0001,7080
4166,0.0001,1500
4167,0.0001,540
4168,0.0001,0
4169,0.0001,0
4170,0.0001,0
4171,0.0001,0
4172,0.0001,9240
4173,0.0001,20880
4174,0.0001,1200
4175,0.0001,1200
4176,0.0001,0
4177,0.0001,0
4178,0.0001,0
4179,0.0001,6960
4180,0.0001,0
4181,0.0001,7880
4182,0.0001,400
4183,0.0001,0
4184,0.0001,300
4185,0.0001,450
4186,0.0001,0
4187,0.0001,0
4188,0.0001,1500
4189,0.0001,900
4190,0.0001,0
4191,0.0001,1500
4192,0.0001,0
4193,0.0001,300
4194,0.0001,5700
4195,0.0001,300
4196,0.0001,2100
4197,0.0001,0
4198,0.0001,300
4199,0.0001,1500
4200,0.0001,8100
4201,0.0001,1800
4202,0.0001,900
4203,0.0001,600
4204,0.0001,900
4205,0.0001,0
4206,0.0001,1200
4207,0.0001,1800
4208,0.0001,0
4209,0.0001,900
4210,0.0001,900
4211,0.0001,2000
4212,0.0001,1200
4213,0.0001,300
4214,0.0001,700
4215,0.0001,3000
4216,0.0001,900
4217,0.0001,400
4218,0.0001,900
4219,0.0001,300
4220,0.0001,0
4221,0.0001,0
4222,0.0001,1200
4223,0.0001,300
4224,0.0001,1400
4225,0.0001,1200
4226,0.0001,0
4227,0.0001,300
4228,0.0001,300
4229,0.0001,0
4230,0.0001,0
4231,0.0001,1500
4232,0.0001,600
4233,0.0001,0
4234,0.0001,0
4235,0.0001,0
4236,0.0001,0
4237,0.0001,0
4238,0.0001,2200
4239,0.0001,300
4240,0.0001,34400
4241,0.0001,0
4242,0.0001,5700
4243,0.0001,0
4244,0.0001,0
4245,0.0001,7500
4246,0.0001,0
4247,0.0001,1200
4248,0.0001,0
4249,0.0001,600
4250,0.0001,0
4251,0.0001,400
4252,0.0001,0
4253,0.0001,1500
4254,0.0001,900
4255,0.0001,0
4256,0.0001,0
4257,0.0001,1500
4258,0.0001,0
4259,0.0001,6880
4260,0.0001,1350
4261,0.0001,0
4262,0.0001,7880
4263,0.0001,1500
4264,0.0001,900
4265,0.0001,1200
4266,0.0001,0
4267,0.0001,0
4268,0.0001,7060
4269,0.0001,150
4270,0.0001,500
4271,0.0001,2100
4272,0.0001,1620
4273,0.0001,0
4274,0.0001,1200
4275,0.0001,20940
4276,0.0001,400
4277,0.0001,0
4278,0.0001,20640
4279,0.0001,0
4280,0.0001,300
4281,0.0001,900
4282,0.0001,2250
4283,0.0001,27120
4284,0.0001,0
4285,0.0001,300
4286,0.0001,700
4287,0.0001,0
4288,0.0001,0
4289,0.0001,900
4290,0.0001,0
4291,0.0001,900
4292,0.0001,0
4293,0.0001,900
4294,0.0001,0
4295,0.0001,6980
4296,0.0001,0
4297,0.0001,10350
4298,0.0001,300
4299,0.0001,300
4300,0.0001,0
4301,0.0001,0
4302,0.0001,1500
4303,0.0001,0
4304,0.0001,900
4305,0.0001,900
4306,0.0001,20790
4307,0.0001,1350
4308,0.0001,2000
4309,0.0001,34400
4310,0.0001,400
4311,0.0001,3750
4312,0.0001,0
4313,0.0001,900
4314,0.0001,8100
4315,0.0001,0
4316,0.0001,0
4317,0.0001,400
4318,0.0001,300
4319,0.0001,400
4320,0.0001,0
4321,0.0001,600
4322,0.0001,500
4323,0.0001,0
4324,0.0001,900
4325,0.0001,1200
4326,0.0001,9900
4327,0.0001,900
4328,0.0001,20790
4329,0.0001,450
4330,0.0001,3000
4331,0.0001,300
4332,0.0001,0
4333,0.0001,640
4334,0.0001,900
4335,0.0001,0
4336,0.0001,0
4337,0.0001,0
4338,0.0001,600
4339,0.0001,1500
4340,0.0001,300
4341,0.0001,0
4342,0.0001,400
4343,0.0001,0
4344,0.0001,900
4345,0.0001,20940
4346,0.0001,2070
4347,0.0001,600
4348,0.0001,2250
4349,0.0001,0
4350,0.0001,900
4351,0.0001,900
4352,0.0001,400
4353,0.0001,0
4354,0.0001,300
4355,0.0001,2250
4356,0.0001,0
4357,0.0001,0
4358,0.0001,5220
4359,0.0001,1200
4360,0.0001,900
4361,0.0001,850
4362,0.0001,940
4363,0.0001,400
4364,0.0001,1500
4365,0.0001,3000
4366,0.0001,720
4367,0.0001,0
4368,0.0001,20880
4369,0.0001,0
4370,0.0001,300
4371,0.0001,4950
4372,0.0001,0
4373,0.0001,0
4374,0.0001,300
4375,0.0001,0
4376,0.0001,0
4377,0.0001,0
4378,0.0001,0
4379,0.0001,2100
4380,0.0001,0
4381,0.0001,940
4382,0.0001,0
4383,0.0001,7060
4384,0.0001,0
4385,0.0001,500
4386,0.0001,1950
4387,0.0001,0
4388,0.0001,1500
4389,0.0001,20580
4390,0.0001,0
4391,0.0001,0
4392,0.0001,6880
4393,0.0001,0
4394,0.0001,400
4395,0.0001,0
4396,0.0001,900
4397,0.0001,3000
4398,0.0001,0
4399,0.0001,0
4400,0.0001,0
4401,0.0001,0
4402,0.0001,850
4403,0.0001,300
4404,0.0001,740
4405,0.0001,400
4406,0.0001,600
4407,0.0001,300
4408,0.0001,0
4409,0.0001,640
4410,0.0001,900
4411,0.0001,400
4412,0.0001,0
4413,0.0001,1200
4414,0.0001,0
4415,0.0001,900
4416,0.0001,0
4417,0.0001,920
4418,0.0001,0
4419,0.0001,900
4420,0.0001,550
4421,0.0001,0
4422,0.0001,0
4423,0.0001,300
4424,0.0001,1500
4425,0.0001,0
4426,0.0001,300
4427,0.0001,150
4428,0.0001,2340
4429,0.0001,0
4430,0.0001,900
4431,0.0001,1200
4432,0.0001,400
4433,0.0001,900
4434,0.0001,1200
4435,0.0001,0
4436,0.0001,0
4437,0.0001,900
4438,0.0001,6300
4439,0.0001,0
4440,0.0001,0
4441,0.0001,400
4442,0.0001,0
4443,0.0001,0
4444,0.0001,700
4445,0.0001,940
4446,0.0001,0
4447,0.0001,0
4448,0.0001,400
4449,0.0001,2000
4450,0.0001,1200
4451,0.0001,900
4452,0.0001,600
4453,0.0001,600
4454,0.0001,0
4455,0.0001,1620
4456,0.0001,1800
4457,0.0001,900
4458,0.0001,900
4459,0.0001,900
4460,0.0001,2000
4461,0.0001,6980
4462,0.0001,900
4463,0.0001,300
4464,0.0001,0
4465,0.0001,20940
4466,0.0001,0
4467,0.0001,1500
4468,0.0001,3000
4469,0.0001,6980
4470,0.0001,600
4471,0.0001,0
4472,0.0001,6120
4473,0.0001,400
4474,0.0001,2100
4475,0.0001,2070
4476,0.0001,0
4477,0.0001,34400
4478,0.0001,0
4479,0.0001,900
4480,0.0001,700
4481,0.0001,0
4482,0.0001,700
4483,0.0001,21990
4484,0.0001,0
4485,0.0001,0
4486,0.0001,3000
4487,0.0001,1200
4488,0.0001,3150
4489,0.0001,7980
4490,0.0001,900
4491,0.0001,300
4492,0.0001,6120
4493,0.0001,300
4494,0.0001,0
4495,0.0001,900
4496,0.0001,300
4497,0.0001,900
4498,0.0001,800
4499,0.0001,0
4500,0.0001,9170
4501,0.0001,300
4502,0.0001,300
4503,0.0001,7480
4504,0.0001,0
4505,0.0001,0
4506,0.0001,0
4507,0.0001,2100
4508,0.0001,900
4509,0.0001,900
4510,0.0001,300
4511,0.0001,0
4512,0.0001,1500
4513,0.0001,0
4514,0.0001,300
4515,0.0001,1500
4516,0.0001,300
4517,0.0001,940
4518,0.0001,0
4519,0.0001,0
4520,0.0001,1500
4521,0.0001,0
4522,0.0001,0
4523,0.0001,0
4524,0.0001,0
4525,0.0001,0
4526,0.0001,500
4527,0.0001,0
4528,0.0001,900
4529,0.0001,900
4530,0.0001,500
4531,0.0001,5040
4532,0.0001,500
4533,0.0001,1500
4534,0.0001,0
4535,0.0001,900
4536,0.0001,300
4537,0.0001,300
4538,0.0001,4300
4539,0.0001,0
4540,0.0001,0
4541,0.0001,1500
4542,0.0001,2100
4543,0.0001,8180
4544,0.0001,0
4545,0.0001,600
4546,0.0001,1800
4547,0.0001,240
4548,0.0001,0
4549,0.0001,0
4550,0.0001,400
4551,0.0001,3700
4552,0.0001,900
4553,0.0001,0
4554,0.0001,20940
4555,0.0001,1920
4556,0.0001,1800
4557,0.0001,1200
4558,0.0001,0
4559,0.0001,3600
4560,0.0001,6980
4561,0.0001,1920
4562,0.0001,0
4563,0.0001,0
4564,0.0001,720
4565,0.0001,1500
4566,0.0001,300
4567,0.0001,20640
4568,0.0001,1500
4569,0.0001,1500
4570,0.0001,1800
4571,0.0001,0
4572,0.0001,940
4573,0.0001,6930
4574,0.0001,600
4575,0.0001,1500
4576,0.0001,0
4577,0.0001,540
4578,0.0001,700
4579,0.0001,900
4580,0.0001,0
4581,0.0001,4050
4582,0.0001,900
4583,0.0001,0
4584,0.0001,0
4585,0.0001,6880
4586,0.0001,400
4587,0.0001,400
4588,0.0001,400
4589,0.0001,0
4590,0.0001,0
4591,0.0001,7080
4592,0.0001,1500
4593,0.0001,0
4594,0.0001,0
4595,0.0001,0
4596,0.0001,940
4597,0.0001,1950
4598,0.0001,6300
4599,0.0001,0
4600,0.0001,1500
4601,0.0001,400
4602,0.0001,27270
4603,0.0001,0
4604,0.0001,0
4605,0.0001,300
4606,0.0001,4350
4607,0.0001,600
4608,0.0001,400
4609,0.0001,2100
4610,0.0001,700
4611,0.0001,0
4612,0.0001,400
4613,0.0001,0
4614,0.0001,0
4615,0.0001,0
4616,0.0001,900
4617,0.0001,0
4618,0.0001,0
4619,0.0001,1200
4620,0.0001,0
4621,0.0001,0
4622,0.0001,840
4623,0.0001,0
4624,0.0001,0
4625,0.0001,0
4626,0.0001,900
4627,0.0001,790
4628,0.0001,300
4629,0.0001,0
4630,0.0001,1500
4631,0.0001,900
4632,0.0001,0
4633,0.0001,300
4634,0.0001,1920
4635,0.0001,300
4636,0.0001,0
4637,0.0001,0
4638,0.0001,2000
4639,0.0001,740
4640,0.0001,550
4641,0.0001,1600
4642,0.0001,300
4643,0.0001,3000
4644,0.0001,1620
4645,0.0001,0
4646,0.0001,2100
4647,0.0001,900
4648,0.0001,0
4649,0.0001,0
4650,0.0001,0
4651,0.0001,7080
4652,0.0001,0
4653,0.0001,1200
4654,0.0001,20940
4655,0.0001,5400
4656,0.0001,1800
4657,0.0001,2000
4658,0.0001,900
4659,0.0001,1500
4660,0.0001,690
4661,0.0001,2700
4662,0.0001,15000
4663,0.0001,0
4664,0.0001,900
4665,0.0001,900
4666,0.0001,1800
4667,0.0001,0
4668,0.0001,1200
4669,0.0001,0
4670,0.0001,2700
4671,0.0001,0
4672,0.0001,900
4673,0.0001,1800
4674,0.0001,400
4675,0.0001,400
4676,0.0001,300
4677,0.0001,900
4678,0.0001,0
4679,0.0001,2000
4680,0.0001,0
4681,0.0001,1500
4682,0.0001,2000
4683,0.0001,0
4684,0.0001,0
4685,0.0001,7030
4686,0.0001,0
4687,0.0001,2000
4688,0.0001,0
4689,0.0001,600
4690,0.0001,0
4691,0.0001,900
4692,0.0001,1500
4693,0.0001,0
4694,0.0001,2100
4695,0.0001,6000
4696,0.0001,1500
4697,0.0001,1500
4698,0.0001,0
4699,0.0001,720
4700,0.0001,300
4701,0.0001,900
4702,0.0001,0
4703,0.0001,0
4704,0.0001,1800
4705,0.0001,34400
4706,0.0001,0
4707,0.0001,720
4708,0.0001,800
4709,0.0001,500
4710,0.0001,0
4711,0.0001,900
4712,0.0001,0
4713,0.0001,700
4714,0.0001,1200
4715,0.0001,0
4716,0.0001,0
4717,0.0001,0
4718,0.0001,0
4719,0.0001,0
4720,0.0001,0
4721,0.0001,0
4722,0.0001,45200
4723,0.0001,900
4724,0.0001,7080
4725,0.0001,1200
4726,0.0001,2100
4727,0.0001,1900
4728,0.0001,1050
4729,0.0001,0
4730,0.0001,0
4731,0.0001,0
4732,0.0001,0
4733,0.0001,700
4734,0.0001,0
4735,0.0001,900
4736,0.0001,900
4737,0.0001,400
4738,0.0001,1200
4739,0.0001,900
4740,0.0001,300
4741,0.0001,300
4742,0.0001,300
4743,0.0001,1800
4744,0.0001,0
4745,0.0001,1440
4746,0.0001,3600
4747,0.0001,900
4748,0.0001,0
4749,0.0001,600
4750,0.0001,0
4751,0.0001,1620
4752,0.0001,30120
4753,0.0001,900
4754,0.0001,1920
4755,0.0001,0
4756,0.0001,4500
4757,0.0001,0
4758,0.0001,1740
4759,0.0001,0
4760,0.0001,900
4761,0.0001,300
4762,0.0001,1500
4763,0.0001,1500
4764,0.0001,990
4765,0.0001,900
4766,0.0001,0
4767,0.0001,0
4768,0.0001,900
4769,0.0001,700
4770,0.0001,0
4771,0.0001,600
4772,0.0001,900
4773,0.0001,1500
4774,0.0001,0
4775,0.0001,400
4776,0.0001,34400
4777,0.0001,900
4778,0.0001,0
4779,0.0001,0
4780,0.0001,0
4781,0.0001,0
4782,0.0001,2140
4783,0.0001,0
4784,0.0001,0
4785,0.0001,400
4786,0.0001,0
4787,0.0001,0
4788,0.0001,400
4789,0.0001,0
4790,0.0001,400
4791,0.0001,10800
4792,0.0001,2250
4793,0.0001,450
4794,0.0001,1200
4795,0.0001,750
4796,0.0001,500
4797,0.0001,1650
4798,0.0001,20940
4799,0.0001,900
4800,0.0001,1500
4801,0.0001,300
4802,0.0001,0
4803,0.0001,1200
4804,0.0001,1500
4805,0.0001,1500
4806,0.0001,0
4807,0.0001,300
4808,0.0001,0
4809,0.0001,800
4810,0.0001,1500
4811,0.0001,0
4812,0.0001,0
4813,0.0001,7480
4814,0.0001,0
4815,0.0001,300
4816,0.0001,2000
4817,0.0001,0
4818,0.0001,400
4819,0.0001,300
4820,0.0001,400
4821,0.0001,940
4822,0.0001,840
4823,0.0001,0
4824,0.0001,300
4825,0.0001,1200
4826,0.0001,600
4827,0.0001,0
4828,0.0001,0
4829,0.0001,0
4830,0.0001,0
4831,0.0001,0
4832,0.0001,0
4833,0.0001,3600
4834,0.0001,0
4835,0.0001,0
4836,0.0001,14400
4837,0.0001,300
4838,0.0001,900
4839,0.0001,800
4840,0.0001,34400
4841,0.0001,0
4842,0.0001,790
4843,0.0001,900
4844,0.0001,700
4845,0.0001,4500
4846,0.0001,2100
4847,0.0001,0
4848,0.0001,300
4849,0.0001,900
4850,0.0001,0
4851,0.0001,900
4852,0.0001,0
4853,0.0001,20940
4854,0.0001,10200
4855,0.0001,0
4856,0.0001,400
4857,0.0001,0
4858,0.0001,900
4859,0.0001,600
4860,0.0001,400
4861,0.0001,0
4862,0.0001,6980
4863,0.0001,400
4864,0.0001,0
4865,0.0001,0
4866,0.0001,900
4867,0.0001,300
4868,0.0001,7080
4869,0.0001,300
4870,0.0001,0
4871,0.0001,300
4872,0.0001,0
4873,0.0001,400
4874,0.0001,0
4875,0.0001,0
4876,0.0001,1200
4877,0.0001,0
4878,0.0001,1400
4879,0.0001,300
4880,0.0001,0
4881,0.0001,400
4882,0.0001,1300
4883,0.0001,8780
4884,0.0001,500
4885,0.0001,1500
4886,0.0001,1200
4887,0.0001,0
4888,0.0001,900
4889,0.0001,6980
4890,0.0001,1500
4891,0.0001,0
4892,0.0001,0
4893,0.0001,7880
4894,0.0001,0
4895,0.0001,900
4896,0.0001,700
4897,0.0001,940
4898,0.0001,300
4899,0.0001,1200
4900,0.0001,0
4901,0.0001,900
4902,0.0001,9240
4903,0.0001,300
4904,0.0001,300
4905,0.0001,0
4906,0.0001,1800
4907,0.0001,6930
4908,0.0001,900
4909,0.0001,1500
4910,0.0001,1200
4911,0.0001,0
4912,0.0001,1500
4913,0.0001,0
4914,0.0001,0
4915,0.0001,0
4916,0.0001,0
4917,0.0001,1600
4918,0.0001,800
4919,0.0001,900
4920,0.0001,0
4921,0.0001,1500
4922,0.0001,7980
4923,0.0001,900
4924,0.0001,0
4925,0.0001,600
4926,0.0001,0
4927,0.0001,700
4928,0.0001,300
4929,0.0001,20640
4930,0.0001,900
4931,0.0001,0
4932,0.0001,6300
4933,0.0001,1500
4934,0.0001,150
4935,0.0001,0
4936,0.0001,1500
4937,0.0001,1500
4938,0.0001,0
4939,0.0001,900
4940,0.0001,1200
4941,0.0001,0
4942,0.0001,0
4943,0.0001,0
4944,0.0001,300
4945,0.0001,0
4946,0.0001,0
4947,0.0001,2100
4948,0.0001,3600
4949,0.0001,0
4950,0.0001,900
4951,0.0001,0
4952,0.0001,850
4953,0.0001,300
4954,0.0001,1500
4955,0.0001,900
4956,0.0001,0
4957,0.0001,0
4958,0.0001,300
4959,0.0001,800
4960,0.0001,0
4961,0.0001,0
4962,0.0001,1800
4963,0.0001,0
4964,0.0001,900
4965,0.0001,0
4966,0.0001,6980
4967,0.0001,300
4968,0.0001,700
4969,0.0001,1500
4970,0.0001,1800
4971,0.0001,0
4972,0.0001,0
4973,0.0001,900
4974,0.0001,20880
4975,0.0001,0
4976,0.0001,0
4977,0.0001,0
4978,0.0001,0
4979,0.0001,700
4980,0.0001,900
4981,0.0001,400
4982,0.0001,0
4983,0.0001,600
4984,0.0001,3000
4985,0.0001,1800
4986,0.0001,15000
4987,0.0001,1400
4988,0.0001,1400
4989,0.0001,1800
4990,0.0001,0
4991,0.0001,0
4992,0.0001,1800
4993,0.0001,6000
4994,0.0001,0
4995,0.0001,2400
4996,0.0001,900
4997,0.0001,3000
4998,0.0001,3000
4999,0.0001,0
5000,0.0001,850
5001,0.0001,0
5002,0.0001,900
5003,0.0001,300
5004,0.0001,1800
5005,0.0001,5000
5006,0.0001,0
5007,0.0001,900
5008,0.0001,300
5009,0.0001,1500
5010,0.0001,750
5011,0.0001,400
5012,0.0001,0
5013,0.0001,0
5014,0.0001,5700
5015,0.0001,16500
5016,0.0001,600
5017,0.0001,0
5018,0.0001,0
5019,0.0001,0
5020,0.0001,900
5021,0.0001,0
5022,0.0001,0
5023,0.0001,900
5024,0.0001,0
5025,0.0001,800
5026,0.0001,20640
5027,0.0001,1500
5028,0.0001,2100
5029,0.0001,400
5030,0.0001,0
5031,0.0001,0
5032,0.0001,0
5033,0.0001,300
5034,0.0001,840
5035,0.0001,1500
5036,0.0001,450
5037,0.0001,0
5038,0.0001,800
5039,0.0001,700
5040,0.0001,0
5041,0.0001,900
5042,0.0001,400
5043,0.0001,1200
5044,0.0001,0
5045,0.0001,10140
5046,0.0001,300
5047,0.0001,300
5048,0.0001,1800
5049,0.0001,0
5050,0.0001,0
5051,0.0001,400
5052,0.0001,900
5053,0.0001,0
5054,0.0001,900
5055,0.0001,7960
5056,0.0001,5400
5057,0.0001,0
5058,0.0001,3550
5059,0.0001,0
5060,0.0001,540
5061,0.0001,5400
5062,0.0001,0
5063,0.0001,400
5064,0.0001,0
5065,0.0001,0
5066,0.0001,1200
5067,0.0001,0
5068,0.0001,27120
5069,0.0001,0
5070,0.0001,20940
5071,0.0001,400
5072,0.0001,0
5073,0.0001,1350
5074,0.0001,900
5075,0.0001,900
5076,0.0001,850
5077,0.0001,0
5078,0.0001,1200
5079,0.0001,0
5080,0.0001,900
5081,0.0001,400
5082,0.0001,0
5083,0.0001,0
5084,0.0001,0
5085,0.0001,0
5086,0.0001,1500
5087,0.0001,0
5088,0.0001,20640
5089,0.0001,4500
5090,0.0001,27420
5091,0.0001,1500
5092,0.0001,0
5093,0.0001,0
5094,0.0001,500
5095,0.0001,2000
5096,0.0001,0
5097,0.0001,0
5098,0.0001,400
5099,0.0001,900
5100,0.0001,0
5101,0.0001,1500
5102,0.0001,600
5103,0.0001,10200
5104,0.0001,0
5105,0.0001,0
5106,0.0001,1500
5107,0.0001,800
5108,0.0001,0
5109,0.0001,0
5110,0.0001,1350
5111,0.0001,1800
5112,0.0001,300
5113,0.0001,0
5114,0.0001,1200
5115,0.0001,1500
5116,0.0001,1200
5117,0.0001,800
5118,0.0001,0
5119,0.0001,0
5120,0.0001,900
5121,0.0001,0
5122,0.0001,6880
5123,0.0001,900
5124,0.0001,0
5125,0.0001,1800
5126,0.0001,0
5127,0.0001,0
5128,0.0001,0
5129,0.0001,0
5130,0.0001,0
5131,0.0001,0
5132,0.0001,800
5133,0.0001,0
5134,0.0001,600
5135,0.0001,1800
5136,0.0001,2400
5137,0.0001,0
5138,0.0001,22800
5139,0.0001,1800
5140,0.0001,8400
5141,0.0001,0
5142,0.0001,600
5143,0.0001,0
5144,0.0001,800
5145,0.0001,600
5146,0.0001,0
5147,0.0001,14960
5148,0.0001,2400
5149,0.0001,0
5150,0.0001,600
5151,0.0001,0
5152,0.0001,2000
5153,0.0001,0
5154,0.0001,0
5155,0.0001,640
5156,0.0001,0
5157,0.0001,900
5158,0.0001,900
5159,0.0001,8700
5160,0.0001,0
5161,0.0001,300
5162,0.0001,300
5163,0.0001,0
5164,0.0001,10620
5165,0.0001,1500
5166,0.0001,300
5167,0.0001,0
5168,0.0001,5400
5169,0.0001,900
5170,0.0001,1200
5171,0.0001,400
5172,0.0001,0
5173,0.0001,1200
5174,0.0001,300
5175,0.0001,840
5176,0.0001,400
5177,0.0001,0
5178,0.0001,0
5179,0.0001,900
5180,0.0001,1800
5181,0.0001,1200
5182,0.0001,0
5183,0.0001,1400
5184,0.0001,1800
5185,0.0001,600
5186,0.0001,14160
5187,0.0001,1800
5188,0.0001,41880
5189,0.0001,0
5190,0.0001,4200
5191,0.0001,0
5192,0.0001,4400
5193,0.0001,41880
5194,0.0001,3900
5195,0.0001,1800
5196,0.0001,5400
5197,0.0001,600
5198,0.0001,3000
5199,0.0001,2400
5200,0.0001,1800
5201,0.0001,1400
5202,0.0001,1600
5203,0.0001,39000
5204,0.0001,800
5205,0.0001,0
5206,0.0001,0
5207,0.0001,0
5208,0.0001,1400
5209,0.0001,800
5210,0.0001,0
5211,0.0001,0
5212,0.0001,41880
5213,0.0001,0
5214,0.0001,3200
5215,0.0001,1700
5216,0.0001,1280
5217,0.0001,1800
5218,0.0001,18480
5219,0.0001,0
5220,0.0001,11340
5221,0.0001,0
5222,0.0001,1800
5223,0.0001,1800
5224,0.0001,1880
5225,0.0001,3000
5226,0.0001,1200
5227,0.0001,0
5228,0.0001,0
5229,0.0001,7200
5230,0.0001,1800
5231,0.0001,800
5232,0.0001,1800
5233,0.0001,0
5234,0.0001,600
5235,0.0001,7100
5236,0.0001,3600
5237,0.0001,4200
5238,0.0001,3200
5239,0.0001,3000
5240,0.0001,1000
5241,0.0001,1800
5242,0.0001,1800
5243,0.0001,3000
5244,0.0001,2400
5245,0.0001,1800
5246,0.0001,0
5247,0.0001,600
5248,0.0001,800
5249,0.0001,0
5250,0.0001,1800
5251,0.0001,1000
5252,0.0001,4200
5253,0.0001,0
5254,0.0001,800
5255,0.0001,1400
5256,0.0001,1700
5257,0.0001,3000
5258,0.0001,600
5259,0.0001,0
5260,0.0001,0
5261,0.0001,1500
5262,0.0001,700
5263,0.0001,900
5264,0.0001,0
5265,0.0001,900
5266,0.0001,0
5267,0.0001,300
5268,0.0001,3000
5269,0.0001,0
5270,0.0001,7010
5271,0.0001,300
5272,0.0001,1500
5273,0.0001,0
5274,0.0001,1500
5275,0.0001,6980
5276,0.0001,7080
5277,0.0001,700
5278,0.0001,0
5279,0.0001,620
5280,0.0001,550
5281,0.0001,900
5282,0.0001,1500
5283,0.0001,0
5284,0.0001,9900
5285,0.0001,900
5286,0.0001,300
5287,0.0001,400
5288,0.0001,6300
5289,0.0001,20940
5290,0.0001,400
5291,0.0001,0
5292,0.0001,300
5293,0.0001,2070
5294,0.0001,0
5295,0.0001,1200
5296,0.0001,0
5297,0.0001,900
5298,0.0001,3300
5299,0.0001,0
5300,0.0001,900
5301,0.0001,300
5302,0.0001,1200
5303,0.0001,0
5304,0.0001,300
5305,0.0001,2100
5306,0.0001,34400
5307,0.0001,0
5308,0.0001,0
5309,0.0001,0
5310,0.0001,5400
5311,0.0001,2340
5312,0.0001,0
5313,0.0001,0
5314,0.0001,0
5315,0.0001,300
5316,0.0001,0
5317,0.0001,9640
5318,0.0001,0
5319,0.0001,2400
5320,0.0001,0
5321,0.0001,14160
5322,0.0001,600
5323,0.0001,0
5324,0.0001,1800
5325,0.0001,0
5326,0.0001,0
5327,0.0001,1000
5328,0.0001,1440
5329,0.0001,1080
5330,0.0001,900
5331,0.0001,0
5332,0.0001,1480
5333,0.0001,3000
5334,0.0001,0
5335,0.0001,0
5336,0.0001,0
5337,0.0001,1200
5338,0.0001,0
5339,0.0001,0
5340,0.0001,800
5341,0.0001,1800
5342,0.0001,0
5343,0.0001,0
5344,0.0001,0
5345,0.0001,1800
5346,0.0001,480
5347,0.0001,2400
5348,0.0001,0
5349,0.0001,0
5350,0.0001,7400
5351,0.0001,0
5352,0.0001,900
5353,0.0001,0
5354,0.0001,1800
5355,0.0001,0
5356,0.0001,0
5357,0.0001,0
5358,0.0001,300
5359,0.0001,800
5360,0.0001,20790
5361,0.0001,0
5362,0.0001,300
5363,0.0001,0
5364,0.0001,300
5365,0.0001,0
5366,0.0001,600
5367,0.0001,800
5368,0.0001,0
5369,0.0001,900
5370,0.0001,20640
5371,0.0001,300
5372,0.0001,0
5373,0.0001,0
5374,0.0001,400
5375,0.0001,900
5376,0.0001,7080
5377,0.0001,0
5378,0.0001,880
5379,0.0001,0
5380,0.0001,20940
5381,0.0001,300
5382,0.0001,0
5383,0.0001,0
5384,0.0001,0
5385,0.0001,500
5386,0.0001,2340
5387,0.0001,0
5388,0.0001,3640
5389,0.0001,300
5390,0.0001,27420
5391,0.0001,0
5392,0.0001,600
5393,0.0001,0
5394,0.0001,900
5395,0.0001,7180
5396,0.0001,0
5397,0.0001,0
5398,0.0001,0
5399,0.0001,3000
5400,0.0001,13860
5401,0.0001,4280
5402,0.0001,3000
5403,0.0001,1680
5404,0.0001,3000
5405,0.0001,1800
5406,0.0001,10800
5407,0.0001,1200
5408,0.0001,800
5409,0.0001,3240
5410,0.0001,1000
5411,0.0001,0
5412,0.0001,3600
5413,0.0001,600
5414,0.0001,3600
5415,0.0001,68800
5416,0.0001,4200
5417,0.0001,15760
5418,0.0001,800
5419,0.0001,0
5420,0.0001,6000
5421,0.0001,1200
5422,0.0001,18080
5423,0.0001,0
5424,0.0001,0
5425,0.0001,0
5426,0.0001,0
5427,0.0001,600
5428,0.0001,13960
5429,0.0001,0
5430,0.0001,600
5431,0.0001,0
5432,0.0001,67800
5433,0.0001,0
5434,0.0001,0
5435,0.0001,14060
5436,0.0001,6000
5437,0.0001,600
5438,0.0001,0
5439,0.0001,13960
5440,0.0001,0
5441,0.0001,3000
5442,0.0001,0
5443,0.0001,1200
5444,0.0001,4200
5445,0.0001,4000
5446,0.0001,0
5447,0.0001,5400
5448,0.0001,600
5449,0.0001,2400
5450,0.0001,800
5451,0.0001,1200
5452,0.0001,1800
5453,0.0001,6000
5454,0.0001,0
5455,0.0001,5400
5456,0.0001,0
5457,0.0001,0
5458,0.0001,0
5459,0.0001,20880
5460,0.0001,300
5461,0.0001,1980
5462,0.0001,900
5463,0.0001,12000
5464,0.0001,4950
5465,0.0001,0
5466,0.0001,1200
5467,0.0001,300
5468,0.0001,0
5469,0.0001,0
5470,0.0001,1500
5471,0.0001,0
5472,0.0001,600
5473,0.0001,0
5474,0.0001,0
5475,0.0001,0
5476,0.0001,7230
5477,0.0001,0
5478,0.0001,0
5479,0.0001,940
5480,0.0001,3150
5481,0.0001,1350
5482,0.0001,0
5483,0.0001,300
5484,0.0001,1200
5485,0.0001,1800
5486,0.0001,0
5487,0.0001,800
5488,0.0001,300
5489,0.0001,0
5490,0.0001,0
5491,0.0001,0
5492,0.0001,0
5493,0.0001,7060
5494,0.0001,1200
5495,0.0001,0
5496,0.0001,600
5497,0.0001,14400
5498,0.0001,640
5499,0.0001,1500
5500,0.0001,6780
5501,0.0001,600
5502,0.0001,0
5503,0.0001,0
5504,0.0001,300
5505,0.0001,0
5506,0.0001,1200
5507,0.0001,240
5508,0.0001,1200
5509,0.0001,0
5510,0.0001,22740
5511,0.0001,0
5512,0.0001,0
5513,0.0001,7880
5514,0.0001,300
5515,0.0001,3870
5516,0.0001,4000
5517,0.0001,4300
5518,0.0001,0
5519,0.0001,900
5520,0.0001,0
5521,0.0001,2000
5522,0.0001,900
5523,0.0001,400
5524,0.0001,1650
5525,0.0001,800
5526,0.0001,0
5527,0.0001,0
5528,0.0001,0
5529,0.0001,0
5530,0.0001,20790
5531,0.0001,0
5532,0.0001,0
5533,0.0001,20640
5534,0.0001,0
5535,0.0001,0
5536,0.0001,2120
5537,0.0001,0
5538,0.0001,900
5539,0.0001,0
5540,0.0001,900
5541,0.0001,300
5542,0.0001,600
5543,0.0001,0
5544,0.0001,10200
5545,0.0001,0
5546,0.0001,0
5547,0.0001,300
5548,0.0001,0
5549,0.0001,940
5550,0.0001,900
5551,0.0001,1200
5552,0.0001,900
5553,0.0001,1500
5554,0.0001,0
5555,0.0001,0
5556,0.0001,1400
5557,0.0001,300
5558,0.0001,0
5559,0.0001,900
5560,0.0001,0
5561,0.0001,300
5562,0.0001,0
5563,0.0001,0
5564,0.0001,0
5565,0.0001,4500
5566,0.0001,0
5567,0.0001,41880
5568,0.0001,900
5569,0.0001,2400
5570,0.0001,3300
5571,0.0001,800
5572,0.0001,2400
5573,0.0001,0
5574,0.0001,600
5575,0.0001,600
5576,0.0001,3000
5577,0.0001,800
5578,0.0001,0
5579,0.0001,2800
5580,0.0001,0
5581,0.0001,600
5582,0.0001,0
5583,0.0001,22800
5584,0.0001,0
5585,0.0001,0
5586,0.0001,2400
5587,0.0001,0
5588,0.0001,1500
5589,0.0001,0
5590,0.0001,400
5591,0.0001,20940
5592,0.0001,300
5593,0.0001,0
5594,0.0001,600
5595,0.0001,0
5596,0.0001,1500
5597,0.0001,0
5598,0.0001,0
5599,0.0001,0
5600,0.0001,900
5601,0.0001,300
5602,0.0001,0
5603,0.0001,1200
5604,0.0001,400
5605,0.0001,0
5606,0.0001,300
5607,0.0001,300
5608,0.0001,0
5609,0.0001,0
5610,0.0001,2250
5611,0.0001,300
5612,0.0001,1200
5613,0.0001,300
5614,0.0001,0
5615,0.0001,0
5616,0.0001,0
5617,0.0001,900
5618,0.0001,0
5619,0.0001,400
5620,0.0001,0
5621,0.0001,900
5622,0.0001,1800
5623,0.0001,20940
5624,0.0001,0
5625,0.0001,1500
5626,0.0001,2700
5627,0.0001,1200
5628,0.0001,0
5629,0.0001,1200
5630,0.0001,300
5631,0.0001,0
5632,0.0001,940
5633,0.0001,1800
5634,0.0001,2200
5635,0.0001,900
5636,0.0001,1900
5637,0.0001,1200
5638,0.0001,0
5639,0.0001,300
5640,0.0001,0
5641,0.0001,2100
5642,0.0001,900
5643,0.0001,1200
5644,0.0001,0
5645,0.0001,1200
5646,0.0001,450
5647,0.0001,0
5648,0.0001,0
5649,0.0001,0
5650,0.0001,900
5651,0.0001,0
5652,0.0001,0
5653,0.0001,0
5654,0.0001,2000
5655,0.0001,2000
5656,0.0001,900
5657,0.0001,0
5658,0.0001,0
5659,0.0001,0
5660,0.0001,0
5661,0.0001,0
5662,0.0001,720
5663,0.0001,0
5664,0.0001,300
5665,0.0001,300
5666,0.0001,20940
5667,0.0001,1200
5668,0.0001,1800
5669,0.0001,20580
5670,0.0001,0
5671,0.0001,2100
5672,0.0001,3550
5673,0.0001,0
5674,0.0001,900
5675,0.0001,0
5676,0.0001,1500
5677,0.0001,20640
5678,0.0001,600
5679,0.0001,300
5680,0.0001,6980
5681,0.0001,300
5682,0.0001,500
5683,0.0001,1200
5684,0.0001,2000
5685,0.0001,600
5686,0.0001,900
5687,0.0001,700
5688,0.0001,900
5689,0.0001,0
5690,0.0001,0
5691,0.0001,400
5692,0.0001,0
5693,0.0001,900
5694,0.0001,1500
5695,0.0001,0
5696,0.0001,900
5697,0.0001,0
5698,0.0001,3000
5699,0.0001,2000
5700,0.0001,20640
5701,0.0001,0
5702,0.0001,0
5703,0.0001,0
5704,0.0001,300
5705,0.0001,300
5706,0.0001,1500
5707,0.0001,6120
5708,0.0001,1200
5709,0.0001,300
5710,0.0001,0
5711,0.0001,2520
5712,0.0001,900
5713,0.0001,0
5714,0.0001,900
5715,0.0001,0
5716,0.0001,400
5717,0.0001,700
5718,0.0001,0
5719,0.0001,7480
5720,0.0001,1620
5721,0.0001,6960
5722,0.0001,600
5723,0.0001,300
5724,0.0001,2250
5725,0.0001,0
5726,0.0001,0
5727,0.0001,0
5728,0.0001,600
5729,0.0001,0
5730,0.0001,1500
5731,0.0001,0
5732,0.0001,2100
5733,0.0001,0
5734,0.0001,0
5735,0.0001,0
5736,0.0001,0
5737,0.0001,700
5738,0.0001,0
5739,0.0001,1350
5740,0.0001,1200
5741,0.0001,4500
5742,0.0001,300
5743,0.0001,900
5744,0.0001,20940
5745,0.0001,0
5746,0.0001,2100
5747,0.0001,3000
5748,0.0001,0
5749,0.0001,900
5750,0.0001,1500
5751,0.0001,7080
5752,0.0001,3750
5753,0.0001,300
5754,0.0001,1200
5755,0.0001,0
5756,0.0001,0
5757,0.0001,900
5758,0.0001,900
5759,0.0001,600
5760,0.0001,8700
5761,0.0001,400
5762,0.0001,0
5763,0.0001,200
5764,0.0001,2100
5765,0.0001,400
5766,0.0001,300
5767,0.0001,600
5768,0.0001,600
5769,0.0001,27120
5770,0.0001,1200
5771,0.0001,300
5772,0.0001,2100
5773,0.0001,0
5774,0.0001,450
5775,0.0001,20640
5776,0.0001,600
5777,0.0001,2070
5778,0.0001,300
5779,0.0001,1500
5780,0.0001,4500
5781,0.0001,300
5782,0.0001,0
5783,0.0001,0
5784,0.0001,0
5785,0.0001,1200
5786,0.0001,0
5787,0.0001,2520
5788,0.0001,1500
5789,0.0001,300
5790,0.0001,2100
5791,0.0001,0
5792,0.0001,0
5793,0.0001,900
5794,0.0001,400
5795,0.0001,900
5796,0.0001,900
5797,0.0001,900
5798,0.0001,10800
5799,0.0001,0
5800,0.0001,300
5801,0.0001,1500
5802,0.0001,900
5803,0.0001,0
5804,0.0001,1200
5805,0.0001,21540
5806,0.0001,1200
5807,0.0001,600
5808,0.0001,300
5809,0.0001,0
5810,0.0001,400
5811,0.0001,0
5812,0.0001,0
5813,0.0001,0
5814,0.0001,0
5815,0.0001,1220
5816,0.0001,1200
5817,0.0001,0
5818,0.0001,0
5819,0.0001,21540
5820,0.0001,600
5821,0.0001,300
5822,0.0001,300
5823,0.0001,0
5824,0.0001,1500
5825,0.0001,0
5826,0.0001,0
5827,0.0001,900
5828,0.0001,900
5829,0.0001,0
5830,0.0001,900
5831,0.0001,0
5832,0.0001,0
5833,0.0001,0
5834,0.0001,400
5835,0.0001,900
5836,0.0001,0
5837,0.0001,1350
5838,0.0001,2100
5839,0.0001,1200
5840,0.0001,300
5841,0.0001,900
5842,0.0001,0
5843,0.0001,0
5844,0.0001,1200
5845,0.0001,0
5846,0.0001,3550
5847,0.0001,20790
5848,0.0001,400
5849,0.0001,0
5850,0.0001,0
5851,0.0001,0
5852,0.0001,3000
5853,0.0001,0
5854,0.0001,0
5855,0.0001,300
5856,0.0001,900
5857,0.0001,0
5858,0.0001,850
5859,0.0001,300
5860,0.0001,400
5861,0.0001,0
5862,0.0001,3600
5863,0.0001,4500
5864,0.0001,0
5865,0.0001,6980
5866,0.0001,600
5867,0.0001,300
5868,0.0001,800
5869,0.0001,1500
5870,0.0001,27420
5871,0.0001,0
5872,0.0001,36400
5873,0.0001,400
5874,0.0001,300
5875,0.0001,0
5876,0.0001,900
5877,0.0001,300
5878,0.0001,3000
5879,0.0001,400
5880,0.0001,0
5881,0.0001,2340
5882,0.0001,7880
5883,0.0001,1800
5884,0.0001,2100
5885,0.0001,0
5886,0.0001,0
5887,0.0001,700
5888,0.0001,600
5889,0.0001,0
5890,0.0001,0
5891,0.0001,500
5892,0.0001,400
5893,0.0001,1500
5894,0.0001,0
5895,0.0001,300
5896,0.0001,500
5897,0.0001,1200
5898,0.0001,640
5899,0.0001,0
5900,0.0001,0
5901,0.0001,900
5902,0.0001,0
5903,0.0001,600
5904,0.0001,1800
5905,0.0001,0
5906,0.0001,300
5907,0.0001,600
5908,0.0001,5700
5909,0.0001,800
5910,0.0001,7080
5911,0.0001,0
5912,0.0001,2520
5913,0.0001,400
5914,0.0001,800
5915,0.0001,700
5916,0.0001,300
5917,0.0001,1800
5918,0.0001,700
5919,0.0001,1300
5920,0.0001,0
5921,0.0001,720
5922,0.0001,1500
5923,0.0001,900
5924,0.0001,840
5925,0.0001,0
5926,0.0001,0
5927,0.0001,0
5928,0.0001,1600
5929,0.0001,600
5930,0.0001,0
5931,0.0001,0
5932,0.0001,500
5933,0.0001,0
5934,0.0001,300
5935,0.0001,900
5936,0.0001,3000
5937,0.0001,400
5938,0.0001,400
5939,0.0001,0
5940,0.0001,300
5941,0.0001,0
5942,0.0001,0
5943,0.0001,0
5944,0.0001,0
5945,0.0001,300
5946,0.0001,0
5947,0.0001,0
5948,0.0001,900
5949,0.0001,0
5950,0.0001,4500
5951,0.0001,0
5952,0.0001,2100
5953,0.0001,400
5954,0.0001,6000
5955,0.0001,800
5956,0.0001,0
5957,0.0001,600
5958,0.0001,0
5959,0.0001,0
5960,0.0001,900
5961,0.0001,2200
5962,0.0001,900
5963,0.0001,900
5964,0.0001,0
5965,0.0001,21540
5966,0.0001,900
5967,0.0001,600
5968,0.0001,1500
5969,0.0001,1200
5970,0.0001,0
5971,0.0001,300
5972,0.0001,1500
5973,0.0001,900
5974,0.0001,700
5975,0.0001,900
5976,0.0001,300
5977,0.0001,1500
5978,0.0001,600
5979,0.0001,300
5980,0.0001,1500
5981,0.0001,1200
5982,0.0001,900
5983,0.0001,300
5984,0.0001,0
5985,0.0001,0
5986,0.0001,600
5987,0.0001,0
5988,0.0001,0
5989,0.0001,0
5990,0.0001,1500
5991,0.0001,0
5992,0.0001,300
5993,0.0001,6120
5994,0.0001,0
5995,0.0001,0
5996,0.0001,7500
5997,0.0001,4500
5998,0.0001,39900
5999,0.0001,0
6000,0.0001,0
6001,0.0001,0
6002,0.0001,1500
6003,0.0001,4500
6004,0.0001,1500
6005,0.0001,7500
6006,0.0001,0
6007,0.0001,169500
6008,0.0001,0
6009,0.0001,6000
6010,0.0001,0
6011,0.0001,11700
6012,0.0001,4000
6013,0.0001,0
6014,0.0001,600
6015,0.0001,2100
6016,0.0001,2000
6017,0.0001,20940
6018,0.0001,2000
6019,0.0001,300
6020,0.0001,1500
6021,0.0001,300
6022,0.0001,4320
6023,0.0001,900
6024,0.0001,300
6025,0.0001,1200
6026,0.0001,0
6027,0.0001,900
6028,0.0001,300
6029,0.0001,0
6030,0.0001,20580
6031,0.0001,7060
6032,0.0001,300
6033,0.0001,300
6034,0.0001,0
6035,0.0001,400
6036,0.0001,1300
6037,0.0001,1350
6038,0.0001,0
6039,0.0001,1500
6040,0.0001,1620
6041,0.0001,400
6042,0.0001,900
6043,0.0001,900
6044,0.0001,400
6045,0.0001,0
6046,0.0001,1800
6047,0.0001,20640
6048,0.0001,400
6049,0.0001,900
6050,0.0001,0
6051,0.0001,700
6052,0.0001,900
6053,0.0001,0
6054,0.0001,0
6055,0.0001,300
6056,0.0001,0
6057,0.0001,300
6058,0.0001,0
6059,0.0001,0
6060,0.0001,0
6061,0.0001,0
6062,0.0001,3000
6063,0.0001,300
6064,0.0001,300
6065,0.0001,0
6066,0.0001,1200
6067,0.0001,720
6068,0.0001,20940
6069,0.0001,3750
6070,0.0001,0
6071,0.0001,400
6072,0.0001,1920
6073,0.0001,300
6074,0.0001,900
6075,0.0001,0
6076,0.0001,7080
6077,0.0001,0
6078,0.0001,300
6079,0.0001,0
6080,0.0001,0
6081,0.0001,4500
6082,0.0001,300
6083,0.0001,900
6084,0.0001,0
6085,0.0001,1200
6086,0.0001,900
6087,0.0001,0
6088,0.0001,0
6089,0.0001,900
6090,0.0001,0
6091,0.0001,0
6092,0.0001,0
6093,0.0001,400
6094,0.0001,900
6095,0.0001,0
6096,0.0001,0
6097,0.0001,0
6098,0.0001,7980
6099,0.0001,400
6100,0.0001,0
6101,0.0001,400
6102,0.0001,0
6103,0.0001,0
6104,0.0001,12600
6105,0.0001,0
6106,0.0001,0
6107,0.0001,0
6108,0.0001,0
6109,0.0001,0
6110,0.0001,600
6111,0.0001,2100
6112,0.0001,300
6113,0.0001,0
6114,0.0001,900
6115,0.0001,300
6116,0.0001,700
6117,0.0001,750
6118,0.0001,0
6119,0.0001,0
6120,0.0001,900
6121,0.0001,2100
6122,0.0001,1620
6123,0.0001,0
6124,0.0001,1080
6125,0.0001,0
6126,0.0001,900
6127,0.0001,1650
6128,0.0001,0
6129,0.0001,0
6130,0.0001,600
6131,0.0001,400
6132,0.0001,0
6133,0.0001,900
6134,0.0001,0
6135,0.0001,1500
6136,0.0001,0
6137,0.0001,10800
6138,0.0001,0
6139,0.0001,0
6140,0.0001,6120
6141,0.0001,300
6142,0.0001,900
6143,0.0001,7930
6144,0.0001,0
6145,0.0001,900
6146,0.0001,300
6147,0.0001,0
6148,0.0001,1500
6149,0.0001,0
6150,0.0001,700
6151,0.0001,0
6152,0.0001,850
6153,0.0001,500
6154,0.0001,0
6155,0.0001,900
6156,0.0001,0
6157,0.0001,900
6158,0.0001,2340
6159,0.0001,700
6160,0.0001,7030
6161,0.0001,3700
6162,0.0001,900
6163,0.0001,0
6164,0.0001,900
6165,0.0001,1200
6166,0.0001,1170
6167,0.0001,0
6168,0.0001,0
6169,0.0001,720
6170,0.0001,300
6171,0.0001,900
6172,0.0001,0
6173,0.0001,0
6174,0.0001,400
6175,0.0001,300
6176,0.0001,300
6177,0.0001,700
6178,0.0001,0
6179,0.0001,850
6180,0.0001,900
6181,0.0001,300
6182,0.0001,3900
6183,0.0001,1200
6184,0.0001,0
6185,0.0001,300
6186,0.0001,300
6187,0.0001,1200
6188,0.0001,900
6189,0.0001,0
6190,0.0001,2250
6191,0.0001,0
6192,0.0001,900
6193,0.0001,2100
6194,0.0001,7080
6195,0.0001,1200
6196,0.0001,600
6197,0.0001,300
6198,0.0001,0
6199,0.0001,0
6200,0.0001,9140
6201,0.0001,3540
6202,0.0001,300
6203,0.0001,0
6204,0.0001,0
6205,0.0001,300
6206,0.0001,3900
6207,0.0001,500
6208,0.0001,3700
6209,0.0001,3000
6210,0.0001,400
6211,0.0001,0
6212,0.0001,400
6213,0.0001,3420
6214,0.0001,300
6215,0.0001,0
6216,0.0001,600
6217,0.0001,0
6218,0.0001,900
6219,0.0001,940
6220,0.0001,900
6221,0.0001,2280
6222,0.0001,720
6223,0.0001,0
6224,0.0001,0
6225,0.0001,0
6226,0.0001,940
6227,0.0001,1620
6228,0.0001,1200
6229,0.0001,0
6230,0.0001,900
6231,0.0001,1200
6232,0.0001,900
6233,0.0001,300
6234,0.0001,0
6235,0.0001,0
6236,0.0001,1500
6237,0.0001,7080
6238,0.0001,3000
6239,0.0001,240
6240,0.0001,0
6241,0.0001,900
6242,0.0001,300
6243,0.0001,0
6244,0.0001,0
6245,0.0001,0
6246,0.0001,600
6247,0.0001,0
6248,0.0001,0
6249,0.0001,900
6250,0.0001,900
6251,0.0001,800
6252,0.0001,600
6253,0.0001,1200
6254,0.0001,0
6255,0.0001,0
6256,0.0001,400
6257,0.0001,2100
6258,0.0001,6960
6259,0.0001,2000
6260,0.0001,300
6261,0.0001,900
6262,0.0001,600
6263,0.0001,1500
6264,0.0001,1200
6265,0.0001,900
6266,0.0001,700
6267,0.0001,0
6268,0.0001,0
6269,0.0001,1500
6270,0.0001,0
6271,0.0001,1200
6272,0.0001,0
6273,0.0001,9240
6274,0.0001,400
6275,0.0001,1800
6276,0.0001,0
6277,0.0001,300
6278,0.0001,9000
6279,0.0001,0
6280,0.0001,1500
6281,0.0001,2340
6282,0.0001,300
6283,0.0001,0
6284,0.0001,0
6285,0.0001,900
6286,0.0001,0
6287,0.0001,300
6288,0.0001,1800
6289,0.0001,900
6290,0.0001,900
6291,0.0001,1500
6292,0.0001,0
6293,0.0001,2000
6294,0.0001,500
6295,0.0001,3700
6296,0.0001,1500
6297,0.0001,900
6298,0.0001,0
6299,0.0001,0
6300,0.0001,600
6301,0.0001,600
6302,0.0001,0
6303,0.0001,0
6304,0.0001,300
6305,0.0001,0
6306,0.0001,1200
6307,0.0001,0
6308,0.0001,20940
6309,0.0001,240
6310,0.0001,20940
6311,0.0001,0
6312,0.0001,0
6313,0.0001,0
6314,0.0001,0
6315,0.0001,300
6316,0.0001,1500
6317,0.0001,640
6318,0.0001,900
6319,0.0001,900
6320,0.0001,300
6321,0.0001,600
6322,0.0001,900
6323,0.0001,300
6324,0.0001,0
6325,0.0001,700
6326,0.0001,900
6327,0.0001,600
6328,0.0001,20640
6329,0.0001,0
6330,0.0001,3000
6331,0.0001,20640
6332,0.0001,900
6333,0.0001,0
6334,0.0001,0
6335,0.0001,300
6336,0.0001,840
6337,0.0001,0
6338,0.0001,0
6339,0.0001,0
6340,0.0001,20580
6341,0.0001,0
6342,0.0001,300
6343,0.0001,1800
6344,0.0001,0
6345,0.0001,900
6346,0.0001,0
6347,0.0001,900
6348,0.0001,2100
6349,0.0001,300
6350,0.0001,900
6351,0.0001,0
6352,0.0001,0
6353,0.0001,0
6354,0.0001,1200
6355,0.0001,600
6356,0.0001,6000
6357,0.0001,900
6358,0.0001,900
6359,0.0001,900
6360,0.0001,2000
6361,0.0001,900
6362,0.0001,1800
6363,0.0001,900
6364,0.0001,0
6365,0.0001,900
6366,0.0001,0
6367,0.0001,0
6368,0.0001,0
6369,0.0001,2100
6370,0.0001,0
6371,0.0001,1500
6372,0.0001,0
6373,0.0001,1650
6374,0.0001,0
6375,0.0001,400
6376,0.0001,1200
6377,0.0001,2100
6378,0.0001,0
6379,0.0001,0
6380,0.0001,0
6381,0.0001,150
6382,0.0001,2100
6383,0.0001,900
6384,0.0001,2200
6385,0.0001,0
6386,0.0001,600
6387,0.0001,0
6388,0.0001,0
6389,0.0001,0
6390,0.0001,0
6391,0.0001,3840
6392,0.0001,0
6393,0.0001,0
6394,0.0001,0
6395,0.0001,1200
6396,0.0001,400
6397,0.0001,300
6398,0.0001,1500
6399,0.0001,1410
6400,0.0001,1500
6401,0.0001,2000
6402,0.0001,0
6403,0.0001,400
6404,0.0001,1200
6405,0.0001,300
6406,0.0001,700
6407,0.0001,0
6408,0.0001,0
6409,0.0001,0
6410,0.0001,540
6411,0.0001,7030
6412,0.0001,1500
6413,0.0001,2520
6414,0.0001,400
6415,0.0001,900
6416,0.0001,600
6417,0.0001,1200
6418,0.0001,300
6419,0.0001,550
6420,0.0001,300
6421,0.0001,900
6422,0.0001,6930
6423,0.0001,0
6424,0.0001,0
6425,0.0001,0
6426,0.0001,1500
6427,0.0001,1500
6428,0.0001,400
6429,0.0001,300
6430,0.0001,0
6431,0.0001,0
6432,0.0001,0
6433,0.0001,1500
6434,0.0001,300
6435,0.0001,0
6436,0.0001,0
6437,0.0001,2100
6438,0.0001,400
6439,0.0001,300
6440,0.0001,0
6441,0.0001,0
6442,0.0001,0
6443,0.0001,700
6444,0.0001,650
6445,0.0001,0
6446,0.0001,0
6447,0.0001,900
6448,0.0001,0
6449,0.0001,0
6450,0.0001,20640
6451,0.0001,620
6452,0.0001,400
6453,0.0001,0
6454,0.0001,300
6455,0.0001,0
6456,0.0001,700
6457,0.0001,0
6458,0.0001,0
6459,0.0001,6980
6460,0.0001,0
6461,0.0001,700
6462,0.0001,0
6463,0.0001,900
6464,0.0001,0
6465,0.0001,1500
6466,0.0001,1350
6467,0.0001,0
6468,0.0001,0
6469,0.0001,0
6470,0.0001,1200
6471,0.0001,0
6472,0.0001,1900
6473,0.0001,900
6474,0.0001,0
6475,0.0001,450
6476,0.0001,0
6477,0.0001,600
6478,0.0001,1350
6479,0.0001,1350
6480,0.0001,0
6481,0.0001,700
6482,0.0001,0
6483,0.0001,930
6484,0.0001,0
6485,0.0001,1600
6486,0.0001,300
6487,0.0001,0
6488,0.0001,0
6489,0.0001,1170
6490,0.0001,0
6491,0.0001,0
6492,0.0001,1800
6493,0.0001,300
6494,0.0001,9140
6495,0.0001,700
6496,0.0001,300
6497,0.0001,0
6498,0.0001,0
6499,0.0001,300
6500,0.0001,0
6501,0.0001,1650
6502,0.0001,900
6503,0.0001,640
6504,0.0001,300
6505,0.0001,300
6506,0.0001,500
6507,0.0001,300
6508,0.0001,900
6509,0.0001,0
6510,0.0001,1200
6511,0.0001,500
6512,0.0001,1200
6513,0.0001,0
6514,0.0001,900
6515,0.0001,0
6516,0.0001,3450
6517,0.0001,1500
6518,0.0001,500
6519,0.0001,6910
6520,0.0001,3550
6521,0.0001,1200
6522,0.0001,2000
6523,0.0001,900
6524,0.0001,0
6525,0.0001,7500
6526,0.0001,400
6527,0.0001,1200
6528,0.0001,0
6529,0.0001,900
6530,0.0001,900
6531,0.0001,1500
6532,0.0001,0
6533,0.0001,0
6534,0.0001,6930
6535,0.0001,600
6536,0.0001,900
6537,0.0001,0
6538,0.0001,400
6539,0.0001,500
6540,0.0001,0
6541,0.0001,0
6542,0.0001,300
6543,0.0001,900
6544,0.0001,0
6545,0.0001,900
6546,0.0001,0
6547,0.0001,900
6548,0.0001,400
6549,0.0001,1200
6550,0.0001,400
6551,0.0001,1200
6552,0.0001,300
6553,0.0001,0
6554,0.0001,700
6555,0.0001,0
6556,0.0001,300
6557,0.0001,0
6558,0.0001,9340
6559,0.0001,0
6560,0.0001,850
6561,0.0001,900
6562,0.0001,0
6563,0.0001,300
6564,0.0001,400
6565,0.0001,640
6566,0.0001,1650
6567,0.0001,300
6568,0.0001,900
6569,0.0001,1500
6570,0.0001,0
6571,0.0001,1500
6572,0.0001,1200
6573,0.0001,1200
6574,0.0001,0
6575,0.0001,2000
6576,0.0001,4320
6577,0.0001,0
6578,0.0001,0
6579,0.0001,0
6580,0.0001,300
6581,0.0001,0
6582,0.0001,1920
6583,0.0001,400
6584,0.0001,1500
6585,0.0001,0
6586,0.0001,1200
6587,0.0001,800
6588,0.0001,0
6589,0.0001,0
6590,0.0001,0
6591,0.0001,0
6592,0.0001,3000
6593,0.0001,0
6594,0.0001,900
6595,0.0001,900
6596,0.0001,600
6597,0.0001,5700
6598,0.0001,1800
6599,0.0001,900
6600,0.0001,0
6601,0.0001,900
6602,0.0001,900
6603,0.0001,900
6604,0.0001,900
6605,0.0001,740
6606,0.0001,300
6607,0.0001,900
6608,0.0001,0
6609,0.0001,20940
6610,0.0001,300
6611,0.0001,6980
6612,0.0001,1200
6613,0.0001,2520
6614,0.0001,1200
6615,0.0001,7260
6616,0.0001,0
6617,0.0001,1800
6618,0.0001,1200
6619,0.0001,0
6620,0.0001,900
6621,0.0001,0
6622,0.0001,0
6623,0.0001,900
6624,0.0001,720
6625,0.0001,800
6626,0.0001,6930
6627,0.0001,0
6628,0.0001,0
6629,0.0001,1300
6630,0.0001,12600
6631,0.0001,400
6632,0.0001,0
6633,0.0001,500
6634,0.0001,0
6635,0.0001,900
6636,0.0001,400
6637,0.0001,0
6638,0.0001,0
6639,0.0001,0
6640,0.0001,900
6641,0.0001,300
6642,0.0001,0
6643,0.0001,0
6644,0.0001,0
6645,0.0001,0
6646,0.0001,3000
6647,0.0001,300
6648,0.0001,2000
6649,0.0001,0
6650,0.0001,0
6651,0.0001,0
6652,0.0001,2000
6653,0.0001,300
6654,0.0001,0
6655,0.0001,900
6656,0.0001,6960
6657,0.0001,1740
6658,0.0001,400
6659,0.0001,600
6660,0.0001,400
6661,0.0001,0
6662,0.0001,400
6663,0.0001,0
6664,0.0001,0
6665,0.0001,0
6666,0.0001,23640
6667,0.0001,6860
6668,0.0001,0
6669,0.0001,0
6670,0.0001,7080
6671,0.0001,1200
6672,0.0001,740
6673,0.0001,0
6674,0.0001,900
6675,0.0001,0
6676,0.0001,300
6677,0.0001,1500
6678,0.0001,9900
6679,0.0001,720
6680,0.0001,400
6681,0.0001,0
6682,0.0001,2100
6683,0.0001,700
6684,0.0001,500
6685,0.0001,0
6686,0.0001,900
6687,0.0001,300
6688,0.0001,0
6689,0.0001,2640
6690,0.0001,9900
6691,0.0001,1500
6692,0.0001,1200
6693,0.0001,1350
6694,0.0001,1200
6695,0.0001,0
6696,0.0001,3600
6697,0.0001,9240
6698,0.0001,2100
6699,0.0001,0
6700,0.0001,700
6701,0.0001,300
6702,0.0001,0
6703,0.0001,900
6704,0.0001,0
6705,0.0001,900
6706,0.0001,300
6707,0.0001,400
6708,0.0001,0
6709,0.0001,300
6710,0.0001,2100
6711,0.0001,0
6712,0.0001,600
6713,0.0001,0
6714,0.0001,400
6715,0.0001,1800
6716,0.0001,400
6717,0.0001,700
6718,0.0001,900
6719,0.0001,0
6720,0.0001,45200
6721,0.0001,930
6722,0.0001,6980
6723,0.0001,0
6724,0.0001,7930
6725,0.0001,0
6726,0.0001,2000
6727,0.0001,900
6728,0.0001,400
6729,0.0001,0
6730,0.0001,900
6731,0.0001,750
6732,0.0001,9140
6733,0.0001,1500
6734,0.0001,0
6735,0.0001,0
6736,0.0001,11400
6737,0.0001,940
6738,0.0001,300
6739,0.0001,0
6740,0.0001,2040
6741,0.0001,640
6742,0.0001,7060
6743,0.0001,0
6744,0.0001,0
6745,0.0001,1200
6746,0.0001,3400
6747,0.0001,400
6748,0.0001,0
6749,0.0001,0
6750,0.0001,300
6751,0.0001,450
6752,0.0001,0
6753,0.0001,500
6754,0.0001,3550
6755,0.0001,0
6756,0.0001,0
6757,0.0001,0
6758,0.0001,600
6759,0.0001,0
6760,0.0001,900
6761,0.0001,400
6762,0.0001,400
6763,0.0001,0
6764,0.0001,0
6765,0.0001,900
6766,0.0001,900
6767,0.0001,2100
6768,0.0001,400
6769,0.0001,1200
6770,0.0001,800
6771,0.0001,900
6772,0.0001,0
6773,0.0001,1500
6774,0.0001,900
6775,0.0001,1200
6776,0.0001,450
6777,0.0001,0
6778,0.0001,0
6779,0.0001,540
6780,0.0001,900
6781,0.0001,400
6782,0.0001,0
6783,0.0001,0
6784,0.0001,700
6785,0.0001,150
6786,0.0001,0
6787,0.0001,0
6788,0.0001,1200
6789,0.0001,10620
6790,0.0001,6300
6791,0.0001,0
6792,0.0001,0
6793,0.0001,700
6794,0.0001,20790
6795,0.0001,0
6796,0.0001,0
6797,0.0001,0
6798,0.0001,1920
6799,0.0001,0
6800,0.0001,1800
6801,0.0001,0
6802,0.0001,700
6803,0.0001,300
6804,0.0001,0
6805,0.0001,400
6806,0.0001,0
6807,0.0001,0
6808,0.0001,600
6809,0.0001,940
6810,0.0001,0
6811,0.0001,0
6812,0.0001,0
6813,0.0001,1500
6814,0.0001,800
6815,0.0001,20940
6816,0.0001,20640
6817,0.0001,3900
6818,0.0001,300
6819,0.0001,900
6820,0.0001,800
6821,0.0001,790
6822,0.0001,0
6823,0.0001,0
6824,0.0001,0
6825,0.0001,0
6826,0.0001,400
6827,0.0001,600
6828,0.0001,0
6829,0.0001,900
6830,0.0001,6120
6831,0.0001,0
6832,0.0001,1500
6833,0.0001,0
6834,0.0001,0
6835,0.0001,300
6836,0.0001,0
6837,0.0001,7080
6838,0.0001,0
6839,0.0001,9240
6840,0.0001,0
6841,0.0001,1500
6842,0.0001,900
6843,0.0001,0
6844,0.0001,900
6845,0.0001,0
6846,0.0001,300
6847,0.0001,0
6848,0.0001,1350
6849,0.0001,0
6850,0.0001,300
6851,0.0001,700
6852,0.0001,3000
6853,0.0001,1500
6854,0.0001,0
6855,0.0001,0
6856,0.0001,700
6857,0.0001,800
6858,0.0001,1500
6859,0.0001,1500
6860,0.0001,0
6861,0.0001,1500
6862,0.0001,900
6863,0.0001,1920
6864,0.0001,0
6865,0.0001,0
6866,0.0001,0
6867,0.0001,0
6868,0.0001,600
6869,0.0001,0
6870,0.0001,0
6871,0.0001,1500
6872,0.0001,0
6873,0.0001,900
6874,0.0001,0
6875,0.0001,450
6876,0.0001,400
6877,0.0001,0
6878,0.0001,2100
6879,0.0001,0
6880,0.0001,900
6881,0.0001,2100
6882,0.0001,0
6883,0.0001,0
6884,0.0001,4500
6885,0.0001,300
6886,0.0001,0
6887,0.0001,3900
6888,0.0001,300
6889,0.0001,0
6890,0.0001,7930
6891,0.0001,300
6892,0.0001,3000
6893,0.0001,900
6894,0.0001,300
6895,0.0001,0
6896,0.0001,0
6897,0.0001,700
6898,0.0001,0
6899,0.0001,0
6900,0.0001,0
6901,0.0001,0
6902,0.0001,900
6903,0.0001,650
6904,0.0001,0
6905,0.0001,7880
6906,0.0001,1500
6907,0.0001,7080
6908,0.0001,900
6909,0.0001,0
6910,0.0001,1500
6911,0.0001,0
6912,0.0001,900
6913,0.0001,9240
6914,0.0001,2100
6915,0.0001,300
6916,0.0001,1920
6917,0.0001,900
6918,0.0001,0
6919,0.0001,300
6920,0.0001,400
6921,0.0001,400
6922,0.0001,0
6923,0.0001,500
6924,0.0001,700
6925,0.0001,800
6926,0.0001,550
6927,0.0001,0
6928,0.0001,0
6929,0.0001,300
6930,0.0001,700
6931,0.0001,0
6932,0.0001,0
6933,0.0001,0
6934,0.0001,0
6935,0.0001,1200
6936,0.0001,0
6937,0.0001,1200
6938,0.0001,0
6939,0.0001,0
6940,0.0001,0
6941,0.0001,400
6942,0.0001,400
6943,0.0001,0
6944,0.0001,0
6945,0.0001,0
6946,0.0001,900
6947,0.0001,0
6948,0.0001,0
6949,0.0001,0
6950,0.0001,300
6951,0.0001,0
6952,0.0001,0
6953,0.0001,300
6954,0.0001,0
6955,0.0001,0
6956,0.0001,0
6957,0.0001,1800
6958,0.0001,840
6959,0.0001,450
6960,0.0001,9640
6961,0.0001,1200
6962,0.0001,300
6963,0.0001,0
6964,0.0001,1200
6965,0.0001,3750
6966,0.0001,700
6967,0.0001,7280
6968,0.0001,900
6969,0.0001,600
6970,0.0001,1200
6971,0.0001,0
6972,0.0001,2200
6973,0.0001,0
6974,0.0001,900
6975,0.0001,33900
6976,0.0001,7080
6977,0.0001,900
6978,0.0001,1500
6979,0.0001,450
6980,0.0001,7960
6981,0.0001,0
6982,0.0001,300
6983,0.0001,0
6984,0.0001,2100
6985,0.0001,9240
6986,0.0001,2340
6987,0.0001,0
6988,0.0001,900
6989,0.0001,0
6990,0.0001,0
6991,0.0001,2000
6992,0.0001,0
6993,0.0001,900
6994,0.0001,400
6995,0.0001,0
6996,0.0001,700
6997,0.0001,0
6998,0.0001,0
6999,0.0001,1200
7000,0.0001,900
7001,0.0001,900
7002,0.0001,1650
7003,0.0001,0
7004,0.0001,500
7005,0.0001,900
7006,0.0001,400
7007,0.0001,0
7008,0.0001,1200
7009,0.0001,1200
7010,0.0001,1200
7011,0.0001,900
7012,0.0001,1500
7013,0.0001,300
7014,0.0001,6120
7015,0.0001,400
7016,0.0001,300
7017,0.0001,790
7018,0.0001,300
7019,0.0001,1800
7020,0.0001,900
7021,0.0001,0
7022,0.0001,0
7023,0.0001,0
7024,0.0001,3000
7025,0.0001,0
7026,0.0001,0
7027,0.0001,0
7028,0.0001,300
7029,0.0001,0
7030,0.0001,0
7031,0.0001,0
7032,0.0001,3000
7033,0.0001,0
7034,0.0001,300
7035,0.0001,0
7036,0.0001,0
7037,0.0001,500
7038,0.0001,0
7039,0.0001,900
7040,0.0001,5700
7041,0.0001,850
7042,0.0001,0
7043,0.0001,0
7044,0.0001,800
7045,0.0001,400
7046,0.0001,9000
7047,0.0001,2000
7048,0.0001,0
7049,0.0001,900
7050,0.0001,300
7051,0.0001,1800
7052,0.0001,9240
7053,0.0001,0
7054,0.0001,300
7055,0.0001,0
7056,0.0001,0
7057,0.0001,400
7058,0.0001,0
7059,0.0001,400
7060,0.0001,0
7061,0.0001,400
7062,0.0001,900
7063,0.0001,0
7064,0.0001,0
7065,0.0001,1800
7066,0.0001,900
7067,0.0001,0
7068,0.0001,7010
7069,0.0001,7930
7070,0.0001,2000
7071,0.0001,1920
7072,0.0001,0
7073,0.0001,450
7074,0.0001,0
7075,0.0001,2700
7076,0.0001,1500
7077,0.0001,1500
7078,0.0001,640
7079,0.0001,0
7080,0.0001,600
7081,0.0001,900
7082,0.0001,2940
7083,0.0001,2000
7084,0.0001,500
7085,0.0001,540
7086,0.0001,0
7087,0.0001,6930
7088,0.0001,9120
7089,0.0001,900
7090,0.0001,400
7091,0.0001,400
7092,0.0001,0
7093,0.0001,2000
7094,0.0001,300
7095,0.0001,1350
7096,0.0001,1200
7097,0.0001,9240
7098,0.0001,300
7099,0.0001,0
7100,0.0001,400
7101,0.0001,0
7102,0.0001,7960
7103,0.0001,300
7104,0.0001,1350
7105,0.0001,3000
7106,0.0001,0
7107,0.0001,6980
7108,0.0001,0
7109,0.0001,900
7110,0.0001,300
7111,0.0001,600
7112,0.0001,9240
7113,0.0001,0
7114,0.0001,300
7115,0.0001,1500
7116,0.0001,0
7117,0.0001,1200
7118,0.0001,900
7119,0.0001,0
7120,0.0001,500
7121,0.0001,0
7122,0.0001,0
7123,0.0001,400
7124,0.0001,0
7125,0.0001,900
7126,0.0001,1200
7127,0.0001,700
7128,0.0001,0
7129,0.0001,700
7130,0.0001,1200
7131,0.0001,300
7132,0.0001,400
7133,0.0001,0
7134,0.0001,300
7135,0.0001,1200
7136,0.0001,500
7137,0.0001,0
7138,0.0001,1200
7139,0.0001,300
7140,0.0001,3400
7141,0.0001,0
7142,0.0001,0
7143,0.0001,0
7144,0.0001,1500
7145,0.0001,14400
7146,0.0001,900
7147,0.0001,900
7148,0.0001,600
7149,0.0001,600
7150,0.0001,0
7151,0.0001,7080
7152,0.0001,300
7153,0.0001,1200
7154,0.0001,900
7155,0.0001,0
7156,0.0001,3900
7157,0.0001,3450
7158,0.0001,0
7159,0.0001,0
7160,0.0001,600
7161,0.0001,1500
7162,0.0001,0
7163,0.0001,400
7164,0.0001,7080
7165,0.0001,900
7166,0.0001,0
7167,0.0001,500
7168,0.0001,0
7169,0.0001,0
7170,0.0001,300
7171,0.0001,900
7172,0.0001,0
7173,0.0001,0
7174,0.0001,300
7175,0.0001,20640
7176,0.0001,300
7177,0.0001,0
7178,0.0001,400
7179,0.0001,2700
7180,0.0001,0
7181,0.0001,400
7182,0.0001,400
7183,0.0001,6930
7184,0.0001,1500
7185,0.0001,1200
7186,0.0001,400
7187,0.0001,7030
7188,0.0001,900
7189,0.0001,450
7190,0.0001,0
7191,0.0001,3900
7192,0.0001,900
7193,0.0001,500
7194,0.0001,900
7195,0.0001,0
7196,0.0001,0
7197,0.0001,500
7198,0.0001,900
7199,0.0001,0
7200,0.0001,0
7201,0.0001,1200
7202,0.0001,3000
7203,0.0001,0
7204,0.0001,1800
7205,0.0001,800
7206,0.0001,0
7207,0.0001,0
7208,0.0001,600
7209,0.0001,1500
7210,0.0001,34150
7211,0.0001,1500
7212,0.0001,900
7213,0.0001,0
7214,0.0001,900
7215,0.0001,1500
7216,0.0001,900
7217,0.0001,400
7218,0.0001,0
7219,0.0001,0
7220,0.0001,0
7221,0.0001,700
7222,0.0001,1500
7223,0.0001,900
7224,0.0001,0
7225,0.0001,0
7226,0.0001,1500
7227,0.0001,0
7228,0.0001,300
7229,0.0001,0
7230,0.0001,300
7231,0.0001,1200
7232,0.0001,900
7233,0.0001,0
7234,0.0001,0
7235,0.0001,4500
7236,0.0001,450
7237,0.0001,600
7238,0.0001,6930
7239,0.0001,0
7240,0.0001,0
7241,0.0001,0
7242,0.0001,1500
7243,0.0001,4500
7244,0.0001,0
7245,0.0001,0
7246,0.0001,0
7247,0.0001,21390
7248,0.0001,47460
7249,0.0001,1500
7250,0.0001,7080
7251,0.0001,0
7252,0.0001,0
7253,0.0001,0
7254,0.0001,850
7255,0.0001,0
7256,0.0001,500
7257,0.0001,0
7258,0.0001,0
7259,0.0001,900
7260,0.0001,0
7261,0.0001,2700
7262,0.0001,7010
7263,0.0001,400
7264,0.0001,0
7265,0.0001,300
7266,0.0001,0
7267,0.0001,0
7268,0.0001,0
7269,0.0001,500
7270,0.0001,500
7271,0.0001,3700
7272,0.0001,1200
7273,0.0001,0
7274,0.0001,0
7275,0.0001,0
7276,0.0001,1500
7277,0.0001,900
7278,0.0001,1200
7279,0.0001,10620
7280,0.0001,0
7281,0.0001,0
7282,0.0001,1800
7283,0.0001,0
7284,0.0001,300
7285,0.0001,0
7286,0.0001,0
7287,0.0001,0
7288,0.0001,0
7289,0.0001,400
7290,0.0001,0
7291,0.0001,1650
7292,0.0001,1950
7293,0.0001,0
7294,0.0001,0
7295,0.0001,900
7296,0.0001,900
7297,0.0001,900
7298,0.0001,2250
7299,0.0001,0
7300,0.0001,0
7301,0.0001,900
7302,0.0001,900
7303,0.0001,1200
7304,0.0001,0
7305,0.0001,0
7306,0.0001,400
7307,0.0001,1200
7308,0.0001,300
7309,0.0001,1800
7310,0.0001,450
7311,0.0001,900
7312,0.0001,33900
7313,0.0001,0
7314,0.0001,12000
7315,0.0001,0
7316,0.0001,0
7317,0.0001,1200
7318,0.0001,600
7319,0.0001,1800
7320,0.0001,0
7321,0.0001,300
7322,0.0001,0
7323,0.0001,1500
7324,0.0001,8380
7325,0.0001,1800
7326,0.0001,1500
7327,0.0001,1200
7328,0.0001,300
7329,0.0001,0
7330,0.0001,1200
7331,0.0001,0
7332,0.0001,0
7333,0.0001,300
7334,0.0001,0
7335,0.0001,0
7336,0.0001,900
7337,0.0001,300
7338,0.0001,400
7339,0.0001,3000
7340,0.0001,1200
7341,0.0001,600
7342,0.0001,0
7343,0.0001,0
7344,0.0001,1280
7345,0.0001,3000
7346,0.0001,0
7347,0.0001,2400
7348,0.0001,0
7349,0.0001,0
7350,0.0001,3480
7351,0.0001,40680
7352,0.0001,0
7353,0.0001,600
7354,0.0001,0
7355,0.0001,0
7356,0.0001,600
7357,0.0001,800
7358,0.0001,0
7359,0.0001,4000
7360,0.0001,1800
7361,0.0001,0
7362,0.0001,1800
7363,0.0001,0
7364,0.0001,1980
7365,0.0001,0
7366,0.0001,0
7367,0.0001,7280
7368,0.0001,1100
7369,0.0001,0
7370,0.0001,0
7371,0.0001,600
7372,0.0001,0
7373,0.0001,1800
7374,0.0001,1300
7375,0.0001,3240
7376,0.0001,1800
7377,0.0001,0
7378,0.0001,1880
7379,0.0001,3000
7380,0.0001,0
7381,0.0001,700
7382,0.0001,9140
7383,0.0001,2000
7384,0.0001,300
7385,0.0001,0
7386,0.0001,1500
7387,0.0001,1500
7388,0.0001,5400
7389,0.0001,0
7390,0.0001,400
7391,0.0001,850
7392,0.0001,0
7393,0.0001,0
7394,0.0001,240
7395,0.0001,600
7396,0.0001,1800
7397,0.0001,2200
7398,0.0001,0
7399,0.0001,900
7400,0.0001,800
7401,0.0001,0
7402,0.0001,0
7403,0.0001,0
7404,0.0001,0
7405,0.0001,900
7406,0.0001,900
7407,0.0001,0
7408,0.0001,0
7409,0.0001,400
7410,0.0001,0
7411,0.0001,2100
7412,0.0001,0
7413,0.0001,2100
7414,0.0001,0
7415,0.0001,0
7416,0.0001,0
7417,0.0001,0
7418,0.0001,1800
7419,0.0001,0
7420,0.0001,0
7421,0.0001,0
7422,0.0001,840
7423,0.0001,300
7424,0.0001,6980
7425,0.0001,600
7426,0.0001,0
7427,0.0001,2250
7428,0.0001,1900
7429,0.0001,300
7430,0.0001,700
7431,0.0001,900
7432,0.0001,400
7433,0.0001,300
7434,0.0001,0
7435,0.0001,540
7436,0.0001,0
7437,0.0001,2100
7438,0.0001,9090
7439,0.0001,1500
7440,0.0001,20940
7441,0.0001,0
7442,0.0001,1500
7443,0.0001,900
7444,0.0001,300
7445,0.0001,940
7446,0.0001,1800
7447,0.0001,0
7448,0.0001,1200
7449,0.0001,600
7450,0.0001,0
7451,0.0001,0
7452,0.0001,0
7453,0.0001,0
7454,0.0001,600
7455,0.0001,0
7456,0.0001,20940
7457,0.0001,0
7458,0.0001,1400
7459,0.0001,0
7460,0.0001,0
7461,0.0001,2100
7462,0.0001,1500
7463,0.0001,0
7464,0.0001,1500
7465,0.0001,0
7466,0.0001,8180
7467,0.0001,0
7468,0.0001,4950
7469,0.0001,900
7470,0.0001,1650
7471,0.0001,20880
7472,0.0001,1200
7473,0.0001,12600
7474,0.0001,20640
7475,0.0001,2250
7476,0.0001,0
7477,0.0001,0
7478,0.0001,940
7479,0.0001,900
7480,0.0001,1500
7481,0.0001,0
7482,0.0001,700
7483,0.0001,1200
7484,0.0001,1200
7485,0.0001,4900
7486,0.0001,0
7487,0.0001,0
7488,0.0001,900
7489,0.0001,300
7490,0.0001,300
7491,0.0001,1500
7492,0.0001,1500
7493,0.0001,0
7494,0.0001,900
7495,0.0001,0
7496,0.0001,6980
7497,0.0001,1200
7498,0.0001,900
7499,0.0001,9040
7500,0.0001,300
7501,0.0001,0
7502,0.0001,600
7503,0.0001,0
7504,0.0001,700
7505,0.0001,1350
7506,0.0001,900
7507,0.0001,800
7508,0.0001,0
7509,0.0001,700
7510,0.0001,3000
7511,0.0001,400
7512,0.0001,300
7513,0.0001,640
7514,0.0001,900
7515,0.0001,600
7516,0.0001,0
7517,0.0001,0
7518,0.0001,300
7519,0.0001,900
7520,0.0001,900
7521,0.0001,2000
7522,0.0001,400
7523,0.0001,1800
7524,0.0001,1500
7525,0.0001,0
7526,0.0001,2100
7527,0.0001,0
7528,0.0001,1740
7529,0.0001,0
7530,0.0001,0
7531,0.0001,0
7532,0.0001,1500
7533,0.0001,900
7534,0.0001,400
7535,0.0001,0
7536,0.0001,0
7537,0.0001,3690
7538,0.0001,1200
7539,0.0001,1200
7540,0.0001,600
7541,0.0001,3300
7542,0.0001,0
7543,0.0001,400
7544,0.0001,450
7545,0.0001,0
7546,0.0001,20940
7547,0.0001,300
7548,0.0001,0
7549,0.0001,0
7550,0.0001,900
7551,0.0001,0
7552,0.0001,9040
7553,0.0001,0
7554,0.0001,0
7555,0.0001,4800
7556,0.0001,1200
7557,0.0001,500
7558,0.0001,500
7559,0.0001,300
7560,0.0001,0
7561,0.0001,0
7562,0.0001,0
7563,0.0001,0
7564,0.0001,400
7565,0.0001,0
7566,0.0001,0
7567,0.0001,300
7568,0.0001,840
7569,0.0001,0
7570,0.0001,900
7571,0.0001,0
7572,0.0001,300
7573,0.0001,0
7574,0.0001,20880
7575,0.0001,7280
7576,0.0001,12000
7577,0.0001,900
7578,0.0001,0
7579,0.0001,6960
7580,0.0001,0
7581,0.0001,900
7582,0.0001,0
7583,0.0001,4950
7584,0.0001,900
7585,0.0001,0
7586,0.0001,0
7587,0.0001,1500
7588,0.0001,500
7589,0.0001,0
7590,0.0001,0
7591,0.0001,700
7592,0.0001,0
7593,0.0001,3000
7594,0.0001,600
7595,0.0001,600
7596,0.0001,0
7597,0.0001,0
7598,0.0001,550
7599,0.0001,300
7600,0.0001,1500
7601,0.0001,300
7602,0.0001,0
7603,0.0001,0
7604,0.0001,1500
7605,0.0001,600
7606,0.0001,0
7607,0.0001,900
7608,0.0001,600
7609,0.0001,1500
7610,0.0001,0
7611,0.0001,3700
7612,0.0001,750
7613,0.0001,1800
7614,0.0001,0
7615,0.0001,800
7616,0.0001,2100
7617,0.0001,600
7618,0.0001,0
7619,0.0001,900
7620,0.0001,0
7621,0.0001,20640
7622,0.0001,2000
7623,0.0001,1800
7624,0.0001,1900
7625,0.0001,600
7626,0.0001,0
7627,0.0001,0
7628,0.0001,400
7629,0.0001,400
7630,0.0001,0
7631,0.0001,900
7632,0.0001,0
7633,0.0001,400
7634,0.0001,20940
7635,0.0001,1800
7636,0.0001,0
7637,0.0001,300
7638,0.0001,700
7639,0.0001,1500
7640,0.0001,0
7641,0.0001,0
7642,0.0001,920
7643,0.0001,0
7644,0.0001,2100
7645,0.0001,1500
7646,0.0001,1500
7647,0.0001,1500
7648,0.0001,0
7649,0.0001,27120
7650,0.0001,2100
7651,0.0001,0
7652,0.0001,0
7653,0.0001,740
7654,0.0001,900
7655,0.0001,300
7656,0.0001,900
7657,0.0001,0
7658,0.0001,0
7659,0.0001,400
7660,0.0001,1800
7661,0.0001,0
7662,0.0001,1800
7663,0.0001,0
7664,0.0001,0
7665,0.0001,0
7666,0.0001,400
7667,0.0001,0
7668,0.0001,0
7669,0.0001,4050
7670,0.0001,0
7671,0.0001,0
7672,0.0001,1600
7673,0.0001,0
7674,0.0001,600
7675,0.0001,3000
7676,0.0001,0
7677,0.0001,1800
7678,0.0001,19800
7679,0.0001,2400
7680,0.0001,0
7681,0.0001,4200
7682,0.0001,4200
7683,0.0001,4000
7684,0.0001,1200
7685,0.0001,600
7686,0.0001,0
7687,0.0001,0
7688,0.0001,0
7689,0.0001,600
7690,0.0001,5400
7691,0.0001,3000
7692,0.0001,0
7693,0.0001,10800
7694,0.0001,1600
7695,0.0001,3000
7696,0.0001,1800
7697,0.0001,3600
7698,0.0001,0
7699,0.0001,0
7700,0.0001,5670
7701,0.0001,740
7702,0.0001,0
7703,0.0001,0
7704,0.0001,2100
7705,0.0001,900
7706,0.0001,0
7707,0.0001,300
7708,0.0001,900
7709,0.0001,0
7710,0.0001,300
7711,0.0001,0
7712,0.0001,300
7713,0.0001,1500
7714,0.0001,0
7715,0.0001,2000
7716,0.0001,700
7717,0.0001,1350
7718,0.0001,2250
7719,0.0001,300
7720,0.0001,0
7721,0.0001,800
7722,0.0001,3600
7723,0.0001,7480
7724,0.0001,900
7725,0.0001,400
7726,0.0001,0
7727,0.0001,1500
7728,0.0001,6300
7729,0.0001,0
7730,0.0001,0
7731,0.0001,540
7732,0.0001,500
7733,0.0001,700
7734,0.0001,0
7735,0.0001,3400
7736,0.0001,4500
7737,0.0001,1200
7738,0.0001,0
7739,0.0001,0
7740,0.0001,0
7741,0.0001,0
7742,0.0001,0
7743,0.0001,41280
7744,0.0001,3000
7745,0.0001,3900
7746,0.0001,18240
7747,0.0001,13960
7748,0.0001,800
7749,0.0001,5040
7750,0.0001,0
7751,0.0001,1880
7752,0.0001,3000
7753,0.0001,3240
7754,0.0001,0
7755,0.0001,0
7756,0.0001,6480
7757,0.0001,4200
7758,0.0001,1800
7759,0.0001,3800
7760,0.0001,1800
7761,0.0001,600
7762,0.0001,1800
7763,0.0001,15320
7764,0.0001,0
7765,0.0001,600
7766,0.0001,1000
7767,0.0001,1600
7768,0.0001,3000
7769,0.0001,0
7770,0.0001,2400
7771,0.0001,1800
7772,0.0001,3000
7773,0.0001,1280
7774,0.0001,0
7775,0.0001,1200
7776,0.0001,2400
7777,0.0001,600
7778,0.0001,0
7779,0.0001,0
7780,0.0001,0
7781,0.0001,0
7782,0.0001,600
7783,0.0001,0
7784,0.0001,1200
7785,0.0001,0
7786,0.0001,68800
7787,0.0001,0
7788,0.0001,1200
7789,0.0001,3000
7790,0.0001,3000
7791,0.0001,600
7792,0.0001,23200
7793,0.0001,0
7794,0.0001,1800
7795,0.0001,3000
7796,0.0001,6000
7797,0.0001,600
7798,0.0001,600
7799,0.0001,0
7800,0.0001,900
7801,0.0001,4300
7802,0.0001,790
7803,0.0001,1500
7804,0.0001,0
7805,0.0001,0
7806,0.0001,1200
7807,0.0001,2000
7808,0.0001,0
7809,0.0001,600
7810,0.0001,600
7811,0.0001,1620
7812,0.0001,9000
7813,0.0001,20940
7814,0.0001,1200
7815,0.0001,0
7816,0.0001,300
7817,0.0001,9240
7818,0.0001,7030
7819,0.0001,700
7820,0.0001,900
7821,0.0001,900
7822,0.0001,2250
7823,0.0001,7430
7824,0.0001,0
7825,0.0001,0
7826,0.0001,0
7827,0.0001,0
7828,0.0001,1800
7829,0.0001,1620
7830,0.0001,400
7831,0.0001,15000
7832,0.0001,1500
7833,0.0001,600
7834,0.0001,2100
7835,0.0001,900
7836,0.0001,900
7837,0.0001,900
7838,0.0001,700
7839,0.0001,0
7840,0.0001,1500
7841,0.0001,0
7842,0.0001,700
7843,0.0001,7080
7844,0.0001,20340
7845,0.0001,900
7846,0.0001,900
7847,0.0001,300
7848,0.0001,0
7849,0.0001,900
7850,0.0001,900
7851,0.0001,2520
7852,0.0001,1350
7853,0.0001,0
7854,0.0001,1650
7855,0.0001,300
7856,0.0001,1200
7857,0.0001,4500
7858,0.0001,7080
7859,0.0001,2000
7860,0.0001,400
7861,0.0001,900
7862,0.0001,1200
7863,0.0001,1500
7864,0.0001,0
7865,0.0001,0
7866,0.0001,4500
7867,0.0001,900
7868,0.0001,1200
7869,0.0001,0
7870,0.0001,900
7871,0.0001,800
7872,0.0001,900
7873,0.0001,0
7874,0.0001,2200
7875,0.0001,0
7876,0.0001,0
7877,0.0001,27420
7878,0.0001,0
7879,0.0001,0
7880,0.0001,700
7881,0.0001,0
7882,0.0001,0
7883,0.0001,1200
7884,0.0001,400
7885,0.0001,900
7886,0.0001,0
7887,0.0001,0
7888,0.0001,1500
7889,0.0001,1500
7890,0.0001,900
7891,0.0001,7030
7892,0.0001,900
7893,0.0001,900
7894,0.0001,0
7895,0.0001,0
7896,0.0001,1500
7897,0.0001,0
7898,0.0001,940
7899,0.0001,2700
7900,0.0001,0
7901,0.0001,840
7902,0.0001,900
7903,0.0001,300
7904,0.0001,900
7905,0.0001,600
7906,0.0001,300
7907,0.0001,2100
7908,0.0001,5250
7909,0.0001,2000
7910,0.0001,1170
7911,0.0001,300
7912,0.0001,0
7913,0.0001,0
7914,0.0001,0
7915,0.0001,0
7916,0.0001,20880
7917,0.0001,400
7918,0.0001,0
7919,0.0001,10800
7920,0.0001,300
7921,0.0001,900
7922,0.0001,20580
7923,0.0001,12600
7924,0.0001,900
7925,0.0001,7680
7926,0.0001,1200
7927,0.0001,0
7928,0.0001,300
7929,0.0001,600
7930,0.0001,0
7931,0.0001,6980
7932,0.0001,0
7933,0.0001,300
7934,0.0001,2000
7935,0.0001,1300
7936,0.0001,900
7937,0.0001,0
7938,0.0001,0
7939,0.0001,0
7940,0.0001,500
7941,0.0001,0
7942,0.0001,0
7943,0.0001,900
7944,0.0001,300
7945,0.0001,0
7946,0.0001,0
7947,0.0001,4500
7948,0.0001,400
7949,0.0001,900
7950,0.0001,900
7951,0.0001,900
7952,0.0001,900
7953,0.0001,0
7954,0.0001,900
7955,0.0001,500
7956,0.0001,900
7957,0.0001,1200
7958,0.0001,0
7959,0.0001,0
7960,0.0001,0
7961,0.0001,20640
7962,0.0001,300
7963,0.0001,0
7964,0.0001,1200
7965,0.0001,900
7966,0.0001,0
7967,0.0001,2250
7968,0.0001,700
7969,0.0001,9900
7970,0.0001,300
7971,0.0001,300
7972,0.0001,1500
7973,0.0001,700
7974,0.0001,800
7975,0.0001,400
7976,0.0001,300
7977,0.0001,400
7978,0.0001,900
7979,0.0001,4350
7980,0.0001,800
7981,0.0001,300
7982,0.0001,0
7983,0.0001,0
7984,0.0001,1350
7985,0.0001,45200
7986,0.0001,1500
7987,0.0001,0
7988,0.0001,1200
7989,0.0001,0
7990,0.0001,700
7991,0.0001,7080
7992,0.0001,2000
7993,0.0001,300
7994,0.0001,0
7995,0.0001,900
7996,0.0001,600
7997,0.0001,0
7998,0.0001,900
7999,0.0001,600
8000,0.0001,1200
8001,0.0001,500
8002,0.0001,540
8003,0.0001,1920
8004,0.0001,0
8005,0.0001,0
8006,0.0001,1920
8007,0.0001,400
8008,0.0001,700
8009,0.0001,1200
8010,0.0001,6300
8011,0.0001,1200
8012,0.0001,300
8013,0.0001,300
8014,0.0001,700
8015,0.0001,0
8016,0.0001,0
8017,0.0001,900
8018,0.0001,0
8019,0.0001,900
8020,0.0001,300
8021,0.0001,3540
8022,0.0001,0
8023,0.0001,0
8024,0.0001,0
8025,0.0001,300
8026,0.0001,300
8027,0.0001,9900
8028,0.0001,0
8029,0.0001,300
8030,0.0001,1800
8031,0.0001,1170
8032,0.0001,0
8033,0.0001,5400
8034,0.0001,0
8035,0.0001,0
8036,0.0001,450
8037,0.0001,1200
8038,0.0001,10200
8039,0.0001,3000
8040,0.0001,2100
8041,0.0001,0
8042,0.0001,0
8043,0.0001,1500
8044,0.0001,0
8045,0.0001,0
8046,0.0001,6880
8047,0.0001,800
8048,0.0001,0
8049,0.0001,500
8050,0.0001,600
8051,0.0001,300
8052,0.0001,400
8053,0.0001,0
8054,0.0001,300
8055,0.0001,800
8056,0.0001,600
8057,0.0001,400
8058,0.0001,9240
8059,0.0001,1920
8060,0.0001,1800
8061,0.0001,4320
8062,0.0001,300
8063,0.0001,6000
8064,0.0001,0
8065,0.0001,900
8066,0.0001,900
8067,0.0001,0
8068,0.0001,0
8069,0.0001,900
8070,0.0001,2140
8071,0.0001,300
8072,0.0001,300
8073,0.0001,0
8074,0.0001,300
8075,0.0001,900
8076,0.0001,300
8077,0.0001,0
8078,0.0001,0
8079,0.0001,1200
8080,0.0001,900
8081,0.0001,400
8082,0.0001,900
8083,0.0001,300
8084,0.0001,300
8085,0.0001,700
8086,0.0001,0
8087,0.0001,500
8088,0.0001,900
8089,0.0001,600
8090,0.0001,0
8091,0.0001,2000
8092,0.0001,900
8093,0.0001,400
8094,0.0001,900
8095,0.0001,1200
8096,0.0001,3600
8097,0.0001,0
8098,0.0001,0
8099,0.0001,0
8100,0.0001,0
8101,0.0001,300
8102,0.0001,300
8103,0.0001,1500
8104,0.0001,1200
8105,0.0001,10800
8106,0.0001,0
8107,0.0001,300
8108,0.0001,0
8109,0.0001,300
8110,0.0001,400
8111,0.0001,0
8112,0.0001,300
8113,0.0001,0
8114,0.0001,900
8115,0.0001,0
8116,0.0001,20880
8117,0.0001,0
8118,0.0001,0
8119,0.0001,900
8120,0.0001,1200
8121,0.0001,1200
8122,0.0001,0
8123,0.0001,0
8124,0.0001,20880
8125,0.0001,6300
8126,0.0001,0
8127,0.0001,2000
8128,0.0001,6880
8129,0.0001,5700
8130,0.0001,400
8131,0.0001,0
8132,0.0001,1500
8133,0.0001,400
8134,0.0001,900
8135,0.0001,1200
8136,0.0001,0
8137,0.0001,0
8138,0.0001,1500
8139,0.0001,0
8140,0.0001,300
8141,0.0001,0
8142,0.0001,2100
8143,0.0001,150
8144,0.0001,990
8145,0.0001,0
8146,0.0001,700
8147,0.0001,0
8148,0.0001,0
8149,0.0001,0
8150,0.0001,900
8151,0.0001,700
8152,0.0001,750
8153,0.0001,1350
8154,0.0001,1500
8155,0.0001,550
8156,0.0001,1650
8157,0.0001,0
8158,0.0001,6720
8159,0.0001,400
8160,0.0001,720
8161,0.0001,1500
8162,0.0001,0
8163,0.0001,900
8164,0.0001,900
8165,0.0001,900
8166,0.0001,540
8167,0.0001,0
8168,0.0001,2100
8169,0.0001,0
8170,0.0001,0
8171,0.0001,700
8172,0.0001,1800
8173,0.0001,2100
8174,0.0001,0
8175,0.0001,0
8176,0.0001,9170
8177,0.0001,20940
8178,0.0001,1200
8179,0.0001,740
8180,0.0001,300
8181,0.0001,3000
8182,0.0001,0
8183,0.0001,0
8184,0.0001,0
8185,0.0001,7060
8186,0.0001,600
8187,0.0001,300
8188,0.0001,3700
8189,0.0001,0
8190,0.0001,34900
8191,0.0001,2000
8192,0.0001,21000
8193,0.0001,4500
8194,0.0001,2000
8195,0.0001,9000
8196,0.0001,10000
8197,0.0001,11700
8198,0.0001,0
8199,0.0001,0
8200,0.0001,2000
8201,0.0001,1500
8202,0.0001,35400
8203,0.0001,4500
8204,0.0001,2000
8205,0.0001,1500
8206,0.0001,7500
8207,0.0001,1500
8208,0.0001,4500
8209,0.0001,0
8210,0.0001,6000
8211,0.0001,7500
8212,0.0001,4500
8213,0.0001,9000
8214,0.0001,7500
8215,0.0001,8100
8216,0.0001,1500
8217,0.0001,900
8218,0.0001,900
8219,0.0001,900
8220,0.0001,800
8221,0.0001,1500
8222,0.0001,1200
8223,0.0001,940
8224,0.0001,800
8225,0.0001,300
8226,0.0001,0
8227,0.0001,3000
8228,0.0001,900
8229,0.0001,1500
8230,0.0001,2250
8231,0.0001,1200
8232,0.0001,21540
8233,0.0001,400
8234,0.0001,1800
8235,0.0001,0
8236,0.0001,1800
8237,0.0001,700
8238,0.0001,20490
8239,0.0001,0
8240,0.0001,0
8241,0.0001,800
8242,0.0001,0
8243,0.0001,300
8244,0.0001,900
8245,0.0001,900
8246,0.0001,0
8247,0.0001,400
8248,0.0001,300
8249,0.0001,0
8250,0.0001,0
8251,0.0001,0
8252,0.0001,2000
8253,0.0001,400
8254,0.0001,3300
8255,0.0001,1650
8256,0.0001,20940
8257,0.0001,0
8258,0.0001,0
8259,0.0001,300
8260,0.0001,0
8261,0.0001,3400
8262,0.0001,900
8263,0.0001,990
8264,0.0001,300
8265,0.0001,1500
8266,0.0001,0
8267,0.0001,9140
8268,0.0001,900
8269,0.0001,900
8270,0.0001,0
8271,0.0001,0
8272,0.0001,2250
8273,0.0001,1500
8274,0.0001,400
8275,0.0001,0
8276,0.0001,2100
8277,0.0001,500
8278,0.0001,400
8279,0.0001,1500
8280,0.0001,0
8281,0.0001,300
8282,0.0001,800
8283,0.0001,900
8284,0.0001,4050
8285,0.0001,1650
8286,0.0001,0
8287,0.0001,0
8288,0.0001,2250
8289,0.0001,2520
8290,0.0001,2250
8291,0.0001,400
8292,0.0001,2100
8293,0.0001,1500
8294,0.0001,300
8295,0.0001,0
8296,0.0001,0
8297,0.0001,1800
8298,0.0001,1700
8299,0.0001,0
8300,0.0001,600
8301,0.0001,3000
8302,0.0001,1100
8303,0.0001,1800
8304,0.0001,0
8305,0.0001,0
8306,0.0001,0
8307,0.0001,1800
8308,0.0001,0
8309,0.0001,940
8310,0.0001,0
8311,0.0001,0
8312,0.0001,0
8313,0.0001,0
8314,0.0001,300
8315,0.0001,800
8316,0.0001,0
8317,0.0001,940
8318,0.0001,900
8319,0.0001,0
8320,0.0001,2000
8321,0.0001,0
8322,0.0001,300
8323,0.0001,20640
8324,0.0001,6980
8325,0.0001,0
8326,0.0001,1800
8327,0.0001,300
8328,0.0001,900
8329,0.0001,700
8330,0.0001,600
8331,0.0001,1500
8332,0.0001,0
8333,0.0001,0
8334,0.0001,300
8335,0.0001,900
8336,0.0001,0
8337,0.0001,1500
8338,0.0001,0
8339,0.0001,900
8340,0.0001,0
8341,0.0001,600
8342,0.0001,900
8343,0.0001,0
8344,0.0001,0
8345,0.0001,1200
8346,0.0001,1500
8347,0.0001,0
8348,0.0001,400
8349,0.0001,0
8350,0.0001,900
8351,0.0001,6980
8352,0.0001,0
8353,0.0001,0
8354,0.0001,0
8355,0.0001,900
8356,0.0001,940
8357,0.0001,0
8358,0.0001,1200
8359,0.0001,2100
8360,0.0001,400
8361,0.0001,1950
8362,0.0001,0
8363,0.0001,0
8364,0.0001,300
8365,0.0001,1440
8366,0.0001,900
8367,0.0001,2100
8368,0.0001,900
8369,0.0001,1200
8370,0.0001,6980
8371,0.0001,0
8372,0.0001,1200
8373,0.0001,1200
8374,0.0001,0
8375,0.0001,0
8376,0.0001,600
8377,0.0001,0
8378,0.0001,1500
8379,0.0001,900
8380,0.0001,0
8381,0.0001,7080
8382,0.0001,300
8383,0.0001,1500
8384,0.0001,0
8385,0.0001,400
8386,0.0001,400
8387,0.0001,0
8388,0.0001,900
8389,0.0001,1500
8390,0.0001,0
8391,0.0001,11400
8392,0.0001,0
8393,0.0001,0
8394,0.0001,1500
8395,0.0001,0
8396,0.0001,550
8397,0.0001,0
8398,0.0001,7080
8399,0.0001,0
8400,0.0001,0
8401,0.0001,0
8402,0.0001,0
8403,0.0001,400
8404,0.0001,300
8405,0.0001,1800
8406,0.0001,7180
8407,0.0001,800
8408,0.0001,0
8409,0.0001,2100
8410,0.0001,300
8411,0.0001,0
8412,0.0001,300
8413,0.0001,300
8414,0.0001,0
8415,0.0001,1500
8416,0.0001,400
8417,0.0001,6980
8418,0.0001,0
8419,0.0001,900
8420,0.0001,1500
8421,0.0001,900
8422,0.0001,300
8423,0.0001,0
8424,0.0001,7280
8425,0.0001,720
8426,0.0001,900
8427,0.0001,0
8428,0.0001,0
8429,0.0001,0
8430,0.0001,0
8431,0.0001,16500
8432,0.0001,540
8433,0.0001,1500
8434,0.0001,0
8435,0.0001,1920
8436,0.0001,700
8437,0.0001,400
8438,0.0001,1500
8439,0.0001,900
8440,0.0001,6980
8441,0.0001,7440
8442,0.0001,0
8443,0.0001,0
8444,0.0001,0
8445,0.0001,0
8446,0.0001,900
8447,0.0001,400
8448,0.0001,0
8449,0.0001,6980
8450,0.0001,300
8451,0.0001,2250
8452,0.0001,900
8453,0.0001,1500
8454,0.0001,1500
8455,0.0001,0
8456,0.0001,300
8457,0.0001,20880
8458,0.0001,0
8459,0.0001,0
8460,0.0001,2000
8461,0.0001,300
8462,0.0001,900
8463,0.0001,0
8464,0.0001,300
8465,0.0001,0
8466,0.0001,1200
8467,0.0001,0
8468,0.0001,3000
8469,0.0001,900
8470,0.0001,0
8471,0.0001,800
8472,0.0001,600
8473,0.0001,0
8474,0.0001,300
8475,0.0001,0
8476,0.0001,6980
8477,0.0001,900
8478,0.0001,1800
8479,0.0001,400
8480,0.0001,0
8481,0.0001,0
8482,0.0001,9140
8483,0.0001,2520
8484,0.0001,1500
8485,0.0001,300
8486,0.0001,0
8487,0.0001,0
8488,0.0001,0
8489,0.0001,0
8490,0.0001,400
8491,0.0001,0
8492,0.0001,2000
8493,0.0001,900
8494,0.0001,1500
8495,0.0001,900
8496,0.0001,800
8497,0.0001,1800
8498,0.0001,4050
8499,0.0001,0
8500,0.0001,2100
8501,0.0001,0
8502,0.0001,0
8503,0.0001,300
8504,0.0001,7280
8505,0.0001,300
8506,0.0001,1200
8507,0.0001,10200
8508,0.0001,0
8509,0.0001,2200
8510,0.0001,0
8511,0.0001,2100
8512,0.0001,500
8513,0.0001,0
8514,0.0001,10200
8515,0.0001,1500
8516,0.0001,0
8517,0.0001,0
8518,0.0001,2100
8519,0.0001,0
8520,0.0001,3640
8521,0.0001,400
8522,0.0001,900
8523,0.0001,400
8524,0.0001,400
8525,0.0001,0
8526,0.0001,900
8527,0.0001,1400
8528,0.0001,600
8529,0.0001,0
8530,0.0001,0
8531,0.0001,0
8532,0.0001,3000
8533,0.0001,850
8534,0.0001,0
8535,0.0001,500
8536,0.0001,0
8537,0.0001,900
8538,0.0001,900
8539,0.0001,1050
8540,0.0001,400
8541,0.0001,1200
8542,0.0001,0
8543,0.0001,1200
8544,0.0001,1800
8545,0.0001,1200
8546,0.0001,2100
8547,0.0001,600
8548,0.0001,0
8549,0.0001,0
8550,0.0001,1500
8551,0.0001,0
8552,0.0001,300
8553,0.0001,500
8554,0.0001,300
8555,0.0001,0
8556,0.0001,0
8557,0.0001,1500
8558,0.0001,0
8559,0.0001,3450
8560,0.0001,600
8561,0.0001,16200
8562,0.0001,400
8563,0.0001,11700
8564,0.0001,550
8565,0.0001,900
8566,0.0001,0
8567,0.0001,3000
8568,0.0001,1200
8569,0.0001,2200
8570,0.0001,400
8571,0.0001,6980
8572,0.0001,750
8573,0.0001,1500
8574,0.0001,900
8575,0.0001,300
8576,0.0001,0
8577,0.0001,900
8578,0.0001,0
8579,0.0001,600
8580,0.0001,1800
8581,0.0001,600
8582,0.0001,1500
8583,0.0001,800
8584,0.0001,0
8585,0.0001,20940
8586,0.0001,0
8587,0.0001,900
8588,0.0001,400
8589,0.0001,0
8590,0.0001,0
8591,0.0001,300
8592,0.0001,400
8593,0.0001,550
8594,0.0001,400
8595,0.0001,0
8596,0.0001,2100
8597,0.0001,6960
8598,0.0001,0
8599,0.0001,1200
8600,0.0001,300
8601,0.0001,0
8602,0.0001,0
8603,0.0001,0
8604,0.0001,300
8605,0.0001,600
8606,0.0001,500
8607,0.0001,0
8608,0.0001,400
8609,0.0001,900
8610,0.0001,300
8611,0.0001,1500
8612,0.0001,500
8613,0.0001,0
8614,0.0001,400
8615,0.0001,0
8616,0.0001,0
8617,0.0001,300
8618,0.0001,900
8619,0.0001,1920
8620,0.0001,0
8621,0.0001,1500
8622,0.0001,900
8623,0.0001,0
8624,0.0001,300
8625,0.0001,400
8626,0.0001,1500
8627,0.0001,300
8628,0.0001,900
8629,0.0001,300
8630,0.0001,900
8631,0.0001,0
8632,0.0001,0
8633,0.0001,400
8634,0.0001,700
8635,0.0001,1800
8636,0.0001,900
8637,0.0001,300
8638,0.0001,0
8639,0.0001,900
8640,0.0001,300
8641,0.0001,0
8642,0.0001,900
8643,0.0001,300
8644,0.0001,300
8645,0.0001,900
8646,0.0001,0
8647,0.0001,1500
8648,0.0001,900
8649,0.0001,33900
8650,0.0001,900
8651,0.0001,0
8652,0.0001,900
8653,0.0001,0
8654,0.0001,800
8655,0.0001,1800
8656,0.0001,240
8657,0.0001,0
8658,0.0001,1200
8659,0.0001,300
8660,0.0001,1200
8661,0.0001,1600
8662,0.0001,1620
8663,0.0001,0
8664,0.0001,6980
8665,0.0001,300
8666,0.0001,0
8667,0.0001,300
8668,0.0001,0
8669,0.0001,900
8670,0.0001,900
8671,0.0001,6980
8672,0.0001,34300
8673,0.0001,1200
8674,0.0001,300
8675,0.0001,0
8676,0.0001,0
8677,0.0001,1200
8678,0.0001,800
8679,0.0001,2520
8680,0.0001,1800
8681,0.0001,2000
8682,0.0001,1200
8683,0.0001,700
8684,0.0001,7080
8685,0.0001,0
8686,0.0001,0
8687,0.0001,700
8688,0.0001,0
8689,0.0001,0
8690,0.0001,0
8691,0.0001,500
8692,0.0001,0
8693,0.0001,300
8694,0.0001,0
8695,0.0001,400
8696,0.0001,550
8697,0.0001,21840
8698,0.0001,20940
8699,0.0001,0
8700,0.0001,0
8701,0.0001,2000
8702,0.0001,34400
8703,0.0001,500
8704,0.0001,1800
8705,0.0001,0
8706,0.0001,940
8707,0.0001,400
8708,0.0001,800
8709,0.0001,900
8710,0.0001,0
8711,0.0001,0
8712,0.0001,300
8713,0.0001,0
8714,0.0001,0
8715,0.0001,300
8716,0.0001,900
8717,0.0001,0
8718,0.0001,600
8719,0.0001,650
8720,0.0001,3600
8721,0.0001,700
8722,0.0001,900
8723,0.0001,1450
8724,0.0001,0
8725,0.0001,0
8726,0.0001,500
8727,0.0001,1500
8728,0.0001,1500
8729,0.0001,0
8730,0.0001,0
8731,0.0001,0
8732,0.0001,900
8733,0.0001,1500
8734,0.0001,900
8735,0.0001,900
8736,0.0001,1500
8737,0.0001,1500
8738,0.0001,2700
8739,0.0001,300
8740,0.0001,900
8741,0.0001,0
8742,0.0001,3640
8743,0.0001,900
8744,0.0001,940
8745,0.0001,0
8746,0.0001,0
8747,0.0001,0
8748,0.0001,2250
8749,0.0001,0
8750,0.0001,400
8751,0.0001,550
8752,0.0001,10800
8753,0.0001,0
8754,0.0001,3000
8755,0.0001,1200
8756,0.0001,20940
8757,0.0001,1200
8758,0.0001,900
8759,0.0001,0
8760,0.0001,20790
8761,0.0001,0
8762,0.0001,900
8763,0.0001,1500
8764,0.0001,1200
8765,0.0001,1500
8766,0.0001,240
8767,0.0001,0
8768,0.0001,600
8769,0.0001,800
8770,0.0001,900
8771,0.0001,0
8772,0.0001,0
8773,0.0001,900
8774,0.0001,300
8775,0.0001,1500
8776,0.0001,0
8777,0.0001,9000
8778,0.0001,400
8779,0.0001,0
8780,0.0001,300
8781,0.0001,240
8782,0.0001,1350
8783,0.0001,450
8784,0.0001,3300
8785,0.0001,300
8786,0.0001,3700
8787,0.0001,2100
8788,0.0001,0
8789,0.0001,840
8790,0.0001,0
8791,0.0001,540
8792,0.0001,1350
8793,0.0001,9190
8794,0.0001,1500
8795,0.0001,1500
8796,0.0001,400
8797,0.0001,0
8798,0.0001,0
8799,0.0001,3000
8800,0.0001,1440
8801,0.0001,0
8802,0.0001,2400
8803,0.0001,0
8804,0.0001,1800
8805,0.0001,2400
8806,0.0001,0
8807,0.0001,1800
8808,0.0001,600
8809,0.0001,600
8810,0.0001,0
8811,0.0001,700
8812,0.0001,1200
8813,0.0001,0
8814,0.0001,700
8815,0.0001,7030
8816,0.0001,900
8817,0.0001,1500
8818,0.0001,0
8819,0.0001,400
8820,0.0001,400
8821,0.0001,0
8822,0.0001,500
8823,0.0001,800
8824,0.0001,300
8825,0.0001,2340
8826,0.0001,400
8827,0.0001,1200
8828,0.0001,7080
8829,0.0001,300
8830,0.0001,1200
8831,0.0001,2100
8832,0.0001,0
8833,0.0001,400
8834,0.0001,0
8835,0.0001,0
8836,0.0001,6980
8837,0.0001,700
8838,0.0001,0
8839,0.0001,0
8840,0.0001,0
8841,0.0001,500
8842,0.0001,0
8843,0.0001,600
8844,0.0001,1200
8845,0.0001,0
8846,0.0001,300
8847,0.0001,600
8848,0.0001,900
8849,0.0001,900
8850,0.0001,2250
8851,0.0001,300
8852,0.0001,0
8853,0.0001,0
8854,0.0001,0
8855,0.0001,500
8856,0.0001,1200
8857,0.0001,1500
8858,0.0001,300
8859,0.0001,300
8860,0.0001,0
8861,0.0001,0
8862,0.0001,300
8863,0.0001,300
8864,0.0001,450
8865,0.0001,300
8866,0.0001,0
8867,0.0001,1500
8868,0.0001,900
8869,0.0001,0
8870,0.0001,2200
8871,0.0001,0
8872,0.0001,300
8873,0.0001,9140
8874,0.0001,0
8875,0.0001,0
8876,0.0001,600
8877,0.0001,7400
8878,0.0001,3240
8879,0.0001,3000
8880,0.0001,0
8881,0.0001,800
8882,0.0001,0
8883,0.0001,0
8884,0.0001,900
8885,0.0001,1800
8886,0.0001,44280
8887,0.0001,0
8888,0.0001,3000
8889,0.0001,3000
8890,0.0001,1800
8891,0.0001,0
8892,0.0001,0
8893,0.0001,0
8894,0.0001,0
8895,0.0001,1000
8896,0.0001,1500
8897,0.0001,0
8898,0.0001,0
8899,0.0001,0
8900,0.0001,0
8901,0.0001,0
8902,0.0001,800
8903,0.0001,800
8904,0.0001,0
8905,0.0001,1500
8906,0.0001,900
8907,0.0001,0
8908,0.0001,400
8909,0.0001,900
8910,0.0001,0
8911,0.0001,7080
8912,0.0001,900
8913,0.0001,0
8914,0.0001,3540
8915,0.0001,0
8916,0.0001,20580
8917,0.0001,300
8918,0.0001,1050
8919,0.0001,0
8920,0.0001,1600
8921,0.0001,0
8922,0.0001,300
8923,0.0001,900
8924,0.0001,0
8925,0.0001,1500
8926,0.0001,400
8927,0.0001,0
8928,0.0001,300
8929,0.0001,1350
8930,0.0001,1200
8931,0.0001,900
8932,0.0001,500
8933,0.0001,400
8934,0.0001,0
8935,0.0001,2100
8936,0.0001,1800
8937,0.0001,740
8938,0.0001,900
8939,0.0001,900
8940,0.0001,0
8941,0.0001,0
8942,0.0001,1800
8943,0.0001,300
8944,0.0001,0
8945,0.0001,0
8946,0.0001,990
8947,0.0001,0
8948,0.0001,400
8949,0.0001,0
8950,0.0001,1500
8951,0.0001,6300
8952,0.0001,6880
8953,0.0001,400
8954,0.0001,400
8955,0.0001,300
8956,0.0001,6880
8957,0.0001,0
8958,0.0001,300
8959,0.0001,600
8960,0.0001,700
8961,0.0001,300
8962,0.0001,20640
8963,0.0001,900
8964,0.0001,2000
8965,0.0001,0
8966,0.0001,800
8967,0.0001,0
8968,0.0001,700
8969,0.0001,900
8970,0.0001,900
8971,0.0001,3000
8972,0.0001,500
8973,0.0001,0
8974,0.0001,2140
8975,0.0001,300
8976,0.0001,6960
8977,0.0001,800
8978,0.0001,400
8979,0.0001,0
8980,0.0001,1500
8981,0.0001,0
8982,0.0001,900
8983,0.0001,3600
8984,0.0001,1350
8985,0.0001,900
8986,0.0001,0
8987,0.0001,2100
8988,0.0001,0
8989,0.0001,0
8990,0.0001,940
8991,0.0001,1350
8992,0.0001,2250
8993,0.0001,1200
8994,0.0001,990
8995,0.0001,300
8996,0.0001,0
8997,0.0001,1500
8998,0.0001,2100
8999,0.0001,850
9000,0.0001,0
9001,0.0001,1500
9002,0.0001,21240
9003,0.0001,1800
9004,0.0001,300
9005,0.0001,300
9006,0.0001,0
9007,0.0001,300
9008,0.0001,4500
9009,0.0001,7080
9010,0.0001,600
9011,0.0001,0
9012,0.0001,900
9013,0.0001,900
9014,0.0001,1800
9015,0.0001,0
9016,0.0001,900
9017,0.0001,900
9018,0.0001,0
9019,0.0001,1200
9020,0.0001,300
9021,0.0001,900
9022,0.0001,900
9023,0.0001,300
9024,0.0001,1500
9025,0.0001,1800
9026,0.0001,1800
9027,0.0001,0
9028,0.0001,1500
9029,0.0001,900
9030,0.0001,700
9031,0.0001,300
9032,0.0001,0
9033,0.0001,1200
9034,0.0001,0
9035,0.0001,0
9036,0.0001,300
9037,0.0001,0
9038,0.0001,0
9039,0.0001,0
9040,0.0001,6930
9041,0.0001,700
9042,0.0001,1800
9043,0.0001,300
9044,0.0001,0
9045,0.0001,400
9046,0.0001,900
9047,0.0001,800
9048,0.0001,20880
9049,0.0001,900
9050,0.0001,900
9051,0.0001,500
9052,0.0001,1800
9053,0.0001,0
9054,0.0001,0
9055,0.0001,700
9056,0.0001,2100
9057,0.0001,300
9058,0.0001,0
9059,0.0001,0
9060,0.0001,20940
9061,0.0001,300
9062,0.0001,1500
9063,0.0001,0
9064,0.0001,900
9065,0.0001,600
9066,0.0001,0
9067,0.0001,0
9068,0.0001,0
9069,0.0001,9390
9070,0.0001,0
9071,0.0001,10200
9072,0.0001,0
9073,0.0001,0
9074,0.0001,720
9075,0.0001,900
9076,0.0001,0
9077,0.0001,900
9078,0.0001,0
9079,0.0001,400
9080,0.0001,1440
9081,0.0001,1800
9082,0.0001,1500
9083,0.0001,900
9084,0.0001,1920
9085,0.0001,400
9086,0.0001,0
9087,0.0001,0
9088,0.0001,400
9089,0.0001,900
9090,0.0001,20940
9091,0.0001,20940
9092,0.0001,0
9093,0.0001,0
9094,0.0001,800
9095,0.0001,2100
9096,0.0001,0
9097,0.0001,0
9098,0.0001,0
9099,0.0001,0
9100,0.0001,1200
9101,0.0001,240
9102,0.0001,8100
9103,0.0001,400
9104,0.0001,2000
9105,0.0001,1500
9106,0.0001,0
9107,0.0001,800
9108,0.0001,3700
9109,0.0001,0
9110,0.0001,300
9111,0.0001,600
9112,0.0001,400
9113,0.0001,900
9114,0.0001,900
9115,0.0001,0
9116,0.0001,7060
9117,0.0001,900
9118,0.0001,0
9119,0.0001,0
9120,0.0001,1200
9121,0.0001,7060
9122,0.0001,0
9123,0.0001,300
9124,0.0001,2000
9125,0.0001,300
9126,0.0001,400
9127,0.0001,2540
9128,0.0001,1200
9129,0.0001,0
9130,0.0001,0
9131,0.0001,900
9132,0.0001,1800
9133,0.0001,0
9134,0.0001,0
9135,0.0001,0
9136,0.0001,3480
9137,0.0001,7080
9138,0.0001,900
9139,0.0001,650
9140,0.0001,900
9141,0.0001,20940
9142,0.0001,0
9143,0.0001,400
9144,0.0001,900
9145,0.0001,20940
9146,0.0001,500
9147,0.0001,7480
9148,0.0001,1500
9149,0.0001,900
9150,0.0001,9090
9151,0.0001,0
9152,0.0001,9900
9153,0.0001,700
9154,0.0001,540
9155,0.0001,0
9156,0.0001,0
9157,0.0001,0
9158,0.0001,300
9159,0.0001,7080
9160,0.0001,500
9161,0.0001,3540
9162,0.0001,300
9163,0.0001,0
9164,0.0001,500
9165,0.0001,0
9166,0.0001,600
9167,0.0001,300
9168,0.0001,0
9169,0.0001,0
9170,0.0001,1200
9171,0.0001,400
9172,0.0001,600
9173,0.0001,0
9174,0.0001,0
9175,0.0001,0
9176,0.0001,400
9177,0.0001,1350
9178,0.0001,2520
9179,0.0001,0
9180,0.0001,6880
9181,0.0001,1200
9182,0.0001,0
9183,0.0001,300
9184,0.0001,3400
9185,0.0001,34400
9186,0.0001,900
9187,0.0001,2100
9188,0.0001,400
9189,0.0001,1650
9190,0.0001,900
9191,0.0001,0
9192,0.0001,2000
9193,0.0001,0
9194,0.0001,20940
9195,0.0001,1200
9196,0.0001,0
9197,0.0001,2100
9198,0.0001,1800
9199,0.0001,740
9200,0.0001,7080
9201,0.0001,5850
9202,0.0001,300
9203,0.0001,0
9204,0.0001,0
9205,0.0001,300
9206,0.0001,600
9207,0.0001,700
9208,0.0001,0
9209,0.0001,1500
9210,0.0001,0
9211,0.0001,9540
9212,0.0001,400
9213,0.0001,700
9214,0.0001,1500
9215,0.0001,700
9216,0.0001,0
9217,0.0001,750
9218,0.0001,500
9219,0.0001,0
9220,0.0001,0
9221,0.0001,0
9222,0.0001,0
9223,0.0001,0
9224,0.0001,0
9225,0.0001,300
9226,0.0001,0
9227,0.0001,0
9228,0.0001,0
9229,0.0001,2100
9230,0.0001,1620
9231,0.0001,20940
9232,0.0001,0
9233,0.0001,0
9234,0.0001,400
9235,0.0001,400
9236,0.0001,1800
9237,0.0001,0
9238,0.0001,14060
9239,0.0001,1800
9240,0.0001,41160
9241,0.0001,0
9242,0.0001,3240
9243,0.0001,0
9244,0.0001,600
9245,0.0001,1400
9246,0.0001,14160
9247,0.0001,800
9248,0.0001,0
9249,0.0001,0
9250,0.0001,1800
9251,0.0001,0
9252,0.0001,0
9253,0.0001,0
9254,0.0001,600
9255,0.0001,1000
9256,0.0001,1800
9257,0.0001,0
9258,0.0001,4200
9259,0.0001,1800
9260,0.0001,800
9261,0.0001,1800
9262,0.0001,0
9263,0.0001,0
9264,0.0001,0
9265,0.0001,0
9266,0.0001,600
9267,0.0001,0
9268,0.0001,0
9269,0.0001,0
9270,0.0001,5040
9271,0.0001,4200
9272,0.0001,13960
9273,0.0001,2400
9274,0.0001,1800
9275,0.0001,3600
9276,0.0001,0
9277,0.0001,0
9278,0.0001,18880
9279,0.0001,0
9280,0.0001,0
9281,0.0001,41880
9282,0.0001,800
9283,0.0001,15920
9284,0.0001,14160
9285,0.0001,0
9286,0.0001,0
9287,0.0001,2400
9288,0.0001,3000
9289,0.0001,1800
9290,0.0001,3600
9291,0.0001,600
9292,0.0001,41880
9293,0.0001,1800
9294,0.0001,1800
9295,0.0001,600
9296,0.0001,2400
9297,0.0001,0
9298,0.0001,3000
9299,0.0001,800
9300,0.0001,4140
9301,0.0001,600
9302,0.0001,600
9303,0.0001,4200
9304,0.0001,800
9305,0.0001,800
9306,0.0001,0
9307,0.0001,1800
9308,0.0001,3000
9309,0.0001,0
9310,0.0001,13760
9311,0.0001,4200
9312,0.0001,0
9313,0.0001,2400
9314,0.0001,0
9315,0.0001,2400
9316,0.0001,14160
9317,0.0001,0
9318,0.0001,2160
9319,0.0001,600
9320,0.0001,1000
9321,0.0001,18180
9322,0.0001,3000
9323,0.0001,0
9324,0.0001,3000
9325,0.0001,0
9326,0.0001,600
9327,0.0001,600
9328,0.0001,1500
9329,0.0001,0
9330,0.0001,7030
9331,0.0001,750
9332,0.0001,0
9333,0.0001,0
9334,0.0001,300
9335,0.0001,0
9336,0.0001,0
9337,0.0001,1200
9338,0.0001,0
9339,0.0001,0
9340,0.0001,0
9341,0.0001,300
9342,0.0001,700
9343,0.0001,400
9344,0.0001,0
9345,0.0001,900
9346,0.0001,400
9347,0.0001,1500
9348,0.0001,1200
9349,0.0001,900
9350,0.0001,0
9351,0.0001,0
9352,0.0001,850
9353,0.0001,0
9354,0.0001,300
9355,0.0001,1200
9356,0.0001,300
9357,0.0001,400
9358,0.0001,0
9359,0.0001,0
9360,0.0001,700
9361,0.0001,1350
9362,0.0001,1500
9363,0.0001,1500
9364,0.0001,1500
9365,0.0001,0
9366,0.0001,0
9367,0.0001,6930
9368,0.0001,0
9369,0.0001,150
9370,0.0001,1800
9371,0.0001,0
9372,0.0001,0
9373,0.0001,1500
9374,0.0001,900
9375,0.0001,0
9376,0.0001,0
9377,0.0001,600
9378,0.0001,0
9379,0.0001,3200
9380,0.0001,0
9381,0.0001,15000
9382,0.0001,0
9383,0.0001,7080
9384,0.0001,900
9385,0.0001,0
9386,0.0001,0
9387,0.0001,900
9388,0.0001,1500
9389,0.0001,900
9390,0.0001,0
9391,0.0001,400
9392,0.0001,0
9393,0.0001,900
9394,0.0001,900
9395,0.0001,0
9396,0.0001,300
9397,0.0001,0
9398,0.0001,0
9399,0.0001,1200
9400,0.0001,0
9401,0.0001,450
9402,0.0001,300
9403,0.0001,700
9404,0.0001,0
9405,0.0001,900
9406,0.0001,1500
9407,0.0001,20640
9408,0.0001,2250
9409,0.0001,850
9410,0.0001,0
9411,0.0001,0
9412,0.0001,0
9413,0.0001,0
9414,0.0001,0
9415,0.0001,2100
9416,0.0001,20640
9417,0.0001,0
9418,0.0001,900
9419,0.0001,0
9420,0.0001,1350
9421,0.0001,7980
9422,0.0001,0
9423,0.0001,1800
9424,0.0001,2100
9425,0.0001,400
9426,0.0001,400
9427,0.0001,7480
9428,0.0001,2000
9429,0.0001,900
9430,0.0001,400
9431,0.0001,300
9432,0.0001,20940
9433,0.0001,300
9434,0.0001,0
9435,0.0001,700
9436,0.0001,4500
9437,0.0001,0
9438,0.0001,1200
9439,0.0001,0
9440,0.0001,0
9441,0.0001,900
9442,0.0001,300
9443,0.0001,900
9444,0.0001,0
9445,0.0001,0
9446,0.0001,900
9447,0.0001,900
9448,0.0001,0
9449,0.0001,300
9450,0.0001,6980
9451,0.0001,1200
9452,0.0001,400
9453,0.0001,1920
9454,0.0001,1500
9455,0.0001,1350
9456,0.0001,300
9457,0.0001,6980
9458,0.0001,0
9459,0.0001,900
9460,0.0001,2250
9461,0.0001,900
9462,0.0001,1500
9463,0.0001,1200
9464,0.0001,1200
9465,0.0001,0
9466,0.0001,1200
9467,0.0001,0
9468,0.0001,900
9469,0.0001,6960
9470,0.0001,600
9471,0.0001,300
9472,0.0001,900
9473,0.0001,300
9474,0.0001,700
9475,0.0001,34400
9476,0.0001,0
9477,0.0001,900
9478,0.0001,400
9479,0.0001,3700
9480,0.0001,0
9481,0.0001,7010
9482,0.0001,400
9483,0.0001,400
9484,0.0001,300
9485,0.0001,2700
9486,0.0001,700
9487,0.0001,0
9488,0.0001,0
9489,0.0001,0
9490,0.0001,400
9491,0.0001,1500
9492,0.0001,3000
9493,0.0001,500
9494,0.0001,0
9495,0.0001,600
9496,0.0001,500
9497,0.0001,0
9498,0.0001,0
9499,0.0001,300
9500,0.0001,0
9501,0.0001,880
9502,0.0001,1200
9503,0.0001,0
9504,0.0001,2100
9505,0.0001,1500
9506,0.0001,2250
9507,0.0001,2000
9508,0.0001,0
9509,0.0001,300
9510,0.0001,400
9511,0.0001,1500
9512,0.0001,900
9513,0.0001,3600
9514,0.0001,0
9515,0.0001,300
9516,0.0001,900
9517,0.0001,700
9518,0.0001,0
9519,0.0001,0
9520,0.0001,2520
9521,0.0001,0
9522,0.0001,400
9523,0.0001,400
9524,0.0001,0
9525,0.0001,0
9526,0.0001,0
9527,0.0001,0
9528,0.0001,1500
9529,0.0001,900
9530,0.0001,900
9531,0.0001,34400
9532,0.0001,0
9533,0.0001,0
9534,0.0001,2700
9535,0.0001,850
9536,0.0001,900
9537,0.0001,1200
9538,0.0001,300
9539,0.0001,20940
9540,0.0001,10350
9541,0.0001,0
9542,0.0001,900
9543,0.0001,0
9544,0.0001,1500
9545,0.0001,0
9546,0.0001,300
9547,0.0001,1500
9548,0.0001,0
9549,0.0001,0
9550,0.0001,3300
9551,0.0001,1200
9552,0.0001,1350
9553,0.0001,0
9554,0.0001,600
9555,0.0001,2250
9556,0.0001,900
9557,0.0001,0
9558,0.0001,300
9559,0.0001,0
9560,0.0001,0
9561,0.0001,0
9562,0.0001,0
9563,0.0001,1500
9564,0.0001,0
9565,0.0001,0
9566,0.0001,400
9567,0.0001,0
9568,0.0001,3000
9569,0.0001,2000
9570,0.0001,900
9571,0.0001,0
9572,0.0001,0
9573,0.0001,900
9574,0.0001,900
9575,0.0001,0
9576,0.0001,300
9577,0.0001,0
9578,0.0001,0
9579,0.0001,0
9580,0.0001,900
9581,0.0001,300
9582,0.0001,0
9583,0.0001,300
9584,0.0001,800
9585,0.0001,840
9586,0.0001,0
9587,0.0001,690
9588,0.0001,900
9589,0.0001,300
9590,0.0001,0
9591,0.0001,1650
9592,0.0001,0
9593,0.0001,0
9594,0.0001,0
9595,0.0001,0
9596,0.0001,720
9597,0.0001,300
9598,0.0001,0
9599,0.0001,900
9600,0.0001,1800
9601,0.0001,300
9602,0.0001,0
9603,0.0001,6000
9604,0.0001,0
9605,0.0001,1500
9606,0.0001,0
9607,0.0001,0
9608,0.0001,800
9609,0.0001,600
9610,0.0001,1200
9611,0.0001,0
9612,0.0001,1200
9613,0.0001,0
9614,0.0001,0
9615,0.0001,2200
9616,0.0001,800
9617,0.0001,0
9618,0.0001,1500
9619,0.0001,1500
9620,0.0001,0
9621,0.0001,0
9622,0.0001,0
9623,0.0001,600
9624,0.0001,600
9625,0.0001,0
9626,0.0001,1200
9627,0.0001,300
9628,0.0001,400
9629,0.0001,11400
9630,0.0001,1350
9631,0.0001,0
9632,0.0001,2100
9633,0.0001,0
9634,0.0001,20640
9635,0.0001,900
9636,0.0001,0
9637,0.0001,700
9638,0.0001,1540
9639,0.0001,1200
9640,0.0001,0
9641,0.0001,3000
9642,0.0001,400
9643,0.0001,2000
9644,0.0001,9900
9645,0.0001,0
9646,0.0001,900
9647,0.0001,900
9648,0.0001,1800
9649,0.0001,1500
9650,0.0001,940
9651,0.0001,600
9652,0.0001,2100
9653,0.0001,2100
9654,0.0001,0
9655,0.0001,300
9656,0.0001,6980
9657,0.0001,0
9658,0.0001,0
9659,0.0001,0
9660,0.0001,2100
9661,0.0001,1350
9662,0.0001,800
9663,0.0001,600
9664,0.0001,900
9665,0.0001,300
9666,0.0001,0
9667,0.0001,400
9668,0.0001,0
9669,0.0001,2250
9670,0.0001,0
9671,0.0001,300
9672,0.0001,300
9673,0.0001,7060
9674,0.0001,300
9675,0.0001,6980
9676,0.0001,1200
9677,0.0001,900
9678,0.0001,0
9679,0.0001,540
9680,0.0001,400
9681,0.0001,0
9682,0.0001,0
9683,0.0001,34150
9684,0.0001,600
9685,0.0001,0
9686,0.0001,0
9687,0.0001,0
9688,0.0001,6980
9689,0.0001,2520
9690,0.0001,7480
9691,0.0001,0
9692,0.0001,300
9693,0.0001,900
9694,0.0001,0
9695,0.0001,600
9696,0.0001,500
9697,0.0001,2000
9698,0.0001,2100
9699,0.0001,1500
9700,0.0001,720
9701,0.0001,300
9702,0.0001,2100
9703,0.0001,1800
9704,0.0001,900
9705,0.0001,0
9706,0.0001,1200
9707,0.0001,6980
9708,0.0001,6980
9709,0.0001,0
9710,0.0001,300
9711,0.0001,750
9712,0.0001,1500
9713,0.0001,0
9714,0.0001,0
9715,0.0001,1200
9716,0.0001,0
9717,0.0001,900
9718,0.0001,0
9719,0.0001,1920
9720,0.0001,900
9721,0.0001,0
9722,0.0001,0
9723,0.0001,700
9724,0.0001,450
9725,0.0001,900
9726,0.0001,900
9727,0.0001,0
9728,0.0001,0
9729,0.0001,0
9730,0.0001,0
9731,0.0001,1800
9732,0.0001,1200
9733,0.0001,9900
9734,0.0001,0
9735,0.0001,300
9736,0.0001,900
9737,0.0001,1500
9738,0.0001,500
9739,0.0001,700
9740,0.0001,300
9741,0.0001,300
9742,0.0001,0
9743,0.0001,1200
9744,0.0001,300
9745,0.0001,20940
9746,0.0001,0
9747,0.0001,0
9748,0.0001,300
9749,0.0001,0
9750,0.0001,400
9751,0.0001,300
9752,0.0001,900
9753,0.0001,0
9754,0.0001,1500
9755,0.0001,2100
9756,0.0001,900
9757,0.0001,0
9758,0.0001,2100
9759,0.0001,20940
9760,0.0001,920
9761,0.0001,7080
9762,0.0001,6880
9763,0.0001,1800
9764,0.0001,900
9765,0.0001,0
9766,0.0001,2100
9767,0.0001,0
9768,0.0001,2100
9769,0.0001,0
9770,0.0001,0
9771,0.0001,900
9772,0.0001,2100
9773,0.0001,0
9774,0.0001,47460
9775,0.0001,9040
9776,0.0001,850
9777,0.0001,0
9778,0.0001,0
9779,0.0001,2700
9780,0.0001,300
9781,0.0001,0
9782,0.0001,0
9783,0.0001,0
9784,0.0001,400
9785,0.0001,0
9786,0.0001,23340
9787,0.0001,700
9788,0.0001,27120
9789,0.0001,750
9790,0.0001,500
9791,0.0001,1500
9792,0.0001,0
9793,0.0001,0
9794,0.0001,0
9795,0.0001,300
9796,0.0001,0
9797,0.0001,0
9798,0.0001,0
9799,0.0001,600
9800,0.0001,900
9801,0.0001,0
9802,0.0001,0
9803,0.0001,1200
9804,0.0001,400
9805,0.0001,300
9806,0.0001,0
9807,0.0001,1500
9808,0.0001,1500
9809,0.0001,900
9810,0.0001,1200
9811,0.0001,0
9812,0.0001,900
9813,0.0001,300
9814,0.0001,900
9815,0.0001,0
9816,0.0001,0
9817,0.0001,0
9818,0.0001,300
9819,0.0001,300
9820,0.0001,0
9821,0.0001,0
9822,0.0001,550
9823,0.0001,0
9824,0.0001,400
9825,0.0001,0
9826,0.0001,1500
9827,0.0001,1200
9828,0.0001,0
9829,0.0001,400
9830,0.0001,400
9831,0.0001,1440
9832,0.0001,6980
9833,0.0001,900
9834,0.0001,900
9835,0.0001,0
9836,0.0001,1440
9837,0.0001,900
9838,0.0001,4050
9839,0.0001,900
9840,0.0001,300
9841,0.0001,1500
9842,0.0001,2900
9843,0.0001,0
9844,0.0001,0
9845,0.0001,300
9846,0.0001,900
9847,0.0001,900
9848,0.0001,3600
9849,0.0001,900
9850,0.0001,6000
9851,0.0001,300
9852,0.0001,0
9853,0.0001,0
9854,0.0001,0
9855,0.0001,900
9856,0.0001,2100
9857,0.0001,900
9858,0.0001,1200
9859,0.0001,900
9860,0.0001,0
9861,0.0001,0
9862,0.0001,900
9863,0.0001,20940
9864,0.0001,600
9865,0.0001,1200
9866,0.0001,0
9867,0.0001,1200
9868,0.0001,0
9869,0.0001,900
9870,0.0001,1650
9871,0.0001,900
9872,0.0001,0
9873,0.0001,900
9874,0.0001,0
9875,0.0001,1500
9876,0.0001,0
9877,0.0001,900
9878,0.0001,9220
9879,0.0001,1500
9880,0.0001,0
9881,0.0001,0
9882,0.0001,0
9883,0.0001,400
9884,0.0001,400
9885,0.0001,600
9886,0.0001,900
9887,0.0001,0
9888,0.0001,900
9889,0.0001,1500
9890,0.0001,900
9891,0.0001,0
9892,0.0001,0
9893,0.0001,900
9894,0.0001,900
9895,0.0001,22080
9896,0.0001,300
9897,0.0001,0
9898,0.0001,1200
9899,0.0001,1500
9900,0.0001,0
9901,0.0001,0
9902,0.0001,0
9903,0.0001,800
9904,0.0001,2400
9905,0.0001,1200
9906,0.0001,1000
9907,0.0001,0
9908,0.0001,0
9909,0.0001,0
9910,0.0001,800
9911,0.0001,0
9912,0.0001,7800
9913,0.0001,0
9914,0.0001,0
9915,0.0001,4200
9916,0.0001,800
9917,0.0001,2800
9918,0.0001,18440
9919,0.0001,0
9920,0.0001,1500
9921,0.0001,300
9922,0.0001,900
9923,0.0001,400
9924,0.0001,0
9925,0.0001,900
9926,0.0001,9240
9927,0.0001,0
9928,0.0001,780
9929,0.0001,20790
9930,0.0001,700
9931,0.0001,2000
9932,0.0001,1620
9933,0.0001,400
9934,0.0001,0
9935,0.0001,900
9936,0.0001,0
9937,0.0001,0
9938,0.0001,7230
9939,0.0001,0
9940,0.0001,600
9941,0.0001,900
9942,0.0001,3000
9943,0.0001,5700
9944,0.0001,9640
9945,0.0001,0
9946,0.0001,1800
9947,0.0001,6980
9948,0.0001,2700
9949,0.0001,7030
9950,0.0001,0
9951,0.0001,300
9952,0.0001,7080
9953,0.0001,0
9954,0.0001,0
9955,0.0001,9240
9956,0.0001,1200
9957,0.0001,1200
9958,0.0001,300
9959,0.0001,20940
9960,0.0001,1200
9961,0.0001,0
9962,0.0001,450
9963,0.0001,34400
9964,0.0001,900
9965,0.0001,1200
9966,0.0001,0
9967,0.0001,700
9968,0.0001,900
9969,0.0001,400
9970,0.0001,0
9971,0.0001,0
9972,0.0001,1500
9973,0.0001,1200
9974,0.0001,0
9975,0.0001,400
9976,0.0001,300
9977,0.0001,1200
9978,0.0001,900
9979,0.0001,1500
9980,0.0001,700
9981,0.0001,0
9982,0.0001,0
9983,0.0001,600
9984,0.0001,0
9985,0.0001,0
9986,0.0001,0
9987,0.0001,150
9988,0.0001,600
9989,0.0001,7080
9990,0.0001,0
9991,0.0001,300
9992,0.0001,0
9993,0.0001,6880
9994,0.0001,900
9995,0.0001,300
9996,0.0001,9900
9997,0.0001,0
9998,0.0001,1500
9999,0.0001,0
