simulation_id,probability,payoutMultiplier
0,0.0001,9
1,0.0001,0
2,0.0001,6
3,0.0001,3
4,0.0001,9
5,0.0001,5
6,0.0001,15
7,0.0001,5
8,0.0001,9
9,0.0001,344
10,0.0001,3
11,0.0001,15
12,0.0001,0
13,0.0001,0
14,0.0001,7
15,0.0001,18
16,0.0001,3
17,0.0001,3
18,0.0001,4
19,0.0001,0
20,0.0001,12
21,0.0001,9
22,0.0001,21
23,0.0001,0
24,0.0001,6
25,0.0001,4
26,0.0001,20
27,0.0001,90
28,0.0001,15
29,0.0001,0
30,0.0001,5
31,0.0001,0
32,0.0001,12
33,0.0001,9
34,0.0001,3
35,0.0001,0
36,0.0001,3
37,0.0001,3
38,0.0001,5
39,0.0001,0
40,0.0001,19
41,0.0001,9
42,0.0001,4
43,0.0001,21
44,0.0001,4
45,0.0001,14
46,0.0001,0
47,0.0001,4
48,0.0001,21
49,0.0001,0
50,0.0001,6
51,0.0001,0
52,0.0001,0
53,0.0001,3
54,0.0001,9
55,0.0001,0
56,0.0001,6
57,0.0001,4
58,0.0001,15
59,0.0001,3
60,0.0001,0
61,0.0001,4
62,0.0001,9
63,0.0001,3
64,0.0001,0
65,0.0001,0
66,0.0001,3
67,0.0001,0
68,0.0001,0
69,0.0001,9
70,0.0001,364
71,0.0001,4
72,0.0001,0
73,0.0001,3
74,0.0001,54
75,0.0001,16
76,0.0001,0
77,0.0001,9
78,0.0001,0
79,0.0001,30
80,0.0001,33
81,0.0001,9
82,0.0001,12
83,0.0001,20
84,0.0001,206
85,0.0001,9
86,0.0001,9
87,0.0001,4
88,0.0001,0
89,0.0001,3
90,0.0001,4
91,0.0001,12
92,0.0001,9
93,0.0001,0
94,0.0001,18
95,0.0001,0
96,0.0001,9
97,0.0001,3
98,0.0001,9
99,0.0001,57
100,0.0001,0
101,0.0001,71
102,0.0001,0
103,0.0001,30
104,0.0001,3
105,0.0001,0
106,0.0001,6
107,0.0001,0
108,0.0001,7
109,0.0001,0
110,0.0001,15
111,0.0001,165
112,0.0001,4
113,0.0001,9
114,0.0001,3
115,0.0001,4
116,0.0001,16
117,0.0001,0
118,0.0001,0
119,0.0001,3
120,0.0001,5
121,0.0001,15
122,0.0001,73
123,0.0001,3
124,0.0001,0
125,0.0001,35
126,0.0001,0
127,0.0001,0
128,0.0001,4
129,0.0001,8
130,0.0001,9
131,0.0001,15
132,0.0001,15
133,0.0001,14
134,0.0001,9
135,0.0001,7
136,0.0001,16
137,0.0001,0
138,0.0001,0
139,0.0001,0
140,0.0001,9
141,0.0001,0
142,0.0001,3
143,0.0001,30
144,0.0001,0
145,0.0001,9
146,0.0001,0
147,0.0001,17
148,0.0001,3
149,0.0001,4
150,0.0001,14
151,0.0001,35
152,0.0001,0
153,0.0001,91
154,0.0001,0
155,0.0001,30
156,0.0001,3
157,0.0001,57
158,0.0001,0
159,0.0001,7
160,0.0001,20
161,0.0001,0
162,0.0001,7
163,0.0001,9
164,0.0001,9
165,0.0001,9
166,0.0001,0
167,0.0001,9
168,0.0001,3
169,0.0001,12
170,0.0001,12
171,0.0001,21
172,0.0001,0
173,0.0001,0
174,0.0001,12
175,0.0001,3
176,0.0001,9
177,0.0001,9
178,0.0001,0
179,0.0001,3
180,0.0001,8
181,0.0001,57
182,0.0001,3
183,0.0001,0
184,0.0001,6
185,0.0001,0
186,0.0001,18
187,0.0001,15
188,0.0001,8
189,0.0001,0
190,0.0001,0
191,0.0001,14
192,0.0001,9
193,0.0001,21
194,0.0001,0
195,0.0001,0
196,0.0001,344
197,0.0001,19
198,0.0001,6
199,0.0001,15
200,0.0001,0
201,0.0001,0
202,0.0001,0
203,0.0001,0
204,0.0001,0
205,0.0001,4
206,0.0001,9
207,0.0001,9
208,0.0001,12
209,0.0001,4
210,0.0001,12
211,0.0001,71
212,0.0001,0
213,0.0001,15
214,0.0001,0
215,0.0001,0
216,0.0001,5
217,0.0001,74
218,0.0001,8
219,0.0001,15
220,0.0001,36
221,0.0001,21
222,0.0001,113
223,0.0001,3
224,0.0001,0
225,0.0001,0
226,0.0001,0
227,0.0001,0
228,0.0001,8
229,0.0001,4
230,0.0001,0
231,0.0001,21
232,0.0001,4
233,0.0001,15
234,0.0001,23
235,0.0001,15
236,0.0001,3
237,0.0001,7
238,0.0001,69
239,0.0001,3
240,0.0001,9
241,0.0001,4
242,0.0001,3
243,0.0001,0
244,0.0001,9
245,0.0001,3
246,0.0001,0
247,0.0001,25
248,0.0001,8
249,0.0001,9
250,0.0001,4
251,0.0001,12
252,0.0001,0
253,0.0001,0
254,0.0001,3
255,0.0001,0
256,0.0001,9
257,0.0001,14
258,0.0001,0
259,0.0001,18
260,0.0001,7
261,0.0001,18
262,0.0001,6
263,0.0001,9
264,0.0001,105
265,0.0001,3
266,0.0001,0
267,0.0001,14
268,0.0001,9
269,0.0001,236
270,0.0001,0
271,0.0001,18
272,0.0001,0
273,0.0001,9
274,0.0001,19
275,0.0001,5
276,0.0001,5
277,0.0001,0
278,0.0001,0
279,0.0001,0
280,0.0001,12
281,0.0001,0
282,0.0001,9
283,0.0001,21
284,0.0001,9
285,0.0001,5
286,0.0001,3
287,0.0001,12
288,0.0001,15
289,0.0001,30
290,0.0001,9
291,0.0001,6
292,0.0001,0
293,0.0001,15
294,0.0001,0
295,0.0001,0
296,0.0001,0
297,0.0001,4
298,0.0001,12
299,0.0001,4
300,0.0001,4
301,0.0001,9
302,0.0001,0
303,0.0001,9
304,0.0001,20
305,0.0001,101
306,0.0001,0
307,0.0001,79
308,0.0001,9
309,0.0001,3
310,0.0001,9
311,0.0001,0
312,0.0001,4
313,0.0001,0
314,0.0001,12
315,0.0001,4
316,0.0001,7
317,0.0001,70
318,0.0001,6
319,0.0001,0
320,0.0001,0
321,0.0001,0
322,0.0001,0
323,0.0001,15
324,0.0001,9
325,0.0001,3
326,0.0001,6
327,0.0001,12
328,0.0001,20
329,0.0001,3
330,0.0001,12
331,0.0001,15
332,0.0001,25
333,0.0001,21
334,0.0001,71
335,0.0001,0
336,0.0001,3
337,0.0001,9
338,0.0001,0
339,0.0001,4
340,0.0001,0
341,0.0001,0
342,0.0001,12
343,0.0001,0
344,0.0001,6
345,0.0001,9
346,0.0001,0
347,0.0001,20
348,0.0001,15
349,0.0001,0
350,0.0001,15
351,0.0001,15
352,0.0001,21
353,0.0001,0
354,0.0001,6
355,0.0001,21
356,0.0001,0
357,0.0001,0
358,0.0001,0
359,0.0001,342
360,0.0001,18
361,0.0001,54
362,0.0001,20
363,0.0001,54
364,0.0001,4
365,0.0001,4
366,0.0001,63
367,0.0001,0
368,0.0001,18
369,0.0001,7
370,0.0001,4
371,0.0001,3
372,0.0001,71
373,0.0001,9
374,0.0001,0
375,0.0001,9
376,0.0001,3
377,0.0001,206
378,0.0001,9
379,0.0001,18
380,0.0001,9
381,0.0001,8
382,0.0001,21
383,0.0001,8
384,0.0001,0
385,0.0001,0
386,0.0001,15
387,0.0001,0
388,0.0001,3
389,0.0001,3
390,0.0001,3
391,0.0001,19
392,0.0001,3
393,0.0001,3
394,0.0001,0
395,0.0001,9
396,0.0001,3
397,0.0001,0
398,0.0001,12
399,0.0001,0
400,0.0001,9
401,0.0001,5
402,0.0001,9
403,0.0001,3
404,0.0001,3
405,0.0001,0
406,0.0001,71
407,0.0001,0
408,0.0001,0
409,0.0001,344
410,0.0001,0
411,0.0001,0
412,0.0001,92
413,0.0001,74
414,0.0001,9
415,0.0001,15
416,0.0001,0
417,0.0001,21
418,0.0001,12
419,0.0001,4
420,0.0001,3
421,0.0001,21
422,0.0001,0
423,0.0001,5
424,0.0001,0
425,0.0001,0
426,0.0001,4
427,0.0001,9
428,0.0001,0
429,0.0001,0
430,0.0001,9
431,0.0001,3
432,0.0001,0
433,0.0001,21
434,0.0001,8
435,0.0001,5
436,0.0001,15
437,0.0001,15
438,0.0001,15
439,0.0001,6
440,0.0001,0
441,0.0001,15
442,0.0001,9
443,0.0001,0
444,0.0001,0
445,0.0001,0
446,0.0001,15
447,0.0001,0
448,0.0001,15
449,0.0001,0
450,0.0001,12
451,0.0001,0
452,0.0001,4
453,0.0001,0
454,0.0001,3
455,0.0001,0
456,0.0001,0
457,0.0001,9
458,0.0001,203
459,0.0001,0
460,0.0001,0
461,0.0001,165
462,0.0001,9
463,0.0001,0
464,0.0001,4
465,0.0001,37
466,0.0001,15
467,0.0001,15
468,0.0001,6
469,0.0001,0
470,0.0001,12
471,0.0001,0
472,0.0001,8
473,0.0001,3
474,0.0001,3
475,0.0001,12
476,0.0001,71
477,0.0001,12
478,0.0001,9
479,0.0001,25
480,0.0001,0
481,0.0001,5
482,0.0001,0
483,0.0001,5
484,0.0001,0
485,0.0001,44
486,0.0001,0
487,0.0001,0
488,0.0001,0
489,0.0001,3
490,0.0001,9
491,0.0001,5
492,0.0001,43
493,0.0001,274
494,0.0001,92
495,0.0001,0
496,0.0001,15
497,0.0001,4
498,0.0001,15
499,0.0001,4
500,0.0001,274
501,0.0001,21
502,0.0001,12
503,0.0001,9
504,0.0001,15
505,0.0001,0
506,0.0001,18
507,0.0001,9
508,0.0001,14
509,0.0001,34
510,0.0001,21
511,0.0001,3
512,0.0001,0
513,0.0001,92
514,0.0001,0
515,0.0001,0
516,0.0001,9
517,0.0001,6
518,0.0001,0
519,0.0001,9
520,0.0001,0
521,0.0001,18
522,0.0001,0
523,0.0001,0
524,0.0001,0
525,0.0001,0
526,0.0001,0
527,0.0001,6
528,0.0001,15
529,0.0001,15
530,0.0001,0
531,0.0001,0
532,0.0001,30
533,0.0001,14
534,0.0001,15
535,0.0001,9
536,0.0001,0
537,0.0001,209
538,0.0001,9
539,0.0001,0
540,0.0001,0
541,0.0001,9
542,0.0001,9
543,0.0001,3
544,0.0001,21
545,0.0001,71
546,0.0001,0
547,0.0001,4
548,0.0001,71
549,0.0001,7
550,0.0001,0
551,0.0001,0
552,0.0001,15
553,0.0001,21
554,0.0001,4
555,0.0001,0
556,0.0001,15
557,0.0001,0
558,0.0001,6
559,0.0001,9
560,0.0001,0
561,0.0001,15
562,0.0001,9
563,0.0001,4
564,0.0001,15
565,0.0001,0
566,0.0001,0
567,0.0001,3
568,0.0001,9
569,0.0001,0
570,0.0001,9
571,0.0001,0
572,0.0001,3
573,0.0001,15
574,0.0001,0
575,0.0001,6
576,0.0001,0
577,0.0001,8
578,0.0001,9
579,0.0001,8
580,0.0001,0
581,0.0001,0
582,0.0001,2
583,0.0001,9
584,0.0001,5
585,0.0001,9
586,0.0001,0
587,0.0001,206
588,0.0001,0
589,0.0001,8
590,0.0001,0
591,0.0001,7
592,0.0001,9
593,0.0001,0
594,0.0001,25
595,0.0001,19
596,0.0001,0
597,0.0001,0
598,0.0001,9
599,0.0001,22
600,0.0001,99
601,0.0001,3
602,0.0001,3
603,0.0001,7
604,0.0001,0
605,0.0001,12
606,0.0001,15
607,0.0001,3
608,0.0001,0
609,0.0001,3
610,0.0001,9
611,0.0001,63
612,0.0001,0
613,0.0001,13
614,0.0001,15
615,0.0001,0
616,0.0001,21
617,0.0001,3
618,0.0001,9
619,0.0001,0
620,0.0001,0
621,0.0001,45
622,0.0001,0
623,0.0001,0
624,0.0001,0
625,0.0001,25
626,0.0001,0
627,0.0001,0
628,0.0001,206
629,0.0001,0
630,0.0001,23
631,0.0001,3
632,0.0001,9
633,0.0001,4
634,0.0001,0
635,0.0001,4
636,0.0001,14
637,0.0001,0
638,0.0001,0
639,0.0001,12
640,0.0001,0
641,0.0001,0
642,0.0001,0
643,0.0001,3
644,0.0001,0
645,0.0001,4
646,0.0001,0
647,0.0001,4
648,0.0001,0
649,0.0001,209
650,0.0001,0
651,0.0001,90
652,0.0001,0
653,0.0001,14
654,0.0001,3
655,0.0001,12
656,0.0001,0
657,0.0001,36
658,0.0001,0
659,0.0001,3
660,0.0001,9
661,0.0001,15
662,0.0001,12
663,0.0001,21
664,0.0001,59
665,0.0001,0
666,0.0001,0
667,0.0001,3
668,0.0001,0
669,0.0001,0
670,0.0001,19
671,0.0001,0
672,0.0001,9
673,0.0001,83
674,0.0001,3
675,0.0001,3
676,0.0001,0
677,0.0001,0
678,0.0001,5
679,0.0001,5
680,0.0001,0
681,0.0001,20
682,0.0001,36
683,0.0001,63
684,0.0001,30
685,0.0001,0
686,0.0001,9
687,0.0001,9
688,0.0001,0
689,0.0001,70
690,0.0001,0
691,0.0001,59
692,0.0001,339
693,0.0001,206
694,0.0001,0
695,0.0001,0
696,0.0001,12
697,0.0001,6
698,0.0001,71
699,0.0001,0
700,0.0001,27
701,0.0001,0
702,0.0001,8
703,0.0001,0
704,0.0001,7
705,0.0001,9
706,0.0001,0
707,0.0001,2
708,0.0001,0
709,0.0001,9
710,0.0001,22
711,0.0001,8
712,0.0001,9
713,0.0001,4
714,0.0001,12
715,0.0001,0
716,0.0001,4
717,0.0001,70
718,0.0001,12
719,0.0001,3
720,0.0001,21
721,0.0001,0
722,0.0001,0
723,0.0001,0
724,0.0001,15
725,0.0001,9
726,0.0001,0
727,0.0001,0
728,0.0001,6
729,0.0001,8
730,0.0001,0
731,0.0001,15
732,0.0001,7
733,0.0001,0
734,0.0001,0
735,0.0001,3
736,0.0001,12
737,0.0001,6
738,0.0001,0
739,0.0001,9
740,0.0001,0
741,0.0001,0
742,0.0001,0
743,0.0001,0
744,0.0001,0
745,0.0001,23
746,0.0001,0
747,0.0001,63
748,0.0001,6
749,0.0001,9
750,0.0001,0
751,0.0001,0
752,0.0001,8
753,0.0001,0
754,0.0001,0
755,0.0001,0
756,0.0001,3
757,0.0001,0
758,0.0001,0
759,0.0001,9
760,0.0001,0
761,0.0001,9
762,0.0001,0
763,0.0001,221
764,0.0001,71
765,0.0001,19
766,0.0001,12
767,0.0001,7
768,0.0001,0
769,0.0001,6
770,0.0001,15
771,0.0001,4
772,0.0001,0
773,0.0001,4
774,0.0001,69
775,0.0001,0
776,0.0001,7
777,0.0001,0
778,0.0001,0
779,0.0001,61
780,0.0001,0
781,0.0001,20
782,0.0001,15
783,0.0001,63
784,0.0001,9
785,0.0001,8
786,0.0001,0
787,0.0001,9
788,0.0001,71
789,0.0001,0
790,0.0001,0
791,0.0001,0
792,0.0001,0
793,0.0001,0
794,0.0001,3
795,0.0001,0
796,0.0001,144
797,0.0001,0
798,0.0001,4
799,0.0001,0
800,0.0001,16
801,0.0001,5
802,0.0001,15
803,0.0001,0
804,0.0001,0
805,0.0001,0
806,0.0001,0
807,0.0001,0
808,0.0001,0
809,0.0001,0
810,0.0001,2
811,0.0001,0
812,0.0001,0
813,0.0001,0
814,0.0001,0
815,0.0001,0
816,0.0001,4
817,0.0001,3
818,0.0001,0
819,0.0001,9
820,0.0001,206
821,0.0001,3
822,0.0001,7
823,0.0001,208
824,0.0001,9
825,0.0001,0
826,0.0001,0
827,0.0001,18
828,0.0001,12
829,0.0001,0
830,0.0001,15
831,0.0001,0
832,0.0001,0
833,0.0001,7
834,0.0001,21
835,0.0001,9
836,0.0001,0
837,0.0001,3
838,0.0001,15
839,0.0001,0
840,0.0001,9
841,0.0001,8
842,0.0001,3
843,0.0001,6
844,0.0001,4
845,0.0001,9
846,0.0001,0
847,0.0001,0
848,0.0001,9
849,0.0001,15
850,0.0001,9
851,0.0001,0
852,0.0001,0
853,0.0001,0
854,0.0001,7
855,0.0001,9
856,0.0001,20
857,0.0001,74
858,0.0001,15
859,0.0001,3
860,0.0001,4
861,0.0001,16
862,0.0001,3
863,0.0001,3
864,0.0001,0
865,0.0001,19
866,0.0001,16
867,0.0001,0
868,0.0001,0
869,0.0001,0
870,0.0001,3
871,0.0001,0
872,0.0001,3
873,0.0001,6
874,0.0001,3
875,0.0001,33
876,0.0001,0
877,0.0001,0
878,0.0001,94
879,0.0001,20
880,0.0001,7
881,0.0001,4
882,0.0001,20
883,0.0001,0
884,0.0001,0
885,0.0001,0
886,0.0001,5
887,0.0001,70
888,0.0001,6
889,0.0001,8
890,0.0001,3
891,0.0001,9
892,0.0001,3
893,0.0001,45
894,0.0001,9
895,0.0001,274
896,0.0001,25
897,0.0001,0
898,0.0001,0
899,0.0001,0
900,0.0001,0
901,0.0001,0
902,0.0001,92
903,0.0001,78
904,0.0001,0
905,0.0001,4
906,0.0001,0
907,0.0001,9
908,0.0001,4
909,0.0001,9
910,0.0001,4
911,0.0001,3
912,0.0001,3
913,0.0001,0
914,0.0001,0
915,0.0001,9
916,0.0001,0
917,0.0001,18
918,0.0001,3
919,0.0001,12
920,0.0001,33
921,0.0001,0
922,0.0001,9
923,0.0001,21
924,0.0001,0
925,0.0001,0
926,0.0001,9
927,0.0001,48
928,0.0001,7
929,0.0001,5
930,0.0001,9
931,0.0001,7
932,0.0001,8
933,0.0001,15
934,0.0001,0
935,0.0001,0
936,0.0001,3
937,0.0001,9
938,0.0001,21
939,0.0001,0
940,0.0001,0
941,0.0001,9
942,0.0001,9
943,0.0001,15
944,0.0001,0
945,0.0001,12
946,0.0001,12
947,0.0001,15
948,0.0001,0
949,0.0001,0
950,0.0001,21
951,0.0001,3
952,0.0001,0
953,0.0001,9
954,0.0001,0
955,0.0001,9
956,0.0001,15
957,0.0001,0
958,0.0001,18
959,0.0001,0
960,0.0001,0
961,0.0001,165
962,0.0001,7
963,0.0001,17
964,0.0001,4
965,0.0001,21
966,0.0001,0
967,0.0001,0
968,0.0001,9
969,0.0001,0
970,0.0001,15
971,0.0001,4
972,0.0001,3
973,0.0001,5
974,0.0001,3
975,0.0001,0
976,0.0001,18
977,0.0001,7
978,0.0001,61
979,0.0001,165
980,0.0001,12
981,0.0001,0
982,0.0001,0
983,0.0001,9
984,0.0001,6
985,0.0001,0
986,0.0001,0
987,0.0001,3
988,0.0001,45
989,0.0001,23
990,0.0001,0
991,0.0001,209
992,0.0001,9
993,0.0001,18
994,0.0001,0
995,0.0001,9
996,0.0001,3
997,0.0001,9
998,0.0001,15
999,0.0001,0
1000,0.0001,12
1001,0.0001,165
1002,0.0001,3
1003,0.0001,90
1004,0.0001,12
1005,0.0001,0
1006,0.0001,5
1007,0.0001,0
1008,0.0001,9
1009,0.0001,9
1010,0.0001,3
1011,0.0001,3
1012,0.0001,0
1013,0.0001,0
1014,0.0001,4
1015,0.0001,4
1016,0.0001,0
1017,0.0001,0
1018,0.0001,12
1019,0.0001,0
1020,0.0001,18
1021,0.0001,12
1022,0.0001,15
1023,0.0001,10
1024,0.0001,9
1025,0.0001,71
1026,0.0001,4
1027,0.0001,45
1028,0.0001,0
1029,0.0001,3
1030,0.0001,20
1031,0.0001,5
1032,0.0001,12
1033,0.0001,18
1034,0.0001,3
1035,0.0001,9
1036,0.0001,0
1037,0.0001,0
1038,0.0001,0
1039,0.0001,0
1040,0.0001,0
1041,0.0001,0
1042,0.0001,0
1043,0.0001,9
1044,0.0001,18
1045,0.0001,0
1046,0.0001,4
1047,0.0001,23
1048,0.0001,0
1049,0.0001,0
1050,0.0001,6
1051,0.0001,0
1052,0.0001,71
1053,0.0001,0
1054,0.0001,0
1055,0.0001,9
1056,0.0001,0
1057,0.0001,5
1058,0.0001,0
1059,0.0001,0
1060,0.0001,0
1061,0.0001,8
1062,0.0001,3
1063,0.0001,0
1064,0.0001,3
1065,0.0001,8
1066,0.0001,2
1067,0.0001,4
1068,0.0001,0
1069,0.0001,0
1070,0.0001,9
1071,0.0001,0
1072,0.0001,9
1073,0.0001,0
1074,0.0001,0
1075,0.0001,0
1076,0.0001,3
1077,0.0001,0
1078,0.0001,21
1079,0.0001,0
1080,0.0001,15
1081,0.0001,71
1082,0.0001,0
1083,0.0001,92
1084,0.0001,12
1085,0.0001,9
1086,0.0001,71
1087,0.0001,9
1088,0.0001,0
1089,0.0001,15
1090,0.0001,0
1091,0.0001,144
1092,0.0001,3
1093,0.0001,12
1094,0.0001,72
1095,0.0001,0
1096,0.0001,0
1097,0.0001,0
1098,0.0001,3
1099,0.0001,35
1100,0.0001,8
1101,0.0001,4
1102,0.0001,5
1103,0.0001,209
1104,0.0001,3
1105,0.0001,15
1106,0.0001,0
1107,0.0001,0
1108,0.0001,9
1109,0.0001,0
1110,0.0001,15
1111,0.0001,15
1112,0.0001,0
1113,0.0001,4
1114,0.0001,0
1115,0.0001,21
1116,0.0001,20
1117,0.0001,0
1118,0.0001,0
1119,0.0001,9
1120,0.0001,9
1121,0.0001,4
1122,0.0001,71
1123,0.0001,17
1124,0.0001,16
1125,0.0001,70
1126,0.0001,18
1127,0.0001,3
1128,0.0001,6
1129,0.0001,0
1130,0.0001,108
1131,0.0001,0
1132,0.0001,3
1133,0.0001,15
1134,0.0001,0
1135,0.0001,48
1136,0.0001,0
1137,0.0001,75
1138,0.0001,8
1139,0.0001,0
1140,0.0001,15
1141,0.0001,82
1142,0.0001,3
1143,0.0001,0
1144,0.0001,206
1145,0.0001,0
1146,0.0001,209
1147,0.0001,208
1148,0.0001,0
1149,0.0001,36
1150,0.0001,74
1151,0.0001,23
1152,0.0001,3
1153,0.0001,3
1154,0.0001,0
1155,0.0001,0
1156,0.0001,0
1157,0.0001,12
1158,0.0001,0
1159,0.0001,274
1160,0.0001,0
1161,0.0001,9
1162,0.0001,209
1163,0.0001,0
1164,0.0001,0
1165,0.0001,3
1166,0.0001,0
1167,0.0001,3
1168,0.0001,15
1169,0.0001,3
1170,0.0001,3
1171,0.0001,16
1172,0.0001,9
1173,0.0001,0
1174,0.0001,0
1175,0.0001,0
1176,0.0001,0
1177,0.0001,0
1178,0.0001,6
1179,0.0001,17
1180,0.0001,14
1181,0.0001,12
1182,0.0001,11
1183,0.0001,0
1184,0.0001,209
1185,0.0001,3
1186,0.0001,0
1187,0.0001,0
1188,0.0001,7
1189,0.0001,91
1190,0.0001,60
1191,0.0001,3
1192,0.0001,3
1193,0.0001,0
1194,0.0001,0
1195,0.0001,14
1196,0.0001,8
1197,0.0001,0
1198,0.0001,14
1199,0.0001,12
1200,0.0001,206
1201,0.0001,0
1202,0.0001,3
1203,0.0001,4
1204,0.0001,0
1205,0.0001,9
1206,0.0001,3
1207,0.0001,0
1208,0.0001,12
1209,0.0001,9
1210,0.0001,50
1211,0.0001,7
1212,0.0001,4
1213,0.0001,3
1214,0.0001,21
1215,0.0001,99
1216,0.0001,9
1217,0.0001,15
1218,0.0001,0
1219,0.0001,9
1220,0.0001,0
1221,0.0001,0
1222,0.0001,0
1223,0.0001,9
1224,0.0001,6
1225,0.0001,0
1226,0.0001,12
1227,0.0001,3
1228,0.0001,0
1229,0.0001,0
1230,0.0001,0
1231,0.0001,209
1232,0.0001,9
1233,0.0001,15
1234,0.0001,3
1235,0.0001,3
1236,0.0001,12
1237,0.0001,0
1238,0.0001,0
1239,0.0001,0
1240,0.0001,0
1241,0.0001,3
1242,0.0001,0
1243,0.0001,9
1244,0.0001,9
1245,0.0001,0
1246,0.0001,8
1247,0.0001,12
1248,0.0001,0
1249,0.0001,209
1250,0.0001,215
1251,0.0001,0
1252,0.0001,3
1253,0.0001,9
1254,0.0001,9
1255,0.0001,12
1256,0.0001,12
1257,0.0001,4
1258,0.0001,0
1259,0.0001,0
1260,0.0001,9
1261,0.0001,71
1262,0.0001,0
1263,0.0001,0
1264,0.0001,6
1265,0.0001,0
1266,0.0001,206
1267,0.0001,8
1268,0.0001,15
1269,0.0001,4
1270,0.0001,15
1271,0.0001,0
1272,0.0001,0
1273,0.0001,0
1274,0.0001,90
1275,0.0001,22
1276,0.0001,9
1277,0.0001,0
1278,0.0001,0
1279,0.0001,23
1280,0.0001,9
1281,0.0001,0
1282,0.0001,0
1283,0.0001,0
1284,0.0001,0
1285,0.0001,4
1286,0.0001,6
1287,0.0001,0
1288,0.0001,9
1289,0.0001,15
1290,0.0001,102
1291,0.0001,4
1292,0.0001,12
1293,0.0001,0
1294,0.0001,0
1295,0.0001,0
1296,0.0001,18
1297,0.0001,0
1298,0.0001,4
1299,0.0001,9
1300,0.0001,3
1301,0.0001,0
1302,0.0001,158
1303,0.0001,0
1304,0.0001,0
1305,0.0001,3
1306,0.0001,3
1307,0.0001,9
1308,0.0001,4
1309,0.0001,0
1310,0.0001,70
1311,0.0001,8
1312,0.0001,3
1313,0.0001,0
1314,0.0001,3
1315,0.0001,9
1316,0.0001,0
1317,0.0001,5
1318,0.0001,0
1319,0.0001,4
1320,0.0001,0
1321,0.0001,9
1322,0.0001,0
1323,0.0001,4
1324,0.0001,15
1325,0.0001,0
1326,0.0001,9
1327,0.0001,0
1328,0.0001,0
1329,0.0001,15
1330,0.0001,38
1331,0.0001,23
1332,0.0001,3
1333,0.0001,9
1334,0.0001,3
1335,0.0001,0
1336,0.0001,15
1337,0.0001,6
1338,0.0001,36
1339,0.0001,9
1340,0.0001,9
1341,0.0001,0
1342,0.0001,0
1343,0.0001,209
1344,0.0001,9
1345,0.0001,9
1346,0.0001,15
1347,0.0001,0
1348,0.0001,5
1349,0.0001,7
1350,0.0001,12
1351,0.0001,15
1352,0.0001,8
1353,0.0001,3
1354,0.0001,0
1355,0.0001,5
1356,0.0001,5
1357,0.0001,8
1358,0.0001,3
1359,0.0001,17
1360,0.0001,20
1361,0.0001,6
1362,0.0001,12
1363,0.0001,9
1364,0.0001,12
1365,0.0001,9
1366,0.0001,0
1367,0.0001,0
1368,0.0001,15
1369,0.0001,4
1370,0.0001,0
1371,0.0001,9
1372,0.0001,0
1373,0.0001,0
1374,0.0001,0
1375,0.0001,0
1376,0.0001,0
1377,0.0001,3
1378,0.0001,5
1379,0.0001,0
1380,0.0001,3
1381,0.0001,7
1382,0.0001,3
1383,0.0001,5
1384,0.0001,0
1385,0.0001,12
1386,0.0001,37
1387,0.0001,0
1388,0.0001,0
1389,0.0001,0
1390,0.0001,126
1391,0.0001,27
1392,0.0001,21
1393,0.0001,15
1394,0.0001,15
1395,0.0001,0
1396,0.0001,9
1397,0.0001,3
1398,0.0001,3
1399,0.0001,0
1400,0.0001,9
1401,0.0001,21
1402,0.0001,15
1403,0.0001,9
1404,0.0001,6
1405,0.0001,15
1406,0.0001,32
1407,0.0001,0
1408,0.0001,21
1409,0.0001,0
1410,0.0001,9
1411,0.0001,9
1412,0.0001,19
1413,0.0001,0
1414,0.0001,5
1415,0.0001,6
1416,0.0001,12
1417,0.0001,12
1418,0.0001,0
1419,0.0001,15
1420,0.0001,12
1421,0.0001,0
1422,0.0001,8
1423,0.0001,36
1424,0.0001,0
1425,0.0001,15
1426,0.0001,75
1427,0.0001,0
1428,0.0001,3
1429,0.0001,9
1430,0.0001,9
1431,0.0001,0
1432,0.0001,4
1433,0.0001,0
1434,0.0001,6
1435,0.0001,0
1436,0.0001,206
1437,0.0001,7
1438,0.0001,0
1439,0.0001,15
1440,0.0001,20
1441,0.0001,15
1442,0.0001,0
1443,0.0001,18
1444,0.0001,11
1445,0.0001,6
1446,0.0001,0
1447,0.0001,6
1448,0.0001,3
1449,0.0001,0
1450,0.0001,20
1451,0.0001,0
1452,0.0001,15
1453,0.0001,0
1454,0.0001,18
1455,0.0001,20
1456,0.0001,0
1457,0.0001,9
1458,0.0001,0
1459,0.0001,0
1460,0.0001,0
1461,0.0001,15
1462,0.0001,0
1463,0.0001,9
1464,0.0001,0
1465,0.0001,0
1466,0.0001,9
1467,0.0001,3
1468,0.0001,0
1469,0.0001,16
1470,0.0001,2
1471,0.0001,9
1472,0.0001,3
1473,0.0001,9
1474,0.0001,27
1475,0.0001,9
1476,0.0001,6
1477,0.0001,0
1478,0.0001,0
1479,0.0001,0
1480,0.0001,23
1481,0.0001,7
1482,0.0001,18
1483,0.0001,15
1484,0.0001,0
1485,0.0001,0
1486,0.0001,12
1487,0.0001,4
1488,0.0001,209
1489,0.0001,9
1490,0.0001,3
1491,0.0001,209
1492,0.0001,209
1493,0.0001,0
1494,0.0001,4
1495,0.0001,0
1496,0.0001,9
1497,0.0001,15
1498,0.0001,0
1499,0.0001,0
1500,0.0001,0
1501,0.0001,18
1502,0.0001,9
1503,0.0001,15
1504,0.0001,0
1505,0.0001,3
1506,0.0001,9
1507,0.0001,12
1508,0.0001,2
1509,0.0001,0
1510,0.0001,9
1511,0.0001,71
1512,0.0001,0
1513,0.0001,12
1514,0.0001,71
1515,0.0001,0
1516,0.0001,9
1517,0.0001,21
1518,0.0001,0
1519,0.0001,4
1520,0.0001,14
1521,0.0001,7
1522,0.0001,0
1523,0.0001,8
1524,0.0001,4
1525,0.0001,0
1526,0.0001,0
1527,0.0001,9
1528,0.0001,0
1529,0.0001,0
1530,0.0001,5
1531,0.0001,8
1532,0.0001,18
1533,0.0001,9
1534,0.0001,3
1535,0.0001,12
1536,0.0001,8
1537,0.0001,3
1538,0.0001,0
1539,0.0001,0
1540,0.0001,0
1541,0.0001,16
1542,0.0001,21
1543,0.0001,3
1544,0.0001,6
1545,0.0001,15
1546,0.0001,0
1547,0.0001,9
1548,0.0001,12
1549,0.0001,9
1550,0.0001,15
1551,0.0001,0
1552,0.0001,209
1553,0.0001,9
1554,0.0001,8
1555,0.0001,3
1556,0.0001,4
1557,0.0001,15
1558,0.0001,0
1559,0.0001,9
1560,0.0001,79
1561,0.0001,0
1562,0.0001,0
1563,0.0001,70
1564,0.0001,0
1565,0.0001,0
1566,0.0001,0
1567,0.0001,6
1568,0.0001,15
1569,0.0001,0
1570,0.0001,126
1571,0.0001,5
1572,0.0001,9
1573,0.0001,0
1574,0.0001,70
1575,0.0001,0
1576,0.0001,15
1577,0.0001,0
1578,0.0001,0
1579,0.0001,7
1580,0.0001,0
1581,0.0001,3
1582,0.0001,18
1583,0.0001,0
1584,0.0001,6
1585,0.0001,0
1586,0.0001,35
1587,0.0001,5
1588,0.0001,3
1589,0.0001,0
1590,0.0001,0
1591,0.0001,0
1592,0.0001,3
1593,0.0001,9
1594,0.0001,9
1595,0.0001,0
1596,0.0001,0
1597,0.0001,4
1598,0.0001,21
1599,0.0001,0
1600,0.0001,0
1601,0.0001,0
1602,0.0001,9
1603,0.0001,18
1604,0.0001,0
1605,0.0001,15
1606,0.0001,0
1607,0.0001,0
1608,0.0001,7
1609,0.0001,9
1610,0.0001,71
1611,0.0001,9
1612,0.0001,0
1613,0.0001,0
1614,0.0001,0
1615,0.0001,19
1616,0.0001,12
1617,0.0001,9
1618,0.0001,7
1619,0.0001,6
1620,0.0001,9
1621,0.0001,3
1622,0.0001,21
1623,0.0001,0
1624,0.0001,69
1625,0.0001,3
1626,0.0001,9
1627,0.0001,0
1628,0.0001,0
1629,0.0001,0
1630,0.0001,15
1631,0.0001,0
1632,0.0001,0
1633,0.0001,23
1634,0.0001,69
1635,0.0001,0
1636,0.0001,0
1637,0.0001,0
1638,0.0001,0
1639,0.0001,8
1640,0.0001,0
1641,0.0001,19
1642,0.0001,18
1643,0.0001,0
1644,0.0001,0
1645,0.0001,0
1646,0.0001,2
1647,0.0001,0
1648,0.0001,3
1649,0.0001,3
1650,0.0001,5
1651,0.0001,0
1652,0.0001,0
1653,0.0001,15
1654,0.0001,0
1655,0.0001,0
1656,0.0001,18
1657,0.0001,15
1658,0.0001,71
1659,0.0001,8
1660,0.0001,5
1661,0.0001,32
1662,0.0001,0
1663,0.0001,9
1664,0.0001,0
1665,0.0001,3
1666,0.0001,15
1667,0.0001,0
1668,0.0001,9
1669,0.0001,9
1670,0.0001,9
1671,0.0001,9
1672,0.0001,20
1673,0.0001,4
1674,0.0001,0
1675,0.0001,9
1676,0.0001,7
1677,0.0001,9
1678,0.0001,0
1679,0.0001,15
1680,0.0001,9
1681,0.0001,3
1682,0.0001,0
1683,0.0001,27
1684,0.0001,0
1685,0.0001,15
1686,0.0001,0
1687,0.0001,12
1688,0.0001,9
1689,0.0001,0
1690,0.0001,12
1691,0.0001,0
1692,0.0001,9
1693,0.0001,0
1694,0.0001,9
1695,0.0001,21
1696,0.0001,0
1697,0.0001,4
1698,0.0001,0
1699,0.0001,37
1700,0.0001,0
1701,0.0001,0
1702,0.0001,0
1703,0.0001,0
1704,0.0001,0
1705,0.0001,0
1706,0.0001,2
1707,0.0001,6
1708,0.0001,4
1709,0.0001,0
1710,0.0001,15
1711,0.0001,9
1712,0.0001,9
1713,0.0001,36
1714,0.0001,9
1715,0.0001,0
1716,0.0001,0
1717,0.0001,21
1718,0.0001,9
1719,0.0001,0
1720,0.0001,8
1721,0.0001,9
1722,0.0001,0
1723,0.0001,344
1724,0.0001,4
1725,0.0001,20
1726,0.0001,17
1727,0.0001,14
1728,0.0001,18
1729,0.0001,12
1730,0.0001,0
1731,0.0001,0
1732,0.0001,3
1733,0.0001,6
1734,0.0001,0
1735,0.0001,9
1736,0.0001,3
1737,0.0001,0
1738,0.0001,23
1739,0.0001,15
1740,0.0001,7
1741,0.0001,3
1742,0.0001,21
1743,0.0001,0
1744,0.0001,90
1745,0.0001,23
1746,0.0001,0
1747,0.0001,3
1748,0.0001,3
1749,0.0001,9
1750,0.0001,0
1751,0.0001,70
1752,0.0001,7
1753,0.0001,0
1754,0.0001,3
1755,0.0001,0
1756,0.0001,23
1757,0.0001,3
1758,0.0001,15
1759,0.0001,9
1760,0.0001,0
1761,0.0001,0
1762,0.0001,102
1763,0.0001,3
1764,0.0001,0
1765,0.0001,221
1766,0.0001,9
1767,0.0001,0
1768,0.0001,4
1769,0.0001,90
1770,0.0001,0
1771,0.0001,3
1772,0.0001,0
1773,0.0001,12
1774,0.0001,92
1775,0.0001,9
1776,0.0001,8
1777,0.0001,92
1778,0.0001,21
1779,0.0001,0
1780,0.0001,70
1781,0.0001,102
1782,0.0001,18
1783,0.0001,0
1784,0.0001,0
1785,0.0001,0
1786,0.0001,18
1787,0.0001,9
1788,0.0001,4
1789,0.0001,0
1790,0.0001,209
1791,0.0001,9
1792,0.0001,32
1793,0.0001,45
1794,0.0001,0
1795,0.0001,0
1796,0.0001,6
1797,0.0001,0
1798,0.0001,5
1799,0.0001,6
1800,0.0001,3
1801,0.0001,8
1802,0.0001,9
1803,0.0001,43
1804,0.0001,8
1805,0.0001,7
1806,0.0001,15
1807,0.0001,0
1808,0.0001,0
1809,0.0001,209
1810,0.0001,9
1811,0.0001,3
1812,0.0001,5
1813,0.0001,0
1814,0.0001,0
1815,0.0001,0
1816,0.0001,0
1817,0.0001,12
1818,0.0001,20
1819,0.0001,0
1820,0.0001,3
1821,0.0001,18
1822,0.0001,0
1823,0.0001,343
1824,0.0001,0
1825,0.0001,6
1826,0.0001,0
1827,0.0001,9
1828,0.0001,9
1829,0.0001,9
1830,0.0001,4
1831,0.0001,3
1832,0.0001,9
1833,0.0001,6
1834,0.0001,12
1835,0.0001,7
1836,0.0001,80
1837,0.0001,0
1838,0.0001,92
1839,0.0001,0
1840,0.0001,0
1841,0.0001,0
1842,0.0001,8
1843,0.0001,0
1844,0.0001,0
1845,0.0001,18
1846,0.0001,0
1847,0.0001,0
1848,0.0001,12
1849,0.0001,0
1850,0.0001,206
1851,0.0001,0
1852,0.0001,8
1853,0.0001,15
1854,0.0001,70
1855,0.0001,209
1856,0.0001,0
1857,0.0001,0
1858,0.0001,9
1859,0.0001,0
1860,0.0001,0
1861,0.0001,0
1862,0.0001,0
1863,0.0001,19
1864,0.0001,0
1865,0.0001,0
1866,0.0001,0
1867,0.0001,0
1868,0.0001,69
1869,0.0001,69
1870,0.0001,9
1871,0.0001,0
1872,0.0001,97
1873,0.0001,0
1874,0.0001,3
1875,0.0001,7
1876,0.0001,0
1877,0.0001,7
1878,0.0001,45
1879,0.0001,4
1880,0.0001,3
1881,0.0001,3
1882,0.0001,271
1883,0.0001,30
1884,0.0001,0
1885,0.0001,0
1886,0.0001,221
1887,0.0001,0
1888,0.0001,0
1889,0.0001,14
1890,0.0001,15
1891,0.0001,0
1892,0.0001,69
1893,0.0001,9
1894,0.0001,6
1895,0.0001,6
1896,0.0001,3
1897,0.0001,12
1898,0.0001,3
1899,0.0001,70
1900,0.0001,36
1901,0.0001,15
1902,0.0001,5
1903,0.0001,21
1904,0.0001,12
1905,0.0001,21
1906,0.0001,92
1907,0.0001,5
1908,0.0001,0
1909,0.0001,32
1910,0.0001,4
1911,0.0001,15
1912,0.0001,0
1913,0.0001,0
1914,0.0001,15
1915,0.0001,0
1916,0.0001,209
1917,0.0001,25
1918,0.0001,12
1919,0.0001,0
1920,0.0001,9
1921,0.0001,9
1922,0.0001,3
1923,0.0001,9
1924,0.0001,0
1925,0.0001,9
1926,0.0001,5
1927,0.0001,9
1928,0.0001,0
1929,0.0001,3
1930,0.0001,6
1931,0.0001,0
1932,0.0001,0
1933,0.0001,108
1934,0.0001,23
1935,0.0001,70
1936,0.0001,0
1937,0.0001,0
1938,0.0001,0
1939,0.0001,15
1940,0.0001,0
1941,0.0001,18
1942,0.0001,6
1943,0.0001,4
1944,0.0001,0
1945,0.0001,0
1946,0.0001,20
1947,0.0001,0
1948,0.0001,0
1949,0.0001,0
1950,0.0001,0
1951,0.0001,4
1952,0.0001,0
1953,0.0001,0
1954,0.0001,0
1955,0.0001,4
1956,0.0001,20
1957,0.0001,0
1958,0.0001,25
1959,0.0001,0
1960,0.0001,0
1961,0.0001,9
1962,0.0001,23
1963,0.0001,9
1964,0.0001,9
1965,0.0001,0
1966,0.0001,20
1967,0.0001,9
1968,0.0001,273
1969,0.0001,4
1970,0.0001,9
1971,0.0001,15
1972,0.0001,0
1973,0.0001,0
1974,0.0001,9
1975,0.0001,9
1976,0.0001,0
1977,0.0001,0
1978,0.0001,0
1979,0.0001,9
1980,0.0001,0
1981,0.0001,6
1982,0.0001,4
1983,0.0001,15
1984,0.0001,3
1985,0.0001,3
1986,0.0001,17
1987,0.0001,0
1988,0.0001,0
1989,0.0001,344
1990,0.0001,15
1991,0.0001,15
1992,0.0001,21
1993,0.0001,4
1994,0.0001,27
1995,0.0001,4
1996,0.0001,0
1997,0.0001,9
1998,0.0001,0
1999,0.0001,15
2000,0.0001,19
2001,0.0001,15
2002,0.0001,8
2003,0.0001,9
2004,0.0001,0
2005,0.0001,3
2006,0.0001,0
2007,0.0001,0
2008,0.0001,0
2009,0.0001,16
2010,0.0001,0
2011,0.0001,0
2012,0.0001,3
2013,0.0001,0
2014,0.0001,0
2015,0.0001,0
2016,0.0001,0
2017,0.0001,21
2018,0.0001,43
2019,0.0001,0
2020,0.0001,4
2021,0.0001,0
2022,0.0001,6
2023,0.0001,70
2024,0.0001,8
2025,0.0001,0
2026,0.0001,15
2027,0.0001,4
2028,0.0001,0
2029,0.0001,0
2030,0.0001,4
2031,0.0001,9
2032,0.0001,0
2033,0.0001,15
2034,0.0001,18
2035,0.0001,9
2036,0.0001,7
2037,0.0001,8
2038,0.0001,25
2039,0.0001,0
2040,0.0001,7
2041,0.0001,4
2042,0.0001,9
2043,0.0001,18
2044,0.0001,0
2045,0.0001,15
2046,0.0001,9
2047,0.0001,0
2048,0.0001,0
2049,0.0001,0
2050,0.0001,0
2051,0.0001,0
2052,0.0001,0
2053,0.0001,206
2054,0.0001,0
2055,0.0001,12
2056,0.0001,3
2057,0.0001,21
2058,0.0001,15
2059,0.0001,0
2060,0.0001,12
2061,0.0001,9
2062,0.0001,339
2063,0.0001,18
2064,0.0001,209
2065,0.0001,4
2066,0.0001,3
2067,0.0001,0
2068,0.0001,3
2069,0.0001,0
2070,0.0001,0
2071,0.0001,42
2072,0.0001,0
2073,0.0001,7
2074,0.0001,0
2075,0.0001,0
2076,0.0001,46
2077,0.0001,9
2078,0.0001,6
2079,0.0001,9
2080,0.0001,9
2081,0.0001,3
2082,0.0001,0
2083,0.0001,0
2084,0.0001,0
2085,0.0001,0
2086,0.0001,0
2087,0.0001,0
2088,0.0001,0
2089,0.0001,0
2090,0.0001,0
2091,0.0001,9
2092,0.0001,0
2093,0.0001,0
2094,0.0001,0
2095,0.0001,37
2096,0.0001,0
2097,0.0001,9
2098,0.0001,0
2099,0.0001,0
2100,0.0001,3
2101,0.0001,9
2102,0.0001,0
2103,0.0001,9
2104,0.0001,102
2105,0.0001,20
2106,0.0001,0
2107,0.0001,9
2108,0.0001,21
2109,0.0001,30
2110,0.0001,12
2111,0.0001,3
2112,0.0001,9
2113,0.0001,4
2114,0.0001,0
2115,0.0001,0
2116,0.0001,3
2117,0.0001,15
2118,0.0001,6
2119,0.0001,0
2120,0.0001,4
2121,0.0001,206
2122,0.0001,4
2123,0.0001,0
2124,0.0001,7
2125,0.0001,9
2126,0.0001,9
2127,0.0001,0
2128,0.0001,0
2129,0.0001,0
2130,0.0001,0
2131,0.0001,36
2132,0.0001,7
2133,0.0001,7
2134,0.0001,0
2135,0.0001,344
2136,0.0001,9
2137,0.0001,3
2138,0.0001,4
2139,0.0001,9
2140,0.0001,9
2141,0.0001,6
2142,0.0001,0
2143,0.0001,3
2144,0.0001,0
2145,0.0001,12
2146,0.0001,8
2147,0.0001,209
2148,0.0001,0
2149,0.0001,3
2150,0.0001,0
2151,0.0001,0
2152,0.0001,0
2153,0.0001,0
2154,0.0001,23
2155,0.0001,9
2156,0.0001,15
2157,0.0001,0
2158,0.0001,15
2159,0.0001,3
2160,0.0001,9
2161,0.0001,0
2162,0.0001,21
2163,0.0001,7
2164,0.0001,69
2165,0.0001,69
2166,0.0001,0
2167,0.0001,43
2168,0.0001,0
2169,0.0001,12
2170,0.0001,0
2171,0.0001,8
2172,0.0001,0
2173,0.0001,3
2174,0.0001,4
2175,0.0001,0
2176,0.0001,9
2177,0.0001,3
2178,0.0001,3
2179,0.0001,5
2180,0.0001,0
2181,0.0001,209
2182,0.0001,0
2183,0.0001,5
2184,0.0001,0
2185,0.0001,0
2186,0.0001,14
2187,0.0001,9
2188,0.0001,3
2189,0.0001,9
2190,0.0001,3
2191,0.0001,15
2192,0.0001,3
2193,0.0001,0
2194,0.0001,12
2195,0.0001,5
2196,0.0001,0
2197,0.0001,0
2198,0.0001,21
2199,0.0001,0
2200,0.0001,0
2201,0.0001,6
2202,0.0001,3
2203,0.0001,0
2204,0.0001,3
2205,0.0001,25
2206,0.0001,9
2207,0.0001,20
2208,0.0001,3
2209,0.0001,3
2210,0.0001,0
2211,0.0001,206
2212,0.0001,0
2213,0.0001,3
2214,0.0001,0
2215,0.0001,0
2216,0.0001,108
2217,0.0001,12
2218,0.0001,0
2219,0.0001,0
2220,0.0001,6
2221,0.0001,25
2222,0.0001,0
2223,0.0001,4
2224,0.0001,3
2225,0.0001,7
2226,0.0001,3
2227,0.0001,8
2228,0.0001,9
2229,0.0001,4
2230,0.0001,12
2231,0.0001,0
2232,0.0001,206
2233,0.0001,3
2234,0.0001,12
2235,0.0001,3
2236,0.0001,15
2237,0.0001,36
2238,0.0001,15
2239,0.0001,15
2240,0.0001,3
2241,0.0001,0
2242,0.0001,0
2243,0.0001,3
2244,0.0001,0
2245,0.0001,70
2246,0.0001,5
2247,0.0001,73
2248,0.0001,0
2249,0.0001,0
2250,0.0001,0
2251,0.0001,8
2252,0.0001,15
2253,0.0001,4
2254,0.0001,14
2255,0.0001,0
2256,0.0001,4
2257,0.0001,3
2258,0.0001,0
2259,0.0001,3
2260,0.0001,6
2261,0.0001,6
2262,0.0001,18
2263,0.0001,208
2264,0.0001,0
2265,0.0001,72
2266,0.0001,0
2267,0.0001,3
2268,0.0001,0
2269,0.0001,9
2270,0.0001,9
2271,0.0001,9
2272,0.0001,0
2273,0.0001,9
2274,0.0001,0
2275,0.0001,3
2276,0.0001,9
2277,0.0001,0
2278,0.0001,21
2279,0.0001,20
2280,0.0001,18
2281,0.0001,12
2282,0.0001,0
2283,0.0001,9
2284,0.0001,45
2285,0.0001,0
2286,0.0001,9
2287,0.0001,0
2288,0.0001,15
2289,0.0001,0
2290,0.0001,0
2291,0.0001,4
2292,0.0001,0
2293,0.0001,209
2294,0.0001,0
2295,0.0001,16
2296,0.0001,35
2297,0.0001,3
2298,0.0001,4
2299,0.0001,208
2300,0.0001,0
2301,0.0001,3
2302,0.0001,7
2303,0.0001,4
2304,0.0001,12
2305,0.0001,9
2306,0.0001,7
2307,0.0001,0
2308,0.0001,71
2309,0.0001,4
2310,0.0001,0
2311,0.0001,4
2312,0.0001,18
2313,0.0001,12
2314,0.0001,0
2315,0.0001,0
2316,0.0001,9
2317,0.0001,0
2318,0.0001,7
2319,0.0001,15
2320,0.0001,0
2321,0.0001,0
2322,0.0001,18
2323,0.0001,9
2324,0.0001,15
2325,0.0001,71
2326,0.0001,0
2327,0.0001,0
2328,0.0001,0
2329,0.0001,0
2330,0.0001,23
2331,0.0001,15
2332,0.0001,0
2333,0.0001,69
2334,0.0001,344
2335,0.0001,4
2336,0.0001,0
2337,0.0001,20
2338,0.0001,301
2339,0.0001,12
2340,0.0001,0
2341,0.0001,0
2342,0.0001,0
2343,0.0001,0
2344,0.0001,0
2345,0.0001,9
2346,0.0001,9
2347,0.0001,0
2348,0.0001,91
2349,0.0001,9
2350,0.0001,0
2351,0.0001,0
2352,0.0001,3
2353,0.0001,0
2354,0.0001,0
2355,0.0001,0
2356,0.0001,8
2357,0.0001,0
2358,0.0001,0
2359,0.0001,3
2360,0.0001,21
2361,0.0001,15
2362,0.0001,0
2363,0.0001,20
2364,0.0001,7
2365,0.0001,0
2366,0.0001,3
2367,0.0001,35
2368,0.0001,8
2369,0.0001,0
2370,0.0001,14
2371,0.0001,21
2372,0.0001,19
2373,0.0001,0
2374,0.0001,0
2375,0.0001,0
2376,0.0001,0
2377,0.0001,0
2378,0.0001,3
2379,0.0001,15
2380,0.0001,8
2381,0.0001,12
2382,0.0001,0
2383,0.0001,0
2384,0.0001,0
2385,0.0001,15
2386,0.0001,69
2387,0.0001,15
2388,0.0001,108
2389,0.0001,3
2390,0.0001,15
2391,0.0001,0
2392,0.0001,9
2393,0.0001,3
2394,0.0001,0
2395,0.0001,71
2396,0.0001,70
2397,0.0001,3
2398,0.0001,4
2399,0.0001,0
2400,0.0001,4
2401,0.0001,0
2402,0.0001,3
2403,0.0001,70
2404,0.0001,0
2405,0.0001,9
2406,0.0001,71
2407,0.0001,9
2408,0.0001,9
2409,0.0001,4
2410,0.0001,6
2411,0.0001,0
2412,0.0001,21
2413,0.0001,5
2414,0.0001,70
2415,0.0001,3
2416,0.0001,15
2417,0.0001,0
2418,0.0001,3
2419,0.0001,15
2420,0.0001,36
2421,0.0001,0
2422,0.0001,30
2423,0.0001,6
2424,0.0001,0
2425,0.0001,0
2426,0.0001,7
2427,0.0001,0
2428,0.0001,0
2429,0.0001,21
2430,0.0001,3
2431,0.0001,3
2432,0.0001,3
2433,0.0001,12
2434,0.0001,9
2435,0.0001,9
2436,0.0001,15
2437,0.0001,4
2438,0.0001,4
2439,0.0001,9
2440,0.0001,0
2441,0.0001,0
2442,0.0001,9
2443,0.0001,9
2444,0.0001,3
2445,0.0001,0
2446,0.0001,0
2447,0.0001,19
2448,0.0001,0
2449,0.0001,0
2450,0.0001,0
2451,0.0001,0
2452,0.0001,3
2453,0.0001,3
2454,0.0001,15
2455,0.0001,18
2456,0.0001,9
2457,0.0001,0
2458,0.0001,5
2459,0.0001,20
2460,0.0001,7
2461,0.0001,6
2462,0.0001,3
2463,0.0001,71
2464,0.0001,16
2465,0.0001,9
2466,0.0001,0
2467,0.0001,23
2468,0.0001,3
2469,0.0001,0
2470,0.0001,27
2471,0.0001,0
2472,0.0001,33
2473,0.0001,3
2474,0.0001,0
2475,0.0001,0
2476,0.0001,9
2477,0.0001,0
2478,0.0001,0
2479,0.0001,70
2480,0.0001,0
2481,0.0001,5
2482,0.0001,0
2483,0.0001,3
2484,0.0001,73
2485,0.0001,15
2486,0.0001,3
2487,0.0001,15
2488,0.0001,15
2489,0.0001,3
2490,0.0001,0
2491,0.0001,203
2492,0.0001,74
2493,0.0001,3
2494,0.0001,15
2495,0.0001,19
2496,0.0001,12
2497,0.0001,21
2498,0.0001,12
2499,0.0001,0
2500,0.0001,0
2501,0.0001,0
2502,0.0001,9
2503,0.0001,37
2504,0.0001,0
2505,0.0001,15
2506,0.0001,9
2507,0.0001,57
2508,0.0001,3
2509,0.0001,15
2510,0.0001,0
2511,0.0001,209
2512,0.0001,0
2513,0.0001,0
2514,0.0001,0
2515,0.0001,0
2516,0.0001,15
2517,0.0001,30
2518,0.0001,15
2519,0.0001,20
2520,0.0001,60
2521,0.0001,0
2522,0.0001,3
2523,0.0001,5
2524,0.0001,0
2525,0.0001,18
2526,0.0001,3
2527,0.0001,7
2528,0.0001,71
2529,0.0001,0
2530,0.0001,15
2531,0.0001,12
2532,0.0001,0
2533,0.0001,9
2534,0.0001,7
2535,0.0001,0
2536,0.0001,3
2537,0.0001,15
2538,0.0001,0
2539,0.0001,9
2540,0.0001,3
2541,0.0001,34
2542,0.0001,209
2543,0.0001,4
2544,0.0001,3
2545,0.0001,12
2546,0.0001,12
2547,0.0001,0
2548,0.0001,0
2549,0.0001,20
2550,0.0001,18
2551,0.0001,0
2552,0.0001,9
2553,0.0001,0
2554,0.0001,0
2555,0.0001,0
2556,0.0001,0
2557,0.0001,0
2558,0.0001,3
2559,0.0001,0
2560,0.0001,206
2561,0.0001,20
2562,0.0001,0
2563,0.0001,0
2564,0.0001,15
2565,0.0001,3
2566,0.0001,4
2567,0.0001,9
2568,0.0001,9
2569,0.0001,0
2570,0.0001,4
2571,0.0001,18
2572,0.0001,18
2573,0.0001,92
2574,0.0001,15
2575,0.0001,7
2576,0.0001,209
2577,0.0001,0
2578,0.0001,0
2579,0.0001,5
2580,0.0001,0
2581,0.0001,12
2582,0.0001,36
2583,0.0001,21
2584,0.0001,0
2585,0.0001,0
2586,0.0001,8
2587,0.0001,20
2588,0.0001,9
2589,0.0001,0
2590,0.0001,0
2591,0.0001,0
2592,0.0001,12
2593,0.0001,0
2594,0.0001,3
2595,0.0001,9
2596,0.0001,0
2597,0.0001,3
2598,0.0001,3
2599,0.0001,0
2600,0.0001,0
2601,0.0001,9
2602,0.0001,3
2603,0.0001,6
2604,0.0001,9
2605,0.0001,15
2606,0.0001,15
2607,0.0001,12
2608,0.0001,0
2609,0.0001,215
2610,0.0001,0
2611,0.0001,9
2612,0.0001,23
2613,0.0001,0
2614,0.0001,0
2615,0.0001,0
2616,0.0001,15
2617,0.0001,4
2618,0.0001,0
2619,0.0001,15
2620,0.0001,9
2621,0.0001,0
2622,0.0001,7
2623,0.0001,3
2624,0.0001,99
2625,0.0001,4
2626,0.0001,0
2627,0.0001,0
2628,0.0001,17
2629,0.0001,4
2630,0.0001,0
2631,0.0001,0
2632,0.0001,70
2633,0.0001,0
2634,0.0001,0
2635,0.0001,4
2636,0.0001,3
2637,0.0001,0
2638,0.0001,0
2639,0.0001,0
2640,0.0001,0
2641,0.0001,71
2642,0.0001,5
2643,0.0001,21
2644,0.0001,9
2645,0.0001,5
2646,0.0001,18
2647,0.0001,15
2648,0.0001,114
2649,0.0001,9
2650,0.0001,15
2651,0.0001,12
2652,0.0001,4
2653,0.0001,0
2654,0.0001,8
2655,0.0001,0
2656,0.0001,4
2657,0.0001,0
2658,0.0001,0
2659,0.0001,0
2660,0.0001,12
2661,0.0001,3
2662,0.0001,9
2663,0.0001,15
2664,0.0001,0
2665,0.0001,9
2666,0.0001,4
2667,0.0001,12
2668,0.0001,16
2669,0.0001,0
2670,0.0001,50
2671,0.0001,3
2672,0.0001,20
2673,0.0001,17
2674,0.0001,9
2675,0.0001,3
2676,0.0001,15
2677,0.0001,18
2678,0.0001,0
2679,0.0001,15
2680,0.0001,208
2681,0.0001,12
2682,0.0001,0
2683,0.0001,15
2684,0.0001,21
2685,0.0001,13
2686,0.0001,0
2687,0.0001,0
2688,0.0001,9
2689,0.0001,0
2690,0.0001,9
2691,0.0001,15
2692,0.0001,0
2693,0.0001,15
2694,0.0001,274
2695,0.0001,4
2696,0.0001,0
2697,0.0001,0
2698,0.0001,12
2699,0.0001,4
2700,0.0001,10
2701,0.0001,0
2702,0.0001,7
2703,0.0001,8
2704,0.0001,30
2705,0.0001,3
2706,0.0001,7
2707,0.0001,6
2708,0.0001,12
2709,0.0001,0
2710,0.0001,7
2711,0.0001,0
2712,0.0001,4
2713,0.0001,3
2714,0.0001,0
2715,0.0001,21
2716,0.0001,12
2717,0.0001,9
2718,0.0001,0
2719,0.0001,9
2720,0.0001,34
2721,0.0001,0
2722,0.0001,0
2723,0.0001,0
2724,0.0001,165
2725,0.0001,27
2726,0.0001,0
2727,0.0001,0
2728,0.0001,18
2729,0.0001,9
2730,0.0001,0
2731,0.0001,9
2732,0.0001,9
2733,0.0001,0
2734,0.0001,0
2735,0.0001,0
2736,0.0001,0
2737,0.0001,0
2738,0.0001,12
2739,0.0001,0
2740,0.0001,0
2741,0.0001,15
2742,0.0001,0
2743,0.0001,0
2744,0.0001,0
2745,0.0001,15
2746,0.0001,3
2747,0.0001,20
2748,0.0001,12
2749,0.0001,3
2750,0.0001,0
2751,0.0001,18
2752,0.0001,9
2753,0.0001,9
2754,0.0001,12
2755,0.0001,3
2756,0.0001,9
2757,0.0001,0
2758,0.0001,15
2759,0.0001,71
2760,0.0001,3
2761,0.0001,4
2762,0.0001,0
2763,0.0001,4
2764,0.0001,0
2765,0.0001,18
2766,0.0001,23
2767,0.0001,3
2768,0.0001,9
2769,0.0001,3
2770,0.0001,15
2771,0.0001,3
2772,0.0001,0
2773,0.0001,0
2774,0.0001,15
2775,0.0001,0
2776,0.0001,3
2777,0.0001,12
2778,0.0001,0
2779,0.0001,8
2780,0.0001,9
2781,0.0001,9
2782,0.0001,3
2783,0.0001,0
2784,0.0001,9
2785,0.0001,3
2786,0.0001,0
2787,0.0001,0
2788,0.0001,4
2789,0.0001,0
2790,0.0001,20
2791,0.0001,0
2792,0.0001,3
2793,0.0001,3
2794,0.0001,3
2795,0.0001,5
2796,0.0001,0
2797,0.0001,0
2798,0.0001,9
2799,0.0001,12
2800,0.0001,0
2801,0.0001,0
2802,0.0001,0
2803,0.0001,73
2804,0.0001,7
2805,0.0001,12
2806,0.0001,12
2807,0.0001,0
2808,0.0001,0
2809,0.0001,20
2810,0.0001,12
2811,0.0001,15
2812,0.0001,9
2813,0.0001,0
2814,0.0001,0
2815,0.0001,9
2816,0.0001,21
2817,0.0001,19
2818,0.0001,15
2819,0.0001,18
2820,0.0001,12
2821,0.0001,0
2822,0.0001,0
2823,0.0001,27
2824,0.0001,70
2825,0.0001,20
2826,0.0001,6
2827,0.0001,9
2828,0.0001,9
2829,0.0001,0
2830,0.0001,0
2831,0.0001,0
2832,0.0001,15
2833,0.0001,5
2834,0.0001,34
2835,0.0001,21
2836,0.0001,9
2837,0.0001,0
2838,0.0001,6
2839,0.0001,12
2840,0.0001,7
2841,0.0001,3
2842,0.0001,6
2843,0.0001,3
2844,0.0001,0
2845,0.0001,0
2846,0.0001,0
2847,0.0001,12
2848,0.0001,0
2849,0.0001,0
2850,0.0001,0
2851,0.0001,0
2852,0.0001,274
2853,0.0001,4
2854,0.0001,9
2855,0.0001,19
2856,0.0001,15
2857,0.0001,0
2858,0.0001,5
2859,0.0001,5
2860,0.0001,0
2861,0.0001,0
2862,0.0001,3
2863,0.0001,3
2864,0.0001,9
2865,0.0001,0
2866,0.0001,0
2867,0.0001,12
2868,0.0001,0
2869,0.0001,3
2870,0.0001,0
2871,0.0001,0
2872,0.0001,0
2873,0.0001,34
2874,0.0001,3
2875,0.0001,12
2876,0.0001,0
2877,0.0001,0
2878,0.0001,0
2879,0.0001,9
2880,0.0001,3
2881,0.0001,9
2882,0.0001,0
2883,0.0001,5
2884,0.0001,0
2885,0.0001,9
2886,0.0001,0
2887,0.0001,18
2888,0.0001,7
2889,0.0001,4
2890,0.0001,0
2891,0.0001,0
2892,0.0001,3
2893,0.0001,0
2894,0.0001,9
2895,0.0001,127
2896,0.0001,0
2897,0.0001,93
2898,0.0001,0
2899,0.0001,0
2900,0.0001,0
2901,0.0001,0
2902,0.0001,0
2903,0.0001,209
2904,0.0001,0
2905,0.0001,6
2906,0.0001,70
2907,0.0001,5
2908,0.0001,15
2909,0.0001,6
2910,0.0001,17
2911,0.0001,9
2912,0.0001,0
2913,0.0001,4
2914,0.0001,4
2915,0.0001,5
2916,0.0001,5
2917,0.0001,3
2918,0.0001,9
2919,0.0001,15
2920,0.0001,0
2921,0.0001,0
2922,0.0001,0
2923,0.0001,9
2924,0.0001,3
2925,0.0001,9
2926,0.0001,0
2927,0.0001,9
2928,0.0001,9
2929,0.0001,0
2930,0.0001,0
2931,0.0001,0
2932,0.0001,57
2933,0.0001,0
2934,0.0001,7
2935,0.0001,9
2936,0.0001,0
2937,0.0001,15
2938,0.0001,15
2939,0.0001,0
2940,0.0001,0
2941,0.0001,6
2942,0.0001,12
2943,0.0001,9
2944,0.0001,9
2945,0.0001,3
2946,0.0001,7
2947,0.0001,71
2948,0.0001,14
2949,0.0001,16
2950,0.0001,0
2951,0.0001,9
2952,0.0001,21
2953,0.0001,9
2954,0.0001,21
2955,0.0001,0
2956,0.0001,12
2957,0.0001,0
2958,0.0001,7
2959,0.0001,6
2960,0.0001,39
2961,0.0001,6
2962,0.0001,0
2963,0.0001,0
2964,0.0001,0
2965,0.0001,0
2966,0.0001,205
2967,0.0001,0
2968,0.0001,17
2969,0.0001,12
2970,0.0001,0
2971,0.0001,236
2972,0.0001,36
2973,0.0001,9
2974,0.0001,0
2975,0.0001,12
2976,0.0001,57
2977,0.0001,4
2978,0.0001,5
2979,0.0001,8
2980,0.0001,0
2981,0.0001,3
2982,0.0001,0
2983,0.0001,206
2984,0.0001,8
2985,0.0001,7
2986,0.0001,9
2987,0.0001,69
2988,0.0001,9
2989,0.0001,0
2990,0.0001,15
2991,0.0001,0
2992,0.0001,0
2993,0.0001,4
2994,0.0001,0
2995,0.0001,0
2996,0.0001,18
2997,0.0001,0
2998,0.0001,0
2999,0.0001,12
3000,0.0001,0
3001,0.0001,0
3002,0.0001,0
3003,0.0001,7
3004,0.0001,15
3005,0.0001,3
3006,0.0001,45
3007,0.0001,0
3008,0.0001,9
3009,0.0001,0
3010,0.0001,0
3011,0.0001,9
3012,0.0001,0
3013,0.0001,0
3014,0.0001,0
3015,0.0001,5
3016,0.0001,0
3017,0.0001,3
3018,0.0001,0
3019,0.0001,22
3020,0.0001,9
3021,0.0001,0
3022,0.0001,14
3023,0.0001,0
3024,0.0001,3
3025,0.0001,0
3026,0.0001,15
3027,0.0001,3
3028,0.0001,0
3029,0.0001,0
3030,0.0001,9
3031,0.0001,0
3032,0.0001,0
3033,0.0001,7
3034,0.0001,71
3035,0.0001,3
3036,0.0001,0
3037,0.0001,5
3038,0.0001,0
3039,0.0001,3
3040,0.0001,15
3041,0.0001,9
3042,0.0001,2
3043,0.0001,0
3044,0.0001,4
3045,0.0001,9
3046,0.0001,0
3047,0.0001,0
3048,0.0001,0
3049,0.0001,0
3050,0.0001,5
3051,0.0001,0
3052,0.0001,8
3053,0.0001,12
3054,0.0001,15
3055,0.0001,3
3056,0.0001,4
3057,0.0001,12
3058,0.0001,9
3059,0.0001,36
3060,0.0001,12
3061,0.0001,0
3062,0.0001,344
3063,0.0001,0
3064,0.0001,0
3065,0.0001,0
3066,0.0001,12
3067,0.0001,0
3068,0.0001,12
3069,0.0001,0
3070,0.0001,0
3071,0.0001,212
3072,0.0001,6
3073,0.0001,12
3074,0.0001,0
3075,0.0001,0
3076,0.0001,0
3077,0.0001,0
3078,0.0001,0
3079,0.0001,0
3080,0.0001,0
3081,0.0001,0
3082,0.0001,0
3083,0.0001,18
3084,0.0001,9
3085,0.0001,208
3086,0.0001,12
3087,0.0001,3
3088,0.0001,36
3089,0.0001,9
3090,0.0001,4
3091,0.0001,9
3092,0.0001,339
3093,0.0001,3
3094,0.0001,0
3095,0.0001,0
3096,0.0001,20
3097,0.0001,9
3098,0.0001,0
3099,0.0001,0
3100,0.0001,0
3101,0.0001,0
3102,0.0001,18
3103,0.0001,344
3104,0.0001,206
3105,0.0001,0
3106,0.0001,0
3107,0.0001,15
3108,0.0001,0
3109,0.0001,4
3110,0.0001,0
3111,0.0001,9
3112,0.0001,12
3113,0.0001,3
3114,0.0001,0
3115,0.0001,3
3116,0.0001,9
3117,0.0001,0
3118,0.0001,220
3119,0.0001,0
3120,0.0001,12
3121,0.0001,4
3122,0.0001,35
3123,0.0001,18
3124,0.0001,0
3125,0.0001,9
3126,0.0001,0
3127,0.0001,6
3128,0.0001,21
3129,0.0001,92
3130,0.0001,0
3131,0.0001,0
3132,0.0001,0
3133,0.0001,15
3134,0.0001,15
3135,0.0001,4
3136,0.0001,8
3137,0.0001,15
3138,0.0001,3
3139,0.0001,6
3140,0.0001,0
3141,0.0001,5
3142,0.0001,45
3143,0.0001,15
3144,0.0001,0
3145,0.0001,9
3146,0.0001,0
3147,0.0001,15
3148,0.0001,2
3149,0.0001,0
3150,0.0001,0
3151,0.0001,27
3152,0.0001,9
3153,0.0001,91
3154,0.0001,0
3155,0.0001,9
3156,0.0001,0
3157,0.0001,0
3158,0.0001,12
3159,0.0001,106
3160,0.0001,0
3161,0.0001,0
3162,0.0001,9
3163,0.0001,39
3164,0.0001,9
3165,0.0001,9
3166,0.0001,0
3167,0.0001,12
3168,0.0001,9
3169,0.0001,0
3170,0.0001,3
3171,0.0001,15
3172,0.0001,4
3173,0.0001,0
3174,0.0001,3
3175,0.0001,15
3176,0.0001,12
3177,0.0001,17
3178,0.0001,3
3179,0.0001,0
3180,0.0001,7
3181,0.0001,0
3182,0.0001,9
3183,0.0001,0
3184,0.0001,3
3185,0.0001,15
3186,0.0001,165
3187,0.0001,0
3188,0.0001,9
3189,0.0001,0
3190,0.0001,206
3191,0.0001,3
3192,0.0001,10
3193,0.0001,15
3194,0.0001,12
3195,0.0001,0
3196,0.0001,9
3197,0.0001,0
3198,0.0001,0
3199,0.0001,0
3200,0.0001,15
3201,0.0001,209
3202,0.0001,9
3203,0.0001,4
3204,0.0001,20
3205,0.0001,0
3206,0.0001,23
3207,0.0001,3
3208,0.0001,4
3209,0.0001,0
3210,0.0001,0
3211,0.0001,8
3212,0.0001,9
3213,0.0001,0
3214,0.0001,27
3215,0.0001,9
3216,0.0001,4
3217,0.0001,8
3218,0.0001,0
3219,0.0001,15
3220,0.0001,0
3221,0.0001,21
3222,0.0001,8
3223,0.0001,0
3224,0.0001,4
3225,0.0001,12
3226,0.0001,7
3227,0.0001,0
3228,0.0001,7
3229,0.0001,0
3230,0.0001,69
3231,0.0001,36
3232,0.0001,5
3233,0.0001,0
3234,0.0001,12
3235,0.0001,12
3236,0.0001,15
3237,0.0001,6
3238,0.0001,18
3239,0.0001,0
3240,0.0001,4
3241,0.0001,70
3242,0.0001,3
3243,0.0001,0
3244,0.0001,21
3245,0.0001,63
3246,0.0001,4
3247,0.0001,4
3248,0.0001,4
3249,0.0001,3
3250,0.0001,54
3251,0.0001,5
3252,0.0001,0
3253,0.0001,0
3254,0.0001,3
3255,0.0001,4
3256,0.0001,0
3257,0.0001,9
3258,0.0001,0
3259,0.0001,0
3260,0.0001,3
3261,0.0001,3
3262,0.0001,9
3263,0.0001,71
3264,0.0001,0
3265,0.0001,0
3266,0.0001,12
3267,0.0001,14
3268,0.0001,7
3269,0.0001,0
3270,0.0001,0
3271,0.0001,9
3272,0.0001,6
3273,0.0001,6
3274,0.0001,12
3275,0.0001,0
3276,0.0001,0
3277,0.0001,15
3278,0.0001,6
3279,0.0001,15
3280,0.0001,0
3281,0.0001,12
3282,0.0001,4
3283,0.0001,0
3284,0.0001,8
3285,0.0001,20
3286,0.0001,3
3287,0.0001,0
3288,0.0001,15
3289,0.0001,0
3290,0.0001,0
3291,0.0001,15
3292,0.0001,0
3293,0.0001,0
3294,0.0001,71
3295,0.0001,0
3296,0.0001,0
3297,0.0001,9
3298,0.0001,17
3299,0.0001,12
3300,0.0001,0
3301,0.0001,9
3302,0.0001,6
3303,0.0001,9
3304,0.0001,0
3305,0.0001,18
3306,0.0001,215
3307,0.0001,54
3308,0.0001,9
3309,0.0001,0
3310,0.0001,5
3311,0.0001,12
3312,0.0001,3
3313,0.0001,3
3314,0.0001,12
3315,0.0001,4
3316,0.0001,221
3317,0.0001,20
3318,0.0001,9
3319,0.0001,7
3320,0.0001,0
3321,0.0001,9
3322,0.0001,3
3323,0.0001,4
3324,0.0001,9
3325,0.0001,9
3326,0.0001,344
3327,0.0001,18
3328,0.0001,6
3329,0.0001,9
3330,0.0001,5
3331,0.0001,165
3332,0.0001,14
3333,0.0001,15
3334,0.0001,12
3335,0.0001,9
3336,0.0001,0
3337,0.0001,0
3338,0.0001,0
3339,0.0001,3
3340,0.0001,0
3341,0.0001,0
3342,0.0001,4
3343,0.0001,91
3344,0.0001,16
3345,0.0001,70
3346,0.0001,3
3347,0.0001,9
3348,0.0001,6
3349,0.0001,0
3350,0.0001,39
3351,0.0001,73
3352,0.0001,34
3353,0.0001,0
3354,0.0001,209
3355,0.0001,7
3356,0.0001,0
3357,0.0001,18
3358,0.0001,0
3359,0.0001,69
3360,0.0001,0
3361,0.0001,4
3362,0.0001,0
3363,0.0001,0
3364,0.0001,3
3365,0.0001,0
3366,0.0001,0
3367,0.0001,0
3368,0.0001,205
3369,0.0001,12
3370,0.0001,5
3371,0.0001,12
3372,0.0001,0
3373,0.0001,15
3374,0.0001,203
3375,0.0001,8
3376,0.0001,15
3377,0.0001,206
3378,0.0001,9
3379,0.0001,9
3380,0.0001,203
3381,0.0001,0
3382,0.0001,0
3383,0.0001,15
3384,0.0001,12
3385,0.0001,0
3386,0.0001,6
3387,0.0001,0
3388,0.0001,0
3389,0.0001,3
3390,0.0001,0
3391,0.0001,14
3392,0.0001,0
3393,0.0001,6
3394,0.0001,15
3395,0.0001,0
3396,0.0001,15
3397,0.0001,15
3398,0.0001,3
3399,0.0001,9
3400,0.0001,21
3401,0.0001,344
3402,0.0001,0
3403,0.0001,21
3404,0.0001,25
3405,0.0001,81
3406,0.0001,3
3407,0.0001,9
3408,0.0001,3
3409,0.0001,0
3410,0.0001,206
3411,0.0001,0
3412,0.0001,9
3413,0.0001,6
3414,0.0001,0
3415,0.0001,0
3416,0.0001,0
3417,0.0001,8
3418,0.0001,7
3419,0.0001,0
3420,0.0001,7
3421,0.0001,63
3422,0.0001,27
3423,0.0001,14
3424,0.0001,7
3425,0.0001,0
3426,0.0001,0
3427,0.0001,15
3428,0.0001,0
3429,0.0001,0
3430,0.0001,0
3431,0.0001,0
3432,0.0001,20
3433,0.0001,0
3434,0.0001,7
3435,0.0001,18
3436,0.0001,0
3437,0.0001,3
3438,0.0001,0
3439,0.0001,9
3440,0.0001,6
3441,0.0001,9
3442,0.0001,0
3443,0.0001,14
3444,0.0001,9
3445,0.0001,71
3446,0.0001,16
3447,0.0001,0
3448,0.0001,9
3449,0.0001,4
3450,0.0001,9
3451,0.0001,34
3452,0.0001,20
3453,0.0001,12
3454,0.0001,0
3455,0.0001,3
3456,0.0001,36
3457,0.0001,3
3458,0.0001,0
3459,0.0001,0
3460,0.0001,0
3461,0.0001,3
3462,0.0001,3
3463,0.0001,0
3464,0.0001,0
3465,0.0001,70
3466,0.0001,3
3467,0.0001,8
3468,0.0001,57
3469,0.0001,12
3470,0.0001,3
3471,0.0001,3
3472,0.0001,12
3473,0.0001,12
3474,0.0001,9
3475,0.0001,3
3476,0.0001,71
3477,0.0001,3
3478,0.0001,0
3479,0.0001,3
3480,0.0001,0
3481,0.0001,9
3482,0.0001,0
3483,0.0001,16
3484,0.0001,6
3485,0.0001,9
3486,0.0001,0
3487,0.0001,0
3488,0.0001,0
3489,0.0001,4
3490,0.0001,9
3491,0.0001,54
3492,0.0001,0
3493,0.0001,91
3494,0.0001,4
3495,0.0001,0
3496,0.0001,2
3497,0.0001,25
3498,0.0001,0
3499,0.0001,4
3500,0.0001,9
3501,0.0001,5
3502,0.0001,0
3503,0.0001,9
3504,0.0001,7
3505,0.0001,0
3506,0.0001,0
3507,0.0001,6
3508,0.0001,4
3509,0.0001,15
3510,0.0001,0
3511,0.0001,0
3512,0.0001,15
3513,0.0001,4
3514,0.0001,5
3515,0.0001,9
3516,0.0001,5
3517,0.0001,344
3518,0.0001,9
3519,0.0001,9
3520,0.0001,9
3521,0.0001,12
3522,0.0001,3
3523,0.0001,3
3524,0.0001,5
3525,0.0001,0
3526,0.0001,3
3527,0.0001,9
3528,0.0001,0
3529,0.0001,6
3530,0.0001,5
3531,0.0001,0
3532,0.0001,36
3533,0.0001,452
3534,0.0001,0
3535,0.0001,30
3536,0.0001,0
3537,0.0001,15
3538,0.0001,7
3539,0.0001,0
3540,0.0001,0
3541,0.0001,20
3542,0.0001,15
3543,0.0001,4
3544,0.0001,9
3545,0.0001,0
3546,0.0001,9
3547,0.0001,0
3548,0.0001,60
3549,0.0001,0
3550,0.0001,3
3551,0.0001,0
3552,0.0001,7
3553,0.0001,3
3554,0.0001,8
3555,0.0001,0
3556,0.0001,0
3557,0.0001,8
3558,0.0001,7
3559,0.0001,16
3560,0.0001,18
3561,0.0001,0
3562,0.0001,9
3563,0.0001,10
3564,0.0001,3
3565,0.0001,0
3566,0.0001,0
3567,0.0001,21
3568,0.0001,41
3569,0.0001,70
3570,0.0001,0
3571,0.0001,4
3572,0.0001,18
3573,0.0001,70
3574,0.0001,23
3575,0.0001,9
3576,0.0001,3
3577,0.0001,0
3578,0.0001,23
3579,0.0001,93
3580,0.0001,75
3581,0.0001,15
3582,0.0001,9
3583,0.0001,7
3584,0.0001,0
3585,0.0001,3
3586,0.0001,0
3587,0.0001,0
3588,0.0001,16
3589,0.0001,0
3590,0.0001,9
3591,0.0001,15
3592,0.0001,15
3593,0.0001,4
3594,0.0001,6
3595,0.0001,16
3596,0.0001,9
3597,0.0001,8
3598,0.0001,0
3599,0.0001,9
3600,0.0001,9
3601,0.0001,0
3602,0.0001,37
3603,0.0001,209
3604,0.0001,8
3605,0.0001,18
3606,0.0001,46
3607,0.0001,12
3608,0.0001,35
3609,0.0001,0
3610,0.0001,9
3611,0.0001,0
3612,0.0001,7
3613,0.0001,3
3614,0.0001,3
3615,0.0001,9
3616,0.0001,0
3617,0.0001,0
3618,0.0001,0
3619,0.0001,12
3620,0.0001,0
3621,0.0001,9
3622,0.0001,0
3623,0.0001,21
3624,0.0001,8
3625,0.0001,15
3626,0.0001,9
3627,0.0001,0
3628,0.0001,9
3629,0.0001,9
3630,0.0001,9
3631,0.0001,209
3632,0.0001,15
3633,0.0001,0
3634,0.0001,15
3635,0.0001,69
3636,0.0001,0
3637,0.0001,0
3638,0.0001,0
3639,0.0001,0
3640,0.0001,0
3641,0.0001,10
3642,0.0001,0
3643,0.0001,0
3644,0.0001,4
3645,0.0001,3
3646,0.0001,9
3647,0.0001,0
3648,0.0001,7
3649,0.0001,0
3650,0.0001,0
3651,0.0001,0
3652,0.0001,0
3653,0.0001,0
3654,0.0001,71
3655,0.0001,0
3656,0.0001,9
3657,0.0001,20
3658,0.0001,4
3659,0.0001,0
3660,0.0001,0
3661,0.0001,36
3662,0.0001,9
3663,0.0001,3
3664,0.0001,25
3665,0.0001,7
3666,0.0001,13
3667,0.0001,7
3668,0.0001,0
3669,0.0001,0
3670,0.0001,3
3671,0.0001,12
3672,0.0001,209
3673,0.0001,71
3674,0.0001,9
3675,0.0001,9
3676,0.0001,0
3677,0.0001,0
3678,0.0001,20
3679,0.0001,20
3680,0.0001,5
3681,0.0001,15
3682,0.0001,0
3683,0.0001,12
3684,0.0001,4
3685,0.0001,5
3686,0.0001,274
3687,0.0001,5
3688,0.0001,15
3689,0.0001,8
3690,0.0001,9
3691,0.0001,21
3692,0.0001,9
3693,0.0001,0
3694,0.0001,0
3695,0.0001,0
3696,0.0001,0
3697,0.0001,73
3698,0.0001,14
3699,0.0001,54
3700,0.0001,12
3701,0.0001,9
3702,0.0001,0
3703,0.0001,0
3704,0.0001,4
3705,0.0001,3
3706,0.0001,22
3707,0.0001,27
3708,0.0001,15
3709,0.0001,0
3710,0.0001,9
3711,0.0001,0
3712,0.0001,4
3713,0.0001,0
3714,0.0001,0
3715,0.0001,6
3716,0.0001,0
3717,0.0001,0
3718,0.0001,0
3719,0.0001,9
3720,0.0001,7
3721,0.0001,12
3722,0.0001,30
3723,0.0001,4
3724,0.0001,0
3725,0.0001,221
3726,0.0001,0
3727,0.0001,0
3728,0.0001,14
3729,0.0001,0
3730,0.0001,236
3731,0.0001,0
3732,0.0001,2
3733,0.0001,6
3734,0.0001,15
3735,0.0001,0
3736,0.0001,5
3737,0.0001,75
3738,0.0001,70
3739,0.0001,9
3740,0.0001,0
3741,0.0001,0
3742,0.0001,70
3743,0.0001,0
3744,0.0001,8
3745,0.0001,6
3746,0.0001,3
3747,0.0001,15
3748,0.0001,12
3749,0.0001,0
3750,0.0001,0
3751,0.0001,5
3752,0.0001,0
3753,0.0001,0
3754,0.0001,8
3755,0.0001,37
3756,0.0001,9
3757,0.0001,6
3758,0.0001,63
3759,0.0001,9
3760,0.0001,9
3761,0.0001,9
3762,0.0001,13
3763,0.0001,21
3764,0.0001,0
3765,0.0001,21
3766,0.0001,0
3767,0.0001,0
3768,0.0001,7
3769,0.0001,0
3770,0.0001,13
3771,0.0001,12
3772,0.0001,0
3773,0.0001,4
3774,0.0001,9
3775,0.0001,12
3776,0.0001,9
3777,0.0001,0
3778,0.0001,0
3779,0.0001,3
3780,0.0001,0
3781,0.0001,0
3782,0.0001,3
3783,0.0001,3
3784,0.0001,0
3785,0.0001,3
3786,0.0001,0
3787,0.0001,9
3788,0.0001,6
3789,0.0001,6
3790,0.0001,0
3791,0.0001,5
3792,0.0001,0
3793,0.0001,3
3794,0.0001,3
3795,0.0001,9
3796,0.0001,3
3797,0.0001,21
3798,0.0001,12
3799,0.0001,9
3800,0.0001,22
3801,0.0001,209
3802,0.0001,7
3803,0.0001,0
3804,0.0001,9
3805,0.0001,0
3806,0.0001,9
3807,0.0001,5
3808,0.0001,4
3809,0.0001,0
3810,0.0001,9
3811,0.0001,0
3812,0.0001,0
3813,0.0001,36
3814,0.0001,0
3815,0.0001,0
3816,0.0001,0
3817,0.0001,5
3818,0.0001,9
3819,0.0001,0
3820,0.0001,15
3821,0.0001,3
3822,0.0001,0
3823,0.0001,0
3824,0.0001,4
3825,0.0001,3
3826,0.0001,0
3827,0.0001,5
3828,0.0001,7
3829,0.0001,0
3830,0.0001,0
3831,0.0001,45
3832,0.0001,17
3833,0.0001,15
3834,0.0001,8
3835,0.0001,37
3836,0.0001,0
3837,0.0001,0
3838,0.0001,0
3839,0.0001,3
3840,0.0001,27
3841,0.0001,0
3842,0.0001,0
3843,0.0001,15
3844,0.0001,21
3845,0.0001,0
3846,0.0001,3
3847,0.0001,3
3848,0.0001,0
3849,0.0001,9
3850,0.0001,0
3851,0.0001,0
3852,0.0001,23
3853,0.0001,6
3854,0.0001,0
3855,0.0001,3
3856,0.0001,0
3857,0.0001,16
3858,0.0001,79
3859,0.0001,0
3860,0.0001,9
3861,0.0001,0
3862,0.0001,165
3863,0.0001,21
3864,0.0001,18
3865,0.0001,0
3866,0.0001,23
3867,0.0001,3
3868,0.0001,7
3869,0.0001,3
3870,0.0001,12
3871,0.0001,0
3872,0.0001,9
3873,0.0001,209
3874,0.0001,9
3875,0.0001,0
3876,0.0001,12
3877,0.0001,0
3878,0.0001,9
3879,0.0001,7
3880,0.0001,4
3881,0.0001,71
3882,0.0001,21
3883,0.0001,15
3884,0.0001,8
3885,0.0001,9
3886,0.0001,80
3887,0.0001,20
3888,0.0001,0
3889,0.0001,0
3890,0.0001,9
3891,0.0001,15
3892,0.0001,35
3893,0.0001,4
3894,0.0001,12
3895,0.0001,4
3896,0.0001,0
3897,0.0001,3
3898,0.0001,0
3899,0.0001,50
3900,0.0001,0
3901,0.0001,9
3902,0.0001,0
3903,0.0001,7
3904,0.0001,0
3905,0.0001,9
3906,0.0001,9
3907,0.0001,9
3908,0.0001,3
3909,0.0001,3
3910,0.0001,3
3911,0.0001,0
3912,0.0001,0
3913,0.0001,4
3914,0.0001,0
3915,0.0001,6
3916,0.0001,12
3917,0.0001,0
3918,0.0001,0
3919,0.0001,15
3920,0.0001,0
3921,0.0001,12
3922,0.0001,3
3923,0.0001,0
3924,0.0001,12
3925,0.0001,12
3926,0.0001,9
3927,0.0001,0
3928,0.0001,0
3929,0.0001,0
3930,0.0001,4
3931,0.0001,9
3932,0.0001,0
3933,0.0001,0
3934,0.0001,6
3935,0.0001,0
3936,0.0001,0
3937,0.0001,0
3938,0.0001,0
3939,0.0001,4
3940,0.0001,0
3941,0.0001,23
3942,0.0001,73
3943,0.0001,6
3944,0.0001,0
3945,0.0001,3
3946,0.0001,3
3947,0.0001,0
3948,0.0001,15
3949,0.0001,71
3950,0.0001,11
3951,0.0001,12
3952,0.0001,0
3953,0.0001,0
3954,0.0001,4
3955,0.0001,9
3956,0.0001,15
3957,0.0001,0
3958,0.0001,12
3959,0.0001,23
3960,0.0001,15
3961,0.0001,0
3962,0.0001,0
3963,0.0001,0
3964,0.0001,4
3965,0.0001,0
3966,0.0001,12
3967,0.0001,9
3968,0.0001,15
3969,0.0001,0
3970,0.0001,12
3971,0.0001,7
3972,0.0001,21
3973,0.0001,12
3974,0.0001,12
3975,0.0001,0
3976,0.0001,0
3977,0.0001,21
3978,0.0001,15
3979,0.0001,71
3980,0.0001,45
3981,0.0001,4
3982,0.0001,8
3983,0.0001,21
3984,0.0001,20
3985,0.0001,5
3986,0.0001,15
3987,0.0001,12
3988,0.0001,15
3989,0.0001,0
3990,0.0001,21
3991,0.0001,0
3992,0.0001,9
3993,0.0001,99
3994,0.0001,39
3995,0.0001,16
3996,0.0001,9
3997,0.0001,5
3998,0.0001,0
3999,0.0001,3
4000,0.0001,36
4001,0.0001,0
4002,0.0001,9
4003,0.0001,0
4004,0.0001,20
4005,0.0001,0
4006,0.0001,0
4007,0.0001,0
4008,0.0001,3
4009,0.0001,4
4010,0.0001,17
4011,0.0001,15
4012,0.0001,3
4013,0.0001,4
4014,0.0001,0
4015,0.0001,4
4016,0.0001,30
4017,0.0001,13
4018,0.0001,0
4019,0.0001,4
4020,0.0001,6
4021,0.0001,63
4022,0.0001,209
4023,0.0001,4
4024,0.0001,0
4025,0.0001,8
4026,0.0001,0
4027,0.0001,6
4028,0.0001,0
4029,0.0001,0
4030,0.0001,54
4031,0.0001,15
4032,0.0001,7
4033,0.0001,9
4034,0.0001,0
4035,0.0001,9
4036,0.0001,9
4037,0.0001,0
4038,0.0001,0
4039,0.0001,0
4040,0.0001,209
4041,0.0001,9
4042,0.0001,0
4043,0.0001,9
4044,0.0001,9
4045,0.0001,0
4046,0.0001,4
4047,0.0001,17
4048,0.0001,0
4049,0.0001,0
4050,0.0001,4
4051,0.0001,0
4052,0.0001,15
4053,0.0001,0
4054,0.0001,9
4055,0.0001,15
4056,0.0001,8
4057,0.0001,0
4058,0.0001,3
4059,0.0001,9
4060,0.0001,7
4061,0.0001,15
4062,0.0001,4
4063,0.0001,9
4064,0.0001,71
4065,0.0001,3
4066,0.0001,15
4067,0.0001,4
4068,0.0001,9
4069,0.0001,12
4070,0.0001,0
4071,0.0001,0
4072,0.0001,15
4073,0.0001,5
4074,0.0001,70
4075,0.0001,9
4076,0.0001,15
4077,0.0001,9
4078,0.0001,3
4079,0.0001,0
4080,0.0001,4
4081,0.0001,0
4082,0.0001,69
4083,0.0001,0
4084,0.0001,0
4085,0.0001,12
4086,0.0001,23
4087,0.0001,57
4088,0.0001,36
4089,0.0001,0
4090,0.0001,0
4091,0.0001,4
4092,0.0001,0
4093,0.0001,9
4094,0.0001,9
4095,0.0001,0
4096,0.0001,6
4097,0.0001,21
4098,0.0001,20
4099,0.0001,9
4100,0.0001,9
4101,0.0001,0
4102,0.0001,0
4103,0.0001,80
4104,0.0001,0
4105,0.0001,15
4106,0.0001,79
4107,0.0001,0
4108,0.0001,15
4109,0.0001,9
4110,0.0001,20
4111,0.0001,99
4112,0.0001,0
4113,0.0001,0
4114,0.0001,3
4115,0.0001,15
4116,0.0001,0
4117,0.0001,3
4118,0.0001,0
4119,0.0001,4
4120,0.0001,220
4121,0.0001,7
4122,0.0001,0
4123,0.0001,0
4124,0.0001,18
4125,0.0001,4
4126,0.0001,18
4127,0.0001,4
4128,0.0001,27
4129,0.0001,7
4130,0.0001,0
4131,0.0001,3
4132,0.0001,0
4133,0.0001,9
4134,0.0001,21
4135,0.0001,0
4136,0.0001,9
4137,0.0001,8
4138,0.0001,3
4139,0.0001,4
4140,0.0001,0
4141,0.0001,9
4142,0.0001,4
4143,0.0001,30
4144,0.0001,4
4145,0.0001,15
4146,0.0001,3
4147,0.0001,0
4148,0.0001,68
4149,0.0001,0
4150,0.0001,9
4151,0.0001,0
4152,0.0001,0
4153,0.0001,9
4154,0.0001,0
4155,0.0001,9
4156,0.0001,15
4157,0.0001,3
4158,0.0001,0
4159,0.0001,9
4160,0.0001,16
4161,0.0001,12
4162,0.0001,0
4163,0.0001,0
4164,0.0001,0
4165,0.0001,0
4166,0.0001,4
4167,0.0001,12
4168,0.0001,0
4169,0.0001,3
4170,0.0001,0
4171,0.0001,4
4172,0.0001,48
4173,0.0001,209
4174,0.0001,0
4175,0.0001,0
4176,0.0001,4
4177,0.0001,0
4178,0.0001,9
4179,0.0001,15
4180,0.0001,70
4181,0.0001,9
4182,0.0001,3
4183,0.0001,9
4184,0.0001,3
4185,0.0001,5
4186,0.0001,70
4187,0.0001,9
4188,0.0001,3
4189,0.0001,9
4190,0.0001,15
4191,0.0001,0
4192,0.0001,15
4193,0.0001,30
4194,0.0001,7
4195,0.0001,0
4196,0.0001,0
4197,0.0001,9
4198,0.0001,3
4199,0.0001,0
4200,0.0001,108
4201,0.0001,9
4202,0.0001,0
4203,0.0001,9
4204,0.0001,23
4205,0.0001,93
4206,0.0001,12
4207,0.0001,0
4208,0.0001,0
4209,0.0001,0
4210,0.0001,70
4211,0.0001,0
4212,0.0001,3
4213,0.0001,8
4214,0.0001,0
4215,0.0001,6
4216,0.0001,33
4217,0.0001,209
4218,0.0001,203
4219,0.0001,0
4220,0.0001,21
4221,0.0001,12
4222,0.0001,7
4223,0.0001,18
4224,0.0001,0
4225,0.0001,8
4226,0.0001,8
4227,0.0001,9
4228,0.0001,0
4229,0.0001,4
4230,0.0001,12
4231,0.0001,20
4232,0.0001,0
4233,0.0001,12
4234,0.0001,0
4235,0.0001,0
4236,0.0001,12
4237,0.0001,70
4238,0.0001,7
4239,0.0001,14
4240,0.0001,6
4241,0.0001,5
4242,0.0001,9
4243,0.0001,3
4244,0.0001,9
4245,0.0001,108
4246,0.0001,0
4247,0.0001,0
4248,0.0001,21
4249,0.0001,0
4250,0.0001,9
4251,0.0001,0
4252,0.0001,7
4253,0.0001,8
4254,0.0001,0
4255,0.0001,71
4256,0.0001,475
4257,0.0001,0
4258,0.0001,6
4259,0.0001,9
4260,0.0001,8
4261,0.0001,51
4262,0.0001,0
4263,0.0001,0
4264,0.0001,9
4265,0.0001,101
4266,0.0001,0
4267,0.0001,0
4268,0.0001,0
4269,0.0001,12
4270,0.0001,0
4271,0.0001,9
4272,0.0001,12
4273,0.0001,8
4274,0.0001,0
4275,0.0001,0
4276,0.0001,8
4277,0.0001,90
4278,0.0001,9
4279,0.0001,15
4280,0.0001,0
4281,0.0001,10
4282,0.0001,15
4283,0.0001,9
4284,0.0001,0
4285,0.0001,3
4286,0.0001,3
4287,0.0001,15
4288,0.0001,15
4289,0.0001,0
4290,0.0001,6
4291,0.0001,18
4292,0.0001,9
4293,0.0001,3
4294,0.0001,96
4295,0.0001,0
4296,0.0001,0
4297,0.0001,35
4298,0.0001,15
4299,0.0001,4
4300,0.0001,209
4301,0.0001,0
4302,0.0001,165
4303,0.0001,0
4304,0.0001,0
4305,0.0001,15
4306,0.0001,3
4307,0.0001,205
4308,0.0001,9
4309,0.0001,9
4310,0.0001,3
4311,0.0001,0
4312,0.0001,0
4313,0.0001,9
4314,0.0001,5
4315,0.0001,9
4316,0.0001,18
4317,0.0001,5
4318,0.0001,0
4319,0.0001,15
4320,0.0001,57
4321,0.0001,0
4322,0.0001,0
4323,0.0001,3
4324,0.0001,9
4325,0.0001,70
4326,0.0001,9
4327,0.0001,9
4328,0.0001,0
4329,0.0001,18
4330,0.0001,4
4331,0.0001,0
4332,0.0001,23
4333,0.0001,3
4334,0.0001,0
4335,0.0001,0
4336,0.0001,5
4337,0.0001,15
4338,0.0001,0
4339,0.0001,14
4340,0.0001,8
4341,0.0001,0
4342,0.0001,0
4343,0.0001,0
4344,0.0001,0
4345,0.0001,0
4346,0.0001,0
4347,0.0001,0
4348,0.0001,4
4349,0.0001,8
4350,0.0001,0
4351,0.0001,4
4352,0.0001,0
4353,0.0001,3
4354,0.0001,8
4355,0.0001,0
4356,0.0001,4
4357,0.0001,6
4358,0.0001,12
4359,0.0001,5
4360,0.0001,0
4361,0.0001,4
4362,0.0001,4
4363,0.0001,0
4364,0.0001,0
4365,0.0001,3
4366,0.0001,20
4367,0.0001,3
4368,0.0001,3
4369,0.0001,70
4370,0.0001,3
4371,0.0001,0
4372,0.0001,9
4373,0.0001,15
4374,0.0001,9
4375,0.0001,9
4376,0.0001,0
4377,0.0001,3
4378,0.0001,9
4379,0.0001,0
4380,0.0001,4
4381,0.0001,15
4382,0.0001,0
4383,0.0001,0
4384,0.0001,12
4385,0.0001,0
4386,0.0001,63
4387,0.0001,0
4388,0.0001,3
4389,0.0001,9
4390,0.0001,0
4391,0.0001,0
4392,0.0001,0
4393,0.0001,6
4394,0.0001,9
4395,0.0001,9
4396,0.0001,0
4397,0.0001,2
4398,0.0001,99
4399,0.0001,36
4400,0.0001,3
4401,0.0001,4
4402,0.0001,9
4403,0.0001,70
4404,0.0001,18
4405,0.0001,92
4406,0.0001,0
4407,0.0001,0
4408,0.0001,7
4409,0.0001,41
4410,0.0001,206
4411,0.0001,15
4412,0.0001,6
4413,0.0001,0
4414,0.0001,18
4415,0.0001,0
4416,0.0001,0
4417,0.0001,3
4418,0.0001,0
4419,0.0001,0
4420,0.0001,18
4421,0.0001,21
4422,0.0001,6
4423,0.0001,5
4424,0.0001,0
4425,0.0001,23
4426,0.0001,108
4427,0.0001,9
4428,0.0001,18
4429,0.0001,0
4430,0.0001,9
4431,0.0001,0
4432,0.0001,0
4433,0.0001,8
4434,0.0001,9
4435,0.0001,0
4436,0.0001,9
4437,0.0001,4
4438,0.0001,3
4439,0.0001,0
4440,0.0001,71
4441,0.0001,209
4442,0.0001,0
4443,0.0001,0
4444,0.0001,7
4445,0.0001,10
4446,0.0001,12
4447,0.0001,11
4448,0.0001,9
4449,0.0001,3
4450,0.0001,0
4451,0.0001,0
4452,0.0001,0
4453,0.0001,106
4454,0.0001,4
4455,0.0001,4
4456,0.0001,0
4457,0.0001,3
4458,0.0001,0
4459,0.0001,236
4460,0.0001,25
4461,0.0001,0
4462,0.0001,0
4463,0.0001,0
4464,0.0001,0
4465,0.0001,5
4466,0.0001,21
4467,0.0001,0
4468,0.0001,0
4469,0.0001,57
4470,0.0001,0
4471,0.0001,9
4472,0.0001,0
4473,0.0001,0
4474,0.0001,9
4475,0.0001,9
4476,0.0001,0
4477,0.0001,73
4478,0.0001,0
4479,0.0001,0
4480,0.0001,0
4481,0.0001,0
4482,0.0001,54
4483,0.0001,20
4484,0.0001,9
4485,0.0001,475
4486,0.0001,0
4487,0.0001,16
4488,0.0001,9
4489,0.0001,8
4490,0.0001,7
4491,0.0001,0
4492,0.0001,4
4493,0.0001,20
4494,0.0001,0
4495,0.0001,23
4496,0.0001,3
4497,0.0001,5
4498,0.0001,70
4499,0.0001,15
4500,0.0001,0
4501,0.0001,15
4502,0.0001,9
4503,0.0001,208
4504,0.0001,0
4505,0.0001,0
4506,0.0001,4
4507,0.0001,3
4508,0.0001,0
4509,0.0001,0
4510,0.0001,0
4511,0.0001,3
4512,0.0001,0
4513,0.0001,9
4514,0.0001,52
4515,0.0001,74
4516,0.0001,0
4517,0.0001,344
4518,0.0001,83
4519,0.0001,0
4520,0.0001,14
4521,0.0001,12
4522,0.0001,9
4523,0.0001,108
4524,0.0001,4
4525,0.0001,9
4526,0.0001,8
4527,0.0001,9
4528,0.0001,0
4529,0.0001,105
4530,0.0001,0
4531,0.0001,0
4532,0.0001,0
4533,0.0001,12
4534,0.0001,3
4535,0.0001,3
4536,0.0001,3
4537,0.0001,21
4538,0.0001,0
4539,0.0001,9
4540,0.0001,0
4541,0.0001,0
4542,0.0001,0
4543,0.0001,0
4544,0.0001,4
4545,0.0001,0
4546,0.0001,4
4547,0.0001,2
4548,0.0001,3
4549,0.0001,9
4550,0.0001,7
4551,0.0001,9
4552,0.0001,12
4553,0.0001,9
4554,0.0001,55
4555,0.0001,0
4556,0.0001,0
4557,0.0001,6
4558,0.0001,0
4559,0.0001,9
4560,0.0001,9
4561,0.0001,3
4562,0.0001,5
4563,0.0001,15
4564,0.0001,0
4565,0.0001,0
4566,0.0001,8
4567,0.0001,0
4568,0.0001,0
4569,0.0001,12
4570,0.0001,0
4571,0.0001,6
4572,0.0001,9
4573,0.0001,9
4574,0.0001,0
4575,0.0001,18
4576,0.0001,39
4577,0.0001,0
4578,0.0001,5
4579,0.0001,0
4580,0.0001,4
4581,0.0001,102
4582,0.0001,3
4583,0.0001,3
4584,0.0001,3
4585,0.0001,0
4586,0.0001,18
4587,0.0001,0
4588,0.0001,0
4589,0.0001,9
4590,0.0001,9
4591,0.0001,0
4592,0.0001,20
4593,0.0001,9
4594,0.0001,14
4595,0.0001,0
4596,0.0001,0
4597,0.0001,9
4598,0.0001,15
4599,0.0001,0
4600,0.0001,0
4601,0.0001,0
4602,0.0001,0
4603,0.0001,0
4604,0.0001,0
4605,0.0001,209
4606,0.0001,73
4607,0.0001,0
4608,0.0001,0
4609,0.0001,0
4610,0.0001,7
4611,0.0001,9
4612,0.0001,28
4613,0.0001,91
4614,0.0001,9
4615,0.0001,18
4616,0.0001,0
4617,0.0001,0
4618,0.0001,4
4619,0.0001,43
4620,0.0001,0
4621,0.0001,9
4622,0.0001,3
4623,0.0001,9
4624,0.0001,9
4625,0.0001,39
4626,0.0001,92
4627,0.0001,9
4628,0.0001,0
4629,0.0001,0
4630,0.0001,0
4631,0.0001,9
4632,0.0001,0
4633,0.0001,0
4634,0.0001,3
4635,0.0001,12
4636,0.0001,4
4637,0.0001,7
4638,0.0001,12
4639,0.0001,7
4640,0.0001,12
4641,0.0001,12
4642,0.0001,9
4643,0.0001,6
4644,0.0001,0
4645,0.0001,15
4646,0.0001,70
4647,0.0001,0
4648,0.0001,4
4649,0.0001,12
4650,0.0001,4
4651,0.0001,0
4652,0.0001,206
4653,0.0001,9
4654,0.0001,8
4655,0.0001,21
4656,0.0001,3
4657,0.0001,0
4658,0.0001,45
4659,0.0001,209
4660,0.0001,0
4661,0.0001,0
4662,0.0001,0
4663,0.0001,9
4664,0.0001,0
4665,0.0001,3
4666,0.0001,36
4667,0.0001,0
4668,0.0001,0
4669,0.0001,3
4670,0.0001,209
4671,0.0001,0
4672,0.0001,19
4673,0.0001,15
4674,0.0001,3
4675,0.0001,6
4676,0.0001,9
4677,0.0001,8
4678,0.0001,3
4679,0.0001,206
4680,0.0001,0
4681,0.0001,0
4682,0.0001,12
4683,0.0001,0
4684,0.0001,9
4685,0.0001,2
4686,0.0001,4
4687,0.0001,38
4688,0.0001,0
4689,0.0001,6
4690,0.0001,5
4691,0.0001,0
4692,0.0001,9
4693,0.0001,18
4694,0.0001,0
4695,0.0001,6
4696,0.0001,36
4697,0.0001,5
4698,0.0001,9
4699,0.0001,12
4700,0.0001,3
4701,0.0001,9
4702,0.0001,3
4703,0.0001,9
4704,0.0001,0
4705,0.0001,0
4706,0.0001,0
4707,0.0001,0
4708,0.0001,20
4709,0.0001,0
4710,0.0001,0
4711,0.0001,0
4712,0.0001,0
4713,0.0001,9
4714,0.0001,4
4715,0.0001,21
4716,0.0001,0
4717,0.0001,9
4718,0.0001,30
4719,0.0001,9
4720,0.0001,0
4721,0.0001,0
4722,0.0001,12
4723,0.0001,36
4724,0.0001,18
4725,0.0001,12
4726,0.0001,0
4727,0.0001,16
4728,0.0001,0
4729,0.0001,0
4730,0.0001,3
4731,0.0001,6
4732,0.0001,12
4733,0.0001,0
4734,0.0001,18
4735,0.0001,0
4736,0.0001,7
4737,0.0001,30
4738,0.0001,0
4739,0.0001,0
4740,0.0001,0
4741,0.0001,0
4742,0.0001,0
4743,0.0001,92
4744,0.0001,4
4745,0.0001,91
4746,0.0001,0
4747,0.0001,9
4748,0.0001,0
4749,0.0001,8
4750,0.0001,6
4751,0.0001,0
4752,0.0001,0
4753,0.0001,6
4754,0.0001,5
4755,0.0001,9
4756,0.0001,21
4757,0.0001,12
4758,0.0001,20
4759,0.0001,21
4760,0.0001,4
4761,0.0001,0
4762,0.0001,0
4763,0.0001,3
4764,0.0001,9
4765,0.0001,3
4766,0.0001,9
4767,0.0001,4
4768,0.0001,19
4769,0.0001,0
4770,0.0001,9
4771,0.0001,9
4772,0.0001,12
4773,0.0001,0
4774,0.0001,3
4775,0.0001,23
4776,0.0001,5
4777,0.0001,23
4778,0.0001,0
4779,0.0001,9
4780,0.0001,6
4781,0.0001,2
4782,0.0001,3
4783,0.0001,21
4784,0.0001,18
4785,0.0001,35
4786,0.0001,0
4787,0.0001,12
4788,0.0001,3
4789,0.0001,0
4790,0.0001,14
4791,0.0001,0
4792,0.0001,21
4793,0.0001,0
4794,0.0001,9
4795,0.0001,7
4796,0.0001,0
4797,0.0001,9
4798,0.0001,0
4799,0.0001,0
4800,0.0001,3
4801,0.0001,0
4802,0.0001,9
4803,0.0001,42
4804,0.0001,9
4805,0.0001,3
4806,0.0001,70
4807,0.0001,3
4808,0.0001,0
4809,0.0001,12
4810,0.0001,0
4811,0.0001,39
4812,0.0001,5
4813,0.0001,15
4814,0.0001,27
4815,0.0001,0
4816,0.0001,0
4817,0.0001,0
4818,0.0001,0
4819,0.0001,0
4820,0.0001,0
4821,0.0001,18
4822,0.0001,9
4823,0.0001,9
4824,0.0001,9
4825,0.0001,3
4826,0.0001,0
4827,0.0001,4
4828,0.0001,3
4829,0.0001,71
4830,0.0001,0
4831,0.0001,4
4832,0.0001,19
4833,0.0001,3
4834,0.0001,0
4835,0.0001,3
4836,0.0001,12
4837,0.0001,12
4838,0.0001,3
4839,0.0001,12
4840,0.0001,0
4841,0.0001,0
4842,0.0001,3
4843,0.0001,0
4844,0.0001,209
4845,0.0001,0
4846,0.0001,4
4847,0.0001,0
4848,0.0001,209
4849,0.0001,0
4850,0.0001,6
4851,0.0001,0
4852,0.0001,0
4853,0.0001,9
4854,0.0001,0
4855,0.0001,25
4856,0.0001,0
4857,0.0001,9
4858,0.0001,0
4859,0.0001,4
4860,0.0001,0
4861,0.0001,15
4862,0.0001,0
4863,0.0001,0
4864,0.0001,0
4865,0.0001,0
4866,0.0001,4
4867,0.0001,0
4868,0.0001,0
4869,0.0001,6
4870,0.0001,3
4871,0.0001,6
4872,0.0001,0
4873,0.0001,3
4874,0.0001,70
4875,0.0001,0
4876,0.0001,0
4877,0.0001,3
4878,0.0001,15
4879,0.0001,0
4880,0.0001,0
4881,0.0001,0
4882,0.0001,30
4883,0.0001,0
4884,0.0001,0
4885,0.0001,4
4886,0.0001,12
4887,0.0001,0
4888,0.0001,33
4889,0.0001,0
4890,0.0001,73
4891,0.0001,0
4892,0.0001,0
4893,0.0001,18
4894,0.0001,4
4895,0.0001,35
4896,0.0001,0
4897,0.0001,4
4898,0.0001,9
4899,0.0001,3
4900,0.0001,206
4901,0.0001,21
4902,0.0001,43
4903,0.0001,0
4904,0.0001,0
4905,0.0001,9
4906,0.0001,9
4907,0.0001,3
4908,0.0001,9
4909,0.0001,0
4910,0.0001,3
4911,0.0001,0
4912,0.0001,3
4913,0.0001,9
4914,0.0001,61
4915,0.0001,71
4916,0.0001,71
4917,0.0001,0
4918,0.0001,8
4919,0.0001,0
4920,0.0001,0
4921,0.0001,4
4922,0.0001,9
4923,0.0001,4
4924,0.0001,0
4925,0.0001,0
4926,0.0001,0
4927,0.0001,57
4928,0.0001,0
4929,0.0001,4
4930,0.0001,9
4931,0.0001,15
4932,0.0001,0
4933,0.0001,3
4934,0.0001,209
4935,0.0001,0
4936,0.0001,15
4937,0.0001,0
4938,0.0001,9
4939,0.0001,3
4940,0.0001,0
4941,0.0001,0
4942,0.0001,23
4943,0.0001,15
4944,0.0001,9
4945,0.0001,7
4946,0.0001,9
4947,0.0001,21
4948,0.0001,4
4949,0.0001,0
4950,0.0001,3
4951,0.0001,0
4952,0.0001,0
4953,0.0001,5
4954,0.0001,15
4955,0.0001,0
4956,0.0001,9
4957,0.0001,12
4958,0.0001,0
4959,0.0001,15
4960,0.0001,3
4961,0.0001,0
4962,0.0001,5
4963,0.0001,18
4964,0.0001,0
4965,0.0001,4
4966,0.0001,0
4967,0.0001,12
4968,0.0001,8
4969,0.0001,0
4970,0.0001,6
4971,0.0001,4
4972,0.0001,9
4973,0.0001,0
4974,0.0001,21
4975,0.0001,99
4976,0.0001,15
4977,0.0001,4
4978,0.0001,0
4979,0.0001,6
4980,0.0001,9
4981,0.0001,0
4982,0.0001,6
4983,0.0001,71
4984,0.0001,0
4985,0.0001,9
4986,0.0001,6
4987,0.0001,12
4988,0.0001,0
4989,0.0001,12
4990,0.0001,220
4991,0.0001,15
4992,0.0001,20
4993,0.0001,15
4994,0.0001,0
4995,0.0001,206
4996,0.0001,9
4997,0.0001,0
4998,0.0001,7
4999,0.0001,0
5000,0.0001,0
5001,0.0001,9
5002,0.0001,0
5003,0.0001,12
5004,0.0001,0
5005,0.0001,0
5006,0.0001,0
5007,0.0001,0
5008,0.0001,19
5009,0.0001,3
5010,0.0001,3
5011,0.0001,7
5012,0.0001,8
5013,0.0001,2
5014,0.0001,0
5015,0.0001,0
5016,0.0001,9
5017,0.0001,339
5018,0.0001,9
5019,0.0001,0
5020,0.0001,70
5021,0.0001,0
5022,0.0001,0
5023,0.0001,14
5024,0.0001,0
5025,0.0001,12
5026,0.0001,3
5027,0.0001,3
5028,0.0001,6
5029,0.0001,17
5030,0.0001,3
5031,0.0001,5
5032,0.0001,5
5033,0.0001,3
5034,0.0001,0
5035,0.0001,0
5036,0.0001,0
5037,0.0001,0
5038,0.0001,4
5039,0.0001,0
5040,0.0001,9
5041,0.0001,4
5042,0.0001,9
5043,0.0001,0
5044,0.0001,0
5045,0.0001,15
5046,0.0001,0
5047,0.0001,73
5048,0.0001,9
5049,0.0001,0
5050,0.0001,27
5051,0.0001,0
5052,0.0001,0
5053,0.0001,0
5054,0.0001,30
5055,0.0001,90
5056,0.0001,0
5057,0.0001,0
5058,0.0001,12
5059,0.0001,9
5060,0.0001,0
5061,0.0001,0
5062,0.0001,0
5063,0.0001,63
5064,0.0001,0
5065,0.0001,0
5066,0.0001,0
5067,0.0001,6
5068,0.0001,27
5069,0.0001,0
5070,0.0001,18
5071,0.0001,9
5072,0.0001,53
5073,0.0001,0
5074,0.0001,7
5075,0.0001,21
5076,0.0001,18
5077,0.0001,8
5078,0.0001,0
5079,0.0001,15
5080,0.0001,0
5081,0.0001,17
5082,0.0001,0
5083,0.0001,19
5084,0.0001,209
5085,0.0001,22
5086,0.0001,7
5087,0.0001,0
5088,0.0001,9
5089,0.0001,0
5090,0.0001,0
5091,0.0001,4
5092,0.0001,9
5093,0.0001,4
5094,0.0001,9
5095,0.0001,0
5096,0.0001,3
5097,0.0001,7
5098,0.0001,30
5099,0.0001,7
5100,0.0001,3
5101,0.0001,9
5102,0.0001,0
5103,0.0001,9
5104,0.0001,70
5105,0.0001,0
5106,0.0001,0
5107,0.0001,15
5108,0.0001,21
5109,0.0001,4
5110,0.0001,9
5111,0.0001,12
5112,0.0001,3
5113,0.0001,30
5114,0.0001,4
5115,0.0001,12
5116,0.0001,18
5117,0.0001,0
5118,0.0001,0
5119,0.0001,6
5120,0.0001,9
5121,0.0001,7
5122,0.0001,0
5123,0.0001,9
5124,0.0001,3
5125,0.0001,0
5126,0.0001,12
5127,0.0001,4
5128,0.0001,0
5129,0.0001,5
5130,0.0001,0
5131,0.0001,12
5132,0.0001,4
5133,0.0001,9
5134,0.0001,16
5135,0.0001,0
5136,0.0001,0
5137,0.0001,0
5138,0.0001,17
5139,0.0001,91
5140,0.0001,203
5141,0.0001,8
5142,0.0001,0
5143,0.0001,9
5144,0.0001,7
5145,0.0001,0
5146,0.0001,8
5147,0.0001,0
5148,0.0001,12
5149,0.0001,15
5150,0.0001,6
5151,0.0001,12
5152,0.0001,3
5153,0.0001,20
5154,0.0001,15
5155,0.0001,5
5156,0.0001,0
5157,0.0001,0
5158,0.0001,18
5159,0.0001,6
5160,0.0001,9
5161,0.0001,3
5162,0.0001,9
5163,0.0001,0
5164,0.0001,6
5165,0.0001,7
5166,0.0001,4
5167,0.0001,0
5168,0.0001,21
5169,0.0001,12
5170,0.0001,0
5171,0.0001,39
5172,0.0001,9
5173,0.0001,8
5174,0.0001,236
5175,0.0001,0
5176,0.0001,38
5177,0.0001,0
5178,0.0001,9
5179,0.0001,3
5180,0.0001,339
5181,0.0001,0
5182,0.0001,9
5183,0.0001,9
5184,0.0001,0
5185,0.0001,3
5186,0.0001,0
5187,0.0001,9
5188,0.0001,12
5189,0.0001,4
5190,0.0001,9
5191,0.0001,18
5192,0.0001,5
5193,0.0001,12
5194,0.0001,0
5195,0.0001,0
5196,0.0001,0
5197,0.0001,4
5198,0.0001,71
5199,0.0001,9
5200,0.0001,12
5201,0.0001,0
5202,0.0001,0
5203,0.0001,13
5204,0.0001,0
5205,0.0001,3
5206,0.0001,0
5207,0.0001,13
5208,0.0001,0
5209,0.0001,0
5210,0.0001,0
5211,0.0001,20
5212,0.0001,0
5213,0.0001,15
5214,0.0001,14
5215,0.0001,17
5216,0.0001,0
5217,0.0001,9
5218,0.0001,8
5219,0.0001,71
5220,0.0001,21
5221,0.0001,3
5222,0.0001,0
5223,0.0001,12
5224,0.0001,221
5225,0.0001,16
5226,0.0001,215
5227,0.0001,3
5228,0.0001,5
5229,0.0001,9
5230,0.0001,5
5231,0.0001,3
5232,0.0001,4
5233,0.0001,4
5234,0.0001,37
5235,0.0001,6
5236,0.0001,209
5237,0.0001,15
5238,0.0001,8
5239,0.0001,0
5240,0.0001,0
5241,0.0001,0
5242,0.0001,4
5243,0.0001,0
5244,0.0001,63
5245,0.0001,0
5246,0.0001,95
5247,0.0001,3
5248,0.0001,4
5249,0.0001,0
5250,0.0001,9
5251,0.0001,59
5252,0.0001,9
5253,0.0001,20
5254,0.0001,0
5255,0.0001,0
5256,0.0001,206
5257,0.0001,6
5258,0.0001,9
5259,0.0001,4
5260,0.0001,4
5261,0.0001,9
5262,0.0001,3
5263,0.0001,15
5264,0.0001,0
5265,0.0001,12
5266,0.0001,0
5267,0.0001,0
5268,0.0001,0
5269,0.0001,9
5270,0.0001,12
5271,0.0001,18
5272,0.0001,12
5273,0.0001,45
5274,0.0001,0
5275,0.0001,3
5276,0.0001,9
5277,0.0001,15
5278,0.0001,3
5279,0.0001,3
5280,0.0001,0
5281,0.0001,0
5282,0.0001,0
5283,0.0001,15
5284,0.0001,9
5285,0.0001,3
5286,0.0001,0
5287,0.0001,9
5288,0.0001,20
5289,0.0001,0
5290,0.0001,16
5291,0.0001,4
5292,0.0001,3
5293,0.0001,8
5294,0.0001,0
5295,0.0001,0
5296,0.0001,12
5297,0.0001,4
5298,0.0001,0
5299,0.0001,15
5300,0.0001,0
5301,0.0001,9
5302,0.0001,0
5303,0.0001,0
5304,0.0001,0
5305,0.0001,0
5306,0.0001,0
5307,0.0001,0
5308,0.0001,4
5309,0.0001,21
5310,0.0001,12
5311,0.0001,0
5312,0.0001,0
5313,0.0001,8
5314,0.0001,3
5315,0.0001,15
5316,0.0001,0
5317,0.0001,113
5318,0.0001,0
5319,0.0001,4
5320,0.0001,3
5321,0.0001,0
5322,0.0001,4
5323,0.0001,9
5324,0.0001,3
5325,0.0001,18
5326,0.0001,39
5327,0.0001,9
5328,0.0001,34
5329,0.0001,94
5330,0.0001,45
5331,0.0001,12
5332,0.0001,7
5333,0.0001,12
5334,0.0001,3
5335,0.0001,45
5336,0.0001,9
5337,0.0001,15
5338,0.0001,5
5339,0.0001,4
5340,0.0001,3
5341,0.0001,0
5342,0.0001,0
5343,0.0001,0
5344,0.0001,4
5345,0.0001,9
5346,0.0001,0
5347,0.0001,75
5348,0.0001,15
5349,0.0001,12
5350,0.0001,23
5351,0.0001,0
5352,0.0001,15
5353,0.0001,15
5354,0.0001,0
5355,0.0001,0
5356,0.0001,70
5357,0.0001,71
5358,0.0001,4
5359,0.0001,3
5360,0.0001,12
5361,0.0001,12
5362,0.0001,54
5363,0.0001,3
5364,0.0001,0
5365,0.0001,3
5366,0.0001,0
5367,0.0001,45
5368,0.0001,4
5369,0.0001,12
5370,0.0001,71
5371,0.0001,9
5372,0.0001,37
5373,0.0001,16
5374,0.0001,72
5375,0.0001,0
5376,0.0001,16
5377,0.0001,8
5378,0.0001,9
5379,0.0001,23
5380,0.0001,7
5381,0.0001,9
5382,0.0001,0
5383,0.0001,0
5384,0.0001,2
5385,0.0001,5
5386,0.0001,36
5387,0.0001,9
5388,0.0001,6
5389,0.0001,9
5390,0.0001,15
5391,0.0001,0
5392,0.0001,0
5393,0.0001,0
5394,0.0001,0
5395,0.0001,4
5396,0.0001,0
5397,0.0001,0
5398,0.0001,0
5399,0.0001,11
5400,0.0001,12
5401,0.0001,9
5402,0.0001,23
5403,0.0001,5
5404,0.0001,9
5405,0.0001,0
5406,0.0001,0
5407,0.0001,3
5408,0.0001,18
5409,0.0001,0
5410,0.0001,3
5411,0.0001,70
5412,0.0001,0
5413,0.0001,15
5414,0.0001,5
5415,0.0001,0
5416,0.0001,20
5417,0.0001,79
5418,0.0001,0
5419,0.0001,12
5420,0.0001,12
5421,0.0001,3
5422,0.0001,3
5423,0.0001,5
5424,0.0001,6
5425,0.0001,0
5426,0.0001,0
5427,0.0001,0
5428,0.0001,0
5429,0.0001,12
5430,0.0001,8
5431,0.0001,9
5432,0.0001,9
5433,0.0001,4
5434,0.0001,0
5435,0.0001,206
5436,0.0001,0
5437,0.0001,3
5438,0.0001,0
5439,0.0001,9
5440,0.0001,20
5441,0.0001,6
5442,0.0001,8
5443,0.0001,3
5444,0.0001,15
5445,0.0001,6
5446,0.0001,4
5447,0.0001,0
5448,0.0001,12
5449,0.0001,6
5450,0.0001,9
5451,0.0001,9
5452,0.0001,9
5453,0.0001,0
5454,0.0001,0
5455,0.0001,165
5456,0.0001,0
5457,0.0001,0
5458,0.0001,0
5459,0.0001,0
5460,0.0001,0
5461,0.0001,206
5462,0.0001,15
5463,0.0001,9
5464,0.0001,0
5465,0.0001,3
5466,0.0001,21
5467,0.0001,0
5468,0.0001,209
5469,0.0001,0
5470,0.0001,208
5471,0.0001,90
5472,0.0001,0
5473,0.0001,12
5474,0.0001,0
5475,0.0001,209
5476,0.0001,0
5477,0.0001,3
5478,0.0001,7
5479,0.0001,57
5480,0.0001,0
5481,0.0001,21
5482,0.0001,4
5483,0.0001,4
5484,0.0001,8
5485,0.0001,9
5486,0.0001,12
5487,0.0001,9
5488,0.0001,12
5489,0.0001,34
5490,0.0001,15
5491,0.0001,0
5492,0.0001,209
5493,0.0001,9
5494,0.0001,3
5495,0.0001,0
5496,0.0001,0
5497,0.0001,9
5498,0.0001,9
5499,0.0001,0
5500,0.0001,7
5501,0.0001,8
5502,0.0001,15
5503,0.0001,12
5504,0.0001,0
5505,0.0001,9
5506,0.0001,0
5507,0.0001,14
5508,0.0001,9
5509,0.0001,9
5510,0.0001,9
5511,0.0001,0
5512,0.0001,71
5513,0.0001,3
5514,0.0001,0
5515,0.0001,0
5516,0.0001,0
5517,0.0001,0
5518,0.0001,15
5519,0.0001,0
5520,0.0001,8
5521,0.0001,5
5522,0.0001,0
5523,0.0001,0
5524,0.0001,0
5525,0.0001,0
5526,0.0001,9
5527,0.0001,13
5528,0.0001,21
5529,0.0001,0
5530,0.0001,9
5531,0.0001,0
5532,0.0001,21
5533,0.0001,12
5534,0.0001,0
5535,0.0001,16
5536,0.0001,4
5537,0.0001,0
5538,0.0001,9
5539,0.0001,15
5540,0.0001,9
5541,0.0001,0
5542,0.0001,9
5543,0.0001,20
5544,0.0001,0
5545,0.0001,0
5546,0.0001,7
5547,0.0001,27
5548,0.0001,3
5549,0.0001,0
5550,0.0001,21
5551,0.0001,3
5552,0.0001,274
5553,0.0001,0
5554,0.0001,12
5555,0.0001,0
5556,0.0001,209
5557,0.0001,8
5558,0.0001,208
5559,0.0001,3
5560,0.0001,0
5561,0.0001,4
5562,0.0001,6
5563,0.0001,0
5564,0.0001,5
5565,0.0001,0
5566,0.0001,15
5567,0.0001,0
5568,0.0001,9
5569,0.0001,15
5570,0.0001,0
5571,0.0001,15
5572,0.0001,9
5573,0.0001,9
5574,0.0001,15
5575,0.0001,0
5576,0.0001,3
5577,0.0001,9
5578,0.0001,21
5579,0.0001,220
5580,0.0001,21
5581,0.0001,9
5582,0.0001,114
5583,0.0001,9
5584,0.0001,0
5585,0.0001,0
5586,0.0001,9
5587,0.0001,0
5588,0.0001,23
5589,0.0001,3
5590,0.0001,0
5591,0.0001,3
5592,0.0001,9
5593,0.0001,13
5594,0.0001,4
5595,0.0001,4
5596,0.0001,9
5597,0.0001,0
5598,0.0001,208
5599,0.0001,0
5600,0.0001,15
5601,0.0001,3
5602,0.0001,3
5603,0.0001,0
5604,0.0001,71
5605,0.0001,22
5606,0.0001,18
5607,0.0001,0
5608,0.0001,70
5609,0.0001,12
5610,0.0001,0
5611,0.0001,3
5612,0.0001,15
5613,0.0001,18
5614,0.0001,0
5615,0.0001,20
5616,0.0001,6
5617,0.0001,0
5618,0.0001,0
5619,0.0001,6
5620,0.0001,20
5621,0.0001,6
5622,0.0001,12
5623,0.0001,9
5624,0.0001,0
5625,0.0001,0
5626,0.0001,18
5627,0.0001,0
5628,0.0001,9
5629,0.0001,0
5630,0.0001,69
5631,0.0001,3
5632,0.0001,9
5633,0.0001,32
5634,0.0001,7
5635,0.0001,9
5636,0.0001,4
5637,0.0001,0
5638,0.0001,9
5639,0.0001,15
5640,0.0001,0
5641,0.0001,0
5642,0.0001,9
5643,0.0001,0
5644,0.0001,71
5645,0.0001,5
5646,0.0001,0
5647,0.0001,6
5648,0.0001,43
5649,0.0001,9
5650,0.0001,19
5651,0.0001,0
5652,0.0001,0
5653,0.0001,0
5654,0.0001,4
5655,0.0001,3
5656,0.0001,0
5657,0.0001,0
5658,0.0001,0
5659,0.0001,4
5660,0.0001,25
5661,0.0001,0
5662,0.0001,3
5663,0.0001,45
5664,0.0001,3
5665,0.0001,9
5666,0.0001,9
5667,0.0001,12
5668,0.0001,21
5669,0.0001,9
5670,0.0001,0
5671,0.0001,33
5672,0.0001,90
5673,0.0001,57
5674,0.0001,0
5675,0.0001,5
5676,0.0001,0
5677,0.0001,3
5678,0.0001,0
5679,0.0001,9
5680,0.0001,9
5681,0.0001,5
5682,0.0001,0
5683,0.0001,15
5684,0.0001,4
5685,0.0001,3
5686,0.0001,0
5687,0.0001,4
5688,0.0001,0
5689,0.0001,4
5690,0.0001,0
5691,0.0001,0
5692,0.0001,205
5693,0.0001,21
5694,0.0001,4
5695,0.0001,8
5696,0.0001,12
5697,0.0001,14
5698,0.0001,0
5699,0.0001,23
5700,0.0001,9
5701,0.0001,9
5702,0.0001,3
5703,0.0001,9
5704,0.0001,0
5705,0.0001,7
5706,0.0001,3
5707,0.0001,0
5708,0.0001,9
5709,0.0001,0
5710,0.0001,0
5711,0.0001,18
5712,0.0001,17
5713,0.0001,0
5714,0.0001,0
5715,0.0001,0
5716,0.0001,9
5717,0.0001,92
5718,0.0001,3
5719,0.0001,35
5720,0.0001,3
5721,0.0001,0
5722,0.0001,0
5723,0.0001,12
5724,0.0001,20
5725,0.0001,20
5726,0.0001,60
5727,0.0001,7
5728,0.0001,0
5729,0.0001,0
5730,0.0001,271
5731,0.0001,0
5732,0.0001,3
5733,0.0001,0
5734,0.0001,5
5735,0.0001,9
5736,0.0001,0
5737,0.0001,0
5738,0.0001,4
5739,0.0001,0
5740,0.0001,9
5741,0.0001,9
5742,0.0001,15
5743,0.0001,0
5744,0.0001,9
5745,0.0001,6
5746,0.0001,0
5747,0.0001,15
5748,0.0001,0
5749,0.0001,4
5750,0.0001,9
5751,0.0001,17
5752,0.0001,12
5753,0.0001,17
5754,0.0001,7
5755,0.0001,0
5756,0.0001,0
5757,0.0001,9
5758,0.0001,3
5759,0.0001,21
5760,0.0001,0
5761,0.0001,0
5762,0.0001,2
5763,0.0001,0
5764,0.0001,6
5765,0.0001,0
5766,0.0001,9
5767,0.0001,12
5768,0.0001,15
5769,0.0001,9
5770,0.0001,0
5771,0.0001,0
5772,0.0001,0
5773,0.0001,9
5774,0.0001,5
5775,0.0001,15
5776,0.0001,6
5777,0.0001,15
5778,0.0001,0
5779,0.0001,3
5780,0.0001,55
5781,0.0001,0
5782,0.0001,4
5783,0.0001,0
5784,0.0001,3
5785,0.0001,0
5786,0.0001,9
5787,0.0001,7
5788,0.0001,6
5789,0.0001,0
5790,0.0001,3
5791,0.0001,5
5792,0.0001,0
5793,0.0001,5
5794,0.0001,3
5795,0.0001,9
5796,0.0001,0
5797,0.0001,3
5798,0.0001,209
5799,0.0001,12
5800,0.0001,3
5801,0.0001,209
5802,0.0001,5
5803,0.0001,8
5804,0.0001,3
5805,0.0001,0
5806,0.0001,5
5807,0.0001,0
5808,0.0001,8
5809,0.0001,14
5810,0.0001,0
5811,0.0001,0
5812,0.0001,3
5813,0.0001,9
5814,0.0001,15
5815,0.0001,15
5816,0.0001,0
5817,0.0001,0
5818,0.0001,9
5819,0.0001,0
5820,0.0001,7
5821,0.0001,7
5822,0.0001,9
5823,0.0001,0
5824,0.0001,3
5825,0.0001,3
5826,0.0001,6
5827,0.0001,21
5828,0.0001,3
5829,0.0001,0
5830,0.0001,0
5831,0.0001,3
5832,0.0001,15
5833,0.0001,9
5834,0.0001,9
5835,0.0001,5
5836,0.0001,162
5837,0.0001,12
5838,0.0001,5
5839,0.0001,15
5840,0.0001,3
5841,0.0001,9
5842,0.0001,16
5843,0.0001,344
5844,0.0001,45
5845,0.0001,0
5846,0.0001,21
5847,0.0001,3
5848,0.0001,3
5849,0.0001,15
5850,0.0001,3
5851,0.0001,3
5852,0.0001,21
5853,0.0001,3
5854,0.0001,15
5855,0.0001,0
5856,0.0001,6
5857,0.0001,0
5858,0.0001,9
5859,0.0001,0
5860,0.0001,18
5861,0.0001,79
5862,0.0001,17
5863,0.0001,39
5864,0.0001,23
5865,0.0001,344
5866,0.0001,3
5867,0.0001,0
5868,0.0001,15
5869,0.0001,0
5870,0.0001,15
5871,0.0001,0
5872,0.0001,15
5873,0.0001,0
5874,0.0001,9
5875,0.0001,0
5876,0.0001,0
5877,0.0001,5
5878,0.0001,475
5879,0.0001,18
5880,0.0001,20
5881,0.0001,0
5882,0.0001,15
5883,0.0001,9
5884,0.0001,0
5885,0.0001,15
5886,0.0001,12
5887,0.0001,20
5888,0.0001,103
5889,0.0001,21
5890,0.0001,0
5891,0.0001,15
5892,0.0001,5
5893,0.0001,4
5894,0.0001,6
5895,0.0001,0
5896,0.0001,0
5897,0.0001,0
5898,0.0001,0
5899,0.0001,0
5900,0.0001,209
5901,0.0001,12
5902,0.0001,8
5903,0.0001,3
5904,0.0001,12
5905,0.0001,3
5906,0.0001,6
5907,0.0001,92
5908,0.0001,3
5909,0.0001,0
5910,0.0001,6
5911,0.0001,8
5912,0.0001,0
5913,0.0001,8
5914,0.0001,9
5915,0.0001,12
5916,0.0001,0
5917,0.0001,12
5918,0.0001,0
5919,0.0001,12
5920,0.0001,162
5921,0.0001,15
5922,0.0001,0
5923,0.0001,0
5924,0.0001,15
5925,0.0001,0
5926,0.0001,0
5927,0.0001,0
5928,0.0001,92
5929,0.0001,75
5930,0.0001,3
5931,0.0001,18
5932,0.0001,15
5933,0.0001,3
5934,0.0001,9
5935,0.0001,0
5936,0.0001,12
5937,0.0001,15
5938,0.0001,5
5939,0.0001,12
5940,0.0001,206
5941,0.0001,9
5942,0.0001,0
5943,0.0001,69
5944,0.0001,0
5945,0.0001,0
5946,0.0001,0
5947,0.0001,3
5948,0.0001,0
5949,0.0001,9
5950,0.0001,15
5951,0.0001,9
5952,0.0001,0
5953,0.0001,4
5954,0.0001,8
5955,0.0001,7
5956,0.0001,0
5957,0.0001,3
5958,0.0001,0
5959,0.0001,16
5960,0.0001,12
5961,0.0001,75
5962,0.0001,3
5963,0.0001,15
5964,0.0001,0
5965,0.0001,21
5966,0.0001,54
5967,0.0001,0
5968,0.0001,15
5969,0.0001,0
5970,0.0001,0
5971,0.0001,0
5972,0.0001,0
5973,0.0001,5
5974,0.0001,4
5975,0.0001,0
5976,0.0001,3
5977,0.0001,9
5978,0.0001,0
5979,0.0001,0
5980,0.0001,344
5981,0.0001,3
5982,0.0001,15
5983,0.0001,6
5984,0.0001,6
5985,0.0001,0
5986,0.0001,0
5987,0.0001,3
5988,0.0001,18
5989,0.0001,0
5990,0.0001,9
5991,0.0001,0
5992,0.0001,3
5993,0.0001,8
5994,0.0001,61
5995,0.0001,3
5996,0.0001,21
5997,0.0001,102
5998,0.0001,0
5999,0.0001,3
6000,0.0001,21
6001,0.0001,0
6002,0.0001,0
6003,0.0001,4
6004,0.0001,15
6005,0.0001,70
6006,0.0001,7
6007,0.0001,147
6008,0.0001,9
6009,0.0001,0
6010,0.0001,0
6011,0.0001,0
6012,0.0001,0
6013,0.0001,0
6014,0.0001,16
6015,0.0001,4
6016,0.0001,3
6017,0.0001,0
6018,0.0001,15
6019,0.0001,4
6020,0.0001,0
6021,0.0001,6
6022,0.0001,3
6023,0.0001,3
6024,0.0001,5
6025,0.0001,15
6026,0.0001,9
6027,0.0001,4
6028,0.0001,0
6029,0.0001,0
6030,0.0001,3
6031,0.0001,14
6032,0.0001,0
6033,0.0001,69
6034,0.0001,9
6035,0.0001,0
6036,0.0001,21
6037,0.0001,452
6038,0.0001,7
6039,0.0001,3
6040,0.0001,9
6041,0.0001,36
6042,0.0001,8
6043,0.0001,0
6044,0.0001,0
6045,0.0001,15
6046,0.0001,339
6047,0.0001,45
6048,0.0001,0
6049,0.0001,0
6050,0.0001,57
6051,0.0001,0
6052,0.0001,15
6053,0.0001,6
6054,0.0001,0
6055,0.0001,12
6056,0.0001,9
6057,0.0001,0
6058,0.0001,15
6059,0.0001,22
6060,0.0001,0
6061,0.0001,9
6062,0.0001,7
6063,0.0001,6
6064,0.0001,15
6065,0.0001,7
6066,0.0001,9
6067,0.0001,6
6068,0.0001,3
6069,0.0001,3
6070,0.0001,9
6071,0.0001,9
6072,0.0001,4
6073,0.0001,9
6074,0.0001,0
6075,0.0001,9
6076,0.0001,135
6077,0.0001,8
6078,0.0001,9
6079,0.0001,0
6080,0.0001,71
6081,0.0001,3
6082,0.0001,71
6083,0.0001,14
6084,0.0001,9
6085,0.0001,3
6086,0.0001,9
6087,0.0001,9
6088,0.0001,0
6089,0.0001,3
6090,0.0001,8
6091,0.0001,0
6092,0.0001,0
6093,0.0001,15
6094,0.0001,3
6095,0.0001,15
6096,0.0001,3
6097,0.0001,12
6098,0.0001,17
6099,0.0001,17
6100,0.0001,0
6101,0.0001,9
6102,0.0001,37
6103,0.0001,13
6104,0.0001,0
6105,0.0001,30
6106,0.0001,9
6107,0.0001,12
6108,0.0001,0
6109,0.0001,9
6110,0.0001,3
6111,0.0001,17
6112,0.0001,5
6113,0.0001,0
6114,0.0001,0
6115,0.0001,0
6116,0.0001,0
6117,0.0001,3
6118,0.0001,7
6119,0.0001,15
6120,0.0001,92
6121,0.0001,16
6122,0.0001,0
6123,0.0001,0
6124,0.0001,0
6125,0.0001,16
6126,0.0001,0
6127,0.0001,0
6128,0.0001,9
6129,0.0001,4
6130,0.0001,3
6131,0.0001,0
6132,0.0001,0
6133,0.0001,0
6134,0.0001,0
6135,0.0001,15
6136,0.0001,3
6137,0.0001,0
6138,0.0001,0
6139,0.0001,0
6140,0.0001,0
6141,0.0001,0
6142,0.0001,7
6143,0.0001,71
6144,0.0001,3
6145,0.0001,0
6146,0.0001,4
6147,0.0001,0
6148,0.0001,9
6149,0.0001,0
6150,0.0001,0
6151,0.0001,12
6152,0.0001,9
6153,0.0001,6
6154,0.0001,0
6155,0.0001,36
6156,0.0001,0
6157,0.0001,0
6158,0.0001,96
6159,0.0001,15
6160,0.0001,0
6161,0.0001,9
6162,0.0001,0
6163,0.0001,15
6164,0.0001,4
6165,0.0001,70
6166,0.0001,3
6167,0.0001,0
6168,0.0001,0
6169,0.0001,0
6170,0.0001,0
6171,0.0001,9
6172,0.0001,0
6173,0.0001,9
6174,0.0001,0
6175,0.0001,4
6176,0.0001,20
6177,0.0001,12
6178,0.0001,12
6179,0.0001,12
6180,0.0001,0
6181,0.0001,0
6182,0.0001,3
6183,0.0001,9
6184,0.0001,9
6185,0.0001,0
6186,0.0001,18
6187,0.0001,6
6188,0.0001,71
6189,0.0001,3
6190,0.0001,18
6191,0.0001,41
6192,0.0001,3
6193,0.0001,12
6194,0.0001,9
6195,0.0001,3
6196,0.0001,4
6197,0.0001,0
6198,0.0001,16
6199,0.0001,6
6200,0.0001,17
6201,0.0001,5
6202,0.0001,3
6203,0.0001,0
6204,0.0001,3
6205,0.0001,6
6206,0.0001,344
6207,0.0001,0
6208,0.0001,0
6209,0.0001,0
6210,0.0001,0
6211,0.0001,3
6212,0.0001,3
6213,0.0001,70
6214,0.0001,21
6215,0.0001,0
6216,0.0001,30
6217,0.0001,90
6218,0.0001,3
6219,0.0001,0
6220,0.0001,4
6221,0.0001,0
6222,0.0001,71
6223,0.0001,0
6224,0.0001,0
6225,0.0001,5
6226,0.0001,99
6227,0.0001,9
6228,0.0001,70
6229,0.0001,0
6230,0.0001,0
6231,0.0001,4
6232,0.0001,0
6233,0.0001,0
6234,0.0001,0
6235,0.0001,6
6236,0.0001,0
6237,0.0001,12
6238,0.0001,0
6239,0.0001,0
6240,0.0001,0
6241,0.0001,3
6242,0.0001,9
6243,0.0001,9
6244,0.0001,3
6245,0.0001,0
6246,0.0001,0
6247,0.0001,7
6248,0.0001,2
6249,0.0001,9
6250,0.0001,9
6251,0.0001,0
6252,0.0001,0
6253,0.0001,0
6254,0.0001,15
6255,0.0001,9
6256,0.0001,0
6257,0.0001,5
6258,0.0001,9
6259,0.0001,18
6260,0.0001,0
6261,0.0001,9
6262,0.0001,4
6263,0.0001,0
6264,0.0001,0
6265,0.0001,0
6266,0.0001,21
6267,0.0001,12
6268,0.0001,12
6269,0.0001,12
6270,0.0001,12
6271,0.0001,21
6272,0.0001,0
6273,0.0001,36
6274,0.0001,9
6275,0.0001,0
6276,0.0001,102
6277,0.0001,5
6278,0.0001,21
6279,0.0001,3
6280,0.0001,4
6281,0.0001,0
6282,0.0001,37
6283,0.0001,9
6284,0.0001,34
6285,0.0001,6
6286,0.0001,21
6287,0.0001,0
6288,0.0001,15
6289,0.0001,0
6290,0.0001,0
6291,0.0001,0
6292,0.0001,4
6293,0.0001,3
6294,0.0001,15
6295,0.0001,3
6296,0.0001,0
6297,0.0001,18
6298,0.0001,0
6299,0.0001,0
6300,0.0001,0
6301,0.0001,5
6302,0.0001,0
6303,0.0001,12
6304,0.0001,6
6305,0.0001,9
6306,0.0001,18
6307,0.0001,9
6308,0.0001,6
6309,0.0001,21
6310,0.0001,80
6311,0.0001,3
6312,0.0001,0
6313,0.0001,0
6314,0.0001,0
6315,0.0001,0
6316,0.0001,6
6317,0.0001,0
6318,0.0001,3
6319,0.0001,20
6320,0.0001,12
6321,0.0001,80
6322,0.0001,3
6323,0.0001,91
6324,0.0001,18
6325,0.0001,16
6326,0.0001,15
6327,0.0001,21
6328,0.0001,12
6329,0.0001,0
6330,0.0001,0
6331,0.0001,6
6332,0.0001,0
6333,0.0001,9
6334,0.0001,3
6335,0.0001,150
6336,0.0001,37
6337,0.0001,12
6338,0.0001,9
6339,0.0001,3
6340,0.0001,0
6341,0.0001,3
6342,0.0001,4
6343,0.0001,9
6344,0.0001,5
6345,0.0001,0
6346,0.0001,9
6347,0.0001,15
6348,0.0001,0
6349,0.0001,0
6350,0.0001,3
6351,0.0001,0
6352,0.0001,3
6353,0.0001,0
6354,0.0001,0
6355,0.0001,12
6356,0.0001,9
6357,0.0001,9
6358,0.0001,0
6359,0.0001,5
6360,0.0001,9
6361,0.0001,57
6362,0.0001,0
6363,0.0001,15
6364,0.0001,0
6365,0.0001,9
6366,0.0001,15
6367,0.0001,0
6368,0.0001,0
6369,0.0001,3
6370,0.0001,15
6371,0.0001,0
6372,0.0001,9
6373,0.0001,6
6374,0.0001,0
6375,0.0001,209
6376,0.0001,44
6377,0.0001,209
6378,0.0001,6
6379,0.0001,4
6380,0.0001,0
6381,0.0001,70
6382,0.0001,9
6383,0.0001,0
6384,0.0001,3
6385,0.0001,0
6386,0.0001,9
6387,0.0001,206
6388,0.0001,5
6389,0.0001,14
6390,0.0001,0
6391,0.0001,15
6392,0.0001,9
6393,0.0001,15
6394,0.0001,0
6395,0.0001,37
6396,0.0001,209
6397,0.0001,0
6398,0.0001,15
6399,0.0001,5
6400,0.0001,18
6401,0.0001,9
6402,0.0001,7
6403,0.0001,4
6404,0.0001,6
6405,0.0001,18
6406,0.0001,15
6407,0.0001,206
6408,0.0001,0
6409,0.0001,0
6410,0.0001,9
6411,0.0001,0
6412,0.0001,4
6413,0.0001,3
6414,0.0001,3
6415,0.0001,12
6416,0.0001,4
6417,0.0001,9
6418,0.0001,4
6419,0.0001,15
6420,0.0001,0
6421,0.0001,19
6422,0.0001,3
6423,0.0001,70
6424,0.0001,0
6425,0.0001,0
6426,0.0001,4
6427,0.0001,9
6428,0.0001,0
6429,0.0001,16
6430,0.0001,9
6431,0.0001,0
6432,0.0001,0
6433,0.0001,6
6434,0.0001,71
6435,0.0001,12
6436,0.0001,30
6437,0.0001,0
6438,0.0001,9
6439,0.0001,3
6440,0.0001,3
6441,0.0001,0
6442,0.0001,9
6443,0.0001,12
6444,0.0001,3
6445,0.0001,0
6446,0.0001,0
6447,0.0001,274
6448,0.0001,0
6449,0.0001,0
6450,0.0001,9
6451,0.0001,0
6452,0.0001,5
6453,0.0001,9
6454,0.0001,5
6455,0.0001,0
6456,0.0001,0
6457,0.0001,0
6458,0.0001,15
6459,0.0001,4
6460,0.0001,0
6461,0.0001,0
6462,0.0001,3
6463,0.0001,4
6464,0.0001,0
6465,0.0001,15
6466,0.0001,0
6467,0.0001,0
6468,0.0001,0
6469,0.0001,9
6470,0.0001,15
6471,0.0001,0
6472,0.0001,4
6473,0.0001,5
6474,0.0001,5
6475,0.0001,0
6476,0.0001,12
6477,0.0001,0
6478,0.0001,0
6479,0.0001,0
6480,0.0001,27
6481,0.0001,9
6482,0.0001,0
6483,0.0001,16
6484,0.0001,9
6485,0.0001,9
6486,0.0001,12
6487,0.0001,27
6488,0.0001,71
6489,0.0001,15
6490,0.0001,15
6491,0.0001,15
6492,0.0001,3
6493,0.0001,4
6494,0.0001,9
6495,0.0001,10
6496,0.0001,9
6497,0.0001,28
6498,0.0001,69
6499,0.0001,6
6500,0.0001,6
6501,0.0001,20
6502,0.0001,12
6503,0.0001,0
6504,0.0001,4
6505,0.0001,3
6506,0.0001,5
6507,0.0001,8
6508,0.0001,3
6509,0.0001,0
6510,0.0001,0
6511,0.0001,21
6512,0.0001,9
6513,0.0001,0
6514,0.0001,0
6515,0.0001,5
6516,0.0001,20
6517,0.0001,23
6518,0.0001,4
6519,0.0001,0
6520,0.0001,0
6521,0.0001,25
6522,0.0001,0
6523,0.0001,3
6524,0.0001,4
6525,0.0001,14
6526,0.0001,9
6527,0.0001,20
6528,0.0001,3
6529,0.0001,9
6530,0.0001,9
6531,0.0001,30
6532,0.0001,3
6533,0.0001,9
6534,0.0001,9
6535,0.0001,15
6536,0.0001,6
6537,0.0001,0
6538,0.0001,9
6539,0.0001,0
6540,0.0001,354
6541,0.0001,3
6542,0.0001,0
6543,0.0001,0
6544,0.0001,38
6545,0.0001,0
6546,0.0001,70
6547,0.0001,3
6548,0.0001,0
6549,0.0001,0
6550,0.0001,0
6551,0.0001,4
6552,0.0001,9
6553,0.0001,18
6554,0.0001,18
6555,0.0001,15
6556,0.0001,12
6557,0.0001,0
6558,0.0001,16
6559,0.0001,0
6560,0.0001,0
6561,0.0001,9
6562,0.0001,15
6563,0.0001,18
6564,0.0001,18
6565,0.0001,9
6566,0.0001,0
6567,0.0001,71
6568,0.0001,0
6569,0.0001,0
6570,0.0001,0
6571,0.0001,71
6572,0.0001,30
6573,0.0001,3
6574,0.0001,301
6575,0.0001,4
6576,0.0001,0
6577,0.0001,4
6578,0.0001,5
6579,0.0001,0
6580,0.0001,0
6581,0.0001,3
6582,0.0001,79
6583,0.0001,0
6584,0.0001,9
6585,0.0001,103
6586,0.0001,0
6587,0.0001,9
6588,0.0001,0
6589,0.0001,3
6590,0.0001,0
6591,0.0001,5
6592,0.0001,3
6593,0.0001,0
6594,0.0001,18
6595,0.0001,9
6596,0.0001,209
6597,0.0001,9
6598,0.0001,0
6599,0.0001,0
6600,0.0001,4
6601,0.0001,3
6602,0.0001,39
6603,0.0001,8
6604,0.0001,15
6605,0.0001,9
6606,0.0001,4
6607,0.0001,15
6608,0.0001,12
6609,0.0001,6
6610,0.0001,70
6611,0.0001,9
6612,0.0001,0
6613,0.0001,0
6614,0.0001,15
6615,0.0001,0
6616,0.0001,96
6617,0.0001,69
6618,0.0001,0
6619,0.0001,12
6620,0.0001,9
6621,0.0001,4
6622,0.0001,4
6623,0.0001,0
6624,0.0001,9
6625,0.0001,57
6626,0.0001,0
6627,0.0001,0
6628,0.0001,11
6629,0.0001,9
6630,0.0001,9
6631,0.0001,0
6632,0.0001,9
6633,0.0001,25
6634,0.0001,9
6635,0.0001,9
6636,0.0001,12
6637,0.0001,5
6638,0.0001,4
6639,0.0001,0
6640,0.0001,0
6641,0.0001,12
6642,0.0001,6
6643,0.0001,3
6644,0.0001,9
6645,0.0001,0
6646,0.0001,0
6647,0.0001,0
6648,0.0001,0
6649,0.0001,3
6650,0.0001,3
6651,0.0001,6
6652,0.0001,21
6653,0.0001,0
6654,0.0001,7
6655,0.0001,75
6656,0.0001,4
6657,0.0001,15
6658,0.0001,5
6659,0.0001,15
6660,0.0001,9
6661,0.0001,3
6662,0.0001,70
6663,0.0001,0
6664,0.0001,0
6665,0.0001,3
6666,0.0001,4
6667,0.0001,0
6668,0.0001,0
6669,0.0001,0
6670,0.0001,12
6671,0.0001,0
6672,0.0001,5
6673,0.0001,3
6674,0.0001,12
6675,0.0001,0
6676,0.0001,9
6677,0.0001,0
6678,0.0001,3
6679,0.0001,0
6680,0.0001,71
6681,0.0001,9
6682,0.0001,0
6683,0.0001,4
6684,0.0001,9
6685,0.0001,0
6686,0.0001,0
6687,0.0001,4
6688,0.0001,3
6689,0.0001,0
6690,0.0001,0
6691,0.0001,23
6692,0.0001,7
6693,0.0001,5
6694,0.0001,0
6695,0.0001,0
6696,0.0001,70
6697,0.0001,6
6698,0.0001,0
6699,0.0001,4
6700,0.0001,15
6701,0.0001,6
6702,0.0001,344
6703,0.0001,8
6704,0.0001,0
6705,0.0001,4
6706,0.0001,0
6707,0.0001,15
6708,0.0001,4
6709,0.0001,0
6710,0.0001,3
6711,0.0001,36
6712,0.0001,10
6713,0.0001,0
6714,0.0001,0
6715,0.0001,4
6716,0.0001,16
6717,0.0001,0
6718,0.0001,3
6719,0.0001,45
6720,0.0001,0
6721,0.0001,15
6722,0.0001,9
6723,0.0001,9
6724,0.0001,4
6725,0.0001,14
6726,0.0001,21
6727,0.0001,0
6728,0.0001,0
6729,0.0001,9
6730,0.0001,0
6731,0.0001,4
6732,0.0001,0
6733,0.0001,0
6734,0.0001,0
6735,0.0001,36
6736,0.0001,21
6737,0.0001,45
6738,0.0001,15
6739,0.0001,0
6740,0.0001,3
6741,0.0001,9
6742,0.0001,9
6743,0.0001,9
6744,0.0001,0
6745,0.0001,50
6746,0.0001,0
6747,0.0001,0
6748,0.0001,0
6749,0.0001,21
6750,0.0001,15
6751,0.0001,0
6752,0.0001,0
6753,0.0001,14
6754,0.0001,9
6755,0.0001,6
6756,0.0001,70
6757,0.0001,0
6758,0.0001,0
6759,0.0001,4
6760,0.0001,9
6761,0.0001,3
6762,0.0001,9
6763,0.0001,15
6764,0.0001,20
6765,0.0001,0
6766,0.0001,0
6767,0.0001,0
6768,0.0001,3
6769,0.0001,4
6770,0.0001,103
6771,0.0001,3
6772,0.0001,15
6773,0.0001,12
6774,0.0001,72
6775,0.0001,3
6776,0.0001,74
6777,0.0001,0
6778,0.0001,0
6779,0.0001,5
6780,0.0001,70
6781,0.0001,0
6782,0.0001,2
6783,0.0001,0
6784,0.0001,21
6785,0.0001,15
6786,0.0001,9
6787,0.0001,9
6788,0.0001,0
6789,0.0001,9
6790,0.0001,0
6791,0.0001,21
6792,0.0001,0
6793,0.0001,0
6794,0.0001,5
6795,0.0001,16
6796,0.0001,0
6797,0.0001,9
6798,0.0001,0
6799,0.0001,0
6800,0.0001,15
6801,0.0001,0
6802,0.0001,9
6803,0.0001,0
6804,0.0001,15
6805,0.0001,3
6806,0.0001,0
6807,0.0001,15
6808,0.0001,71
6809,0.0001,9
6810,0.0001,15
6811,0.0001,12
6812,0.0001,0
6813,0.0001,0
6814,0.0001,18
6815,0.0001,4
6816,0.0001,12
6817,0.0001,0
6818,0.0001,71
6819,0.0001,8
6820,0.0001,15
6821,0.0001,7
6822,0.0001,0
6823,0.0001,3
6824,0.0001,0
6825,0.0001,3
6826,0.0001,0
6827,0.0001,0
6828,0.0001,0
6829,0.0001,0
6830,0.0001,7
6831,0.0001,15
6832,0.0001,0
6833,0.0001,0
6834,0.0001,0
6835,0.0001,0
6836,0.0001,9
6837,0.0001,18
6838,0.0001,12
6839,0.0001,0
6840,0.0001,0
6841,0.0001,8
6842,0.0001,77
6843,0.0001,9
6844,0.0001,14
6845,0.0001,0
6846,0.0001,0
6847,0.0001,0
6848,0.0001,39
6849,0.0001,0
6850,0.0001,0
6851,0.0001,8
6852,0.0001,36
6853,0.0001,3
6854,0.0001,0
6855,0.0001,18
6856,0.0001,3
6857,0.0001,0
6858,0.0001,15
6859,0.0001,3
6860,0.0001,0
6861,0.0001,0
6862,0.0001,4
6863,0.0001,9
6864,0.0001,9
6865,0.0001,0
6866,0.0001,0
6867,0.0001,21
6868,0.0001,0
6869,0.0001,103
6870,0.0001,4
6871,0.0001,9
6872,0.0001,0
6873,0.0001,71
6874,0.0001,0
6875,0.0001,0
6876,0.0001,21
6877,0.0001,3
6878,0.0001,45
6879,0.0001,15
6880,0.0001,0
6881,0.0001,15
6882,0.0001,9
6883,0.0001,0
6884,0.0001,3
6885,0.0001,30
6886,0.0001,0
6887,0.0001,19
6888,0.0001,21
6889,0.0001,13
6890,0.0001,75
6891,0.0001,17
6892,0.0001,0
6893,0.0001,34
6894,0.0001,0
6895,0.0001,3
6896,0.0001,6
6897,0.0001,3
6898,0.0001,4
6899,0.0001,12
6900,0.0001,4
6901,0.0001,206
6902,0.0001,0
6903,0.0001,0
6904,0.0001,11
6905,0.0001,0
6906,0.0001,9
6907,0.0001,12
6908,0.0001,9
6909,0.0001,0
6910,0.0001,6
6911,0.0001,21
6912,0.0001,3
6913,0.0001,3
6914,0.0001,3
6915,0.0001,0
6916,0.0001,15
6917,0.0001,0
6918,0.0001,15
6919,0.0001,0
6920,0.0001,9
6921,0.0001,0
6922,0.0001,106
6923,0.0001,0
6924,0.0001,17
6925,0.0001,3
6926,0.0001,0
6927,0.0001,9
6928,0.0001,21
6929,0.0001,9
6930,0.0001,3
6931,0.0001,0
6932,0.0001,0
6933,0.0001,3
6934,0.0001,9
6935,0.0001,0
6936,0.0001,0
6937,0.0001,6
6938,0.0001,3
6939,0.0001,7
6940,0.0001,3
6941,0.0001,0
6942,0.0001,4
6943,0.0001,15
6944,0.0001,12
6945,0.0001,9
6946,0.0001,0
6947,0.0001,0
6948,0.0001,0
6949,0.0001,45
6950,0.0001,9
6951,0.0001,9
6952,0.0001,8
6953,0.0001,0
6954,0.0001,0
6955,0.0001,9
6956,0.0001,9
6957,0.0001,4
6958,0.0001,9
6959,0.0001,30
6960,0.0001,3
6961,0.0001,8
6962,0.0001,0
6963,0.0001,12
6964,0.0001,3
6965,0.0001,99
6966,0.0001,0
6967,0.0001,9
6968,0.0001,21
6969,0.0001,23
6970,0.0001,0
6971,0.0001,3
6972,0.0001,3
6973,0.0001,9
6974,0.0001,12
6975,0.0001,0
6976,0.0001,20
6977,0.0001,0
6978,0.0001,0
6979,0.0001,0
6980,0.0001,21
6981,0.0001,57
6982,0.0001,9
6983,0.0001,7
6984,0.0001,9
6985,0.0001,15
6986,0.0001,0
6987,0.0001,0
6988,0.0001,0
6989,0.0001,0
6990,0.0001,0
6991,0.0001,9
6992,0.0001,0
6993,0.0001,9
6994,0.0001,7
6995,0.0001,0
6996,0.0001,0
6997,0.0001,0
6998,0.0001,4
6999,0.0001,18
7000,0.0001,71
7001,0.0001,0
7002,0.0001,3
7003,0.0001,6
7004,0.0001,70
7005,0.0001,72
7006,0.0001,0
7007,0.0001,6
7008,0.0001,15
7009,0.0001,0
7010,0.0001,0
7011,0.0001,9
7012,0.0001,0
7013,0.0001,12
7014,0.0001,71
7015,0.0001,0
7016,0.0001,9
7017,0.0001,14
7018,0.0001,354
7019,0.0001,0
7020,0.0001,19
7021,0.0001,5
7022,0.0001,0
7023,0.0001,0
7024,0.0001,4
7025,0.0001,0
7026,0.0001,4
7027,0.0001,3
7028,0.0001,9
7029,0.0001,0
7030,0.0001,206
7031,0.0001,12
7032,0.0001,0
7033,0.0001,0
7034,0.0001,20
7035,0.0001,0
7036,0.0001,0
7037,0.0001,4
7038,0.0001,21
7039,0.0001,9
7040,0.0001,8
7041,0.0001,8
7042,0.0001,70
7043,0.0001,9
7044,0.0001,7
7045,0.0001,0
7046,0.0001,9
7047,0.0001,18
7048,0.0001,39
7049,0.0001,9
7050,0.0001,3
7051,0.0001,9
7052,0.0001,0
7053,0.0001,15
7054,0.0001,0
7055,0.0001,15
7056,0.0001,9
7057,0.0001,0
7058,0.0001,0
7059,0.0001,12
7060,0.0001,0
7061,0.0001,0
7062,0.0001,9
7063,0.0001,0
7064,0.0001,12
7065,0.0001,0
7066,0.0001,0
7067,0.0001,0
7068,0.0001,9
7069,0.0001,3
7070,0.0001,0
7071,0.0001,208
7072,0.0001,9
7073,0.0001,0
7074,0.0001,4
7075,0.0001,20
7076,0.0001,0
7077,0.0001,9
7078,0.0001,74
7079,0.0001,7
7080,0.0001,4
7081,0.0001,12
7082,0.0001,15
7083,0.0001,16
7084,0.0001,8
7085,0.0001,0
7086,0.0001,0
7087,0.0001,9
7088,0.0001,9
7089,0.0001,3
7090,0.0001,18
7091,0.0001,4
7092,0.0001,4
7093,0.0001,9
7094,0.0001,0
7095,0.0001,4
7096,0.0001,0
7097,0.0001,0
7098,0.0001,0
7099,0.0001,20
7100,0.0001,0
7101,0.0001,9
7102,0.0001,0
7103,0.0001,3
7104,0.0001,12
7105,0.0001,15
7106,0.0001,19
7107,0.0001,0
7108,0.0001,209
7109,0.0001,0
7110,0.0001,3
7111,0.0001,0
7112,0.0001,0
7113,0.0001,57
7114,0.0001,3
7115,0.0001,6
7116,0.0001,9
7117,0.0001,0
7118,0.0001,3
7119,0.0001,9
7120,0.0001,3
7121,0.0001,0
7122,0.0001,22
7123,0.0001,15
7124,0.0001,70
7125,0.0001,0
7126,0.0001,209
7127,0.0001,38
7128,0.0001,20
7129,0.0001,9
7130,0.0001,0
7131,0.0001,12
7132,0.0001,9
7133,0.0001,0
7134,0.0001,18
7135,0.0001,16
7136,0.0001,0
7137,0.0001,0
7138,0.0001,0
7139,0.0001,0
7140,0.0001,25
7141,0.0001,0
7142,0.0001,9
7143,0.0001,5
7144,0.0001,99
7145,0.0001,71
7146,0.0001,0
7147,0.0001,30
7148,0.0001,0
7149,0.0001,45
7150,0.0001,6
7151,0.0001,9
7152,0.0001,9
7153,0.0001,9
7154,0.0001,0
7155,0.0001,0
7156,0.0001,9
7157,0.0001,7
7158,0.0001,0
7159,0.0001,71
7160,0.0001,206
7161,0.0001,0
7162,0.0001,0
7163,0.0001,17
7164,0.0001,70
7165,0.0001,0
7166,0.0001,4
7167,0.0001,0
7168,0.0001,6
7169,0.0001,4
7170,0.0001,207
7171,0.0001,16
7172,0.0001,9
7173,0.0001,20
7174,0.0001,0
7175,0.0001,57
7176,0.0001,4
7177,0.0001,6
7178,0.0001,0
7179,0.0001,0
7180,0.0001,3
7181,0.0001,0
7182,0.0001,4
7183,0.0001,0
7184,0.0001,15
7185,0.0001,0
7186,0.0001,0
7187,0.0001,0
7188,0.0001,0
7189,0.0001,20
7190,0.0001,9
7191,0.0001,0
7192,0.0001,3
7193,0.0001,7
7194,0.0001,4
7195,0.0001,19
7196,0.0001,0
7197,0.0001,3
7198,0.0001,0
7199,0.0001,215
7200,0.0001,19
7201,0.0001,0
7202,0.0001,7
7203,0.0001,9
7204,0.0001,0
7205,0.0001,30
7206,0.0001,0
7207,0.0001,19
7208,0.0001,0
7209,0.0001,12
7210,0.0001,0
7211,0.0001,0
7212,0.0001,0
7213,0.0001,27
7214,0.0001,9
7215,0.0001,0
7216,0.0001,4
7217,0.0001,20
7218,0.0001,0
7219,0.0001,0
7220,0.0001,0
7221,0.0001,0
7222,0.0001,15
7223,0.0001,29
7224,0.0001,9
7225,0.0001,4
7226,0.0001,0
7227,0.0001,0
7228,0.0001,15
7229,0.0001,3
7230,0.0001,0
7231,0.0001,14
7232,0.0001,0
7233,0.0001,3
7234,0.0001,16
7235,0.0001,23
7236,0.0001,206
7237,0.0001,0
7238,0.0001,0
7239,0.0001,0
7240,0.0001,206
7241,0.0001,14
7242,0.0001,6
7243,0.0001,19
7244,0.0001,46
7245,0.0001,0
7246,0.0001,0
7247,0.0001,0
7248,0.0001,0
7249,0.0001,0
7250,0.0001,9
7251,0.0001,70
7252,0.0001,59
7253,0.0001,0
7254,0.0001,0
7255,0.0001,7
7256,0.0001,7
7257,0.0001,7
7258,0.0001,15
7259,0.0001,3
7260,0.0001,99
7261,0.0001,15
7262,0.0001,34
7263,0.0001,0
7264,0.0001,9
7265,0.0001,71
7266,0.0001,0
7267,0.0001,6
7268,0.0001,20
7269,0.0001,9
7270,0.0001,6
7271,0.0001,0
7272,0.0001,3
7273,0.0001,54
7274,0.0001,3
7275,0.0001,18
7276,0.0001,92
7277,0.0001,21
7278,0.0001,8
7279,0.0001,11
7280,0.0001,15
7281,0.0001,0
7282,0.0001,4
7283,0.0001,5
7284,0.0001,0
7285,0.0001,0
7286,0.0001,3
7287,0.0001,71
7288,0.0001,15
7289,0.0001,15
7290,0.0001,96
7291,0.0001,0
7292,0.0001,0
7293,0.0001,3
7294,0.0001,0
7295,0.0001,0
7296,0.0001,209
7297,0.0001,9
7298,0.0001,0
7299,0.0001,9
7300,0.0001,9
7301,0.0001,3
7302,0.0001,0
7303,0.0001,0
7304,0.0001,0
7305,0.0001,0
7306,0.0001,71
7307,0.0001,0
7308,0.0001,3
7309,0.0001,7
7310,0.0001,18
7311,0.0001,0
7312,0.0001,4
7313,0.0001,9
7314,0.0001,6
7315,0.0001,3
7316,0.0001,3
7317,0.0001,0
7318,0.0001,3
7319,0.0001,9
7320,0.0001,9
7321,0.0001,9
7322,0.0001,0
7323,0.0001,0
7324,0.0001,12
7325,0.0001,16
7326,0.0001,20
7327,0.0001,15
7328,0.0001,15
7329,0.0001,14
7330,0.0001,0
7331,0.0001,9
7332,0.0001,0
7333,0.0001,0
7334,0.0001,0
7335,0.0001,103
7336,0.0001,6
7337,0.0001,41
7338,0.0001,0
7339,0.0001,0
7340,0.0001,6
7341,0.0001,21
7342,0.0001,0
7343,0.0001,15
7344,0.0001,3
7345,0.0001,15
7346,0.0001,0
7347,0.0001,92
7348,0.0001,6
7349,0.0001,0
7350,0.0001,4
7351,0.0001,0
7352,0.0001,2
7353,0.0001,0
7354,0.0001,5
7355,0.0001,28
7356,0.0001,15
7357,0.0001,90
7358,0.0001,0
7359,0.0001,6
7360,0.0001,12
7361,0.0001,63
7362,0.0001,73
7363,0.0001,0
7364,0.0001,0
7365,0.0001,4
7366,0.0001,63
7367,0.0001,4
7368,0.0001,0
7369,0.0001,21
7370,0.0001,9
7371,0.0001,144
7372,0.0001,0
7373,0.0001,12
7374,0.0001,15
7375,0.0001,0
7376,0.0001,4
7377,0.0001,5
7378,0.0001,3
7379,0.0001,4
7380,0.0001,9
7381,0.0001,0
7382,0.0001,19
7383,0.0001,18
7384,0.0001,0
7385,0.0001,69
7386,0.0001,15
7387,0.0001,4
7388,0.0001,9
7389,0.0001,70
7390,0.0001,3
7391,0.0001,3
7392,0.0001,0
7393,0.0001,108
7394,0.0001,0
7395,0.0001,19
7396,0.0001,0
7397,0.0001,6
7398,0.0001,0
7399,0.0001,33
7400,0.0001,0
7401,0.0001,0
7402,0.0001,15
7403,0.0001,4
7404,0.0001,0
7405,0.0001,2
7406,0.0001,3
7407,0.0001,0
7408,0.0001,18
7409,0.0001,0
7410,0.0001,209
7411,0.0001,0
7412,0.0001,0
7413,0.0001,3
7414,0.0001,18
7415,0.0001,4
7416,0.0001,0
7417,0.0001,0
7418,0.0001,0
7419,0.0001,3
7420,0.0001,0
7421,0.0001,221
7422,0.0001,4
7423,0.0001,0
7424,0.0001,274
7425,0.0001,9
7426,0.0001,0
7427,0.0001,6
7428,0.0001,23
7429,0.0001,0
7430,0.0001,15
7431,0.0001,9
7432,0.0001,9
7433,0.0001,0
7434,0.0001,15
7435,0.0001,21
7436,0.0001,0
7437,0.0001,0
7438,0.0001,4
7439,0.0001,21
7440,0.0001,15
7441,0.0001,8
7442,0.0001,0
7443,0.0001,9
7444,0.0001,15
7445,0.0001,9
7446,0.0001,19
7447,0.0001,12
7448,0.0001,0
7449,0.0001,18
7450,0.0001,15
7451,0.0001,41
7452,0.0001,4
7453,0.0001,364
7454,0.0001,3
7455,0.0001,206
7456,0.0001,4
7457,0.0001,0
7458,0.0001,8
7459,0.0001,0
7460,0.0001,0
7461,0.0001,15
7462,0.0001,15
7463,0.0001,3
7464,0.0001,3
7465,0.0001,9
7466,0.0001,274
7467,0.0001,9
7468,0.0001,21
7469,0.0001,12
7470,0.0001,5
7471,0.0001,8
7472,0.0001,0
7473,0.0001,0
7474,0.0001,0
7475,0.0001,0
7476,0.0001,0
7477,0.0001,6
7478,0.0001,9
7479,0.0001,72
7480,0.0001,0
7481,0.0001,18
7482,0.0001,4
7483,0.0001,3
7484,0.0001,0
7485,0.0001,0
7486,0.0001,45
7487,0.0001,0
7488,0.0001,7
7489,0.0001,21
7490,0.0001,0
7491,0.0001,209
7492,0.0001,12
7493,0.0001,5
7494,0.0001,3
7495,0.0001,0
7496,0.0001,0
7497,0.0001,59
7498,0.0001,6
7499,0.0001,0
7500,0.0001,0
7501,0.0001,6
7502,0.0001,15
7503,0.0001,3
7504,0.0001,21
7505,0.0001,12
7506,0.0001,9
7507,0.0001,3
7508,0.0001,3
7509,0.0001,0
7510,0.0001,9
7511,0.0001,0
7512,0.0001,3
7513,0.0001,344
7514,0.0001,4
7515,0.0001,0
7516,0.0001,0
7517,0.0001,8
7518,0.0001,4
7519,0.0001,0
7520,0.0001,18
7521,0.0001,4
7522,0.0001,0
7523,0.0001,23
7524,0.0001,0
7525,0.0001,9
7526,0.0001,20
7527,0.0001,6
7528,0.0001,0
7529,0.0001,9
7530,0.0001,3
7531,0.0001,30
7532,0.0001,7
7533,0.0001,0
7534,0.0001,6
7535,0.0001,0
7536,0.0001,15
7537,0.0001,0
7538,0.0001,15
7539,0.0001,0
7540,0.0001,7
7541,0.0001,0
7542,0.0001,6
7543,0.0001,0
7544,0.0001,7
7545,0.0001,17
7546,0.0001,0
7547,0.0001,15
7548,0.0001,9
7549,0.0001,20
7550,0.0001,0
7551,0.0001,3
7552,0.0001,4
7553,0.0001,0
7554,0.0001,12
7555,0.0001,0
7556,0.0001,0
7557,0.0001,0
7558,0.0001,4
7559,0.0001,45
7560,0.0001,3
7561,0.0001,0
7562,0.0001,9
7563,0.0001,0
7564,0.0001,9
7565,0.0001,20
7566,0.0001,0
7567,0.0001,0
7568,0.0001,0
7569,0.0001,15
7570,0.0001,8
7571,0.0001,3
7572,0.0001,5
7573,0.0001,4
7574,0.0001,0
7575,0.0001,5
7576,0.0001,3
7577,0.0001,9
7578,0.0001,70
7579,0.0001,0
7580,0.0001,0
7581,0.0001,15
7582,0.0001,0
7583,0.0001,0
7584,0.0001,215
7585,0.0001,8
7586,0.0001,20
7587,0.0001,9
7588,0.0001,0
7589,0.0001,73
7590,0.0001,18
7591,0.0001,5
7592,0.0001,0
7593,0.0001,80
7594,0.0001,12
7595,0.0001,4
7596,0.0001,0
7597,0.0001,14
7598,0.0001,3
7599,0.0001,9
7600,0.0001,0
7601,0.0001,0
7602,0.0001,0
7603,0.0001,0
7604,0.0001,0
7605,0.0001,69
7606,0.0001,71
7607,0.0001,3
7608,0.0001,0
7609,0.0001,3
7610,0.0001,0
7611,0.0001,0
7612,0.0001,3
7613,0.0001,27
7614,0.0001,9
7615,0.0001,12
7616,0.0001,4
7617,0.0001,0
7618,0.0001,209
7619,0.0001,15
7620,0.0001,3
7621,0.0001,0
7622,0.0001,209
7623,0.0001,3
7624,0.0001,9
7625,0.0001,8
7626,0.0001,12
7627,0.0001,0
7628,0.0001,90
7629,0.0001,0
7630,0.0001,8
7631,0.0001,3
7632,0.0001,9
7633,0.0001,0
7634,0.0001,9
7635,0.0001,0
7636,0.0001,0
7637,0.0001,0
7638,0.0001,0
7639,0.0001,4
7640,0.0001,23
7641,0.0001,15
7642,0.0001,9
7643,0.0001,5
7644,0.0001,12
7645,0.0001,205
7646,0.0001,209
7647,0.0001,42
7648,0.0001,0
7649,0.0001,3
7650,0.0001,9
7651,0.0001,9
7652,0.0001,3
7653,0.0001,0
7654,0.0001,45
7655,0.0001,0
7656,0.0001,0
7657,0.0001,14
7658,0.0001,9
7659,0.0001,209
7660,0.0001,4
7661,0.0001,9
7662,0.0001,30
7663,0.0001,0
7664,0.0001,0
7665,0.0001,4
7666,0.0001,14
7667,0.0001,3
7668,0.0001,0
7669,0.0001,0
7670,0.0001,0
7671,0.0001,3
7672,0.0001,15
7673,0.0001,206
7674,0.0001,0
7675,0.0001,0
7676,0.0001,12
7677,0.0001,0
7678,0.0001,3
7679,0.0001,15
7680,0.0001,0
7681,0.0001,4
7682,0.0001,9
7683,0.0001,150
7684,0.0001,0
7685,0.0001,271
7686,0.0001,4
7687,0.0001,0
7688,0.0001,8
7689,0.0001,21
7690,0.0001,15
7691,0.0001,0
7692,0.0001,13
7693,0.0001,3
7694,0.0001,0
7695,0.0001,4
7696,0.0001,3
7697,0.0001,9
7698,0.0001,21
7699,0.0001,14
7700,0.0001,14
7701,0.0001,9
7702,0.0001,0
7703,0.0001,0
7704,0.0001,4
7705,0.0001,9
7706,0.0001,0
7707,0.0001,0
7708,0.0001,0
7709,0.0001,0
7710,0.0001,0
7711,0.0001,5
7712,0.0001,5
7713,0.0001,38
7714,0.0001,0
7715,0.0001,3
7716,0.0001,19
7717,0.0001,209
7718,0.0001,37
7719,0.0001,3
7720,0.0001,0
7721,0.0001,70
7722,0.0001,15
7723,0.0001,0
7724,0.0001,9
7725,0.0001,0
7726,0.0001,0
7727,0.0001,0
7728,0.0001,9
7729,0.0001,4
7730,0.0001,15
7731,0.0001,0
7732,0.0001,92
7733,0.0001,9
7734,0.0001,0
7735,0.0001,0
7736,0.0001,15
7737,0.0001,0
7738,0.0001,4
7739,0.0001,7
7740,0.0001,0
7741,0.0001,0
7742,0.0001,18
7743,0.0001,15
7744,0.0001,9
7745,0.0001,6
7746,0.0001,0
7747,0.0001,54
7748,0.0001,0
7749,0.0001,71
7750,0.0001,21
7751,0.0001,0
7752,0.0001,9
7753,0.0001,0
7754,0.0001,15
7755,0.0001,3
7756,0.0001,208
7757,0.0001,0
7758,0.0001,9
7759,0.0001,9
7760,0.0001,0
7761,0.0001,0
7762,0.0001,0
7763,0.0001,68
7764,0.0001,0
7765,0.0001,0
7766,0.0001,0
7767,0.0001,9
7768,0.0001,0
7769,0.0001,0
7770,0.0001,21
7771,0.0001,36
7772,0.0001,0
7773,0.0001,0
7774,0.0001,18
7775,0.0001,0
7776,0.0001,27
7777,0.0001,105
7778,0.0001,0
7779,0.0001,9
7780,0.0001,0
7781,0.0001,3
7782,0.0001,20
7783,0.0001,0
7784,0.0001,0
7785,0.0001,8
7786,0.0001,36
7787,0.0001,0
7788,0.0001,0
7789,0.0001,0
7790,0.0001,0
7791,0.0001,8
7792,0.0001,3
7793,0.0001,15
7794,0.0001,0
7795,0.0001,5
7796,0.0001,9
7797,0.0001,4
7798,0.0001,15
7799,0.0001,0
7800,0.0001,19
7801,0.0001,18
7802,0.0001,0
7803,0.0001,25
7804,0.0001,21
7805,0.0001,0
7806,0.0001,54
7807,0.0001,25
7808,0.0001,209
7809,0.0001,0
7810,0.0001,0
7811,0.0001,9
7812,0.0001,0
7813,0.0001,74
7814,0.0001,0
7815,0.0001,9
7816,0.0001,3
7817,0.0001,16
7818,0.0001,4
7819,0.0001,3
7820,0.0001,5
7821,0.0001,7
7822,0.0001,9
7823,0.0001,15
7824,0.0001,0
7825,0.0001,0
7826,0.0001,9
7827,0.0001,9
7828,0.0001,19
7829,0.0001,9
7830,0.0001,33
7831,0.0001,54
7832,0.0001,8
7833,0.0001,0
7834,0.0001,0
7835,0.0001,0
7836,0.0001,9
7837,0.0001,12
7838,0.0001,21
7839,0.0001,0
7840,0.0001,33
7841,0.0001,0
7842,0.0001,12
7843,0.0001,15
7844,0.0001,3
7845,0.0001,70
7846,0.0001,0
7847,0.0001,15
7848,0.0001,3
7849,0.0001,23
7850,0.0001,9
7851,0.0001,0
7852,0.0001,9
7853,0.0001,0
7854,0.0001,9
7855,0.0001,12
7856,0.0001,0
7857,0.0001,9
7858,0.0001,9
7859,0.0001,0
7860,0.0001,9
7861,0.0001,0
7862,0.0001,3
7863,0.0001,0
7864,0.0001,209
7865,0.0001,4
7866,0.0001,9
7867,0.0001,3
7868,0.0001,0
7869,0.0001,108
7870,0.0001,0
7871,0.0001,0
7872,0.0001,21
7873,0.0001,30
7874,0.0001,18
7875,0.0001,19
7876,0.0001,0
7877,0.0001,9
7878,0.0001,0
7879,0.0001,54
7880,0.0001,0
7881,0.0001,15
7882,0.0001,0
7883,0.0001,0
7884,0.0001,0
7885,0.0001,20
7886,0.0001,3
7887,0.0001,0
7888,0.0001,0
7889,0.0001,15
7890,0.0001,12
7891,0.0001,7
7892,0.0001,9
7893,0.0001,15
7894,0.0001,4
7895,0.0001,12
7896,0.0001,9
7897,0.0001,18
7898,0.0001,0
7899,0.0001,4
7900,0.0001,15
7901,0.0001,3
7902,0.0001,9
7903,0.0001,0
7904,0.0001,0
7905,0.0001,0
7906,0.0001,3
7907,0.0001,0
7908,0.0001,4
7909,0.0001,0
7910,0.0001,4
7911,0.0001,0
7912,0.0001,0
7913,0.0001,15
7914,0.0001,71
7915,0.0001,0
7916,0.0001,12
7917,0.0001,0
7918,0.0001,12
7919,0.0001,165
7920,0.0001,9
7921,0.0001,3
7922,0.0001,0
7923,0.0001,0
7924,0.0001,8
7925,0.0001,3
7926,0.0001,0
7927,0.0001,0
7928,0.0001,7
7929,0.0001,209
7930,0.0001,0
7931,0.0001,9
7932,0.0001,0
7933,0.0001,3
7934,0.0001,20
7935,0.0001,3
7936,0.0001,0
7937,0.0001,9
7938,0.0001,2
7939,0.0001,12
7940,0.0001,4
7941,0.0001,15
7942,0.0001,0
7943,0.0001,0
7944,0.0001,0
7945,0.0001,15
7946,0.0001,9
7947,0.0001,15
7948,0.0001,12
7949,0.0001,3
7950,0.0001,7
7951,0.0001,4
7952,0.0001,0
7953,0.0001,70
7954,0.0001,9
7955,0.0001,9
7956,0.0001,15
7957,0.0001,3
7958,0.0001,5
7959,0.0001,38
7960,0.0001,3
7961,0.0001,4
7962,0.0001,0
7963,0.0001,6
7964,0.0001,0
7965,0.0001,3
7966,0.0001,9
7967,0.0001,0
7968,0.0001,0
7969,0.0001,0
7970,0.0001,0
7971,0.0001,9
7972,0.0001,3
7973,0.0001,0
7974,0.0001,74
7975,0.0001,0
7976,0.0001,0
7977,0.0001,0
7978,0.0001,9
7979,0.0001,0
7980,0.0001,0
7981,0.0001,0
7982,0.0001,6
7983,0.0001,0
7984,0.0001,0
7985,0.0001,9
7986,0.0001,0
7987,0.0001,0
7988,0.0001,0
7989,0.0001,9
7990,0.0001,4
7991,0.0001,0
7992,0.0001,3
7993,0.0001,3
7994,0.0001,70
7995,0.0001,7
7996,0.0001,4
7997,0.0001,91
7998,0.0001,0
7999,0.0001,0
8000,0.0001,15
8001,0.0001,7
8002,0.0001,70
8003,0.0001,15
8004,0.0001,6
8005,0.0001,3
8006,0.0001,4
8007,0.0001,2
8008,0.0001,12
8009,0.0001,3
8010,0.0001,12
8011,0.0001,9
8012,0.0001,0
8013,0.0001,70
8014,0.0001,0
8015,0.0001,9
8016,0.0001,4
8017,0.0001,15
8018,0.0001,0
8019,0.0001,4
8020,0.0001,5
8021,0.0001,71
8022,0.0001,0
8023,0.0001,0
8024,0.0001,9
8025,0.0001,8
8026,0.0001,9
8027,0.0001,8
8028,0.0001,9
8029,0.0001,0
8030,0.0001,9
8031,0.0001,6
8032,0.0001,9
8033,0.0001,7
8034,0.0001,35
8035,0.0001,18
8036,0.0001,0
8037,0.0001,0
8038,0.0001,9
8039,0.0001,4
8040,0.0001,0
8041,0.0001,15
8042,0.0001,71
8043,0.0001,0
8044,0.0001,20
8045,0.0001,0
8046,0.0001,36
8047,0.0001,7
8048,0.0001,23
8049,0.0001,9
8050,0.0001,15
8051,0.0001,18
8052,0.0001,0
8053,0.0001,0
8054,0.0001,0
8055,0.0001,27
8056,0.0001,4
8057,0.0001,7
8058,0.0001,0
8059,0.0001,0
8060,0.0001,3
8061,0.0001,0
8062,0.0001,0
8063,0.0001,0
8064,0.0001,8
8065,0.0001,9
8066,0.0001,21
8067,0.0001,4
8068,0.0001,9
8069,0.0001,30
8070,0.0001,212
8071,0.0001,0
8072,0.0001,92
8073,0.0001,71
8074,0.0001,15
8075,0.0001,0
8076,0.0001,6
8077,0.0001,9
8078,0.0001,0
8079,0.0001,12
8080,0.0001,7
8081,0.0001,0
8082,0.0001,18
8083,0.0001,0
8084,0.0001,0
8085,0.0001,12
8086,0.0001,12
8087,0.0001,18
8088,0.0001,7
8089,0.0001,8
8090,0.0001,6
8091,0.0001,0
8092,0.0001,70
8093,0.0001,3
8094,0.0001,0
8095,0.0001,15
8096,0.0001,92
8097,0.0001,21
8098,0.0001,18
8099,0.0001,0
8100,0.0001,108
8101,0.0001,3
8102,0.0001,209
8103,0.0001,7
8104,0.0001,30
8105,0.0001,0
8106,0.0001,9
8107,0.0001,0
8108,0.0001,15
8109,0.0001,6
8110,0.0001,6
8111,0.0001,9
8112,0.0001,3
8113,0.0001,9
8114,0.0001,5
8115,0.0001,0
8116,0.0001,0
8117,0.0001,0
8118,0.0001,0
8119,0.0001,9
8120,0.0001,70
8121,0.0001,70
8122,0.0001,0
8123,0.0001,6
8124,0.0001,3
8125,0.0001,0
8126,0.0001,5
8127,0.0001,0
8128,0.0001,3
8129,0.0001,0
8130,0.0001,0
8131,0.0001,9
8132,0.0001,0
8133,0.0001,0
8134,0.0001,3
8135,0.0001,5
8136,0.0001,0
8137,0.0001,3
8138,0.0001,0
8139,0.0001,3
8140,0.0001,0
8141,0.0001,0
8142,0.0001,0
8143,0.0001,0
8144,0.0001,101
8145,0.0001,0
8146,0.0001,3
8147,0.0001,0
8148,0.0001,12
8149,0.0001,32
8150,0.0001,12
8151,0.0001,0
8152,0.0001,9
8153,0.0001,0
8154,0.0001,15
8155,0.0001,54
8156,0.0001,9
8157,0.0001,9
8158,0.0001,17
8159,0.0001,18
8160,0.0001,0
8161,0.0001,12
8162,0.0001,0
8163,0.0001,0
8164,0.0001,3
8165,0.0001,0
8166,0.0001,8
8167,0.0001,15
8168,0.0001,69
8169,0.0001,8
8170,0.0001,6
8171,0.0001,21
8172,0.0001,3
8173,0.0001,9
8174,0.0001,0
8175,0.0001,0
8176,0.0001,0
8177,0.0001,71
8178,0.0001,3
8179,0.0001,0
8180,0.0001,15
8181,0.0001,21
8182,0.0001,0
8183,0.0001,7
8184,0.0001,15
8185,0.0001,9
8186,0.0001,18
8187,0.0001,0
8188,0.0001,0
8189,0.0001,0
8190,0.0001,0
8191,0.0001,12
8192,0.0001,30
8193,0.0001,0
8194,0.0001,0
8195,0.0001,0
8196,0.0001,0
8197,0.0001,7
8198,0.0001,7
8199,0.0001,27
8200,0.0001,15
8201,0.0001,23
8202,0.0001,0
8203,0.0001,0
8204,0.0001,4
8205,0.0001,27
8206,0.0001,71
8207,0.0001,60
8208,0.0001,209
8209,0.0001,0
8210,0.0001,3
8211,0.0001,14
8212,0.0001,15
8213,0.0001,9
8214,0.0001,12
8215,0.0001,15
8216,0.0001,0
8217,0.0001,3
8218,0.0001,15
8219,0.0001,3
8220,0.0001,15
8221,0.0001,0
8222,0.0001,3
8223,0.0001,9
8224,0.0001,3
8225,0.0001,0
8226,0.0001,12
8227,0.0001,23
8228,0.0001,0
8229,0.0001,7
8230,0.0001,14
8231,0.0001,4
8232,0.0001,15
8233,0.0001,12
8234,0.0001,9
8235,0.0001,3
8236,0.0001,3
8237,0.0001,8
8238,0.0001,3
8239,0.0001,0
8240,0.0001,0
8241,0.0001,3
8242,0.0001,0
8243,0.0001,209
8244,0.0001,0
8245,0.0001,21
8246,0.0001,4
8247,0.0001,7
8248,0.0001,9
8249,0.0001,0
8250,0.0001,3
8251,0.0001,74
8252,0.0001,209
8253,0.0001,0
8254,0.0001,8
8255,0.0001,3
8256,0.0001,5
8257,0.0001,0
8258,0.0001,92
8259,0.0001,20
8260,0.0001,0
8261,0.0001,12
8262,0.0001,36
8263,0.0001,9
8264,0.0001,9
8265,0.0001,5
8266,0.0001,0
8267,0.0001,30
8268,0.0001,195
8269,0.0001,0
8270,0.0001,0
8271,0.0001,0
8272,0.0001,0
8273,0.0001,9
8274,0.0001,0
8275,0.0001,70
8276,0.0001,6
8277,0.0001,3
8278,0.0001,4
8279,0.0001,3
8280,0.0001,9
8281,0.0001,9
8282,0.0001,0
8283,0.0001,75
8284,0.0001,0
8285,0.0001,0
8286,0.0001,0
8287,0.0001,9
8288,0.0001,0
8289,0.0001,21
8290,0.0001,0
8291,0.0001,5
8292,0.0001,0
8293,0.0001,0
8294,0.0001,0
8295,0.0001,7
8296,0.0001,54
8297,0.0001,57
8298,0.0001,0
8299,0.0001,0
8300,0.0001,14
8301,0.0001,0
8302,0.0001,21
8303,0.0001,57
8304,0.0001,4
8305,0.0001,0
8306,0.0001,0
8307,0.0001,21
8308,0.0001,9
8309,0.0001,0
8310,0.0001,14
8311,0.0001,92
8312,0.0001,14
8313,0.0001,0
8314,0.0001,7
8315,0.0001,0
8316,0.0001,0
8317,0.0001,15
8318,0.0001,15
8319,0.0001,0
8320,0.0001,0
8321,0.0001,3
8322,0.0001,0
8323,0.0001,8
8324,0.0001,9
8325,0.0001,45
8326,0.0001,20
8327,0.0001,99
8328,0.0001,6
8329,0.0001,0
8330,0.0001,6
8331,0.0001,15
8332,0.0001,21
8333,0.0001,0
8334,0.0001,12
8335,0.0001,0
8336,0.0001,0
8337,0.0001,0
8338,0.0001,0
8339,0.0001,0
8340,0.0001,3
8341,0.0001,0
8342,0.0001,0
8343,0.0001,18
8344,0.0001,7
8345,0.0001,18
8346,0.0001,9
8347,0.0001,9
8348,0.0001,221
8349,0.0001,0
8350,0.0001,9
8351,0.0001,71
8352,0.0001,6
8353,0.0001,18
8354,0.0001,4
8355,0.0001,0
8356,0.0001,14
8357,0.0001,4
8358,0.0001,0
8359,0.0001,3
8360,0.0001,0
8361,0.0001,9
8362,0.0001,102
8363,0.0001,0
8364,0.0001,0
8365,0.0001,9
8366,0.0001,30
8367,0.0001,0
8368,0.0001,90
8369,0.0001,0
8370,0.0001,0
8371,0.0001,206
8372,0.0001,15
8373,0.0001,0
8374,0.0001,5
8375,0.0001,0
8376,0.0001,8
8377,0.0001,0
8378,0.0001,3
8379,0.0001,3
8380,0.0001,9
8381,0.0001,3
8382,0.0001,9
8383,0.0001,0
8384,0.0001,3
8385,0.0001,15
8386,0.0001,4
8387,0.0001,0
8388,0.0001,9
8389,0.0001,90
8390,0.0001,0
8391,0.0001,6
8392,0.0001,5
8393,0.0001,3
8394,0.0001,11
8395,0.0001,68
8396,0.0001,9
8397,0.0001,9
8398,0.0001,6
8399,0.0001,9
8400,0.0001,4
8401,0.0001,9
8402,0.0001,8
8403,0.0001,0
8404,0.0001,0
8405,0.0001,82
8406,0.0001,3
8407,0.0001,3
8408,0.0001,15
8409,0.0001,0
8410,0.0001,0
8411,0.0001,0
8412,0.0001,9
8413,0.0001,0
8414,0.0001,3
8415,0.0001,0
8416,0.0001,4
8417,0.0001,8
8418,0.0001,0
8419,0.0001,0
8420,0.0001,9
8421,0.0001,0
8422,0.0001,4
8423,0.0001,3
8424,0.0001,0
8425,0.0001,7
8426,0.0001,4
8427,0.0001,3
8428,0.0001,16
8429,0.0001,0
8430,0.0001,3
8431,0.0001,12
8432,0.0001,36
8433,0.0001,9
8434,0.0001,73
8435,0.0001,9
8436,0.0001,0
8437,0.0001,18
8438,0.0001,9
8439,0.0001,0
8440,0.0001,18
8441,0.0001,0
8442,0.0001,0
8443,0.0001,0
8444,0.0001,37
8445,0.0001,9
8446,0.0001,0
8447,0.0001,0
8448,0.0001,0
8449,0.0001,16
8450,0.0001,5
8451,0.0001,22
8452,0.0001,70
8453,0.0001,9
8454,0.0001,0
8455,0.0001,4
8456,0.0001,0
8457,0.0001,5
8458,0.0001,0
8459,0.0001,9
8460,0.0001,0
8461,0.0001,0
8462,0.0001,0
8463,0.0001,3
8464,0.0001,0
8465,0.0001,15
8466,0.0001,9
8467,0.0001,4
8468,0.0001,0
8469,0.0001,3
8470,0.0001,3
8471,0.0001,0
8472,0.0001,7
8473,0.0001,0
8474,0.0001,80
8475,0.0001,75
8476,0.0001,17
8477,0.0001,25
8478,0.0001,0
8479,0.0001,7
8480,0.0001,9
8481,0.0001,0
8482,0.0001,0
8483,0.0001,5
8484,0.0001,3
8485,0.0001,0
8486,0.0001,0
8487,0.0001,0
8488,0.0001,30
8489,0.0001,12
8490,0.0001,0
8491,0.0001,21
8492,0.0001,3
8493,0.0001,99
8494,0.0001,3
8495,0.0001,475
8496,0.0001,9
8497,0.0001,14
8498,0.0001,0
8499,0.0001,0
8500,0.0001,4
8501,0.0001,15
8502,0.0001,3
8503,0.0001,0
8504,0.0001,15
8505,0.0001,9
8506,0.0001,209
8507,0.0001,70
8508,0.0001,3
8509,0.0001,14
8510,0.0001,21
8511,0.0001,0
8512,0.0001,0
8513,0.0001,4
8514,0.0001,15
8515,0.0001,19
8516,0.0001,0
8517,0.0001,0
8518,0.0001,9
8519,0.0001,0
8520,0.0001,3
8521,0.0001,0
8522,0.0001,0
8523,0.0001,0
8524,0.0001,4
8525,0.0001,70
8526,0.0001,3
8527,0.0001,3
8528,0.0001,0
8529,0.0001,8
8530,0.0001,0
8531,0.0001,0
8532,0.0001,8
8533,0.0001,6
8534,0.0001,0
8535,0.0001,9
8536,0.0001,0
8537,0.0001,9
8538,0.0001,0
8539,0.0001,0
8540,0.0001,0
8541,0.0001,5
8542,0.0001,12
8543,0.0001,6
8544,0.0001,9
8545,0.0001,15
8546,0.0001,5
8547,0.0001,15
8548,0.0001,8
8549,0.0001,3
8550,0.0001,9
8551,0.0001,15
8552,0.0001,15
8553,0.0001,0
8554,0.0001,7
8555,0.0001,55
8556,0.0001,0
8557,0.0001,0
8558,0.0001,0
8559,0.0001,9
8560,0.0001,12
8561,0.0001,0
8562,0.0001,129
8563,0.0001,30
8564,0.0001,0
8565,0.0001,0
8566,0.0001,7
8567,0.0001,4
8568,0.0001,0
8569,0.0001,3
8570,0.0001,45
8571,0.0001,0
8572,0.0001,43
8573,0.0001,0
8574,0.0001,108
8575,0.0001,4
8576,0.0001,108
8577,0.0001,16
8578,0.0001,0
8579,0.0001,9
8580,0.0001,5
8581,0.0001,15
8582,0.0001,0
8583,0.0001,7
8584,0.0001,0
8585,0.0001,12
8586,0.0001,6
8587,0.0001,20
8588,0.0001,0
8589,0.0001,0
8590,0.0001,0
8591,0.0001,70
8592,0.0001,0
8593,0.0001,15
8594,0.0001,12
8595,0.0001,6
8596,0.0001,274
8597,0.0001,0
8598,0.0001,0
8599,0.0001,3
8600,0.0001,5
8601,0.0001,3
8602,0.0001,15
8603,0.0001,35
8604,0.0001,12
8605,0.0001,4
8606,0.0001,0
8607,0.0001,0
8608,0.0001,7
8609,0.0001,19
8610,0.0001,69
8611,0.0001,0
8612,0.0001,4
8613,0.0001,0
8614,0.0001,9
8615,0.0001,5
8616,0.0001,0
8617,0.0001,73
8618,0.0001,4
8619,0.0001,0
8620,0.0001,0
8621,0.0001,15
8622,0.0001,3
8623,0.0001,12
8624,0.0001,27
8625,0.0001,18
8626,0.0001,7
8627,0.0001,0
8628,0.0001,0
8629,0.0001,12
8630,0.0001,35
8631,0.0001,0
8632,0.0001,3
8633,0.0001,9
8634,0.0001,6
8635,0.0001,12
8636,0.0001,209
8637,0.0001,9
8638,0.0001,92
8639,0.0001,0
8640,0.0001,15
8641,0.0001,0
8642,0.0001,0
8643,0.0001,18
8644,0.0001,3
8645,0.0001,208
8646,0.0001,3
8647,0.0001,6
8648,0.0001,3
8649,0.0001,106
8650,0.0001,0
8651,0.0001,7
8652,0.0001,15
8653,0.0001,3
8654,0.0001,6
8655,0.0001,0
8656,0.0001,0
8657,0.0001,71
8658,0.0001,0
8659,0.0001,0
8660,0.0001,12
8661,0.0001,20
8662,0.0001,0
8663,0.0001,274
8664,0.0001,9
8665,0.0001,9
8666,0.0001,0
8667,0.0001,0
8668,0.0001,0
8669,0.0001,0
8670,0.0001,3
8671,0.0001,35
8672,0.0001,12
8673,0.0001,3
8674,0.0001,21
8675,0.0001,0
8676,0.0001,0
8677,0.0001,18
8678,0.0001,0
8679,0.0001,20
8680,0.0001,0
8681,0.0001,0
8682,0.0001,27
8683,0.0001,71
8684,0.0001,15
8685,0.0001,0
8686,0.0001,9
8687,0.0001,0
8688,0.0001,20
8689,0.0001,35
8690,0.0001,15
8691,0.0001,18
8692,0.0001,37
8693,0.0001,15
8694,0.0001,0
8695,0.0001,9
8696,0.0001,4
8697,0.0001,57
8698,0.0001,0
8699,0.0001,0
8700,0.0001,9
8701,0.0001,0
8702,0.0001,0
8703,0.0001,15
8704,0.0001,15
8705,0.0001,9
8706,0.0001,4
8707,0.0001,90
8708,0.0001,9
8709,0.0001,9
8710,0.0001,2
8711,0.0001,3
8712,0.0001,0
8713,0.0001,71
8714,0.0001,0
8715,0.0001,3
8716,0.0001,0
8717,0.0001,0
8718,0.0001,0
8719,0.0001,0
8720,0.0001,9
8721,0.0001,3
8722,0.0001,23
8723,0.0001,6
8724,0.0001,0
8725,0.0001,80
8726,0.0001,70
8727,0.0001,4
8728,0.0001,0
8729,0.0001,12
8730,0.0001,4
8731,0.0001,209
8732,0.0001,0
8733,0.0001,209
8734,0.0001,8
8735,0.0001,0
8736,0.0001,8
8737,0.0001,4
8738,0.0001,18
8739,0.0001,0
8740,0.0001,9
8741,0.0001,0
8742,0.0001,0
8743,0.0001,0
8744,0.0001,0
8745,0.0001,0
8746,0.0001,5
8747,0.0001,9
8748,0.0001,9
8749,0.0001,15
8750,0.0001,3
8751,0.0001,0
8752,0.0001,102
8753,0.0001,20
8754,0.0001,15
8755,0.0001,5
8756,0.0001,0
8757,0.0001,21
8758,0.0001,12
8759,0.0001,0
8760,0.0001,3
8761,0.0001,21
8762,0.0001,15
8763,0.0001,9
8764,0.0001,15
8765,0.0001,0
8766,0.0001,9
8767,0.0001,6
8768,0.0001,15
8769,0.0001,18
8770,0.0001,9
8771,0.0001,9
8772,0.0001,0
8773,0.0001,9
8774,0.0001,41
8775,0.0001,30
8776,0.0001,5
8777,0.0001,0
8778,0.0001,0
8779,0.0001,5
8780,0.0001,0
8781,0.0001,0
8782,0.0001,206
8783,0.0001,0
8784,0.0001,475
8785,0.0001,9
8786,0.0001,6
8787,0.0001,0
8788,0.0001,12
8789,0.0001,0
8790,0.0001,0
8791,0.0001,0
8792,0.0001,0
8793,0.0001,21
8794,0.0001,15
8795,0.0001,0
8796,0.0001,9
8797,0.0001,0
8798,0.0001,0
8799,0.0001,0
8800,0.0001,18
8801,0.0001,8
8802,0.0001,0
8803,0.0001,15
8804,0.0001,0
8805,0.0001,0
8806,0.0001,20
8807,0.0001,21
8808,0.0001,0
8809,0.0001,17
8810,0.0001,0
8811,0.0001,101
8812,0.0001,8
8813,0.0001,3
8814,0.0001,0
8815,0.0001,0
8816,0.0001,70
8817,0.0001,0
8818,0.0001,12
8819,0.0001,18
8820,0.0001,15
8821,0.0001,4
8822,0.0001,9
8823,0.0001,9
8824,0.0001,9
8825,0.0001,4
8826,0.0001,9
8827,0.0001,2
8828,0.0001,3
8829,0.0001,0
8830,0.0001,9
8831,0.0001,0
8832,0.0001,12
8833,0.0001,0
8834,0.0001,9
8835,0.0001,0
8836,0.0001,4
8837,0.0001,0
8838,0.0001,5
8839,0.0001,4
8840,0.0001,18
8841,0.0001,20
8842,0.0001,0
8843,0.0001,15
8844,0.0001,70
8845,0.0001,3
8846,0.0001,9
8847,0.0001,102
8848,0.0001,8
8849,0.0001,15
8850,0.0001,18
8851,0.0001,0
8852,0.0001,70
8853,0.0001,9
8854,0.0001,0
8855,0.0001,12
8856,0.0001,0
8857,0.0001,18
8858,0.0001,0
8859,0.0001,4
8860,0.0001,0
8861,0.0001,4
8862,0.0001,0
8863,0.0001,9
8864,0.0001,0
8865,0.0001,0
8866,0.0001,9
8867,0.0001,0
8868,0.0001,0
8869,0.0001,69
8870,0.0001,0
8871,0.0001,9
8872,0.0001,15
8873,0.0001,0
8874,0.0001,0
8875,0.0001,0
8876,0.0001,0
8877,0.0001,45
8878,0.0001,0
8879,0.0001,0
8880,0.0001,0
8881,0.0001,0
8882,0.0001,15
8883,0.0001,0
8884,0.0001,0
8885,0.0001,12
8886,0.0001,0
8887,0.0001,0
8888,0.0001,342
8889,0.0001,0
8890,0.0001,15
8891,0.0001,7
8892,0.0001,3
8893,0.0001,3
8894,0.0001,9
8895,0.0001,0
8896,0.0001,7
8897,0.0001,15
8898,0.0001,0
8899,0.0001,9
8900,0.0001,12
8901,0.0001,15
8902,0.0001,7
8903,0.0001,20
8904,0.0001,6
8905,0.0001,4
8906,0.0001,0
8907,0.0001,8
8908,0.0001,0
8909,0.0001,12
8910,0.0001,18
8911,0.0001,2
8912,0.0001,23
8913,0.0001,9
8914,0.0001,12
8915,0.0001,0
8916,0.0001,0
8917,0.0001,0
8918,0.0001,0
8919,0.0001,4
8920,0.0001,15
8921,0.0001,0
8922,0.0001,12
8923,0.0001,0
8924,0.0001,0
8925,0.0001,0
8926,0.0001,0
8927,0.0001,3
8928,0.0001,70
8929,0.0001,30
8930,0.0001,9
8931,0.0001,9
8932,0.0001,0
8933,0.0001,344
8934,0.0001,0
8935,0.0001,18
8936,0.0001,0
8937,0.0001,0
8938,0.0001,4
8939,0.0001,3
8940,0.0001,12
8941,0.0001,8
8942,0.0001,28
8943,0.0001,0
8944,0.0001,9
8945,0.0001,17
8946,0.0001,9
8947,0.0001,0
8948,0.0001,0
8949,0.0001,69
8950,0.0001,0
8951,0.0001,0
8952,0.0001,0
8953,0.0001,0
8954,0.0001,0
8955,0.0001,70
8956,0.0001,3
8957,0.0001,4
8958,0.0001,0
8959,0.0001,0
8960,0.0001,21
8961,0.0001,0
8962,0.0001,0
8963,0.0001,9
8964,0.0001,209
8965,0.0001,17
8966,0.0001,12
8967,0.0001,3
8968,0.0001,20
8969,0.0001,0
8970,0.0001,150
8971,0.0001,3
8972,0.0001,14
8973,0.0001,15
8974,0.0001,9
8975,0.0001,0
8976,0.0001,0
8977,0.0001,0
8978,0.0001,5
8979,0.0001,0
8980,0.0001,0
8981,0.0001,35
8982,0.0001,3
8983,0.0001,15
8984,0.0001,0
8985,0.0001,206
8986,0.0001,71
8987,0.0001,0
8988,0.0001,3
8989,0.0001,9
8990,0.0001,70
8991,0.0001,0
8992,0.0001,0
8993,0.0001,3
8994,0.0001,0
8995,0.0001,12
8996,0.0001,15
8997,0.0001,15
8998,0.0001,0
8999,0.0001,23
9000,0.0001,12
9001,0.0001,0
9002,0.0001,0
9003,0.0001,9
9004,0.0001,0
9005,0.0001,5
9006,0.0001,0
9007,0.0001,0
9008,0.0001,12
9009,0.0001,0
9010,0.0001,9
9011,0.0001,0
9012,0.0001,12
9013,0.0001,5
9014,0.0001,0
9015,0.0001,5
9016,0.0001,5
9017,0.0001,0
9018,0.0001,3
9019,0.0001,5
9020,0.0001,150
9021,0.0001,3
9022,0.0001,21
9023,0.0001,0
9024,0.0001,9
9025,0.0001,0
9026,0.0001,0
9027,0.0001,0
9028,0.0001,0
9029,0.0001,3
9030,0.0001,75
9031,0.0001,12
9032,0.0001,106
9033,0.0001,4
9034,0.0001,15
9035,0.0001,0
9036,0.0001,0
9037,0.0001,2
9038,0.0001,18
9039,0.0001,0
9040,0.0001,6
9041,0.0001,3
9042,0.0001,46
9043,0.0001,0
9044,0.0001,27
9045,0.0001,37
9046,0.0001,16
9047,0.0001,3
9048,0.0001,0
9049,0.0001,15
9050,0.0001,6
9051,0.0001,0
9052,0.0001,0
9053,0.0001,274
9054,0.0001,0
9055,0.0001,0
9056,0.0001,0
9057,0.0001,0
9058,0.0001,3
9059,0.0001,0
9060,0.0001,3
9061,0.0001,20
9062,0.0001,3
9063,0.0001,5
9064,0.0001,30
9065,0.0001,0
9066,0.0001,12
9067,0.0001,30
9068,0.0001,3
9069,0.0001,0
9070,0.0001,19
9071,0.0001,92
9072,0.0001,0
9073,0.0001,63
9074,0.0001,0
9075,0.0001,9
9076,0.0001,0
9077,0.0001,0
9078,0.0001,4
9079,0.0001,21
9080,0.0001,9
9081,0.0001,12
9082,0.0001,19
9083,0.0001,3
9084,0.0001,0
9085,0.0001,12
9086,0.0001,0
9087,0.0001,3
9088,0.0001,0
9089,0.0001,0
9090,0.0001,0
9091,0.0001,5
9092,0.0001,37
9093,0.0001,3
9094,0.0001,8
9095,0.0001,0
9096,0.0001,20
9097,0.0001,0
9098,0.0001,0
9099,0.0001,9
9100,0.0001,20
9101,0.0001,0
9102,0.0001,70
9103,0.0001,0
9104,0.0001,21
9105,0.0001,0
9106,0.0001,15
9107,0.0001,3
9108,0.0001,0
9109,0.0001,9
9110,0.0001,3
9111,0.0001,4
9112,0.0001,6
9113,0.0001,12
9114,0.0001,9
9115,0.0001,0
9116,0.0001,3
9117,0.0001,15
9118,0.0001,0
9119,0.0001,0
9120,0.0001,9
9121,0.0001,3
9122,0.0001,9
9123,0.0001,71
9124,0.0001,15
9125,0.0001,3
9126,0.0001,0
9127,0.0001,5
9128,0.0001,9
9129,0.0001,0
9130,0.0001,13
9131,0.0001,0
9132,0.0001,3
9133,0.0001,0
9134,0.0001,209
9135,0.0001,9
9136,0.0001,0
9137,0.0001,8
9138,0.0001,4
9139,0.0001,9
9140,0.0001,9
9141,0.0001,0
9142,0.0001,0
9143,0.0001,4
9144,0.0001,0
9145,0.0001,108
9146,0.0001,9
9147,0.0001,70
9148,0.0001,6
9149,0.0001,3
9150,0.0001,21
9151,0.0001,25
9152,0.0001,3
9153,0.0001,0
9154,0.0001,0
9155,0.0001,3
9156,0.0001,0
9157,0.0001,0
9158,0.0001,0
9159,0.0001,12
9160,0.0001,0
9161,0.0001,16
9162,0.0001,4
9163,0.0001,0
9164,0.0001,36
9165,0.0001,8
9166,0.0001,30
9167,0.0001,206
9168,0.0001,0
9169,0.0001,12
9170,0.0001,9
9171,0.0001,6
9172,0.0001,0
9173,0.0001,0
9174,0.0001,21
9175,0.0001,18
9176,0.0001,9
9177,0.0001,0
9178,0.0001,4
9179,0.0001,0
9180,0.0001,0
9181,0.0001,0
9182,0.0001,9
9183,0.0001,0
9184,0.0001,71
9185,0.0001,3
9186,0.0001,3
9187,0.0001,18
9188,0.0001,0
9189,0.0001,4
9190,0.0001,3
9191,0.0001,92
9192,0.0001,0
9193,0.0001,7
9194,0.0001,4
9195,0.0001,71
9196,0.0001,4
9197,0.0001,3
9198,0.0001,206
9199,0.0001,150
9200,0.0001,4
9201,0.0001,8
9202,0.0001,15
9203,0.0001,0
9204,0.0001,9
9205,0.0001,9
9206,0.0001,18
9207,0.0001,0
9208,0.0001,0
9209,0.0001,0
9210,0.0001,215
9211,0.0001,15
9212,0.0001,0
9213,0.0001,21
9214,0.0001,5
9215,0.0001,0
9216,0.0001,9
9217,0.0001,38
9218,0.0001,21
9219,0.0001,0
9220,0.0001,18
9221,0.0001,34
9222,0.0001,15
9223,0.0001,4
9224,0.0001,0
9225,0.0001,0
9226,0.0001,0
9227,0.0001,0
9228,0.0001,0
9229,0.0001,4
9230,0.0001,4
9231,0.0001,9
9232,0.0001,0
9233,0.0001,7
9234,0.0001,21
9235,0.0001,7
9236,0.0001,0
9237,0.0001,9
9238,0.0001,12
9239,0.0001,21
9240,0.0001,0
9241,0.0001,3
9242,0.0001,3
9243,0.0001,5
9244,0.0001,4
9245,0.0001,7
9246,0.0001,9
9247,0.0001,18
9248,0.0001,21
9249,0.0001,0
9250,0.0001,9
9251,0.0001,0
9252,0.0001,0
9253,0.0001,0
9254,0.0001,0
9255,0.0001,3
9256,0.0001,3
9257,0.0001,6
9258,0.0001,21
9259,0.0001,0
9260,0.0001,9
9261,0.0001,9
9262,0.0001,0
9263,0.0001,5
9264,0.0001,0
9265,0.0001,12
9266,0.0001,0
9267,0.0001,6
9268,0.0001,0
9269,0.0001,0
9270,0.0001,4
9271,0.0001,70
9272,0.0001,12
9273,0.0001,0
9274,0.0001,0
9275,0.0001,3
9276,0.0001,69
9277,0.0001,6
9278,0.0001,3
9279,0.0001,0
9280,0.0001,3
9281,0.0001,6
9282,0.0001,12
9283,0.0001,0
9284,0.0001,9
9285,0.0001,0
9286,0.0001,4
9287,0.0001,3
9288,0.0001,3
9289,0.0001,71
9290,0.0001,6
9291,0.0001,25
9292,0.0001,0
9293,0.0001,0
9294,0.0001,4
9295,0.0001,0
9296,0.0001,9
9297,0.0001,3
9298,0.0001,0
9299,0.0001,3
9300,0.0001,0
9301,0.0001,12
9302,0.0001,0
9303,0.0001,4
9304,0.0001,0
9305,0.0001,114
9306,0.0001,0
9307,0.0001,15
9308,0.0001,0
9309,0.0001,9
9310,0.0001,9
9311,0.0001,4
9312,0.0001,9
9313,0.0001,0
9314,0.0001,3
9315,0.0001,0
9316,0.0001,0
9317,0.0001,0
9318,0.0001,0
9319,0.0001,12
9320,0.0001,4
9321,0.0001,0
9322,0.0001,7
9323,0.0001,0
9324,0.0001,16
9325,0.0001,91
9326,0.0001,21
9327,0.0001,36
9328,0.0001,12
9329,0.0001,9
9330,0.0001,5
9331,0.0001,0
9332,0.0001,9
9333,0.0001,3
9334,0.0001,206
9335,0.0001,6
9336,0.0001,9
9337,0.0001,5
9338,0.0001,9
9339,0.0001,18
9340,0.0001,33
9341,0.0001,7
9342,0.0001,0
9343,0.0001,0
9344,0.0001,6
9345,0.0001,0
9346,0.0001,12
9347,0.0001,20
9348,0.0001,18
9349,0.0001,3
9350,0.0001,7
9351,0.0001,0
9352,0.0001,0
9353,0.0001,3
9354,0.0001,236
9355,0.0001,12
9356,0.0001,9
9357,0.0001,0
9358,0.0001,15
9359,0.0001,9
9360,0.0001,0
9361,0.0001,30
9362,0.0001,4
9363,0.0001,6
9364,0.0001,3
9365,0.0001,5
9366,0.0001,9
9367,0.0001,15
9368,0.0001,3
9369,0.0001,9
9370,0.0001,2
9371,0.0001,0
9372,0.0001,12
9373,0.0001,80
9374,0.0001,0
9375,0.0001,3
9376,0.0001,0
9377,0.0001,0
9378,0.0001,0
9379,0.0001,15
9380,0.0001,6
9381,0.0001,74
9382,0.0001,71
9383,0.0001,3
9384,0.0001,15
9385,0.0001,30
9386,0.0001,344
9387,0.0001,0
9388,0.0001,9
9389,0.0001,12
9390,0.0001,0
9391,0.0001,4
9392,0.0001,9
9393,0.0001,0
9394,0.0001,7
9395,0.0001,3
9396,0.0001,7
9397,0.0001,3
9398,0.0001,0
9399,0.0001,36
9400,0.0001,0
9401,0.0001,9
9402,0.0001,5
9403,0.0001,34
9404,0.0001,0
9405,0.0001,5
9406,0.0001,0
9407,0.0001,0
9408,0.0001,27
9409,0.0001,9
9410,0.0001,0
9411,0.0001,0
9412,0.0001,0
9413,0.0001,21
9414,0.0001,4
9415,0.0001,0
9416,0.0001,0
9417,0.0001,20
9418,0.0001,91
9419,0.0001,209
9420,0.0001,69
9421,0.0001,214
9422,0.0001,20
9423,0.0001,0
9424,0.0001,9
9425,0.0001,0
9426,0.0001,4
9427,0.0001,9
9428,0.0001,2
9429,0.0001,9
9430,0.0001,7
9431,0.0001,57
9432,0.0001,21
9433,0.0001,4
9434,0.0001,9
9435,0.0001,0
9436,0.0001,70
9437,0.0001,0
9438,0.0001,14
9439,0.0001,3
9440,0.0001,43
9441,0.0001,9
9442,0.0001,0
9443,0.0001,71
9444,0.0001,0
9445,0.0001,3
9446,0.0001,0
9447,0.0001,45
9448,0.0001,0
9449,0.0001,3
9450,0.0001,9
9451,0.0001,0
9452,0.0001,0
9453,0.0001,4
9454,0.0001,3
9455,0.0001,6
9456,0.0001,9
9457,0.0001,0
9458,0.0001,0
9459,0.0001,9
9460,0.0001,4
9461,0.0001,9
9462,0.0001,3
9463,0.0001,3
9464,0.0001,0
9465,0.0001,7
9466,0.0001,0
9467,0.0001,75
9468,0.0001,0
9469,0.0001,0
9470,0.0001,0
9471,0.0001,12
9472,0.0001,0
9473,0.0001,4
9474,0.0001,63
9475,0.0001,0
9476,0.0001,3
9477,0.0001,21
9478,0.0001,15
9479,0.0001,9
9480,0.0001,0
9481,0.0001,0
9482,0.0001,7
9483,0.0001,0
9484,0.0001,6
9485,0.0001,0
9486,0.0001,12
9487,0.0001,20
9488,0.0001,15
9489,0.0001,0
9490,0.0001,15
9491,0.0001,3
9492,0.0001,12
9493,0.0001,9
9494,0.0001,12
9495,0.0001,0
9496,0.0001,0
9497,0.0001,9
9498,0.0001,15
9499,0.0001,23
9500,0.0001,0
9501,0.0001,105
9502,0.0001,0
9503,0.0001,19
9504,0.0001,0
9505,0.0001,3
9506,0.0001,9
9507,0.0001,3
9508,0.0001,0
9509,0.0001,8
9510,0.0001,0
9511,0.0001,75
9512,0.0001,15
9513,0.0001,0
9514,0.0001,0
9515,0.0001,4
9516,0.0001,0
9517,0.0001,2
9518,0.0001,7
9519,0.0001,15
9520,0.0001,0
9521,0.0001,57
9522,0.0001,12
9523,0.0001,17
9524,0.0001,15
9525,0.0001,0
9526,0.0001,0
9527,0.0001,0
9528,0.0001,9
9529,0.0001,9
9530,0.0001,0
9531,0.0001,15
9532,0.0001,71
9533,0.0001,0
9534,0.0001,0
9535,0.0001,0
9536,0.0001,4
9537,0.0001,0
9538,0.0001,3
9539,0.0001,9
9540,0.0001,0
9541,0.0001,0
9542,0.0001,0
9543,0.0001,10
9544,0.0001,0
9545,0.0001,0
9546,0.0001,70
9547,0.0001,3
9548,0.0001,0
9549,0.0001,0
9550,0.0001,3
9551,0.0001,3
9552,0.0001,9
9553,0.0001,0
9554,0.0001,0
9555,0.0001,21
9556,0.0001,3
9557,0.0001,0
9558,0.0001,0
9559,0.0001,38
9560,0.0001,12
9561,0.0001,0
9562,0.0001,9
9563,0.0001,4
9564,0.0001,4
9565,0.0001,0
9566,0.0001,0
9567,0.0001,0
9568,0.0001,0
9569,0.0001,12
9570,0.0001,6
9571,0.0001,0
9572,0.0001,18
9573,0.0001,15
9574,0.0001,3
9575,0.0001,0
9576,0.0001,0
9577,0.0001,9
9578,0.0001,4
9579,0.0001,12
9580,0.0001,3
9581,0.0001,9
9582,0.0001,30
9583,0.0001,23
9584,0.0001,0
9585,0.0001,9
9586,0.0001,18
9587,0.0001,4
9588,0.0001,18
9589,0.0001,4
9590,0.0001,0
9591,0.0001,0
9592,0.0001,19
9593,0.0001,0
9594,0.0001,0
9595,0.0001,0
9596,0.0001,9
9597,0.0001,0
9598,0.0001,9
9599,0.0001,3
9600,0.0001,20
9601,0.0001,9
9602,0.0001,0
9603,0.0001,0
9604,0.0001,101
9605,0.0001,70
9606,0.0001,9
9607,0.0001,0
9608,0.0001,69
9609,0.0001,0
9610,0.0001,9
9611,0.0001,17
9612,0.0001,12
9613,0.0001,0
9614,0.0001,7
9615,0.0001,28
9616,0.0001,0
9617,0.0001,35
9618,0.0001,0
9619,0.0001,8
9620,0.0001,0
9621,0.0001,9
9622,0.0001,209
9623,0.0001,4
9624,0.0001,0
9625,0.0001,15
9626,0.0001,3
9627,0.0001,9
9628,0.0001,71
9629,0.0001,9
9630,0.0001,0
9631,0.0001,33
9632,0.0001,71
9633,0.0001,8
9634,0.0001,0
9635,0.0001,9
9636,0.0001,5
9637,0.0001,0
9638,0.0001,3
9639,0.0001,70
9640,0.0001,3
9641,0.0001,12
9642,0.0001,3
9643,0.0001,21
9644,0.0001,0
9645,0.0001,0
9646,0.0001,4
9647,0.0001,0
9648,0.0001,12
9649,0.0001,21
9650,0.0001,0
9651,0.0001,3
9652,0.0001,6
9653,0.0001,15
9654,0.0001,15
9655,0.0001,5
9656,0.0001,0
9657,0.0001,12
9658,0.0001,0
9659,0.0001,4
9660,0.0001,12
9661,0.0001,3
9662,0.0001,0
9663,0.0001,12
9664,0.0001,236
9665,0.0001,30
9666,0.0001,0
9667,0.0001,21
9668,0.0001,16
9669,0.0001,9
9670,0.0001,0
9671,0.0001,0
9672,0.0001,0
9673,0.0001,5
9674,0.0001,3
9675,0.0001,9
9676,0.0001,79
9677,0.0001,0
9678,0.0001,3
9679,0.0001,0
9680,0.0001,18
9681,0.0001,94
9682,0.0001,0
9683,0.0001,0
9684,0.0001,0
9685,0.0001,3
9686,0.0001,0
9687,0.0001,3
9688,0.0001,3
9689,0.0001,6
9690,0.0001,15
9691,0.0001,0
9692,0.0001,9
9693,0.0001,0
9694,0.0001,0
9695,0.0001,9
9696,0.0001,18
9697,0.0001,39
9698,0.0001,0
9699,0.0001,8
9700,0.0001,4
9701,0.0001,0
9702,0.0001,3
9703,0.0001,15
9704,0.0001,9
9705,0.0001,15
9706,0.0001,0
9707,0.0001,0
9708,0.0001,0
9709,0.0001,0
9710,0.0001,18
9711,0.0001,9
9712,0.0001,71
9713,0.0001,7
9714,0.0001,0
9715,0.0001,0
9716,0.0001,21
9717,0.0001,15
9718,0.0001,18
9719,0.0001,30
9720,0.0001,6
9721,0.0001,206
9722,0.0001,3
9723,0.0001,16
9724,0.0001,0
9725,0.0001,0
9726,0.0001,83
9727,0.0001,0
9728,0.0001,21
9729,0.0001,12
9730,0.0001,30
9731,0.0001,4
9732,0.0001,9
9733,0.0001,19
9734,0.0001,11
9735,0.0001,20
9736,0.0001,19
9737,0.0001,0
9738,0.0001,6
9739,0.0001,3
9740,0.0001,274
9741,0.0001,21
9742,0.0001,7
9743,0.0001,69
9744,0.0001,209
9745,0.0001,0
9746,0.0001,0
9747,0.0001,15
9748,0.0001,6
9749,0.0001,0
9750,0.0001,12
9751,0.0001,0
9752,0.0001,344
9753,0.0001,0
9754,0.0001,0
9755,0.0001,209
9756,0.0001,0
9757,0.0001,12
9758,0.0001,9
9759,0.0001,92
9760,0.0001,9
9761,0.0001,15
9762,0.0001,0
9763,0.0001,5
9764,0.0001,17
9765,0.0001,0
9766,0.0001,0
9767,0.0001,9
9768,0.0001,6
9769,0.0001,7
9770,0.0001,45
9771,0.0001,4
9772,0.0001,13
9773,0.0001,4
9774,0.0001,3
9775,0.0001,3
9776,0.0001,9
9777,0.0001,9
9778,0.0001,9
9779,0.0001,9
9780,0.0001,0
9781,0.0001,7
9782,0.0001,0
9783,0.0001,20
9784,0.0001,4
9785,0.0001,209
9786,0.0001,0
9787,0.0001,15
9788,0.0001,0
9789,0.0001,8
9790,0.0001,9
9791,0.0001,6
9792,0.0001,0
9793,0.0001,0
9794,0.0001,3
9795,0.0001,4
9796,0.0001,12
9797,0.0001,15
9798,0.0001,0
9799,0.0001,92
9800,0.0001,9
9801,0.0001,9
9802,0.0001,3
9803,0.0001,4
9804,0.0001,4
9805,0.0001,27
9806,0.0001,5
9807,0.0001,0
9808,0.0001,0
9809,0.0001,6
9810,0.0001,0
9811,0.0001,12
9812,0.0001,3
9813,0.0001,7
9814,0.0001,0
9815,0.0001,0
9816,0.0001,6
9817,0.0001,7
9818,0.0001,0
9819,0.0001,9
9820,0.0001,3
9821,0.0001,206
9822,0.0001,0
9823,0.0001,0
9824,0.0001,6
9825,0.0001,0
9826,0.0001,9
9827,0.0001,3
9828,0.0001,5
9829,0.0001,12
9830,0.0001,21
9831,0.0001,16
9832,0.0001,12
9833,0.0001,6
9834,0.0001,0
9835,0.0001,3
9836,0.0001,0
9837,0.0001,0
9838,0.0001,0
9839,0.0001,0
9840,0.0001,0
9841,0.0001,0
9842,0.0001,3
9843,0.0001,0
9844,0.0001,7
9845,0.0001,0
9846,0.0001,4
9847,0.0001,3
9848,0.0001,12
9849,0.0001,9
9850,0.0001,80
9851,0.0001,9
9852,0.0001,9
9853,0.0001,0
9854,0.0001,0
9855,0.0001,0
9856,0.0001,0
9857,0.0001,0
9858,0.0001,23
9859,0.0001,60
9860,0.0001,0
9861,0.0001,6
9862,0.0001,0
9863,0.0001,61
9864,0.0001,9
9865,0.0001,3
9866,0.0001,0
9867,0.0001,0
9868,0.0001,92
9869,0.0001,9
9870,0.0001,0
9871,0.0001,70
9872,0.0001,9
9873,0.0001,22
9874,0.0001,0
9875,0.0001,9
9876,0.0001,9
9877,0.0001,0
9878,0.0001,3
9879,0.0001,7
9880,0.0001,0
9881,0.0001,0
9882,0.0001,9
9883,0.0001,9
9884,0.0001,5
9885,0.0001,0
9886,0.0001,9
9887,0.0001,3
9888,0.0001,16
9889,0.0001,18
9890,0.0001,28
9891,0.0001,27
9892,0.0001,23
9893,0.0001,12
9894,0.0001,18
9895,0.0001,0
9896,0.0001,0
9897,0.0001,0
9898,0.0001,12
9899,0.0001,0
9900,0.0001,9
9901,0.0001,17
9902,0.0001,0
9903,0.0001,70
9904,0.0001,2
9905,0.0001,17
9906,0.0001,0
9907,0.0001,6
9908,0.0001,0
9909,0.0001,12
9910,0.0001,0
9911,0.0001,0
9912,0.0001,0
9913,0.0001,4
9914,0.0001,6
9915,0.0001,8
9916,0.0001,0
9917,0.0001,33
9918,0.0001,9
9919,0.0001,0
9920,0.0001,0
9921,0.0001,0
9922,0.0001,21
9923,0.0001,0
9924,0.0001,0
9925,0.0001,15
9926,0.0001,0
9927,0.0001,0
9928,0.0001,0
9929,0.0001,3
9930,0.0001,38
9931,0.0001,0
9932,0.0001,0
9933,0.0001,15
9934,0.0001,9
9935,0.0001,3
9936,0.0001,209
9937,0.0001,0
9938,0.0001,6
9939,0.0001,70
9940,0.0001,6
9941,0.0001,12
9942,0.0001,0
9943,0.0001,0
9944,0.0001,6
9945,0.0001,71
9946,0.0001,0
9947,0.0001,3
9948,0.0001,0
9949,0.0001,114
9950,0.0001,4
9951,0.0001,18
9952,0.0001,9
9953,0.0001,18
9954,0.0001,9
9955,0.0001,4
9956,0.0001,9
9957,0.0001,9
9958,0.0001,70
9959,0.0001,0
9960,0.0001,0
9961,0.0001,4
9962,0.0001,3
9963,0.0001,0
9964,0.0001,0
9965,0.0001,9
9966,0.0001,18
9967,0.0001,30
9968,0.0001,12
9969,0.0001,3
9970,0.0001,8
9971,0.0001,4
9972,0.0001,9
9973,0.0001,0
9974,0.0001,11
9975,0.0001,71
9976,0.0001,71
9977,0.0001,0
9978,0.0001,3
9979,0.0001,0
9980,0.0001,6
9981,0.0001,9
9982,0.0001,0
9983,0.0001,6
9984,0.0001,18
9985,0.0001,9
9986,0.0001,8
9987,0.0001,0
9988,0.0001,129
9989,0.0001,0
9990,0.0001,12
9991,0.0001,21
9992,0.0001,15
9993,0.0001,12
9994,0.0001,7
9995,0.0001,6
9996,0.0001,0
9997,0.0001,0
9998,0.0001,20
9999,0.0001,21
