simulation_id,probability,payoutMultiplier
0,0.0001,900
1,0.0001,2100
2,0.0001,0
3,0.0001,300
4,0.0001,0
5,0.0001,300
6,0.0001,900
7,0.0001,10350
8,0.0001,500
9,0.0001,2100
10,0.0001,1500
11,0.0001,840
12,0.0001,0
13,0.0001,300
14,0.0001,700
15,0.0001,3000
16,0.0001,300
17,0.0001,300
18,0.0001,900
19,0.0001,2100
20,0.0001,1200
21,0.0001,1500
22,0.0001,1500
23,0.0001,400
24,0.0001,0
25,0.0001,0
26,0.0001,1200
27,0.0001,900
28,0.0001,0
29,0.0001,500
30,0.0001,0
31,0.0001,0
32,0.0001,700
33,0.0001,0
34,0.0001,600
35,0.0001,0
36,0.0001,900
37,0.0001,300
38,0.0001,1500
39,0.0001,990
40,0.0001,0
41,0.0001,700
42,0.0001,900
43,0.0001,300
44,0.0001,5400
45,0.0001,600
46,0.0001,0
47,0.0001,400
48,0.0001,500
49,0.0001,0
50,0.0001,0
51,0.0001,0
52,0.0001,2250
53,0.0001,900
54,0.0001,400
55,0.0001,400
56,0.0001,300
57,0.0001,750
58,0.0001,1200
59,0.0001,300
60,0.0001,1200
61,0.0001,0
62,0.0001,0
63,0.0001,0
64,0.0001,1500
65,0.0001,0
66,0.0001,900
67,0.0001,900
68,0.0001,600
69,0.0001,0
70,0.0001,0
71,0.0001,300
72,0.0001,900
73,0.0001,2250
74,0.0001,650
75,0.0001,5400
76,0.0001,33900
77,0.0001,20790
78,0.0001,550
79,0.0001,900
80,0.0001,720
81,0.0001,0
82,0.0001,300
83,0.0001,1200
84,0.0001,1500
85,0.0001,20790
86,0.0001,0
87,0.0001,2340
88,0.0001,0
89,0.0001,0
90,0.0001,300
91,0.0001,0
92,0.0001,0
93,0.0001,0
94,0.0001,0
95,0.0001,0
96,0.0001,0
97,0.0001,0
98,0.0001,0
99,0.0001,0
100,0.0001,300
101,0.0001,1500
102,0.0001,800
103,0.0001,800
104,0.0001,0
105,0.0001,2000
106,0.0001,750
107,0.0001,0
108,0.0001,0
109,0.0001,0
110,0.0001,900
111,0.0001,720
112,0.0001,0
113,0.0001,1500
114,0.0001,20640
115,0.0001,2100
116,0.0001,1200
117,0.0001,900
118,0.0001,0
119,0.0001,400
120,0.0001,3300
121,0.0001,0
122,0.0001,900
123,0.0001,2520
124,0.0001,640
125,0.0001,300
126,0.0001,0
127,0.0001,400
128,0.0001,1500
129,0.0001,740
130,0.0001,0
131,0.0001,300
132,0.0001,300
133,0.0001,300
134,0.0001,0
135,0.0001,300
136,0.0001,0
137,0.0001,1500
138,0.0001,0
139,0.0001,900
140,0.0001,300
141,0.0001,300
142,0.0001,3690
143,0.0001,0
144,0.0001,20940
145,0.0001,3700
146,0.0001,1800
147,0.0001,300
148,0.0001,1200
149,0.0001,1200
150,0.0001,0
151,0.0001,2000
152,0.0001,900
153,0.0001,900
154,0.0001,300
155,0.0001,0
156,0.0001,500
157,0.0001,1200
158,0.0001,3750
159,0.0001,900
160,0.0001,0
161,0.0001,300
162,0.0001,2100
163,0.0001,1500
164,0.0001,0
165,0.0001,1500
166,0.0001,0
167,0.0001,0
168,0.0001,1800
169,0.0001,600
170,0.0001,450
171,0.0001,900
172,0.0001,0
173,0.0001,300
174,0.0001,400
175,0.0001,1500
176,0.0001,900
177,0.0001,0
178,0.0001,0
179,0.0001,300
180,0.0001,1600
181,0.0001,1800
182,0.0001,1500
183,0.0001,1500
184,0.0001,2100
185,0.0001,6980
186,0.0001,1200
187,0.0001,1500
188,0.0001,700
189,0.0001,2100
190,0.0001,0
191,0.0001,0
192,0.0001,600
193,0.0001,900
194,0.0001,800
195,0.0001,23640
196,0.0001,900
197,0.0001,0
198,0.0001,840
199,0.0001,0
200,0.0001,0
201,0.0001,1050
202,0.0001,300
203,0.0001,400
204,0.0001,0
205,0.0001,540
206,0.0001,11300
207,0.0001,27420
208,0.0001,3700
209,0.0001,0
210,0.0001,1500
211,0.0001,1800
212,0.0001,20880
213,0.0001,1500
214,0.0001,400
215,0.0001,0
216,0.0001,2140
217,0.0001,0
218,0.0001,900
219,0.0001,0
220,0.0001,1500
221,0.0001,0
222,0.0001,1500
223,0.0001,0
224,0.0001,400
225,0.0001,1500
226,0.0001,2100
227,0.0001,0
228,0.0001,0
229,0.0001,400
230,0.0001,1200
231,0.0001,1500
232,0.0001,900
233,0.0001,0
234,0.0001,0
235,0.0001,300
236,0.0001,0
237,0.0001,500
238,0.0001,900
239,0.0001,300
240,0.0001,0
241,0.0001,300
242,0.0001,700
243,0.0001,0
244,0.0001,0
245,0.0001,6980
246,0.0001,1600
247,0.0001,990
248,0.0001,640
249,0.0001,0
250,0.0001,0
251,0.0001,0
252,0.0001,11600
253,0.0001,0
254,0.0001,300
255,0.0001,0
256,0.0001,0
257,0.0001,0
258,0.0001,1200
259,0.0001,10200
260,0.0001,0
261,0.0001,400
262,0.0001,500
263,0.0001,600
264,0.0001,0
265,0.0001,300
266,0.0001,1500
267,0.0001,300
268,0.0001,900
269,0.0001,1200
270,0.0001,900
271,0.0001,15750
272,0.0001,900
273,0.0001,9240
274,0.0001,1200
275,0.0001,1650
276,0.0001,2000
277,0.0001,900
278,0.0001,300
279,0.0001,0
280,0.0001,790
281,0.0001,400
282,0.0001,300
283,0.0001,400
284,0.0001,20880
285,0.0001,0
286,0.0001,0
287,0.0001,1200
288,0.0001,0
289,0.0001,0
290,0.0001,0
291,0.0001,300
292,0.0001,0
293,0.0001,0
294,0.0001,0
295,0.0001,3600
296,0.0001,0
297,0.0001,940
298,0.0001,0
299,0.0001,0
300,0.0001,2100
301,0.0001,350
302,0.0001,0
303,0.0001,1800
304,0.0001,4500
305,0.0001,400
306,0.0001,900
307,0.0001,900
308,0.0001,900
309,0.0001,0
310,0.0001,0
311,0.0001,450
312,0.0001,4500
313,0.0001,600
314,0.0001,300
315,0.0001,1200
316,0.0001,0
317,0.0001,23340
318,0.0001,0
319,0.0001,300
320,0.0001,0
321,0.0001,300
322,0.0001,0
323,0.0001,1200
324,0.0001,1500
325,0.0001,1620
326,0.0001,21540
327,0.0001,0
328,0.0001,1200
329,0.0001,3300
330,0.0001,0
331,0.0001,900
332,0.0001,900
333,0.0001,500
334,0.0001,0
335,0.0001,0
336,0.0001,0
337,0.0001,0
338,0.0001,0
339,0.0001,900
340,0.0001,0
341,0.0001,1200
342,0.0001,11400
343,0.0001,1500
344,0.0001,940
345,0.0001,1860
346,0.0001,0
347,0.0001,900
348,0.0001,600
349,0.0001,0
350,0.0001,1500
351,0.0001,0
352,0.0001,3540
353,0.0001,300
354,0.0001,900
355,0.0001,900
356,0.0001,900
357,0.0001,900
358,0.0001,400
359,0.0001,2100
360,0.0001,900
361,0.0001,0
362,0.0001,6980
363,0.0001,900
364,0.0001,0
365,0.0001,900
366,0.0001,740
367,0.0001,300
368,0.0001,300
369,0.0001,300
370,0.0001,900
371,0.0001,0
372,0.0001,0
373,0.0001,0
374,0.0001,900
375,0.0001,300
376,0.0001,940
377,0.0001,1300
378,0.0001,6930
379,0.0001,900
380,0.0001,0
381,0.0001,300
382,0.0001,900
383,0.0001,0
384,0.0001,240
385,0.0001,3600
386,0.0001,1800
387,0.0001,1900
388,0.0001,600
389,0.0001,0
390,0.0001,0
391,0.0001,0
392,0.0001,0
393,0.0001,1800
394,0.0001,0
395,0.0001,1200
396,0.0001,600
397,0.0001,1500
398,0.0001,790
399,0.0001,900
400,0.0001,0
401,0.0001,300
402,0.0001,6980
403,0.0001,400
404,0.0001,1500
405,0.0001,300
406,0.0001,0
407,0.0001,900
408,0.0001,0
409,0.0001,600
410,0.0001,0
411,0.0001,0
412,0.0001,0
413,0.0001,2700
414,0.0001,600
415,0.0001,1500
416,0.0001,300
417,0.0001,300
418,0.0001,800
419,0.0001,400
420,0.0001,0
421,0.0001,5400
422,0.0001,2000
423,0.0001,0
424,0.0001,27420
425,0.0001,36400
426,0.0001,0
427,0.0001,0
428,0.0001,0
429,0.0001,650
430,0.0001,300
431,0.0001,0
432,0.0001,2140
433,0.0001,0
434,0.0001,2100
435,0.0001,300
436,0.0001,7980
437,0.0001,400
438,0.0001,700
439,0.0001,700
440,0.0001,300
441,0.0001,300
442,0.0001,400
443,0.0001,0
444,0.0001,0
445,0.0001,300
446,0.0001,15750
447,0.0001,0
448,0.0001,900
449,0.0001,1200
450,0.0001,0
451,0.0001,0
452,0.0001,2000
453,0.0001,2700
454,0.0001,0
455,0.0001,600
456,0.0001,500
457,0.0001,650
458,0.0001,0
459,0.0001,300
460,0.0001,750
461,0.0001,900
462,0.0001,0
463,0.0001,3400
464,0.0001,800
465,0.0001,2250
466,0.0001,300
467,0.0001,900
468,0.0001,300
469,0.0001,0
470,0.0001,0
471,0.0001,900
472,0.0001,500
473,0.0001,0
474,0.0001,1200
475,0.0001,400
476,0.0001,0
477,0.0001,0
478,0.0001,900
479,0.0001,1200
480,0.0001,300
481,0.0001,0
482,0.0001,0
483,0.0001,1500
484,0.0001,650
485,0.0001,900
486,0.0001,450
487,0.0001,0
488,0.0001,0
489,0.0001,900
490,0.0001,1200
491,0.0001,400
492,0.0001,0
493,0.0001,0
494,0.0001,900
495,0.0001,0
496,0.0001,7080
497,0.0001,0
498,0.0001,1350
499,0.0001,0
500,0.0001,0
501,0.0001,0
502,0.0001,1500
503,0.0001,1800
504,0.0001,1800
505,0.0001,0
506,0.0001,0
507,0.0001,900
508,0.0001,900
509,0.0001,1200
510,0.0001,7500
511,0.0001,600
512,0.0001,7060
513,0.0001,0
514,0.0001,900
515,0.0001,0
516,0.0001,5400
517,0.0001,2100
518,0.0001,0
519,0.0001,300
520,0.0001,900
521,0.0001,300
522,0.0001,0
523,0.0001,0
524,0.0001,300
525,0.0001,0
526,0.0001,0
527,0.0001,1200
528,0.0001,900
529,0.0001,700
530,0.0001,400
531,0.0001,0
532,0.0001,3750
533,0.0001,0
534,0.0001,0
535,0.0001,300
536,0.0001,900
537,0.0001,8180
538,0.0001,0
539,0.0001,240
540,0.0001,2000
541,0.0001,800
542,0.0001,0
543,0.0001,0
544,0.0001,400
545,0.0001,600
546,0.0001,3600
547,0.0001,0
548,0.0001,900
549,0.0001,0
550,0.0001,840
551,0.0001,400
552,0.0001,850
553,0.0001,900
554,0.0001,20820
555,0.0001,0
556,0.0001,0
557,0.0001,27420
558,0.0001,0
559,0.0001,300
560,0.0001,900
561,0.0001,0
562,0.0001,750
563,0.0001,600
564,0.0001,900
565,0.0001,0
566,0.0001,900
567,0.0001,300
568,0.0001,900
569,0.0001,0
570,0.0001,0
571,0.0001,2200
572,0.0001,0
573,0.0001,900
574,0.0001,1800
575,0.0001,500
576,0.0001,0
577,0.0001,2100
578,0.0001,550
579,0.0001,0
580,0.0001,6980
581,0.0001,0
582,0.0001,740
583,0.0001,0
584,0.0001,1500
585,0.0001,0
586,0.0001,0
587,0.0001,300
588,0.0001,0
589,0.0001,0
590,0.0001,700
591,0.0001,0
592,0.0001,400
593,0.0001,800
594,0.0001,2100
595,0.0001,4320
596,0.0001,1500
597,0.0001,300
598,0.0001,0
599,0.0001,300
600,0.0001,400
601,0.0001,900
602,0.0001,7860
603,0.0001,0
604,0.0001,1500
605,0.0001,0
606,0.0001,0
607,0.0001,0
608,0.0001,0
609,0.0001,400
610,0.0001,300
611,0.0001,600
612,0.0001,0
613,0.0001,700
614,0.0001,7080
615,0.0001,1500
616,0.0001,0
617,0.0001,900
618,0.0001,0
619,0.0001,0
620,0.0001,1200
621,0.0001,1800
622,0.0001,300
623,0.0001,1200
624,0.0001,900
625,0.0001,7480
626,0.0001,1500
627,0.0001,300
628,0.0001,0
629,0.0001,900
630,0.0001,0
631,0.0001,900
632,0.0001,1620
633,0.0001,700
634,0.0001,0
635,0.0001,400
636,0.0001,900
637,0.0001,300
638,0.0001,1500
639,0.0001,0
640,0.0001,900
641,0.0001,0
642,0.0001,400
643,0.0001,1200
644,0.0001,2070
645,0.0001,0
646,0.0001,0
647,0.0001,0
648,0.0001,2700
649,0.0001,0
650,0.0001,3000
651,0.0001,0
652,0.0001,400
653,0.0001,0
654,0.0001,0
655,0.0001,0
656,0.0001,850
657,0.0001,1500
658,0.0001,700
659,0.0001,0
660,0.0001,0
661,0.0001,0
662,0.0001,900
663,0.0001,0
664,0.0001,540
665,0.0001,0
666,0.0001,0
667,0.0001,0
668,0.0001,900
669,0.0001,0
670,0.0001,450
671,0.0001,0
672,0.0001,6980
673,0.0001,900
674,0.0001,2100
675,0.0001,300
676,0.0001,0
677,0.0001,23640
678,0.0001,800
679,0.0001,0
680,0.0001,700
681,0.0001,0
682,0.0001,1200
683,0.0001,0
684,0.0001,0
685,0.0001,0
686,0.0001,300
687,0.0001,300
688,0.0001,1200
689,0.0001,1200
690,0.0001,900
691,0.0001,1500
692,0.0001,0
693,0.0001,600
694,0.0001,900
695,0.0001,10800
696,0.0001,12900
697,0.0001,1200
698,0.0001,900
699,0.0001,1600
700,0.0001,3000
701,0.0001,0
702,0.0001,0
703,0.0001,0
704,0.0001,900
705,0.0001,0
706,0.0001,2100
707,0.0001,1200
708,0.0001,6980
709,0.0001,2000
710,0.0001,0
711,0.0001,0
712,0.0001,1200
713,0.0001,0
714,0.0001,940
715,0.0001,300
716,0.0001,0
717,0.0001,3600
718,0.0001,300
719,0.0001,800
720,0.0001,900
721,0.0001,0
722,0.0001,2000
723,0.0001,300
724,0.0001,600
725,0.0001,2250
726,0.0001,0
727,0.0001,1500
728,0.0001,0
729,0.0001,600
730,0.0001,0
731,0.0001,0
732,0.0001,0
733,0.0001,1500
734,0.0001,20640
735,0.0001,0
736,0.0001,300
737,0.0001,27420
738,0.0001,0
739,0.0001,0
740,0.0001,900
741,0.0001,4350
742,0.0001,500
743,0.0001,0
744,0.0001,1200
745,0.0001,700
746,0.0001,0
747,0.0001,900
748,0.0001,300
749,0.0001,1500
750,0.0001,34300
751,0.0001,0
752,0.0001,1200
753,0.0001,900
754,0.0001,2100
755,0.0001,450
756,0.0001,0
757,0.0001,0
758,0.0001,1200
759,0.0001,10800
760,0.0001,0
761,0.0001,1500
762,0.0001,2100
763,0.0001,10800
764,0.0001,400
765,0.0001,2250
766,0.0001,1170
767,0.0001,0
768,0.0001,2100
769,0.0001,0
770,0.0001,5400
771,0.0001,2100
772,0.0001,800
773,0.0001,0
774,0.0001,0
775,0.0001,900
776,0.0001,400
777,0.0001,0
778,0.0001,0
779,0.0001,0
780,0.0001,0
781,0.0001,300
782,0.0001,600
783,0.0001,1200
784,0.0001,0
785,0.0001,0
786,0.0001,900
787,0.0001,1200
788,0.0001,900
789,0.0001,900
790,0.0001,0
791,0.0001,900
792,0.0001,0
793,0.0001,0
794,0.0001,300
795,0.0001,20640
796,0.0001,7060
797,0.0001,6300
798,0.0001,0
799,0.0001,6880
800,0.0001,1500
801,0.0001,20640
802,0.0001,400
803,0.0001,400
804,0.0001,9140
805,0.0001,800
806,0.0001,1500
807,0.0001,500
808,0.0001,0
809,0.0001,20640
810,0.0001,0
811,0.0001,400
812,0.0001,7930
813,0.0001,900
814,0.0001,700
815,0.0001,0
816,0.0001,900
817,0.0001,0
818,0.0001,0
819,0.0001,900
820,0.0001,0
821,0.0001,300
822,0.0001,940
823,0.0001,1500
824,0.0001,0
825,0.0001,0
826,0.0001,400
827,0.0001,900
828,0.0001,0
829,0.0001,400
830,0.0001,1200
831,0.0001,0
832,0.0001,0
833,0.0001,0
834,0.0001,900
835,0.0001,7280
836,0.0001,800
837,0.0001,0
838,0.0001,1500
839,0.0001,300
840,0.0001,2100
841,0.0001,9900
842,0.0001,0
843,0.0001,1500
844,0.0001,0
845,0.0001,800
846,0.0001,300
847,0.0001,400
848,0.0001,20940
849,0.0001,940
850,0.0001,7480
851,0.0001,1500
852,0.0001,0
853,0.0001,1500
854,0.0001,800
855,0.0001,7010
856,0.0001,6980
857,0.0001,0
858,0.0001,0
859,0.0001,0
860,0.0001,35400
861,0.0001,0
862,0.0001,1200
863,0.0001,750
864,0.0001,0
865,0.0001,400
866,0.0001,1500
867,0.0001,2100
868,0.0001,1500
869,0.0001,900
870,0.0001,0
871,0.0001,0
872,0.0001,300
873,0.0001,0
874,0.0001,800
875,0.0001,900
876,0.0001,1200
877,0.0001,800
878,0.0001,300
879,0.0001,0
880,0.0001,0
881,0.0001,0
882,0.0001,0
883,0.0001,3300
884,0.0001,0
885,0.0001,0
886,0.0001,0
887,0.0001,0
888,0.0001,0
889,0.0001,1950
890,0.0001,300
891,0.0001,0
892,0.0001,0
893,0.0001,0
894,0.0001,7380
895,0.0001,1500
896,0.0001,400
897,0.0001,900
898,0.0001,5700
899,0.0001,400
900,0.0001,1200
901,0.0001,500
902,0.0001,2520
903,0.0001,9900
904,0.0001,0
905,0.0001,0
906,0.0001,0
907,0.0001,0
908,0.0001,3900
909,0.0001,300
910,0.0001,4500
911,0.0001,400
912,0.0001,0
913,0.0001,0
914,0.0001,0
915,0.0001,0
916,0.0001,9190
917,0.0001,0
918,0.0001,300
919,0.0001,900
920,0.0001,0
921,0.0001,900
922,0.0001,0
923,0.0001,500
924,0.0001,0
925,0.0001,0
926,0.0001,0
927,0.0001,1200
928,0.0001,500
929,0.0001,940
930,0.0001,0
931,0.0001,0
932,0.0001,0
933,0.0001,2000
934,0.0001,900
935,0.0001,0
936,0.0001,300
937,0.0001,3300
938,0.0001,3000
939,0.0001,2000
940,0.0001,900
941,0.0001,0
942,0.0001,0
943,0.0001,0
944,0.0001,900
945,0.0001,600
946,0.0001,1200
947,0.0001,400
948,0.0001,0
949,0.0001,0
950,0.0001,0
951,0.0001,700
952,0.0001,1500
953,0.0001,1500
954,0.0001,2100
955,0.0001,1200
956,0.0001,800
957,0.0001,3700
958,0.0001,0
959,0.0001,900
960,0.0001,0
961,0.0001,300
962,0.0001,0
963,0.0001,20640
964,0.0001,0
965,0.0001,0
966,0.0001,0
967,0.0001,400
968,0.0001,0
969,0.0001,1500
970,0.0001,1620
971,0.0001,0
972,0.0001,0
973,0.0001,1200
974,0.0001,0
975,0.0001,0
976,0.0001,600
977,0.0001,600
978,0.0001,300
979,0.0001,300
980,0.0001,1200
981,0.0001,900
982,0.0001,300
983,0.0001,400
984,0.0001,0
985,0.0001,1600
986,0.0001,0
987,0.0001,0
988,0.0001,850
989,0.0001,0
990,0.0001,300
991,0.0001,900
992,0.0001,900
993,0.0001,34300
994,0.0001,1500
995,0.0001,1200
996,0.0001,2000
997,0.0001,0
998,0.0001,800
999,0.0001,1500
1000,0.0001,0
1001,0.0001,3400
1002,0.0001,2000
1003,0.0001,0
1004,0.0001,38900
1005,0.0001,0
1006,0.0001,1500
1007,0.0001,0
1008,0.0001,900
1009,0.0001,9240
1010,0.0001,0
1011,0.0001,400
1012,0.0001,500
1013,0.0001,900
1014,0.0001,1200
1015,0.0001,600
1016,0.0001,500
1017,0.0001,0
1018,0.0001,6980
1019,0.0001,0
1020,0.0001,2100
1021,0.0001,900
1022,0.0001,0
1023,0.0001,0
1024,0.0001,0
1025,0.0001,0
1026,0.0001,0
1027,0.0001,1200
1028,0.0001,0
1029,0.0001,300
1030,0.0001,0
1031,0.0001,7430
1032,0.0001,500
1033,0.0001,7460
1034,0.0001,900
1035,0.0001,400
1036,0.0001,0
1037,0.0001,0
1038,0.0001,300
1039,0.0001,0
1040,0.0001,7180
1041,0.0001,700
1042,0.0001,0
1043,0.0001,0
1044,0.0001,800
1045,0.0001,900
1046,0.0001,900
1047,0.0001,0
1048,0.0001,6880
1049,0.0001,150
1050,0.0001,550
1051,0.0001,400
1052,0.0001,400
1053,0.0001,0
1054,0.0001,1500
1055,0.0001,11400
1056,0.0001,700
1057,0.0001,1500
1058,0.0001,3600
1059,0.0001,1350
1060,0.0001,2100
1061,0.0001,0
1062,0.0001,0
1063,0.0001,1200
1064,0.0001,0
1065,0.0001,1800
1066,0.0001,0
1067,0.0001,900
1068,0.0001,3420
1069,0.0001,400
1070,0.0001,300
1071,0.0001,0
1072,0.0001,21540
1073,0.0001,300
1074,0.0001,0
1075,0.0001,0
1076,0.0001,1500
1077,0.0001,6780
1078,0.0001,300
1079,0.0001,300
1080,0.0001,0
1081,0.0001,900
1082,0.0001,800
1083,0.0001,0
1084,0.0001,0
1085,0.0001,0
1086,0.0001,0
1087,0.0001,0
1088,0.0001,0
1089,0.0001,0
1090,0.0001,3540
1091,0.0001,0
1092,0.0001,0
1093,0.0001,300
1094,0.0001,400
1095,0.0001,0
1096,0.0001,1400
1097,0.0001,2000
1098,0.0001,0
1099,0.0001,5400
1100,0.0001,900
1101,0.0001,0
1102,0.0001,7080
1103,0.0001,1200
1104,0.0001,1500
1105,0.0001,6980
1106,0.0001,2040
1107,0.0001,3420
1108,0.0001,900
1109,0.0001,900
1110,0.0001,0
1111,0.0001,600
1112,0.0001,2040
1113,0.0001,300
1114,0.0001,0
1115,0.0001,1500
1116,0.0001,900
1117,0.0001,900
1118,0.0001,700
1119,0.0001,0
1120,0.0001,0
1121,0.0001,300
1122,0.0001,700
1123,0.0001,0
1124,0.0001,1200
1125,0.0001,900
1126,0.0001,300
1127,0.0001,2520
1128,0.0001,0
1129,0.0001,600
1130,0.0001,300
1131,0.0001,0
1132,0.0001,27420
1133,0.0001,1500
1134,0.0001,770
1135,0.0001,0
1136,0.0001,990
1137,0.0001,6000
1138,0.0001,7880
1139,0.0001,2000
1140,0.0001,0
1141,0.0001,20940
1142,0.0001,300
1143,0.0001,300
1144,0.0001,6960
1145,0.0001,900
1146,0.0001,0
1147,0.0001,0
1148,0.0001,9140
1149,0.0001,300
1150,0.0001,0
1151,0.0001,2100
1152,0.0001,0
1153,0.0001,900
1154,0.0001,600
1155,0.0001,750
1156,0.0001,0
1157,0.0001,1200
1158,0.0001,20940
1159,0.0001,1200
1160,0.0001,300
1161,0.0001,0
1162,0.0001,1800
1163,0.0001,2000
1164,0.0001,300
1165,0.0001,300
1166,0.0001,0
1167,0.0001,900
1168,0.0001,0
1169,0.0001,0
1170,0.0001,600
1171,0.0001,300
1172,0.0001,550
1173,0.0001,2100
1174,0.0001,20640
1175,0.0001,0
1176,0.0001,900
1177,0.0001,0
1178,0.0001,400
1179,0.0001,1950
1180,0.0001,0
1181,0.0001,0
1182,0.0001,2100
1183,0.0001,900
1184,0.0001,9220
1185,0.0001,0
1186,0.0001,2000
1187,0.0001,300
1188,0.0001,600
1189,0.0001,2100
1190,0.0001,0
1191,0.0001,1200
1192,0.0001,0
1193,0.0001,0
1194,0.0001,900
1195,0.0001,0
1196,0.0001,7280
1197,0.0001,9140
1198,0.0001,20340
1199,0.0001,9190
1200,0.0001,0
1201,0.0001,400
1202,0.0001,800
1203,0.0001,1800
1204,0.0001,0
1205,0.0001,600
1206,0.0001,300
1207,0.0001,0
1208,0.0001,0
1209,0.0001,2100
1210,0.0001,0
1211,0.0001,940
1212,0.0001,0
1213,0.0001,0
1214,0.0001,5400
1215,0.0001,0
1216,0.0001,900
1217,0.0001,900
1218,0.0001,0
1219,0.0001,3600
1220,0.0001,900
1221,0.0001,1500
1222,0.0001,900
1223,0.0001,400
1224,0.0001,0
1225,0.0001,0
1226,0.0001,1200
1227,0.0001,1800
1228,0.0001,900
1229,0.0001,0
1230,0.0001,1500
1231,0.0001,7280
1232,0.0001,0
1233,0.0001,0
1234,0.0001,900
1235,0.0001,900
1236,0.0001,900
1237,0.0001,0
1238,0.0001,0
1239,0.0001,900
1240,0.0001,0
1241,0.0001,400
1242,0.0001,300
1243,0.0001,0
1244,0.0001,1500
1245,0.0001,0
1246,0.0001,720
1247,0.0001,2100
1248,0.0001,0
1249,0.0001,1620
1250,0.0001,900
1251,0.0001,0
1252,0.0001,1200
1253,0.0001,0
1254,0.0001,0
1255,0.0001,500
1256,0.0001,690
1257,0.0001,300
1258,0.0001,0
1259,0.0001,600
1260,0.0001,540
1261,0.0001,0
1262,0.0001,0
1263,0.0001,0
1264,0.0001,900
1265,0.0001,720
1266,0.0001,900
1267,0.0001,0
1268,0.0001,0
1269,0.0001,0
1270,0.0001,2100
1271,0.0001,6880
1272,0.0001,900
1273,0.0001,640
1274,0.0001,1500
1275,0.0001,900
1276,0.0001,1800
1277,0.0001,500
1278,0.0001,2000
1279,0.0001,1600
1280,0.0001,1200
1281,0.0001,400
1282,0.0001,300
1283,0.0001,1200
1284,0.0001,600
1285,0.0001,2250
1286,0.0001,400
1287,0.0001,9440
1288,0.0001,400
1289,0.0001,700
1290,0.0001,0
1291,0.0001,1200
1292,0.0001,0
1293,0.0001,2100
1294,0.0001,0
1295,0.0001,400
1296,0.0001,1500
1297,0.0001,2000
1298,0.0001,0
1299,0.0001,0
1300,0.0001,0
1301,0.0001,0
1302,0.0001,900
1303,0.0001,300
1304,0.0001,0
1305,0.0001,0
1306,0.0001,900
1307,0.0001,300
1308,0.0001,0
1309,0.0001,400
1310,0.0001,300
1311,0.0001,1500
1312,0.0001,0
1313,0.0001,0
1314,0.0001,900
1315,0.0001,6980
1316,0.0001,0
1317,0.0001,350
1318,0.0001,900
1319,0.0001,0
1320,0.0001,1800
1321,0.0001,1200
1322,0.0001,850
1323,0.0001,400
1324,0.0001,3600
1325,0.0001,0
1326,0.0001,0
1327,0.0001,0
1328,0.0001,0
1329,0.0001,900
1330,0.0001,0
1331,0.0001,0
1332,0.0001,300
1333,0.0001,1800
1334,0.0001,300
1335,0.0001,1200
1336,0.0001,1500
1337,0.0001,2800
1338,0.0001,900
1339,0.0001,0
1340,0.0001,1500
1341,0.0001,400
1342,0.0001,6960
1343,0.0001,0
1344,0.0001,900
1345,0.0001,1500
1346,0.0001,900
1347,0.0001,400
1348,0.0001,800
1349,0.0001,2100
1350,0.0001,400
1351,0.0001,0
1352,0.0001,0
1353,0.0001,1500
1354,0.0001,1800
1355,0.0001,2100
1356,0.0001,900
1357,0.0001,800
1358,0.0001,900
1359,0.0001,9900
1360,0.0001,0
1361,0.0001,0
1362,0.0001,900
1363,0.0001,1800
1364,0.0001,1920
1365,0.0001,300
1366,0.0001,1500
1367,0.0001,5040
1368,0.0001,0
1369,0.0001,300
1370,0.0001,0
1371,0.0001,700
1372,0.0001,550
1373,0.0001,0
1374,0.0001,1200
1375,0.0001,900
1376,0.0001,0
1377,0.0001,0
1378,0.0001,0
1379,0.0001,2100
1380,0.0001,900
1381,0.0001,900
1382,0.0001,400
1383,0.0001,400
1384,0.0001,1200
1385,0.0001,0
1386,0.0001,0
1387,0.0001,1650
1388,0.0001,900
1389,0.0001,300
1390,0.0001,0
1391,0.0001,150
1392,0.0001,0
1393,0.0001,400
1394,0.0001,1200
1395,0.0001,300
1396,0.0001,0
1397,0.0001,0
1398,0.0001,2520
1399,0.0001,0
1400,0.0001,640
1401,0.0001,500
1402,0.0001,2100
1403,0.0001,300
1404,0.0001,5400
1405,0.0001,0
1406,0.0001,0
1407,0.0001,300
1408,0.0001,7380
1409,0.0001,0
1410,0.0001,900
1411,0.0001,400
1412,0.0001,0
1413,0.0001,300
1414,0.0001,0
1415,0.0001,3150
1416,0.0001,4500
1417,0.0001,540
1418,0.0001,0
1419,0.0001,700
1420,0.0001,600
1421,0.0001,300
1422,0.0001,800
1423,0.0001,0
1424,0.0001,0
1425,0.0001,0
1426,0.0001,0
1427,0.0001,0
1428,0.0001,400
1429,0.0001,900
1430,0.0001,0
1431,0.0001,0
1432,0.0001,900
1433,0.0001,22080
1434,0.0001,0
1435,0.0001,500
1436,0.0001,900
1437,0.0001,240
1438,0.0001,2000
1439,0.0001,0
1440,0.0001,2100
1441,0.0001,900
1442,0.0001,0
1443,0.0001,300
1444,0.0001,900
1445,0.0001,450
1446,0.0001,1800
1447,0.0001,1500
1448,0.0001,2100
1449,0.0001,700
1450,0.0001,300
1451,0.0001,1500
1452,0.0001,0
1453,0.0001,0
1454,0.0001,0
1455,0.0001,0
1456,0.0001,300
1457,0.0001,0
1458,0.0001,2100
1459,0.0001,700
1460,0.0001,0
1461,0.0001,0
1462,0.0001,2100
1463,0.0001,0
1464,0.0001,1800
1465,0.0001,27270
1466,0.0001,900
1467,0.0001,300
1468,0.0001,6880
1469,0.0001,0
1470,0.0001,300
1471,0.0001,0
1472,0.0001,1500
1473,0.0001,0
1474,0.0001,1500
1475,0.0001,1500
1476,0.0001,300
1477,0.0001,0
1478,0.0001,300
1479,0.0001,300
1480,0.0001,900
1481,0.0001,400
1482,0.0001,850
1483,0.0001,0
1484,0.0001,20880
1485,0.0001,300
1486,0.0001,300
1487,0.0001,0
1488,0.0001,0
1489,0.0001,900
1490,0.0001,1200
1491,0.0001,0
1492,0.0001,2700
1493,0.0001,400
1494,0.0001,900
1495,0.0001,7080
1496,0.0001,0
1497,0.0001,900
1498,0.0001,300
1499,0.0001,0
1500,0.0001,0
1501,0.0001,0
1502,0.0001,0
1503,0.0001,0
1504,0.0001,300
1505,0.0001,6930
1506,0.0001,0
1507,0.0001,2070
1508,0.0001,0
1509,0.0001,0
1510,0.0001,0
1511,0.0001,0
1512,0.0001,0
1513,0.0001,600
1514,0.0001,3500
1515,0.0001,1200
1516,0.0001,3600
1517,0.0001,1800
1518,0.0001,6980
1519,0.0001,0
1520,0.0001,1500
1521,0.0001,300
1522,0.0001,400
1523,0.0001,300
1524,0.0001,400
1525,0.0001,2200
1526,0.0001,0
1527,0.0001,0
1528,0.0001,300
1529,0.0001,1620
1530,0.0001,300
1531,0.0001,900
1532,0.0001,0
1533,0.0001,2100
1534,0.0001,1800
1535,0.0001,300
1536,0.0001,900
1537,0.0001,540
1538,0.0001,400
1539,0.0001,1350
1540,0.0001,20940
1541,0.0001,400
1542,0.0001,1800
1543,0.0001,0
1544,0.0001,0
1545,0.0001,2400
1546,0.0001,2100
1547,0.0001,0
1548,0.0001,300
1549,0.0001,1920
1550,0.0001,0
1551,0.0001,0
1552,0.0001,3000
1553,0.0001,1500
1554,0.0001,0
1555,0.0001,300
1556,0.0001,1500
1557,0.0001,1620
1558,0.0001,500
1559,0.0001,1500
1560,0.0001,0
1561,0.0001,20940
1562,0.0001,1350
1563,0.0001,1200
1564,0.0001,1500
1565,0.0001,0
1566,0.0001,900
1567,0.0001,300
1568,0.0001,1350
1569,0.0001,1500
1570,0.0001,0
1571,0.0001,900
1572,0.0001,900
1573,0.0001,1800
1574,0.0001,900
1575,0.0001,2120
1576,0.0001,1500
1577,0.0001,0
1578,0.0001,300
1579,0.0001,0
1580,0.0001,300
1581,0.0001,2000
1582,0.0001,0
1583,0.0001,400
1584,0.0001,300
1585,0.0001,300
1586,0.0001,0
1587,0.0001,1500
1588,0.0001,400
1589,0.0001,1500
1590,0.0001,2000
1591,0.0001,7180
1592,0.0001,0
1593,0.0001,0
1594,0.0001,1200
1595,0.0001,2700
1596,0.0001,3000
1597,0.0001,0
1598,0.0001,1500
1599,0.0001,1500
1600,0.0001,0
1601,0.0001,1200
1602,0.0001,800
1603,0.0001,0
1604,0.0001,0
1605,0.0001,900
1606,0.0001,300
1607,0.0001,3600
1608,0.0001,0
1609,0.0001,7080
1610,0.0001,300
1611,0.0001,900
1612,0.0001,900
1613,0.0001,400
1614,0.0001,2000
1615,0.0001,1500
1616,0.0001,900
1617,0.0001,1600
1618,0.0001,0
1619,0.0001,600
1620,0.0001,300
1621,0.0001,0
1622,0.0001,0
1623,0.0001,20940
1624,0.0001,300
1625,0.0001,300
1626,0.0001,400
1627,0.0001,800
1628,0.0001,0
1629,0.0001,0
1630,0.0001,400
1631,0.0001,300
1632,0.0001,1500
1633,0.0001,300
1634,0.0001,400
1635,0.0001,600
1636,0.0001,0
1637,0.0001,400
1638,0.0001,600
1639,0.0001,0
1640,0.0001,2000
1641,0.0001,34400
1642,0.0001,900
1643,0.0001,900
1644,0.0001,5100
1645,0.0001,0
1646,0.0001,9900
1647,0.0001,900
1648,0.0001,0
1649,0.0001,300
1650,0.0001,540
1651,0.0001,47460
1652,0.0001,1800
1653,0.0001,300
1654,0.0001,0
1655,0.0001,0
1656,0.0001,300
1657,0.0001,940
1658,0.0001,900
1659,0.0001,2100
1660,0.0001,300
1661,0.0001,1800
1662,0.0001,33900
1663,0.0001,0
1664,0.0001,3600
1665,0.0001,0
1666,0.0001,0
1667,0.0001,4050
1668,0.0001,500
1669,0.0001,2000
1670,0.0001,20940
1671,0.0001,2050
1672,0.0001,1500
1673,0.0001,900
1674,0.0001,2070
1675,0.0001,900
1676,0.0001,0
1677,0.0001,600
1678,0.0001,0
1679,0.0001,1500
1680,0.0001,1200
1681,0.0001,0
1682,0.0001,1500
1683,0.0001,0
1684,0.0001,3600
1685,0.0001,540
1686,0.0001,0
1687,0.0001,640
1688,0.0001,300
1689,0.0001,0
1690,0.0001,300
1691,0.0001,0
1692,0.0001,0
1693,0.0001,34150
1694,0.0001,300
1695,0.0001,0
1696,0.0001,300
1697,0.0001,0
1698,0.0001,900
1699,0.0001,400
1700,0.0001,1200
1701,0.0001,2100
1702,0.0001,1500
1703,0.0001,1500
1704,0.0001,1200
1705,0.0001,2000
1706,0.0001,600
1707,0.0001,900
1708,0.0001,0
1709,0.0001,0
1710,0.0001,540
1711,0.0001,800
1712,0.0001,300
1713,0.0001,1800
1714,0.0001,400
1715,0.0001,400
1716,0.0001,300
1717,0.0001,900
1718,0.0001,900
1719,0.0001,20940
1720,0.0001,1800
1721,0.0001,0
1722,0.0001,0
1723,0.0001,900
1724,0.0001,0
1725,0.0001,300
1726,0.0001,0
1727,0.0001,2340
1728,0.0001,0
1729,0.0001,300
1730,0.0001,900
1731,0.0001,3000
1732,0.0001,0
1733,0.0001,0
1734,0.0001,1500
1735,0.0001,900
1736,0.0001,900
1737,0.0001,0
1738,0.0001,20640
1739,0.0001,1600
1740,0.0001,0
1741,0.0001,2000
1742,0.0001,0
1743,0.0001,0
1744,0.0001,1500
1745,0.0001,0
1746,0.0001,0
1747,0.0001,0
1748,0.0001,0
1749,0.0001,0
1750,0.0001,300
1751,0.0001,900
1752,0.0001,16200
1753,0.0001,900
1754,0.0001,0
1755,0.0001,0
1756,0.0001,0
1757,0.0001,20790
1758,0.0001,0
1759,0.0001,0
1760,0.0001,16500
1761,0.0001,0
1762,0.0001,1940
1763,0.0001,400
1764,0.0001,240
1765,0.0001,0
1766,0.0001,0
1767,0.0001,1500
1768,0.0001,900
1769,0.0001,240
1770,0.0001,300
1771,0.0001,2070
1772,0.0001,0
1773,0.0001,6930
1774,0.0001,2000
1775,0.0001,10800
1776,0.0001,900
1777,0.0001,0
1778,0.0001,900
1779,0.0001,500
1780,0.0001,0
1781,0.0001,0
1782,0.0001,300
1783,0.0001,2100
1784,0.0001,4400
1785,0.0001,750
1786,0.0001,1350
1787,0.0001,300
1788,0.0001,2100
1789,0.0001,300
1790,0.0001,1600
1791,0.0001,400
1792,0.0001,1500
1793,0.0001,0
1794,0.0001,20880
1795,0.0001,900
1796,0.0001,3300
1797,0.0001,500
1798,0.0001,400
1799,0.0001,1200
1800,0.0001,300
1801,0.0001,900
1802,0.0001,0
1803,0.0001,650
1804,0.0001,0
1805,0.0001,1200
1806,0.0001,0
1807,0.0001,900
1808,0.0001,900
1809,0.0001,300
1810,0.0001,1350
1811,0.0001,0
1812,0.0001,0
1813,0.0001,400
1814,0.0001,0
1815,0.0001,840
1816,0.0001,750
1817,0.0001,900
1818,0.0001,1800
1819,0.0001,700
1820,0.0001,0
1821,0.0001,400
1822,0.0001,2000
1823,0.0001,5700
1824,0.0001,700
1825,0.0001,6300
1826,0.0001,9000
1827,0.0001,0
1828,0.0001,300
1829,0.0001,1920
1830,0.0001,0
1831,0.0001,550
1832,0.0001,0
1833,0.0001,0
1834,0.0001,1500
1835,0.0001,0
1836,0.0001,5700
1837,0.0001,0
1838,0.0001,20640
1839,0.0001,1500
1840,0.0001,0
1841,0.0001,1500
1842,0.0001,0
1843,0.0001,0
1844,0.0001,21540
1845,0.0001,0
1846,0.0001,2100
1847,0.0001,0
1848,0.0001,720
1849,0.0001,2100
1850,0.0001,0
1851,0.0001,0
1852,0.0001,700
1853,0.0001,0
1854,0.0001,900
1855,0.0001,600
1856,0.0001,0
1857,0.0001,550
1858,0.0001,0
1859,0.0001,740
1860,0.0001,0
1861,0.0001,300
1862,0.0001,0
1863,0.0001,1200
1864,0.0001,0
1865,0.0001,0
1866,0.0001,900
1867,0.0001,850
1868,0.0001,400
1869,0.0001,500
1870,0.0001,0
1871,0.0001,1650
1872,0.0001,400
1873,0.0001,0
1874,0.0001,300
1875,0.0001,400
1876,0.0001,900
1877,0.0001,2100
1878,0.0001,300
1879,0.0001,0
1880,0.0001,0
1881,0.0001,0
1882,0.0001,400
1883,0.0001,0
1884,0.0001,0
1885,0.0001,0
1886,0.0001,300
1887,0.0001,400
1888,0.0001,0
1889,0.0001,0
1890,0.0001,900
1891,0.0001,0
1892,0.0001,300
1893,0.0001,800
1894,0.0001,0
1895,0.0001,1050
1896,0.0001,0
1897,0.0001,400
1898,0.0001,1650
1899,0.0001,1200
1900,0.0001,20940
1901,0.0001,0
1902,0.0001,900
1903,0.0001,0
1904,0.0001,1500
1905,0.0001,1200
1906,0.0001,2520
1907,0.0001,0
1908,0.0001,0
1909,0.0001,600
1910,0.0001,900
1911,0.0001,0
1912,0.0001,0
1913,0.0001,300
1914,0.0001,0
1915,0.0001,0
1916,0.0001,900
1917,0.0001,0
1918,0.0001,900
1919,0.0001,400
1920,0.0001,0
1921,0.0001,0
1922,0.0001,0
1923,0.0001,900
1924,0.0001,8100
1925,0.0001,0
1926,0.0001,0
1927,0.0001,1200
1928,0.0001,0
1929,0.0001,0
1930,0.0001,600
1931,0.0001,900
1932,0.0001,0
1933,0.0001,400
1934,0.0001,300
1935,0.0001,900
1936,0.0001,6780
1937,0.0001,300
1938,0.0001,900
1939,0.0001,0
1940,0.0001,750
1941,0.0001,900
1942,0.0001,9240
1943,0.0001,9140
1944,0.0001,700
1945,0.0001,300
1946,0.0001,800
1947,0.0001,300
1948,0.0001,1620
1949,0.0001,2200
1950,0.0001,2700
1951,0.0001,0
1952,0.0001,1500
1953,0.0001,10800
1954,0.0001,400
1955,0.0001,900
1956,0.0001,1650
1957,0.0001,300
1958,0.0001,1200
1959,0.0001,27420
1960,0.0001,1200
1961,0.0001,5850
1962,0.0001,0
1963,0.0001,440
1964,0.0001,34400
1965,0.0001,6980
1966,0.0001,0
1967,0.0001,1500
1968,0.0001,400
1969,0.0001,1800
1970,0.0001,0
1971,0.0001,900
1972,0.0001,300
1973,0.0001,11400
1974,0.0001,300
1975,0.0001,1500
1976,0.0001,0
1977,0.0001,500
1978,0.0001,1500
1979,0.0001,300
1980,0.0001,600
1981,0.0001,800
1982,0.0001,1200
1983,0.0001,0
1984,0.0001,0
1985,0.0001,0
1986,0.0001,0
1987,0.0001,0
1988,0.0001,0
1989,0.0001,400
1990,0.0001,500
1991,0.0001,300
1992,0.0001,9000
1993,0.0001,0
1994,0.0001,0
1995,0.0001,0
1996,0.0001,6980
1997,0.0001,3450
1998,0.0001,2800
1999,0.0001,0
2000,0.0001,0
2001,0.0001,7650
2002,0.0001,0
2003,0.0001,0
2004,0.0001,900
2005,0.0001,840
2006,0.0001,500
2007,0.0001,300
2008,0.0001,0
2009,0.0001,900
2010,0.0001,0
2011,0.0001,1800
2012,0.0001,0
2013,0.0001,0
2014,0.0001,300
2015,0.0001,0
2016,0.0001,0
2017,0.0001,0
2018,0.0001,0
2019,0.0001,400
2020,0.0001,400
2021,0.0001,0
2022,0.0001,0
2023,0.0001,0
2024,0.0001,0
2025,0.0001,2100
2026,0.0001,2000
2027,0.0001,2000
2028,0.0001,300
2029,0.0001,0
2030,0.0001,2100
2031,0.0001,0
2032,0.0001,0
2033,0.0001,0
2034,0.0001,1200
2035,0.0001,0
2036,0.0001,720
2037,0.0001,6980
2038,0.0001,0
2039,0.0001,900
2040,0.0001,900
2041,0.0001,300
2042,0.0001,1200
2043,0.0001,1540
2044,0.0001,1800
2045,0.0001,600
2046,0.0001,1200
2047,0.0001,10800
2048,0.0001,0
2049,0.0001,1200
2050,0.0001,0
2051,0.0001,900
2052,0.0001,2000
2053,0.0001,0
2054,0.0001,300
2055,0.0001,1200
2056,0.0001,900
2057,0.0001,1200
2058,0.0001,900
2059,0.0001,0
2060,0.0001,540
2061,0.0001,0
2062,0.0001,900
2063,0.0001,300
2064,0.0001,6880
2065,0.0001,0
2066,0.0001,1500
2067,0.0001,0
2068,0.0001,500
2069,0.0001,900
2070,0.0001,20940
2071,0.0001,900
2072,0.0001,1200
2073,0.0001,0
2074,0.0001,550
2075,0.0001,1200
2076,0.0001,900
2077,0.0001,0
2078,0.0001,700
2079,0.0001,20940
2080,0.0001,500
2081,0.0001,400
2082,0.0001,1500
2083,0.0001,300
2084,0.0001,0
2085,0.0001,0
2086,0.0001,720
2087,0.0001,300
2088,0.0001,400
2089,0.0001,0
2090,0.0001,0
2091,0.0001,600
2092,0.0001,900
2093,0.0001,1800
2094,0.0001,2100
2095,0.0001,1800
2096,0.0001,0
2097,0.0001,300
2098,0.0001,0
2099,0.0001,2100
2100,0.0001,900
2101,0.0001,1500
2102,0.0001,400
2103,0.0001,1200
2104,0.0001,9900
2105,0.0001,1500
2106,0.0001,400
2107,0.0001,7060
2108,0.0001,0
2109,0.0001,400
2110,0.0001,550
2111,0.0001,2000
2112,0.0001,900
2113,0.0001,750
2114,0.0001,300
2115,0.0001,0
2116,0.0001,0
2117,0.0001,0
2118,0.0001,0
2119,0.0001,0
2120,0.0001,600
2121,0.0001,7260
2122,0.0001,1860
2123,0.0001,0
2124,0.0001,0
2125,0.0001,0
2126,0.0001,300
2127,0.0001,3000
2128,0.0001,1650
2129,0.0001,0
2130,0.0001,0
2131,0.0001,2100
2132,0.0001,0
2133,0.0001,0
2134,0.0001,900
2135,0.0001,0
2136,0.0001,0
2137,0.0001,0
2138,0.0001,650
2139,0.0001,0
2140,0.0001,300
2141,0.0001,1650
2142,0.0001,9000
2143,0.0001,4500
2144,0.0001,0
2145,0.0001,7030
2146,0.0001,9450
2147,0.0001,0
2148,0.0001,900
2149,0.0001,1620
2150,0.0001,0
2151,0.0001,400
2152,0.0001,7480
2153,0.0001,900
2154,0.0001,11600
2155,0.0001,900
2156,0.0001,400
2157,0.0001,700
2158,0.0001,0
2159,0.0001,1200
2160,0.0001,0
2161,0.0001,1500
2162,0.0001,500
2163,0.0001,0
2164,0.0001,0
2165,0.0001,1500
2166,0.0001,300
2167,0.0001,20940
2168,0.0001,900
2169,0.0001,1500
2170,0.0001,0
2171,0.0001,0
2172,0.0001,0
2173,0.0001,0
2174,0.0001,900
2175,0.0001,400
2176,0.0001,300
2177,0.0001,1500
2178,0.0001,3000
2179,0.0001,0
2180,0.0001,300
2181,0.0001,22140
2182,0.0001,750
2183,0.0001,0
2184,0.0001,0
2185,0.0001,150
2186,0.0001,3400
2187,0.0001,0
2188,0.0001,900
2189,0.0001,0
2190,0.0001,0
2191,0.0001,850
2192,0.0001,3870
2193,0.0001,1300
2194,0.0001,1350
2195,0.0001,300
2196,0.0001,300
2197,0.0001,300
2198,0.0001,6980
2199,0.0001,900
2200,0.0001,0
2201,0.0001,34400
2202,0.0001,1500
2203,0.0001,300
2204,0.0001,400
2205,0.0001,0
2206,0.0001,0
2207,0.0001,2100
2208,0.0001,0
2209,0.0001,0
2210,0.0001,2100
2211,0.0001,900
2212,0.0001,300
2213,0.0001,0
2214,0.0001,0
2215,0.0001,500
2216,0.0001,4500
2217,0.0001,1920
2218,0.0001,600
2219,0.0001,1500
2220,0.0001,640
2221,0.0001,900
2222,0.0001,1500
2223,0.0001,900
2224,0.0001,0
2225,0.0001,900
2226,0.0001,300
2227,0.0001,900
2228,0.0001,600
2229,0.0001,0
2230,0.0001,900
2231,0.0001,900
2232,0.0001,300
2233,0.0001,690
2234,0.0001,0
2235,0.0001,0
2236,0.0001,900
2237,0.0001,300
2238,0.0001,450
2239,0.0001,0
2240,0.0001,2100
2241,0.0001,800
2242,0.0001,0
2243,0.0001,0
2244,0.0001,0
2245,0.0001,0
2246,0.0001,0
2247,0.0001,1200
2248,0.0001,0
2249,0.0001,0
2250,0.0001,300
2251,0.0001,0
2252,0.0001,0
2253,0.0001,1500
2254,0.0001,10800
2255,0.0001,0
2256,0.0001,400
2257,0.0001,0
2258,0.0001,0
2259,0.0001,1200
2260,0.0001,900
2261,0.0001,2100
2262,0.0001,400
2263,0.0001,0
2264,0.0001,0
2265,0.0001,0
2266,0.0001,20340
2267,0.0001,0
2268,0.0001,900
2269,0.0001,0
2270,0.0001,600
2271,0.0001,0
2272,0.0001,0
2273,0.0001,0
2274,0.0001,500
2275,0.0001,900
2276,0.0001,0
2277,0.0001,300
2278,0.0001,300
2279,0.0001,900
2280,0.0001,0
2281,0.0001,0
2282,0.0001,1900
2283,0.0001,2100
2284,0.0001,1200
2285,0.0001,20940
2286,0.0001,900
2287,0.0001,1200
2288,0.0001,6960
2289,0.0001,7080
2290,0.0001,900
2291,0.0001,650
2292,0.0001,27420
2293,0.0001,900
2294,0.0001,0
2295,0.0001,700
2296,0.0001,900
2297,0.0001,700
2298,0.0001,0
2299,0.0001,1800
2300,0.0001,0
2301,0.0001,7080
2302,0.0001,400
2303,0.0001,700
2304,0.0001,0
2305,0.0001,0
2306,0.0001,900
2307,0.0001,1500
2308,0.0001,4500
2309,0.0001,1200
2310,0.0001,300
2311,0.0001,0
2312,0.0001,8100
2313,0.0001,900
2314,0.0001,0
2315,0.0001,300
2316,0.0001,300
2317,0.0001,10800
2318,0.0001,0
2319,0.0001,940
2320,0.0001,0
2321,0.0001,0
2322,0.0001,7030
2323,0.0001,0
2324,0.0001,5850
2325,0.0001,1350
2326,0.0001,0
2327,0.0001,1200
2328,0.0001,0
2329,0.0001,400
2330,0.0001,10350
2331,0.0001,0
2332,0.0001,0
2333,0.0001,550
2334,0.0001,2000
2335,0.0001,1200
2336,0.0001,500
2337,0.0001,0
2338,0.0001,0
2339,0.0001,900
2340,0.0001,400
2341,0.0001,1200
2342,0.0001,9240
2343,0.0001,1800
2344,0.0001,0
2345,0.0001,500
2346,0.0001,20640
2347,0.0001,840
2348,0.0001,0
2349,0.0001,0
2350,0.0001,1350
2351,0.0001,900
2352,0.0001,400
2353,0.0001,7080
2354,0.0001,1500
2355,0.0001,600
2356,0.0001,720
2357,0.0001,0
2358,0.0001,0
2359,0.0001,2000
2360,0.0001,900
2361,0.0001,300
2362,0.0001,840
2363,0.0001,0
2364,0.0001,0
2365,0.0001,1440
2366,0.0001,1200
2367,0.0001,300
2368,0.0001,0
2369,0.0001,23640
2370,0.0001,300
2371,0.0001,480
2372,0.0001,0
2373,0.0001,0
2374,0.0001,300
2375,0.0001,900
2376,0.0001,0
2377,0.0001,700
2378,0.0001,6980
2379,0.0001,900
2380,0.0001,2100
2381,0.0001,300
2382,0.0001,300
2383,0.0001,7080
2384,0.0001,550
2385,0.0001,900
2386,0.0001,900
2387,0.0001,0
2388,0.0001,1500
2389,0.0001,300
2390,0.0001,0
2391,0.0001,0
2392,0.0001,6960
2393,0.0001,0
2394,0.0001,700
2395,0.0001,400
2396,0.0001,300
2397,0.0001,0
2398,0.0001,0
2399,0.0001,6980
2400,0.0001,0
2401,0.0001,940
2402,0.0001,0
2403,0.0001,900
2404,0.0001,0
2405,0.0001,0
2406,0.0001,0
2407,0.0001,300
2408,0.0001,300
2409,0.0001,0
2410,0.0001,0
2411,0.0001,1500
2412,0.0001,900
2413,0.0001,700
2414,0.0001,900
2415,0.0001,900
2416,0.0001,840
2417,0.0001,0
2418,0.0001,0
2419,0.0001,300
2420,0.0001,700
2421,0.0001,9140
2422,0.0001,1500
2423,0.0001,900
2424,0.0001,7080
2425,0.0001,900
2426,0.0001,0
2427,0.0001,0
2428,0.0001,2000
2429,0.0001,0
2430,0.0001,0
2431,0.0001,9190
2432,0.0001,900
2433,0.0001,10350
2434,0.0001,900
2435,0.0001,1500
2436,0.0001,900
2437,0.0001,600
2438,0.0001,1500
2439,0.0001,1200
2440,0.0001,20790
2441,0.0001,1500
2442,0.0001,20940
2443,0.0001,900
2444,0.0001,2100
2445,0.0001,0
2446,0.0001,1200
2447,0.0001,1680
2448,0.0001,0
2449,0.0001,0
2450,0.0001,0
2451,0.0001,0
2452,0.0001,1200
2453,0.0001,1200
2454,0.0001,4500
2455,0.0001,0
2456,0.0001,1200
2457,0.0001,600
2458,0.0001,500
2459,0.0001,850
2460,0.0001,400
2461,0.0001,0
2462,0.0001,1200
2463,0.0001,400
2464,0.0001,400
2465,0.0001,300
2466,0.0001,900
2467,0.0001,400
2468,0.0001,0
2469,0.0001,900
2470,0.0001,0
2471,0.0001,0
2472,0.0001,300
2473,0.0001,5700
2474,0.0001,600
2475,0.0001,20940
2476,0.0001,300
2477,0.0001,1500
2478,0.0001,0
2479,0.0001,1800
2480,0.0001,1200
2481,0.0001,0
2482,0.0001,300
2483,0.0001,600
2484,0.0001,3900
2485,0.0001,0
2486,0.0001,300
2487,0.0001,0
2488,0.0001,1800
2489,0.0001,1500
2490,0.0001,1920
2491,0.0001,300
2492,0.0001,900
2493,0.0001,2200
2494,0.0001,0
2495,0.0001,700
2496,0.0001,700
2497,0.0001,1600
2498,0.0001,0
2499,0.0001,0
2500,0.0001,400
2501,0.0001,23490
2502,0.0001,900
2503,0.0001,700
2504,0.0001,1200
2505,0.0001,300
2506,0.0001,0
2507,0.0001,0
2508,0.0001,2050
2509,0.0001,900
2510,0.0001,0
2511,0.0001,0
2512,0.0001,0
2513,0.0001,800
2514,0.0001,900
2515,0.0001,0
2516,0.0001,900
2517,0.0001,15000
2518,0.0001,900
2519,0.0001,5400
2520,0.0001,0
2521,0.0001,0
2522,0.0001,0
2523,0.0001,900
2524,0.0001,0
2525,0.0001,300
2526,0.0001,0
2527,0.0001,2700
2528,0.0001,0
2529,0.0001,300
2530,0.0001,7030
2531,0.0001,300
2532,0.0001,0
2533,0.0001,0
2534,0.0001,300
2535,0.0001,0
2536,0.0001,300
2537,0.0001,400
2538,0.0001,0
2539,0.0001,1500
2540,0.0001,900
2541,0.0001,300
2542,0.0001,0
2543,0.0001,600
2544,0.0001,6980
2545,0.0001,500
2546,0.0001,0
2547,0.0001,0
2548,0.0001,0
2549,0.0001,1200
2550,0.0001,300
2551,0.0001,600
2552,0.0001,2000
2553,0.0001,27360
2554,0.0001,900
2555,0.0001,2340
2556,0.0001,900
2557,0.0001,400
2558,0.0001,0
2559,0.0001,900
2560,0.0001,0
2561,0.0001,0
2562,0.0001,1800
2563,0.0001,300
2564,0.0001,0
2565,0.0001,400
2566,0.0001,300
2567,0.0001,300
2568,0.0001,2100
2569,0.0001,0
2570,0.0001,2200
2571,0.0001,1500
2572,0.0001,3000
2573,0.0001,0
2574,0.0001,7280
2575,0.0001,900
2576,0.0001,0
2577,0.0001,700
2578,0.0001,900
2579,0.0001,700
2580,0.0001,0
2581,0.0001,900
2582,0.0001,3000
2583,0.0001,0
2584,0.0001,3700
2585,0.0001,1200
2586,0.0001,2100
2587,0.0001,0
2588,0.0001,0
2589,0.0001,0
2590,0.0001,1200
2591,0.0001,600
2592,0.0001,900
2593,0.0001,300
2594,0.0001,2100
2595,0.0001,0
2596,0.0001,840
2597,0.0001,2100
2598,0.0001,1620
2599,0.0001,1200
2600,0.0001,300
2601,0.0001,0
2602,0.0001,0
2603,0.0001,0
2604,0.0001,900
2605,0.0001,900
2606,0.0001,1500
2607,0.0001,600
2608,0.0001,900
2609,0.0001,0
2610,0.0001,0
2611,0.0001,6980
2612,0.0001,500
2613,0.0001,0
2614,0.0001,300
2615,0.0001,0
2616,0.0001,0
2617,0.0001,0
2618,0.0001,0
2619,0.0001,0
2620,0.0001,0
2621,0.0001,900
2622,0.0001,0
2623,0.0001,14400
2624,0.0001,400
2625,0.0001,600
2626,0.0001,0
2627,0.0001,2520
2628,0.0001,0
2629,0.0001,400
2630,0.0001,940
2631,0.0001,300
2632,0.0001,0
2633,0.0001,400
2634,0.0001,0
2635,0.0001,600
2636,0.0001,0
2637,0.0001,0
2638,0.0001,1920
2639,0.0001,1500
2640,0.0001,0
2641,0.0001,900
2642,0.0001,300
2643,0.0001,0
2644,0.0001,0
2645,0.0001,0
2646,0.0001,540
2647,0.0001,400
2648,0.0001,300
2649,0.0001,1300
2650,0.0001,0
2651,0.0001,0
2652,0.0001,700
2653,0.0001,550
2654,0.0001,300
2655,0.0001,900
2656,0.0001,5400
2657,0.0001,700
2658,0.0001,300
2659,0.0001,2700
2660,0.0001,900
2661,0.0001,300
2662,0.0001,7330
2663,0.0001,1200
2664,0.0001,400
2665,0.0001,600
2666,0.0001,700
2667,0.0001,0
2668,0.0001,300
2669,0.0001,0
2670,0.0001,0
2671,0.0001,400
2672,0.0001,700
2673,0.0001,2100
2674,0.0001,2100
2675,0.0001,300
2676,0.0001,1200
2677,0.0001,1500
2678,0.0001,400
2679,0.0001,600
2680,0.0001,9000
2681,0.0001,300
2682,0.0001,3700
2683,0.0001,500
2684,0.0001,0
2685,0.0001,0
2686,0.0001,1500
2687,0.0001,20640
2688,0.0001,300
2689,0.0001,0
2690,0.0001,0
2691,0.0001,0
2692,0.0001,300
2693,0.0001,300
2694,0.0001,0
2695,0.0001,0
2696,0.0001,0
2697,0.0001,900
2698,0.0001,0
2699,0.0001,0
2700,0.0001,0
2701,0.0001,0
2702,0.0001,2100
2703,0.0001,900
2704,0.0001,0
2705,0.0001,20580
2706,0.0001,1500
2707,0.0001,1200
2708,0.0001,300
2709,0.0001,1200
2710,0.0001,800
2711,0.0001,0
2712,0.0001,2100
2713,0.0001,1800
2714,0.0001,0
2715,0.0001,0
2716,0.0001,0
2717,0.0001,300
2718,0.0001,35400
2719,0.0001,0
2720,0.0001,840
2721,0.0001,10620
2722,0.0001,0
2723,0.0001,0
2724,0.0001,0
2725,0.0001,0
2726,0.0001,0
2727,0.0001,6930
2728,0.0001,300
2729,0.0001,940
2730,0.0001,0
2731,0.0001,1800
2732,0.0001,0
2733,0.0001,7880
2734,0.0001,3000
2735,0.0001,1200
2736,0.0001,1500
2737,0.0001,900
2738,0.0001,0
2739,0.0001,400
2740,0.0001,0
2741,0.0001,300
2742,0.0001,1500
2743,0.0001,1200
2744,0.0001,0
2745,0.0001,7080
2746,0.0001,1800
2747,0.0001,10200
2748,0.0001,1800
2749,0.0001,0
2750,0.0001,2000
2751,0.0001,5400
2752,0.0001,0
2753,0.0001,500
2754,0.0001,400
2755,0.0001,0
2756,0.0001,0
2757,0.0001,1500
2758,0.0001,2000
2759,0.0001,0
2760,0.0001,1200
2761,0.0001,400
2762,0.0001,0
2763,0.0001,0
2764,0.0001,0
2765,0.0001,1600
2766,0.0001,0
2767,0.0001,900
2768,0.0001,400
2769,0.0001,0
2770,0.0001,2100
2771,0.0001,700
2772,0.0001,0
2773,0.0001,2050
2774,0.0001,600
2775,0.0001,7180
2776,0.0001,0
2777,0.0001,0
2778,0.0001,400
2779,0.0001,900
2780,0.0001,0
2781,0.0001,400
2782,0.0001,300
2783,0.0001,0
2784,0.0001,900
2785,0.0001,300
2786,0.0001,1200
2787,0.0001,0
2788,0.0001,400
2789,0.0001,1200
2790,0.0001,1800
2791,0.0001,1170
2792,0.0001,900
2793,0.0001,2700
2794,0.0001,300
2795,0.0001,6910
2796,0.0001,0
2797,0.0001,900
2798,0.0001,300
2799,0.0001,6980
2800,0.0001,800
2801,0.0001,0
2802,0.0001,1200
2803,0.0001,4500
2804,0.0001,0
2805,0.0001,0
2806,0.0001,0
2807,0.0001,400
2808,0.0001,300
2809,0.0001,300
2810,0.0001,0
2811,0.0001,0
2812,0.0001,900
2813,0.0001,900
2814,0.0001,540
2815,0.0001,6930
2816,0.0001,600
2817,0.0001,34400
2818,0.0001,300
2819,0.0001,400
2820,0.0001,1200
2821,0.0001,900
2822,0.0001,0
2823,0.0001,400
2824,0.0001,6930
2825,0.0001,1500
2826,0.0001,300
2827,0.0001,1500
2828,0.0001,500
2829,0.0001,400
2830,0.0001,0
2831,0.0001,1200
2832,0.0001,0
2833,0.0001,300
2834,0.0001,0
2835,0.0001,0
2836,0.0001,2100
2837,0.0001,0
2838,0.0001,2100
2839,0.0001,900
2840,0.0001,2520
2841,0.0001,1200
2842,0.0001,1500
2843,0.0001,6980
2844,0.0001,0
2845,0.0001,800
2846,0.0001,3000
2847,0.0001,0
2848,0.0001,1200
2849,0.0001,540
2850,0.0001,3000
2851,0.0001,2100
2852,0.0001,700
2853,0.0001,0
2854,0.0001,3700
2855,0.0001,600
2856,0.0001,900
2857,0.0001,0
2858,0.0001,0
2859,0.0001,300
2860,0.0001,0
2861,0.0001,900
2862,0.0001,0
2863,0.0001,300
2864,0.0001,900
2865,0.0001,900
2866,0.0001,1800
2867,0.0001,700
2868,0.0001,750
2869,0.0001,3700
2870,0.0001,300
2871,0.0001,900
2872,0.0001,6980
2873,0.0001,20940
2874,0.0001,400
2875,0.0001,1500
2876,0.0001,900
2877,0.0001,850
2878,0.0001,300
2879,0.0001,0
2880,0.0001,300
2881,0.0001,400
2882,0.0001,0
2883,0.0001,300
2884,0.0001,0
2885,0.0001,0
2886,0.0001,5850
2887,0.0001,0
2888,0.0001,900
2889,0.0001,0
2890,0.0001,45200
2891,0.0001,0
2892,0.0001,900
2893,0.0001,300
2894,0.0001,0
2895,0.0001,1500
2896,0.0001,500
2897,0.0001,0
2898,0.0001,6980
2899,0.0001,2100
2900,0.0001,0
2901,0.0001,0
2902,0.0001,300
2903,0.0001,0
2904,0.0001,3400
2905,0.0001,0
2906,0.0001,300
2907,0.0001,600
2908,0.0001,0
2909,0.0001,300
2910,0.0001,6980
2911,0.0001,600
2912,0.0001,300
2913,0.0001,900
2914,0.0001,400
2915,0.0001,640
2916,0.0001,400
2917,0.0001,7960
2918,0.0001,6880
2919,0.0001,0
2920,0.0001,2000
2921,0.0001,300
2922,0.0001,1200
2923,0.0001,900
2924,0.0001,0
2925,0.0001,0
2926,0.0001,300
2927,0.0001,0
2928,0.0001,0
2929,0.0001,300
2930,0.0001,900
2931,0.0001,1500
2932,0.0001,800
2933,0.0001,0
2934,0.0001,600
2935,0.0001,1500
2936,0.0001,2100
2937,0.0001,400
2938,0.0001,0
2939,0.0001,400
2940,0.0001,0
2941,0.0001,900
2942,0.0001,500
2943,0.0001,0
2944,0.0001,0
2945,0.0001,900
2946,0.0001,1500
2947,0.0001,7930
2948,0.0001,2700
2949,0.0001,0
2950,0.0001,0
2951,0.0001,300
2952,0.0001,1500
2953,0.0001,0
2954,0.0001,1800
2955,0.0001,20940
2956,0.0001,0
2957,0.0001,500
2958,0.0001,900
2959,0.0001,900
2960,0.0001,1200
2961,0.0001,0
2962,0.0001,1200
2963,0.0001,7280
2964,0.0001,0
2965,0.0001,0
2966,0.0001,0
2967,0.0001,0
2968,0.0001,300
2969,0.0001,0
2970,0.0001,0
2971,0.0001,0
2972,0.0001,300
2973,0.0001,0
2974,0.0001,0
2975,0.0001,900
2976,0.0001,1500
2977,0.0001,900
2978,0.0001,0
2979,0.0001,300
2980,0.0001,0
2981,0.0001,900
2982,0.0001,0
2983,0.0001,900
2984,0.0001,1200
2985,0.0001,0
2986,0.0001,5220
2987,0.0001,2520
2988,0.0001,300
2989,0.0001,500
2990,0.0001,0
2991,0.0001,900
2992,0.0001,1200
2993,0.0001,900
2994,0.0001,300
2995,0.0001,900
2996,0.0001,900
2997,0.0001,0
2998,0.0001,0
2999,0.0001,400
3000,0.0001,900
3001,0.0001,2250
3002,0.0001,0
3003,0.0001,1800
3004,0.0001,900
3005,0.0001,0
3006,0.0001,0
3007,0.0001,300
3008,0.0001,0
3009,0.0001,4500
3010,0.0001,0
3011,0.0001,900
3012,0.0001,600
3013,0.0001,0
3014,0.0001,1200
3015,0.0001,0
3016,0.0001,0
3017,0.0001,0
3018,0.0001,2250
3019,0.0001,400
3020,0.0001,0
3021,0.0001,300
3022,0.0001,900
3023,0.0001,900
3024,0.0001,300
3025,0.0001,0
3026,0.0001,600
3027,0.0001,300
3028,0.0001,0
3029,0.0001,0
3030,0.0001,10200
3031,0.0001,0
3032,0.0001,1500
3033,0.0001,600
3034,0.0001,1200
3035,0.0001,600
3036,0.0001,0
3037,0.0001,0
3038,0.0001,0
3039,0.0001,300
3040,0.0001,1200
3041,0.0001,0
3042,0.0001,400
3043,0.0001,0
3044,0.0001,34400
3045,0.0001,1500
3046,0.0001,0
3047,0.0001,900
3048,0.0001,900
3049,0.0001,690
3050,0.0001,0
3051,0.0001,400
3052,0.0001,640
3053,0.0001,0
3054,0.0001,1800
3055,0.0001,700
3056,0.0001,300
3057,0.0001,400
3058,0.0001,0
3059,0.0001,900
3060,0.0001,7080
3061,0.0001,400
3062,0.0001,1200
3063,0.0001,2700
3064,0.0001,0
3065,0.0001,1300
3066,0.0001,2000
3067,0.0001,2520
3068,0.0001,900
3069,0.0001,900
3070,0.0001,1500
3071,0.0001,850
3072,0.0001,2100
3073,0.0001,1800
3074,0.0001,900
3075,0.0001,1200
3076,0.0001,540
3077,0.0001,0
3078,0.0001,0
3079,0.0001,500
3080,0.0001,900
3081,0.0001,300
3082,0.0001,700
3083,0.0001,0
3084,0.0001,900
3085,0.0001,300
3086,0.0001,0
3087,0.0001,0
3088,0.0001,300
3089,0.0001,0
3090,0.0001,0
3091,0.0001,1500
3092,0.0001,300
3093,0.0001,700
3094,0.0001,0
3095,0.0001,1920
3096,0.0001,0
3097,0.0001,0
3098,0.0001,0
3099,0.0001,0
3100,0.0001,4500
3101,0.0001,2100
3102,0.0001,4500
3103,0.0001,400
3104,0.0001,600
3105,0.0001,0
3106,0.0001,840
3107,0.0001,300
3108,0.0001,900
3109,0.0001,2100
3110,0.0001,4440
3111,0.0001,600
3112,0.0001,0
3113,0.0001,1200
3114,0.0001,300
3115,0.0001,400
3116,0.0001,0
3117,0.0001,300
3118,0.0001,900
3119,0.0001,0
3120,0.0001,750
3121,0.0001,550
3122,0.0001,900
3123,0.0001,1500
3124,0.0001,0
3125,0.0001,1500
3126,0.0001,900
3127,0.0001,0
3128,0.0001,900
3129,0.0001,3900
3130,0.0001,300
3131,0.0001,900
3132,0.0001,1600
3133,0.0001,0
3134,0.0001,20340
3135,0.0001,0
3136,0.0001,20940
3137,0.0001,900
3138,0.0001,0
3139,0.0001,300
3140,0.0001,900
3141,0.0001,6980
3142,0.0001,700
3143,0.0001,900
3144,0.0001,0
3145,0.0001,9340
3146,0.0001,0
3147,0.0001,0
3148,0.0001,0
3149,0.0001,20640
3150,0.0001,300
3151,0.0001,900
3152,0.0001,3400
3153,0.0001,0
3154,0.0001,2250
3155,0.0001,2250
3156,0.0001,0
3157,0.0001,3000
3158,0.0001,0
3159,0.0001,1800
3160,0.0001,900
3161,0.0001,0
3162,0.0001,900
3163,0.0001,2200
3164,0.0001,300
3165,0.0001,3400
3166,0.0001,0
3167,0.0001,540
3168,0.0001,0
3169,0.0001,1800
3170,0.0001,0
3171,0.0001,500
3172,0.0001,0
3173,0.0001,400
3174,0.0001,0
3175,0.0001,2000
3176,0.0001,0
3177,0.0001,400
3178,0.0001,900
3179,0.0001,0
3180,0.0001,900
3181,0.0001,0
3182,0.0001,900
3183,0.0001,0
3184,0.0001,0
3185,0.0001,900
3186,0.0001,0
3187,0.0001,0
3188,0.0001,0
3189,0.0001,0
3190,0.0001,1200
3191,0.0001,0
3192,0.0001,300
3193,0.0001,0
3194,0.0001,0
3195,0.0001,1200
3196,0.0001,1200
3197,0.0001,850
3198,0.0001,1500
3199,0.0001,740
3200,0.0001,150
3201,0.0001,1650
3202,0.0001,1200
3203,0.0001,150
3204,0.0001,0
3205,0.0001,900
3206,0.0001,400
3207,0.0001,0
3208,0.0001,500
3209,0.0001,600
3210,0.0001,1620
3211,0.0001,2100
3212,0.0001,720
3213,0.0001,0
3214,0.0001,1200
3215,0.0001,300
3216,0.0001,0
3217,0.0001,0
3218,0.0001,0
3219,0.0001,900
3220,0.0001,1800
3221,0.0001,0
3222,0.0001,1500
3223,0.0001,900
3224,0.0001,1200
3225,0.0001,0
3226,0.0001,400
3227,0.0001,300
3228,0.0001,0
3229,0.0001,900
3230,0.0001,0
3231,0.0001,700
3232,0.0001,0
3233,0.0001,1200
3234,0.0001,5400
3235,0.0001,0
3236,0.0001,0
3237,0.0001,300
3238,0.0001,0
3239,0.0001,900
3240,0.0001,600
3241,0.0001,0
3242,0.0001,400
3243,0.0001,14400
3244,0.0001,20940
3245,0.0001,1500
3246,0.0001,2100
3247,0.0001,2000
3248,0.0001,0
3249,0.0001,240
3250,0.0001,0
3251,0.0001,900
3252,0.0001,0
3253,0.0001,450
3254,0.0001,300
3255,0.0001,300
3256,0.0001,0
3257,0.0001,0
3258,0.0001,6980
3259,0.0001,0
3260,0.0001,0
3261,0.0001,300
3262,0.0001,1800
3263,0.0001,300
3264,0.0001,1500
3265,0.0001,900
3266,0.0001,0
3267,0.0001,0
3268,0.0001,400
3269,0.0001,1200
3270,0.0001,0
3271,0.0001,1200
3272,0.0001,0
3273,0.0001,400
3274,0.0001,900
3275,0.0001,1200
3276,0.0001,400
3277,0.0001,600
3278,0.0001,0
3279,0.0001,0
3280,0.0001,0
3281,0.0001,300
3282,0.0001,300
3283,0.0001,900
3284,0.0001,0
3285,0.0001,0
3286,0.0001,300
3287,0.0001,1350
3288,0.0001,900
3289,0.0001,1800
3290,0.0001,1200
3291,0.0001,900
3292,0.0001,2100
3293,0.0001,400
3294,0.0001,300
3295,0.0001,0
3296,0.0001,900
3297,0.0001,0
3298,0.0001,0
3299,0.0001,0
3300,0.0001,300
3301,0.0001,0
3302,0.0001,0
3303,0.0001,7680
3304,0.0001,0
3305,0.0001,2200
3306,0.0001,300
3307,0.0001,1500
3308,0.0001,20340
3309,0.0001,800
3310,0.0001,0
3311,0.0001,400
3312,0.0001,1920
3313,0.0001,900
3314,0.0001,900
3315,0.0001,0
3316,0.0001,720
3317,0.0001,0
3318,0.0001,900
3319,0.0001,900
3320,0.0001,300
3321,0.0001,940
3322,0.0001,900
3323,0.0001,0
3324,0.0001,0
3325,0.0001,300
3326,0.0001,900
3327,0.0001,700
3328,0.0001,0
3329,0.0001,300
3330,0.0001,400
3331,0.0001,0
3332,0.0001,2100
3333,0.0001,1200
3334,0.0001,0
3335,0.0001,300
3336,0.0001,900
3337,0.0001,300
3338,0.0001,2100
3339,0.0001,20940
3340,0.0001,300
3341,0.0001,0
3342,0.0001,6980
3343,0.0001,1650
3344,0.0001,900
3345,0.0001,1350
3346,0.0001,0
3347,0.0001,800
3348,0.0001,940
3349,0.0001,300
3350,0.0001,1500
3351,0.0001,0
3352,0.0001,900
3353,0.0001,0
3354,0.0001,6980
3355,0.0001,0
3356,0.0001,1500
3357,0.0001,1350
3358,0.0001,0
3359,0.0001,0
3360,0.0001,300
3361,0.0001,0
3362,0.0001,0
3363,0.0001,1600
3364,0.0001,1500
3365,0.0001,900
3366,0.0001,0
3367,0.0001,1500
3368,0.0001,1500
3369,0.0001,800
3370,0.0001,640
3371,0.0001,0
3372,0.0001,0
3373,0.0001,0
3374,0.0001,0
3375,0.0001,0
3376,0.0001,650
3377,0.0001,900
3378,0.0001,900
3379,0.0001,400
3380,0.0001,900
3381,0.0001,0
3382,0.0001,0
3383,0.0001,1500
3384,0.0001,900
3385,0.0001,0
3386,0.0001,900
3387,0.0001,1650
3388,0.0001,0
3389,0.0001,300
3390,0.0001,900
3391,0.0001,1620
3392,0.0001,0
3393,0.0001,0
3394,0.0001,900
3395,0.0001,300
3396,0.0001,6000
3397,0.0001,300
3398,0.0001,1200
3399,0.0001,400
3400,0.0001,0
3401,0.0001,1500
3402,0.0001,0
3403,0.0001,900
3404,0.0001,0
3405,0.0001,0
3406,0.0001,400
3407,0.0001,0
3408,0.0001,10200
3409,0.0001,0
3410,0.0001,2200
3411,0.0001,0
3412,0.0001,10200
3413,0.0001,300
3414,0.0001,0
3415,0.0001,1200
3416,0.0001,900
3417,0.0001,0
3418,0.0001,300
3419,0.0001,0
3420,0.0001,0
3421,0.0001,0
3422,0.0001,0
3423,0.0001,0
3424,0.0001,300
3425,0.0001,900
3426,0.0001,650
3427,0.0001,900
3428,0.0001,0
3429,0.0001,0
3430,0.0001,0
3431,0.0001,0
3432,0.0001,1400
3433,0.0001,0
3434,0.0001,2250
3435,0.0001,1600
3436,0.0001,0
3437,0.0001,5000
3438,0.0001,0
3439,0.0001,400
3440,0.0001,1200
3441,0.0001,20640
3442,0.0001,700
3443,0.0001,850
3444,0.0001,500
3445,0.0001,0
3446,0.0001,0
3447,0.0001,600
3448,0.0001,2000
3449,0.0001,1650
3450,0.0001,900
3451,0.0001,0
3452,0.0001,0
3453,0.0001,9900
3454,0.0001,650
3455,0.0001,7280
3456,0.0001,500
3457,0.0001,1500
3458,0.0001,0
3459,0.0001,500
3460,0.0001,400
3461,0.0001,700
3462,0.0001,1500
3463,0.0001,0
3464,0.0001,0
3465,0.0001,900
3466,0.0001,2100
3467,0.0001,900
3468,0.0001,500
3469,0.0001,0
3470,0.0001,900
3471,0.0001,1300
3472,0.0001,1800
3473,0.0001,990
3474,0.0001,900
3475,0.0001,0
3476,0.0001,900
3477,0.0001,0
3478,0.0001,0
3479,0.0001,500
3480,0.0001,300
3481,0.0001,0
3482,0.0001,7430
3483,0.0001,600
3484,0.0001,1200
3485,0.0001,240
3486,0.0001,1500
3487,0.0001,900
3488,0.0001,900
3489,0.0001,640
3490,0.0001,700
3491,0.0001,600
3492,0.0001,0
3493,0.0001,400
3494,0.0001,2100
3495,0.0001,300
3496,0.0001,1500
3497,0.0001,0
3498,0.0001,6980
3499,0.0001,600
3500,0.0001,1200
3501,0.0001,800
3502,0.0001,400
3503,0.0001,600
3504,0.0001,0
3505,0.0001,840
3506,0.0001,34400
3507,0.0001,3900
3508,0.0001,1500
3509,0.0001,1200
3510,0.0001,2100
3511,0.0001,700
3512,0.0001,2000
3513,0.0001,900
3514,0.0001,900
3515,0.0001,400
3516,0.0001,7880
3517,0.0001,300
3518,0.0001,240
3519,0.0001,900
3520,0.0001,0
3521,0.0001,900
3522,0.0001,400
3523,0.0001,0
3524,0.0001,0
3525,0.0001,900
3526,0.0001,0
3527,0.0001,6960
3528,0.0001,300
3529,0.0001,400
3530,0.0001,0
3531,0.0001,300
3532,0.0001,0
3533,0.0001,400
3534,0.0001,1500
3535,0.0001,0
3536,0.0001,9220
3537,0.0001,300
3538,0.0001,0
3539,0.0001,400
3540,0.0001,500
3541,0.0001,1500
3542,0.0001,900
3543,0.0001,1200
3544,0.0001,0
3545,0.0001,0
3546,0.0001,0
3547,0.0001,400
3548,0.0001,1200
3549,0.0001,500
3550,0.0001,0
3551,0.0001,1200
3552,0.0001,0
3553,0.0001,300
3554,0.0001,1620
3555,0.0001,2250
3556,0.0001,300
3557,0.0001,900
3558,0.0001,1920
3559,0.0001,0
3560,0.0001,3000
3561,0.0001,300
3562,0.0001,20880
3563,0.0001,500
3564,0.0001,0
3565,0.0001,3000
3566,0.0001,550
3567,0.0001,900
3568,0.0001,20640
3569,0.0001,0
3570,0.0001,2250
3571,0.0001,0
3572,0.0001,0
3573,0.0001,0
3574,0.0001,400
3575,0.0001,0
3576,0.0001,900
3577,0.0001,7880
3578,0.0001,1800
3579,0.0001,300
3580,0.0001,1620
3581,0.0001,0
3582,0.0001,0
3583,0.0001,2250
3584,0.0001,0
3585,0.0001,600
3586,0.0001,600
3587,0.0001,400
3588,0.0001,700
3589,0.0001,300
3590,0.0001,300
3591,0.0001,900
3592,0.0001,0
3593,0.0001,0
3594,0.0001,0
3595,0.0001,1200
3596,0.0001,1200
3597,0.0001,900
3598,0.0001,0
3599,0.0001,300
3600,0.0001,1200
3601,0.0001,300
3602,0.0001,400
3603,0.0001,0
3604,0.0001,1800
3605,0.0001,0
3606,0.0001,2100
3607,0.0001,1500
3608,0.0001,0
3609,0.0001,800
3610,0.0001,400
3611,0.0001,9900
3612,0.0001,0
3613,0.0001,0
3614,0.0001,2000
3615,0.0001,2250
3616,0.0001,300
3617,0.0001,300
3618,0.0001,9900
3619,0.0001,0
3620,0.0001,0
3621,0.0001,300
3622,0.0001,0
3623,0.0001,0
3624,0.0001,0
3625,0.0001,1200
3626,0.0001,7480
3627,0.0001,0
3628,0.0001,1200
3629,0.0001,0
3630,0.0001,2000
3631,0.0001,300
3632,0.0001,0
3633,0.0001,0
3634,0.0001,450
3635,0.0001,0
3636,0.0001,900
3637,0.0001,400
3638,0.0001,0
3639,0.0001,900
3640,0.0001,10800
3641,0.0001,1650
3642,0.0001,2250
3643,0.0001,900
3644,0.0001,0
3645,0.0001,1800
3646,0.0001,300
3647,0.0001,600
3648,0.0001,150
3649,0.0001,0
3650,0.0001,1500
3651,0.0001,1200
3652,0.0001,700
3653,0.0001,900
3654,0.0001,0
3655,0.0001,900
3656,0.0001,900
3657,0.0001,0
3658,0.0001,0
3659,0.0001,1350
3660,0.0001,1620
3661,0.0001,1500
3662,0.0001,1500
3663,0.0001,300
3664,0.0001,6980
3665,0.0001,0
3666,0.0001,20940
3667,0.0001,900
3668,0.0001,700
3669,0.0001,0
3670,0.0001,600
3671,0.0001,1200
3672,0.0001,0
3673,0.0001,1200
3674,0.0001,0
3675,0.0001,0
3676,0.0001,0
3677,0.0001,0
3678,0.0001,1200
3679,0.0001,0
3680,0.0001,20640
3681,0.0001,0
3682,0.0001,0
3683,0.0001,300
3684,0.0001,7080
3685,0.0001,1200
3686,0.0001,1500
3687,0.0001,0
3688,0.0001,1800
3689,0.0001,0
3690,0.0001,0
3691,0.0001,500
3692,0.0001,0
3693,0.0001,400
3694,0.0001,300
3695,0.0001,900
3696,0.0001,1200
3697,0.0001,750
3698,0.0001,400
3699,0.0001,0
3700,0.0001,2100
3701,0.0001,1200
3702,0.0001,540
3703,0.0001,7080
3704,0.0001,0
3705,0.0001,0
3706,0.0001,300
3707,0.0001,940
3708,0.0001,240
3709,0.0001,0
3710,0.0001,900
3711,0.0001,0
3712,0.0001,3500
3713,0.0001,0
3714,0.0001,38900
3715,0.0001,1200
3716,0.0001,2520
3717,0.0001,600
3718,0.0001,0
3719,0.0001,7060
3720,0.0001,700
3721,0.0001,2000
3722,0.0001,700
3723,0.0001,1200
3724,0.0001,700
3725,0.0001,2000
3726,0.0001,0
3727,0.0001,900
3728,0.0001,1200
3729,0.0001,6960
3730,0.0001,2100
3731,0.0001,0
3732,0.0001,840
3733,0.0001,3000
3734,0.0001,300
3735,0.0001,0
3736,0.0001,1650
3737,0.0001,20880
3738,0.0001,2100
3739,0.0001,0
3740,0.0001,0
3741,0.0001,0
3742,0.0001,1500
3743,0.0001,0
3744,0.0001,0
3745,0.0001,0
3746,0.0001,0
3747,0.0001,450
3748,0.0001,900
3749,0.0001,1200
3750,0.0001,900
3751,0.0001,0
3752,0.0001,0
3753,0.0001,6120
3754,0.0001,300
3755,0.0001,20640
3756,0.0001,0
3757,0.0001,0
3758,0.0001,0
3759,0.0001,0
3760,0.0001,0
3761,0.0001,0
3762,0.0001,0
3763,0.0001,850
3764,0.0001,0
3765,0.0001,3000
3766,0.0001,0
3767,0.0001,900
3768,0.0001,750
3769,0.0001,1650
3770,0.0001,900
3771,0.0001,1800
3772,0.0001,900
3773,0.0001,800
3774,0.0001,300
3775,0.0001,0
3776,0.0001,1200
3777,0.0001,1200
3778,0.0001,700
3779,0.0001,0
3780,0.0001,0
3781,0.0001,900
3782,0.0001,0
3783,0.0001,300
3784,0.0001,1200
3785,0.0001,0
3786,0.0001,400
3787,0.0001,500
3788,0.0001,0
3789,0.0001,1800
3790,0.0001,800
3791,0.0001,900
3792,0.0001,900
3793,0.0001,1200
3794,0.0001,600
3795,0.0001,900
3796,0.0001,1500
3797,0.0001,0
3798,0.0001,0
3799,0.0001,900
3800,0.0001,700
3801,0.0001,1500
3802,0.0001,2520
3803,0.0001,0
3804,0.0001,400
3805,0.0001,10800
3806,0.0001,300
3807,0.0001,900
3808,0.0001,0
3809,0.0001,0
3810,0.0001,300
3811,0.0001,900
3812,0.0001,27420
3813,0.0001,6960
3814,0.0001,0
3815,0.0001,1620
3816,0.0001,0
3817,0.0001,300
3818,0.0001,0
3819,0.0001,0
3820,0.0001,400
3821,0.0001,300
3822,0.0001,300
3823,0.0001,900
3824,0.0001,1200
3825,0.0001,0
3826,0.0001,0
3827,0.0001,300
3828,0.0001,0
3829,0.0001,0
3830,0.0001,500
3831,0.0001,0
3832,0.0001,900
3833,0.0001,400
3834,0.0001,550
3835,0.0001,20940
3836,0.0001,0
3837,0.0001,300
3838,0.0001,300
3839,0.0001,400
3840,0.0001,5100
3841,0.0001,600
3842,0.0001,1200
3843,0.0001,0
3844,0.0001,300
3845,0.0001,900
3846,0.0001,0
3847,0.0001,500
3848,0.0001,0
3849,0.0001,900
3850,0.0001,900
3851,0.0001,900
3852,0.0001,0
3853,0.0001,2100
3854,0.0001,400
3855,0.0001,900
3856,0.0001,800
3857,0.0001,0
3858,0.0001,0
3859,0.0001,10620
3860,0.0001,0
3861,0.0001,600
3862,0.0001,900
3863,0.0001,0
3864,0.0001,1200
3865,0.0001,0
3866,0.0001,3600
3867,0.0001,800
3868,0.0001,2520
3869,0.0001,0
3870,0.0001,20580
3871,0.0001,0
3872,0.0001,0
3873,0.0001,0
3874,0.0001,400
3875,0.0001,400
3876,0.0001,0
3877,0.0001,0
3878,0.0001,9220
3879,0.0001,900
3880,0.0001,900
3881,0.0001,20940
3882,0.0001,0
3883,0.0001,0
3884,0.0001,2520
3885,0.0001,1500
3886,0.0001,700
3887,0.0001,0
3888,0.0001,1800
3889,0.0001,0
3890,0.0001,300
3891,0.0001,0
3892,0.0001,0
3893,0.0001,0
3894,0.0001,900
3895,0.0001,1800
3896,0.0001,900
3897,0.0001,0
3898,0.0001,400
3899,0.0001,0
3900,0.0001,2250
3901,0.0001,0
3902,0.0001,0
3903,0.0001,700
3904,0.0001,0
3905,0.0001,0
3906,0.0001,0
3907,0.0001,45200
3908,0.0001,400
3909,0.0001,1200
3910,0.0001,2140
3911,0.0001,6880
3912,0.0001,400
3913,0.0001,300
3914,0.0001,900
3915,0.0001,300
3916,0.0001,0
3917,0.0001,500
3918,0.0001,900
3919,0.0001,0
3920,0.0001,0
3921,0.0001,3700
3922,0.0001,0
3923,0.0001,2700
3924,0.0001,1500
3925,0.0001,700
3926,0.0001,400
3927,0.0001,0
3928,0.0001,300
3929,0.0001,0
3930,0.0001,0
3931,0.0001,500
3932,0.0001,20940
3933,0.0001,1200
3934,0.0001,0
3935,0.0001,7060
3936,0.0001,0
3937,0.0001,3400
3938,0.0001,0
3939,0.0001,0
3940,0.0001,0
3941,0.0001,0
3942,0.0001,300
3943,0.0001,900
3944,0.0001,400
3945,0.0001,0
3946,0.0001,0
3947,0.0001,1500
3948,0.0001,0
3949,0.0001,700
3950,0.0001,0
3951,0.0001,1200
3952,0.0001,500
3953,0.0001,0
3954,0.0001,900
3955,0.0001,400
3956,0.0001,6980
3957,0.0001,1860
3958,0.0001,900
3959,0.0001,1500
3960,0.0001,1500
3961,0.0001,0
3962,0.0001,0
3963,0.0001,1500
3964,0.0001,0
3965,0.0001,9900
3966,0.0001,0
3967,0.0001,700
3968,0.0001,600
3969,0.0001,400
3970,0.0001,1200
3971,0.0001,0
3972,0.0001,0
3973,0.0001,9720
3974,0.0001,2070
3975,0.0001,20490
3976,0.0001,900
3977,0.0001,0
3978,0.0001,1200
3979,0.0001,0
3980,0.0001,900
3981,0.0001,1620
3982,0.0001,0
3983,0.0001,900
3984,0.0001,0
3985,0.0001,0
3986,0.0001,9900
3987,0.0001,0
3988,0.0001,0
3989,0.0001,1500
3990,0.0001,1500
3991,0.0001,0
3992,0.0001,900
3993,0.0001,7480
3994,0.0001,900
3995,0.0001,800
3996,0.0001,0
3997,0.0001,2100
3998,0.0001,400
3999,0.0001,0
4000,0.0001,900
4001,0.0001,600
4002,0.0001,800
4003,0.0001,700
4004,0.0001,20790
4005,0.0001,300
4006,0.0001,1600
4007,0.0001,300
4008,0.0001,6980
4009,0.0001,1620
4010,0.0001,0
4011,0.0001,1500
4012,0.0001,0
4013,0.0001,2700
4014,0.0001,600
4015,0.0001,1500
4016,0.0001,3750
4017,0.0001,0
4018,0.0001,2700
4019,0.0001,2100
4020,0.0001,20940
4021,0.0001,0
4022,0.0001,600
4023,0.0001,2100
4024,0.0001,900
4025,0.0001,3000
4026,0.0001,1500
4027,0.0001,0
4028,0.0001,10500
4029,0.0001,0
4030,0.0001,9140
4031,0.0001,1200
4032,0.0001,0
4033,0.0001,650
4034,0.0001,1500
4035,0.0001,720
4036,0.0001,900
4037,0.0001,700
4038,0.0001,0
4039,0.0001,4500
4040,0.0001,0
4041,0.0001,1350
4042,0.0001,0
4043,0.0001,0
4044,0.0001,0
4045,0.0001,2250
4046,0.0001,0
4047,0.0001,900
4048,0.0001,0
4049,0.0001,0
4050,0.0001,300
4051,0.0001,600
4052,0.0001,0
4053,0.0001,3600
4054,0.0001,2000
4055,0.0001,0
4056,0.0001,0
4057,0.0001,2000
4058,0.0001,6000
4059,0.0001,2200
4060,0.0001,800
4061,0.0001,900
4062,0.0001,900
4063,0.0001,300
4064,0.0001,1500
4065,0.0001,1800
4066,0.0001,9240
4067,0.0001,0
4068,0.0001,1500
4069,0.0001,2250
4070,0.0001,1200
4071,0.0001,0
4072,0.0001,300
4073,0.0001,400
4074,0.0001,1500
4075,0.0001,300
4076,0.0001,0
4077,0.0001,10620
4078,0.0001,1500
4079,0.0001,0
4080,0.0001,2000
4081,0.0001,0
4082,0.0001,0
4083,0.0001,0
4084,0.0001,1740
4085,0.0001,3000
4086,0.0001,900
4087,0.0001,840
4088,0.0001,0
4089,0.0001,0
4090,0.0001,900
4091,0.0001,0
4092,0.0001,400
4093,0.0001,300
4094,0.0001,900
4095,0.0001,1200
4096,0.0001,2100
4097,0.0001,0
4098,0.0001,700
4099,0.0001,2700
4100,0.0001,0
4101,0.0001,300
4102,0.0001,0
4103,0.0001,700
4104,0.0001,1740
4105,0.0001,0
4106,0.0001,1200
4107,0.0001,0
4108,0.0001,47460
4109,0.0001,0
4110,0.0001,900
4111,0.0001,450
4112,0.0001,0
4113,0.0001,0
4114,0.0001,1200
4115,0.0001,900
4116,0.0001,0
4117,0.0001,600
4118,0.0001,500
4119,0.0001,0
4120,0.0001,900
4121,0.0001,0
4122,0.0001,700
4123,0.0001,500
4124,0.0001,0
4125,0.0001,300
4126,0.0001,2250
4127,0.0001,0
4128,0.0001,0
4129,0.0001,0
4130,0.0001,0
4131,0.0001,0
4132,0.0001,900
4133,0.0001,300
4134,0.0001,900
4135,0.0001,0
4136,0.0001,1500
4137,0.0001,500
4138,0.0001,150
4139,0.0001,0
4140,0.0001,0
4141,0.0001,0
4142,0.0001,0
4143,0.0001,0
4144,0.0001,3400
4145,0.0001,0
4146,0.0001,0
4147,0.0001,0
4148,0.0001,0
4149,0.0001,300
4150,0.0001,0
4151,0.0001,0
4152,0.0001,900
4153,0.0001,300
4154,0.0001,400
4155,0.0001,700
4156,0.0001,0
4157,0.0001,300
4158,0.0001,700
4159,0.0001,1500
4160,0.0001,9900
4161,0.0001,0
4162,0.0001,0
4163,0.0001,400
4164,0.0001,500
4165,0.0001,0
4166,0.0001,5850
4167,0.0001,1950
4168,0.0001,0
4169,0.0001,0
4170,0.0001,20580
4171,0.0001,0
4172,0.0001,0
4173,0.0001,0
4174,0.0001,900
4175,0.0001,0
4176,0.0001,400
4177,0.0001,700
4178,0.0001,10200
4179,0.0001,900
4180,0.0001,540
4181,0.0001,1200
4182,0.0001,990
4183,0.0001,600
4184,0.0001,640
4185,0.0001,0
4186,0.0001,900
4187,0.0001,1200
4188,0.0001,0
4189,0.0001,800
4190,0.0001,9240
4191,0.0001,0
4192,0.0001,0
4193,0.0001,300
4194,0.0001,500
4195,0.0001,500
4196,0.0001,900
4197,0.0001,300
4198,0.0001,400
4199,0.0001,1200
4200,0.0001,3500
4201,0.0001,0
4202,0.0001,0
4203,0.0001,21540
4204,0.0001,1500
4205,0.0001,0
4206,0.0001,0
4207,0.0001,0
4208,0.0001,300
4209,0.0001,0
4210,0.0001,0
4211,0.0001,0
4212,0.0001,900
4213,0.0001,0
4214,0.0001,900
4215,0.0001,0
4216,0.0001,1500
4217,0.0001,7080
4218,0.0001,1500
4219,0.0001,0
4220,0.0001,20490
4221,0.0001,300
4222,0.0001,1200
4223,0.0001,720
4224,0.0001,300
4225,0.0001,1500
4226,0.0001,0
4227,0.0001,1500
4228,0.0001,3700
4229,0.0001,300
4230,0.0001,1200
4231,0.0001,1800
4232,0.0001,300
4233,0.0001,0
4234,0.0001,0
4235,0.0001,1860
4236,0.0001,450
4237,0.0001,900
4238,0.0001,1500
4239,0.0001,2700
4240,0.0001,20640
4241,0.0001,900
4242,0.0001,900
4243,0.0001,900
4244,0.0001,0
4245,0.0001,500
4246,0.0001,0
4247,0.0001,20640
4248,0.0001,0
4249,0.0001,400
4250,0.0001,0
4251,0.0001,400
4252,0.0001,0
4253,0.0001,2250
4254,0.0001,900
4255,0.0001,1500
4256,0.0001,10200
4257,0.0001,0
4258,0.0001,900
4259,0.0001,0
4260,0.0001,4200
4261,0.0001,1200
4262,0.0001,1500
4263,0.0001,6960
4264,0.0001,900
4265,0.0001,0
4266,0.0001,900
4267,0.0001,300
4268,0.0001,850
4269,0.0001,850
4270,0.0001,900
4271,0.0001,5400
4272,0.0001,400
4273,0.0001,550
4274,0.0001,7060
4275,0.0001,900
4276,0.0001,1650
4277,0.0001,0
4278,0.0001,300
4279,0.0001,0
4280,0.0001,0
4281,0.0001,6980
4282,0.0001,0
4283,0.0001,0
4284,0.0001,0
4285,0.0001,300
4286,0.0001,0
4287,0.0001,900
4288,0.0001,900
4289,0.0001,7010
4290,0.0001,300
4291,0.0001,7480
4292,0.0001,0
4293,0.0001,500
4294,0.0001,1200
4295,0.0001,1500
4296,0.0001,900
4297,0.0001,900
4298,0.0001,0
4299,0.0001,300
4300,0.0001,0
4301,0.0001,0
4302,0.0001,1200
4303,0.0001,7060
4304,0.0001,900
4305,0.0001,400
4306,0.0001,800
4307,0.0001,6930
4308,0.0001,150
4309,0.0001,2250
4310,0.0001,0
4311,0.0001,0
4312,0.0001,700
4313,0.0001,240
4314,0.0001,900
4315,0.0001,2100
4316,0.0001,6980
4317,0.0001,700
4318,0.0001,0
4319,0.0001,0
4320,0.0001,400
4321,0.0001,900
4322,0.0001,900
4323,0.0001,0
4324,0.0001,0
4325,0.0001,2200
4326,0.0001,0
4327,0.0001,1200
4328,0.0001,1350
4329,0.0001,0
4330,0.0001,600
4331,0.0001,7500
4332,0.0001,0
4333,0.0001,5700
4334,0.0001,0
4335,0.0001,0
4336,0.0001,2000
4337,0.0001,1500
4338,0.0001,0
4339,0.0001,0
4340,0.0001,0
4341,0.0001,0
4342,0.0001,900
4343,0.0001,21540
4344,0.0001,0
4345,0.0001,940
4346,0.0001,1200
4347,0.0001,0
4348,0.0001,3700
4349,0.0001,400
4350,0.0001,6980
4351,0.0001,300
4352,0.0001,3640
4353,0.0001,0
4354,0.0001,0
4355,0.0001,300
4356,0.0001,0
4357,0.0001,0
4358,0.0001,2100
4359,0.0001,700
4360,0.0001,600
4361,0.0001,1500
4362,0.0001,900
4363,0.0001,400
4364,0.0001,300
4365,0.0001,7030
4366,0.0001,400
4367,0.0001,1300
4368,0.0001,3000
4369,0.0001,0
4370,0.0001,300
4371,0.0001,700
4372,0.0001,700
4373,0.0001,0
4374,0.0001,400
4375,0.0001,0
4376,0.0001,6980
4377,0.0001,0
4378,0.0001,7880
4379,0.0001,0
4380,0.0001,7060
4381,0.0001,300
4382,0.0001,0
4383,0.0001,2070
4384,0.0001,900
4385,0.0001,900
4386,0.0001,500
4387,0.0001,1200
4388,0.0001,0
4389,0.0001,0
4390,0.0001,0
4391,0.0001,1200
4392,0.0001,300
4393,0.0001,0
4394,0.0001,900
4395,0.0001,1500
4396,0.0001,1200
4397,0.0001,0
4398,0.0001,0
4399,0.0001,7280
4400,0.0001,300
4401,0.0001,0
4402,0.0001,0
4403,0.0001,300
4404,0.0001,0
4405,0.0001,7480
4406,0.0001,0
4407,0.0001,0
4408,0.0001,1500
4409,0.0001,940
4410,0.0001,20940
4411,0.0001,300
4412,0.0001,1200
4413,0.0001,9000
4414,0.0001,1170
4415,0.0001,1350
4416,0.0001,300
4417,0.0001,7430
4418,0.0001,0
4419,0.0001,0
4420,0.0001,2100
4421,0.0001,900
4422,0.0001,600
4423,0.0001,0
4424,0.0001,0
4425,0.0001,2520
4426,0.0001,400
4427,0.0001,1500
4428,0.0001,0
4429,0.0001,1620
4430,0.0001,0
4431,0.0001,2100
4432,0.0001,0
4433,0.0001,900
4434,0.0001,0
4435,0.0001,1800
4436,0.0001,850
4437,0.0001,1170
4438,0.0001,300
4439,0.0001,0
4440,0.0001,0
4441,0.0001,900
4442,0.0001,0
4443,0.0001,300
4444,0.0001,300
4445,0.0001,3390
4446,0.0001,0
4447,0.0001,0
4448,0.0001,0
4449,0.0001,900
4450,0.0001,2520
4451,0.0001,0
4452,0.0001,900
4453,0.0001,1500
4454,0.0001,0
4455,0.0001,6980
4456,0.0001,2200
4457,0.0001,990
4458,0.0001,700
4459,0.0001,700
4460,0.0001,3540
4461,0.0001,300
4462,0.0001,900
4463,0.0001,0
4464,0.0001,900
4465,0.0001,1620
4466,0.0001,1500
4467,0.0001,300
4468,0.0001,800
4469,0.0001,2200
4470,0.0001,840
4471,0.0001,300
4472,0.0001,0
4473,0.0001,34150
4474,0.0001,0
4475,0.0001,940
4476,0.0001,0
4477,0.0001,0
4478,0.0001,0
4479,0.0001,1350
4480,0.0001,1650
4481,0.0001,0
4482,0.0001,3300
4483,0.0001,1500
4484,0.0001,700
4485,0.0001,0
4486,0.0001,1800
4487,0.0001,1200
4488,0.0001,900
4489,0.0001,800
4490,0.0001,300
4491,0.0001,300
4492,0.0001,1500
4493,0.0001,6880
4494,0.0001,300
4495,0.0001,0
4496,0.0001,300
4497,0.0001,1200
4498,0.0001,2250
4499,0.0001,1600
4500,0.0001,0
4501,0.0001,1800
4502,0.0001,0
4503,0.0001,1500
4504,0.0001,300
4505,0.0001,20880
4506,0.0001,9000
4507,0.0001,800
4508,0.0001,900
4509,0.0001,900
4510,0.0001,900
4511,0.0001,1200
4512,0.0001,2100
4513,0.0001,1500
4514,0.0001,0
4515,0.0001,1200
4516,0.0001,6000
4517,0.0001,0
4518,0.0001,900
4519,0.0001,900
4520,0.0001,0
4521,0.0001,300
4522,0.0001,500
4523,0.0001,0
4524,0.0001,1500
4525,0.0001,0
4526,0.0001,900
4527,0.0001,1500
4528,0.0001,900
4529,0.0001,6980
4530,0.0001,0
4531,0.0001,27420
4532,0.0001,700
4533,0.0001,0
4534,0.0001,0
4535,0.0001,900
4536,0.0001,0
4537,0.0001,900
4538,0.0001,2000
4539,0.0001,0
4540,0.0001,0
4541,0.0001,0
4542,0.0001,7080
4543,0.0001,2520
4544,0.0001,0
4545,0.0001,0
4546,0.0001,0
4547,0.0001,1300
4548,0.0001,0
4549,0.0001,1200
4550,0.0001,700
4551,0.0001,900
4552,0.0001,400
4553,0.0001,300
4554,0.0001,400
4555,0.0001,0
4556,0.0001,300
4557,0.0001,900
4558,0.0001,300
4559,0.0001,300
4560,0.0001,800
4561,0.0001,1200
4562,0.0001,300
4563,0.0001,900
4564,0.0001,0
4565,0.0001,0
4566,0.0001,0
4567,0.0001,5400
4568,0.0001,1920
4569,0.0001,900
4570,0.0001,900
4571,0.0001,6830
4572,0.0001,0
4573,0.0001,1500
4574,0.0001,0
4575,0.0001,400
4576,0.0001,6300
4577,0.0001,0
4578,0.0001,0
4579,0.0001,0
4580,0.0001,2100
4581,0.0001,2250
4582,0.0001,2100
4583,0.0001,0
4584,0.0001,0
4585,0.0001,0
4586,0.0001,2700
4587,0.0001,400
4588,0.0001,0
4589,0.0001,400
4590,0.0001,900
4591,0.0001,400
4592,0.0001,900
4593,0.0001,300
4594,0.0001,0
4595,0.0001,1200
4596,0.0001,900
4597,0.0001,400
4598,0.0001,0
4599,0.0001,400
4600,0.0001,1500
4601,0.0001,500
4602,0.0001,2250
4603,0.0001,900
4604,0.0001,500
4605,0.0001,0
4606,0.0001,0
4607,0.0001,0
4608,0.0001,3300
4609,0.0001,0
4610,0.0001,1500
4611,0.0001,0
4612,0.0001,1200
4613,0.0001,4500
4614,0.0001,2340
4615,0.0001,0
4616,0.0001,0
4617,0.0001,0
4618,0.0001,900
4619,0.0001,2250
4620,0.0001,0
4621,0.0001,0
4622,0.0001,20940
4623,0.0001,0
4624,0.0001,0
4625,0.0001,400
4626,0.0001,900
4627,0.0001,0
4628,0.0001,300
4629,0.0001,0
4630,0.0001,400
4631,0.0001,0
4632,0.0001,34400
4633,0.0001,600
4634,0.0001,0
4635,0.0001,900
4636,0.0001,0
4637,0.0001,7480
4638,0.0001,1200
4639,0.0001,1500
4640,0.0001,0
4641,0.0001,0
4642,0.0001,1620
4643,0.0001,7030
4644,0.0001,400
4645,0.0001,2100
4646,0.0001,300
4647,0.0001,0
4648,0.0001,400
4649,0.0001,1800
4650,0.0001,0
4651,0.0001,300
4652,0.0001,0
4653,0.0001,1800
4654,0.0001,940
4655,0.0001,1800
4656,0.0001,900
4657,0.0001,0
4658,0.0001,0
4659,0.0001,0
4660,0.0001,400
4661,0.0001,0
4662,0.0001,900
4663,0.0001,0
4664,0.0001,3700
4665,0.0001,900
4666,0.0001,300
4667,0.0001,400
4668,0.0001,1200
4669,0.0001,34400
4670,0.0001,6000
4671,0.0001,20940
4672,0.0001,0
4673,0.0001,0
4674,0.0001,1500
4675,0.0001,2000
4676,0.0001,2100
4677,0.0001,0
4678,0.0001,6880
4679,0.0001,0
4680,0.0001,300
4681,0.0001,0
4682,0.0001,6000
4683,0.0001,400
4684,0.0001,900
4685,0.0001,1800
4686,0.0001,500
4687,0.0001,800
4688,0.0001,5400
4689,0.0001,3640
4690,0.0001,0
4691,0.0001,0
4692,0.0001,900
4693,0.0001,300
4694,0.0001,600
4695,0.0001,0
4696,0.0001,1650
4697,0.0001,0
4698,0.0001,0
4699,0.0001,0
4700,0.0001,900
4701,0.0001,0
4702,0.0001,27420
4703,0.0001,900
4704,0.0001,0
4705,0.0001,400
4706,0.0001,0
4707,0.0001,2000
4708,0.0001,900
4709,0.0001,0
4710,0.0001,900
4711,0.0001,0
4712,0.0001,300
4713,0.0001,7060
4714,0.0001,300
4715,0.0001,0
4716,0.0001,900
4717,0.0001,300
4718,0.0001,940
4719,0.0001,0
4720,0.0001,400
4721,0.0001,0
4722,0.0001,300
4723,0.0001,300
4724,0.0001,7280
4725,0.0001,5220
4726,0.0001,0
4727,0.0001,1350
4728,0.0001,0
4729,0.0001,900
4730,0.0001,6000
4731,0.0001,6930
4732,0.0001,0
4733,0.0001,0
4734,0.0001,1800
4735,0.0001,0
4736,0.0001,0
4737,0.0001,7080
4738,0.0001,300
4739,0.0001,0
4740,0.0001,0
4741,0.0001,900
4742,0.0001,0
4743,0.0001,34150
4744,0.0001,300
4745,0.0001,0
4746,0.0001,400
4747,0.0001,0
4748,0.0001,7080
4749,0.0001,900
4750,0.0001,0
4751,0.0001,0
4752,0.0001,1200
4753,0.0001,20640
4754,0.0001,20940
4755,0.0001,0
4756,0.0001,1500
4757,0.0001,0
4758,0.0001,400
4759,0.0001,1800
4760,0.0001,1200
4761,0.0001,0
4762,0.0001,6980
4763,0.0001,6000
4764,0.0001,0
4765,0.0001,900
4766,0.0001,300
4767,0.0001,0
4768,0.0001,300
4769,0.0001,150
4770,0.0001,600
4771,0.0001,1200
4772,0.0001,300
4773,0.0001,3550
4774,0.0001,2000
4775,0.0001,640
4776,0.0001,0
4777,0.0001,2100
4778,0.0001,0
4779,0.0001,3000
4780,0.0001,800
4781,0.0001,900
4782,0.0001,300
4783,0.0001,0
4784,0.0001,800
4785,0.0001,1500
4786,0.0001,20940
4787,0.0001,1200
4788,0.0001,0
4789,0.0001,1400
4790,0.0001,0
4791,0.0001,2100
4792,0.0001,1200
4793,0.0001,700
4794,0.0001,1200
4795,0.0001,940
4796,0.0001,0
4797,0.0001,540
4798,0.0001,0
4799,0.0001,720
4800,0.0001,1200
4801,0.0001,1500
4802,0.0001,300
4803,0.0001,900
4804,0.0001,900
4805,0.0001,900
4806,0.0001,0
4807,0.0001,900
4808,0.0001,5400
4809,0.0001,720
4810,0.0001,1800
4811,0.0001,6900
4812,0.0001,0
4813,0.0001,900
4814,0.0001,400
4815,0.0001,1200
4816,0.0001,0
4817,0.0001,0
4818,0.0001,6980
4819,0.0001,14400
4820,0.0001,22140
4821,0.0001,0
4822,0.0001,0
4823,0.0001,2100
4824,0.0001,600
4825,0.0001,600
4826,0.0001,0
4827,0.0001,900
4828,0.0001,1500
4829,0.0001,600
4830,0.0001,0
4831,0.0001,0
4832,0.0001,1200
4833,0.0001,0
4834,0.0001,900
4835,0.0001,400
4836,0.0001,0
4837,0.0001,0
4838,0.0001,400
4839,0.0001,1800
4840,0.0001,0
4841,0.0001,0
4842,0.0001,300
4843,0.0001,300
4844,0.0001,300
4845,0.0001,300
4846,0.0001,0
4847,0.0001,0
4848,0.0001,0
4849,0.0001,540
4850,0.0001,400
4851,0.0001,300
4852,0.0001,900
4853,0.0001,150
4854,0.0001,0
4855,0.0001,600
4856,0.0001,2340
4857,0.0001,300
4858,0.0001,0
4859,0.0001,0
4860,0.0001,300
4861,0.0001,600
4862,0.0001,4500
4863,0.0001,0
4864,0.0001,0
4865,0.0001,300
4866,0.0001,900
4867,0.0001,600
4868,0.0001,2000
4869,0.0001,0
4870,0.0001,0
4871,0.0001,300
4872,0.0001,300
4873,0.0001,550
4874,0.0001,900
4875,0.0001,900
4876,0.0001,0
4877,0.0001,0
4878,0.0001,1500
4879,0.0001,400
4880,0.0001,0
4881,0.0001,990
4882,0.0001,300
4883,0.0001,0
4884,0.0001,0
4885,0.0001,0
4886,0.0001,900
4887,0.0001,1500
4888,0.0001,0
4889,0.0001,2250
4890,0.0001,0
4891,0.0001,0
4892,0.0001,0
4893,0.0001,400
4894,0.0001,0
4895,0.0001,640
4896,0.0001,2000
4897,0.0001,0
4898,0.0001,1590
4899,0.0001,20880
4900,0.0001,2520
4901,0.0001,400
4902,0.0001,3700
4903,0.0001,900
4904,0.0001,500
4905,0.0001,400
4906,0.0001,400
4907,0.0001,2000
4908,0.0001,0
4909,0.0001,0
4910,0.0001,0
4911,0.0001,0
4912,0.0001,400
4913,0.0001,0
4914,0.0001,0
4915,0.0001,300
4916,0.0001,0
4917,0.0001,300
4918,0.0001,2340
4919,0.0001,0
4920,0.0001,20940
4921,0.0001,1500
4922,0.0001,900
4923,0.0001,0
4924,0.0001,300
4925,0.0001,0
4926,0.0001,400
4927,0.0001,0
4928,0.0001,400
4929,0.0001,1500
4930,0.0001,300
4931,0.0001,1500
4932,0.0001,800
4933,0.0001,1500
4934,0.0001,1500
4935,0.0001,0
4936,0.0001,1500
4937,0.0001,0
4938,0.0001,0
4939,0.0001,0
4940,0.0001,900
4941,0.0001,900
4942,0.0001,1800
4943,0.0001,900
4944,0.0001,0
4945,0.0001,900
4946,0.0001,0
4947,0.0001,1200
4948,0.0001,1500
4949,0.0001,300
4950,0.0001,1500
4951,0.0001,0
4952,0.0001,1620
4953,0.0001,1200
4954,0.0001,2700
4955,0.0001,0
4956,0.0001,0
4957,0.0001,0
4958,0.0001,0
4959,0.0001,0
4960,0.0001,4900
4961,0.0001,1200
4962,0.0001,6980
4963,0.0001,400
4964,0.0001,1200
4965,0.0001,0
4966,0.0001,0
4967,0.0001,900
4968,0.0001,6980
4969,0.0001,0
4970,0.0001,900
4971,0.0001,1300
4972,0.0001,300
4973,0.0001,900
4974,0.0001,900
4975,0.0001,900
4976,0.0001,900
4977,0.0001,300
4978,0.0001,840
4979,0.0001,700
4980,0.0001,700
4981,0.0001,300
4982,0.0001,0
4983,0.0001,0
4984,0.0001,0
4985,0.0001,400
4986,0.0001,6980
4987,0.0001,300
4988,0.0001,0
4989,0.0001,600
4990,0.0001,0
4991,0.0001,450
4992,0.0001,640
4993,0.0001,1500
4994,0.0001,0
4995,0.0001,700
4996,0.0001,8250
4997,0.0001,2100
4998,0.0001,1200
4999,0.0001,300
5000,0.0001,1800
5001,0.0001,0
5002,0.0001,4500
5003,0.0001,1200
5004,0.0001,300
5005,0.0001,500
5006,0.0001,0
5007,0.0001,0
5008,0.0001,1800
5009,0.0001,0
5010,0.0001,900
5011,0.0001,1500
5012,0.0001,0
5013,0.0001,900
5014,0.0001,0
5015,0.0001,1500
5016,0.0001,300
5017,0.0001,400
5018,0.0001,0
5019,0.0001,1920
5020,0.0001,240
5021,0.0001,2100
5022,0.0001,1200
5023,0.0001,1500
5024,0.0001,2000
5025,0.0001,900
5026,0.0001,700
5027,0.0001,0
5028,0.0001,0
5029,0.0001,2520
5030,0.0001,1800
5031,0.0001,300
5032,0.0001,300
5033,0.0001,900
5034,0.0001,700
5035,0.0001,20940
5036,0.0001,600
5037,0.0001,2100
5038,0.0001,1200
5039,0.0001,900
5040,0.0001,1500
5041,0.0001,1500
5042,0.0001,0
5043,0.0001,500
5044,0.0001,2100
5045,0.0001,600
5046,0.0001,3600
5047,0.0001,0
5048,0.0001,0
5049,0.0001,400
5050,0.0001,0
5051,0.0001,650
5052,0.0001,0
5053,0.0001,1200
5054,0.0001,900
5055,0.0001,840
5056,0.0001,0
5057,0.0001,1500
5058,0.0001,0
5059,0.0001,33900
5060,0.0001,300
5061,0.0001,1800
5062,0.0001,2000
5063,0.0001,500
5064,0.0001,0
5065,0.0001,1200
5066,0.0001,1200
5067,0.0001,1200
5068,0.0001,900
5069,0.0001,500
5070,0.0001,300
5071,0.0001,2100
5072,0.0001,0
5073,0.0001,1200
5074,0.0001,650
5075,0.0001,6960
5076,0.0001,1500
5077,0.0001,3000
5078,0.0001,300
5079,0.0001,1500
5080,0.0001,600
5081,0.0001,0
5082,0.0001,240
5083,0.0001,0
5084,0.0001,640
5085,0.0001,400
5086,0.0001,0
5087,0.0001,400
5088,0.0001,27120
5089,0.0001,1500
5090,0.0001,0
5091,0.0001,300
5092,0.0001,300
5093,0.0001,3550
5094,0.0001,0
5095,0.0001,900
5096,0.0001,620
5097,0.0001,0
5098,0.0001,900
5099,0.0001,3550
5100,0.0001,0
5101,0.0001,800
5102,0.0001,0
5103,0.0001,900
5104,0.0001,1500
5105,0.0001,300
5106,0.0001,700
5107,0.0001,0
5108,0.0001,1500
5109,0.0001,0
5110,0.0001,6000
5111,0.0001,900
5112,0.0001,1200
5113,0.0001,800
5114,0.0001,0
5115,0.0001,7080
5116,0.0001,1500
5117,0.0001,0
5118,0.0001,0
5119,0.0001,900
5120,0.0001,0
5121,0.0001,1200
5122,0.0001,1200
5123,0.0001,0
5124,0.0001,0
5125,0.0001,0
5126,0.0001,0
5127,0.0001,300
5128,0.0001,1500
5129,0.0001,900
5130,0.0001,1800
5131,0.0001,7500
5132,0.0001,2100
5133,0.0001,300
5134,0.0001,1200
5135,0.0001,900
5136,0.0001,300
5137,0.0001,1800
5138,0.0001,1200
5139,0.0001,0
5140,0.0001,0
5141,0.0001,0
5142,0.0001,2100
5143,0.0001,900
5144,0.0001,0
5145,0.0001,900
5146,0.0001,900
5147,0.0001,1800
5148,0.0001,1500
5149,0.0001,900
5150,0.0001,0
5151,0.0001,1500
5152,0.0001,0
5153,0.0001,600
5154,0.0001,9900
5155,0.0001,900
5156,0.0001,4950
5157,0.0001,400
5158,0.0001,0
5159,0.0001,0
5160,0.0001,0
5161,0.0001,0
5162,0.0001,7060
5163,0.0001,0
5164,0.0001,740
5165,0.0001,1200
5166,0.0001,6990
5167,0.0001,800
5168,0.0001,300
5169,0.0001,0
5170,0.0001,900
5171,0.0001,0
5172,0.0001,0
5173,0.0001,900
5174,0.0001,300
5175,0.0001,0
5176,0.0001,2100
5177,0.0001,0
5178,0.0001,0
5179,0.0001,0
5180,0.0001,0
5181,0.0001,300
5182,0.0001,0
5183,0.0001,1500
5184,0.0001,400
5185,0.0001,1800
5186,0.0001,600
5187,0.0001,900
5188,0.0001,20340
5189,0.0001,300
5190,0.0001,900
5191,0.0001,500
5192,0.0001,1500
5193,0.0001,4500
5194,0.0001,0
5195,0.0001,600
5196,0.0001,0
5197,0.0001,1200
5198,0.0001,0
5199,0.0001,300
5200,0.0001,1200
5201,0.0001,1200
5202,0.0001,0
5203,0.0001,1900
5204,0.0001,0
5205,0.0001,6930
5206,0.0001,7060
5207,0.0001,0
5208,0.0001,2000
5209,0.0001,1200
5210,0.0001,0
5211,0.0001,400
5212,0.0001,900
5213,0.0001,900
5214,0.0001,1200
5215,0.0001,400
5216,0.0001,300
5217,0.0001,0
5218,0.0001,0
5219,0.0001,0
5220,0.0001,0
5221,0.0001,0
5222,0.0001,1500
5223,0.0001,0
5224,0.0001,0
5225,0.0001,9240
5226,0.0001,0
5227,0.0001,1500
5228,0.0001,0
5229,0.0001,400
5230,0.0001,0
5231,0.0001,900
5232,0.0001,0
5233,0.0001,2040
5234,0.0001,1500
5235,0.0001,0
5236,0.0001,0
5237,0.0001,2100
5238,0.0001,400
5239,0.0001,0
5240,0.0001,0
5241,0.0001,0
5242,0.0001,0
5243,0.0001,9000
5244,0.0001,840
5245,0.0001,0
5246,0.0001,400
5247,0.0001,700
5248,0.0001,0
5249,0.0001,600
5250,0.0001,6930
5251,0.0001,400
5252,0.0001,400
5253,0.0001,900
5254,0.0001,300
5255,0.0001,33900
5256,0.0001,1500
5257,0.0001,800
5258,0.0001,2250
5259,0.0001,800
5260,0.0001,640
5261,0.0001,3600
5262,0.0001,300
5263,0.0001,0
5264,0.0001,0
5265,0.0001,0
5266,0.0001,0
5267,0.0001,1500
5268,0.0001,0
5269,0.0001,400
5270,0.0001,600
5271,0.0001,0
5272,0.0001,400
5273,0.0001,1800
5274,0.0001,0
5275,0.0001,0
5276,0.0001,0
5277,0.0001,0
5278,0.0001,0
5279,0.0001,0
5280,0.0001,0
5281,0.0001,300
5282,0.0001,500
5283,0.0001,0
5284,0.0001,7980
5285,0.0001,300
5286,0.0001,23340
5287,0.0001,0
5288,0.0001,1200
5289,0.0001,700
5290,0.0001,0
5291,0.0001,0
5292,0.0001,0
5293,0.0001,900
5294,0.0001,45200
5295,0.0001,0
5296,0.0001,20940
5297,0.0001,1500
5298,0.0001,7380
5299,0.0001,900
5300,0.0001,400
5301,0.0001,0
5302,0.0001,34400
5303,0.0001,6980
5304,0.0001,0
5305,0.0001,600
5306,0.0001,500
5307,0.0001,0
5308,0.0001,7080
5309,0.0001,400
5310,0.0001,0
5311,0.0001,400
5312,0.0001,0
5313,0.0001,0
5314,0.0001,900
5315,0.0001,900
5316,0.0001,300
5317,0.0001,2100
5318,0.0001,400
5319,0.0001,1500
5320,0.0001,1500
5321,0.0001,0
5322,0.0001,2100
5323,0.0001,400
5324,0.0001,0
5325,0.0001,20940
5326,0.0001,0
5327,0.0001,0
5328,0.0001,900
5329,0.0001,7080
5330,0.0001,0
5331,0.0001,0
5332,0.0001,400
5333,0.0001,0
5334,0.0001,0
5335,0.0001,3400
5336,0.0001,300
5337,0.0001,3640
5338,0.0001,4450
5339,0.0001,900
5340,0.0001,1620
5341,0.0001,8780
5342,0.0001,0
5343,0.0001,2520
5344,0.0001,1500
5345,0.0001,0
5346,0.0001,750
5347,0.0001,400
5348,0.0001,0
5349,0.0001,1800
5350,0.0001,900
5351,0.0001,0
5352,0.0001,0
5353,0.0001,2100
5354,0.0001,900
5355,0.0001,1200
5356,0.0001,0
5357,0.0001,300
5358,0.0001,3640
5359,0.0001,300
5360,0.0001,1500
5361,0.0001,0
5362,0.0001,0
5363,0.0001,1800
5364,0.0001,0
5365,0.0001,2100
5366,0.0001,0
5367,0.0001,7630
5368,0.0001,0
5369,0.0001,2100
5370,0.0001,300
5371,0.0001,0
5372,0.0001,300
5373,0.0001,900
5374,0.0001,900
5375,0.0001,6880
5376,0.0001,1200
5377,0.0001,0
5378,0.0001,1500
5379,0.0001,400
5380,0.0001,27120
5381,0.0001,800
5382,0.0001,0
5383,0.0001,0
5384,0.0001,0
5385,0.0001,1800
5386,0.0001,2100
5387,0.0001,2100
5388,0.0001,0
5389,0.0001,850
5390,0.0001,900
5391,0.0001,900
5392,0.0001,400
5393,0.0001,300
5394,0.0001,1800
5395,0.0001,540
5396,0.0001,3870
5397,0.0001,1500
5398,0.0001,1500
5399,0.0001,0
5400,0.0001,900
5401,0.0001,0
5402,0.0001,900
5403,0.0001,0
5404,0.0001,0
5405,0.0001,0
5406,0.0001,2520
5407,0.0001,0
5408,0.0001,0
5409,0.0001,300
5410,0.0001,0
5411,0.0001,900
5412,0.0001,400
5413,0.0001,0
5414,0.0001,0
5415,0.0001,2100
5416,0.0001,0
5417,0.0001,0
5418,0.0001,0
5419,0.0001,0
5420,0.0001,0
5421,0.0001,1500
5422,0.0001,900
5423,0.0001,300
5424,0.0001,900
5425,0.0001,0
5426,0.0001,1200
5427,0.0001,0
5428,0.0001,3540
5429,0.0001,300
5430,0.0001,0
5431,0.0001,300
5432,0.0001,300
5433,0.0001,300
5434,0.0001,0
5435,0.0001,1200
5436,0.0001,800
5437,0.0001,3000
5438,0.0001,9900
5439,0.0001,0
5440,0.0001,1500
5441,0.0001,1800
5442,0.0001,2100
5443,0.0001,0
5444,0.0001,6980
5445,0.0001,0
5446,0.0001,300
5447,0.0001,900
5448,0.0001,300
5449,0.0001,3400
5450,0.0001,300
5451,0.0001,1500
5452,0.0001,0
5453,0.0001,1200
5454,0.0001,300
5455,0.0001,1350
5456,0.0001,0
5457,0.0001,0
5458,0.0001,0
5459,0.0001,400
5460,0.0001,0
5461,0.0001,3900
5462,0.0001,0
5463,0.0001,300
5464,0.0001,1500
5465,0.0001,0
5466,0.0001,0
5467,0.0001,1500
5468,0.0001,300
5469,0.0001,0
5470,0.0001,1200
5471,0.0001,2000
5472,0.0001,0
5473,0.0001,7080
5474,0.0001,1350
5475,0.0001,1500
5476,0.0001,1200
5477,0.0001,1500
5478,0.0001,0
5479,0.0001,1500
5480,0.0001,800
5481,0.0001,1200
5482,0.0001,240
5483,0.0001,1200
5484,0.0001,1800
5485,0.0001,1500
5486,0.0001,300
5487,0.0001,0
5488,0.0001,34400
5489,0.0001,400
5490,0.0001,600
5491,0.0001,0
5492,0.0001,0
5493,0.0001,900
5494,0.0001,1600
5495,0.0001,600
5496,0.0001,3750
5497,0.0001,0
5498,0.0001,0
5499,0.0001,900
5500,0.0001,0
5501,0.0001,0
5502,0.0001,0
5503,0.0001,0
5504,0.0001,900
5505,0.0001,0
5506,0.0001,400
5507,0.0001,0
5508,0.0001,0
5509,0.0001,0
5510,0.0001,500
5511,0.0001,1500
5512,0.0001,300
5513,0.0001,300
5514,0.0001,400
5515,0.0001,0
5516,0.0001,1200
5517,0.0001,0
5518,0.0001,0
5519,0.0001,1200
5520,0.0001,21540
5521,0.0001,900
5522,0.0001,300
5523,0.0001,3300
5524,0.0001,900
5525,0.0001,600
5526,0.0001,900
5527,0.0001,0
5528,0.0001,1200
5529,0.0001,300
5530,0.0001,1500
5531,0.0001,0
5532,0.0001,0
5533,0.0001,0
5534,0.0001,0
5535,0.0001,23640
5536,0.0001,300
5537,0.0001,2100
5538,0.0001,0
5539,0.0001,400
5540,0.0001,900
5541,0.0001,600
5542,0.0001,400
5543,0.0001,0
5544,0.0001,3600
5545,0.0001,33900
5546,0.0001,1500
5547,0.0001,400
5548,0.0001,700
5549,0.0001,0
5550,0.0001,0
5551,0.0001,400
5552,0.0001,300
5553,0.0001,900
5554,0.0001,300
5555,0.0001,0
5556,0.0001,0
5557,0.0001,900
5558,0.0001,10800
5559,0.0001,0
5560,0.0001,9720
5561,0.0001,0
5562,0.0001,0
5563,0.0001,0
5564,0.0001,900
5565,0.0001,20640
5566,0.0001,600
5567,0.0001,400
5568,0.0001,1500
5569,0.0001,800
5570,0.0001,2000
5571,0.0001,900
5572,0.0001,0
5573,0.0001,1500
5574,0.0001,600
5575,0.0001,0
5576,0.0001,0
5577,0.0001,1400
5578,0.0001,0
5579,0.0001,1920
5580,0.0001,9240
5581,0.0001,0
5582,0.0001,300
5583,0.0001,1200
5584,0.0001,0
5585,0.0001,20490
5586,0.0001,900
5587,0.0001,1600
5588,0.0001,0
5589,0.0001,0
5590,0.0001,700
5591,0.0001,300
5592,0.0001,0
5593,0.0001,400
5594,0.0001,300
5595,0.0001,600
5596,0.0001,0
5597,0.0001,900
5598,0.0001,700
5599,0.0001,1500
5600,0.0001,0
5601,0.0001,240
5602,0.0001,1200
5603,0.0001,700
5604,0.0001,300
5605,0.0001,600
5606,0.0001,0
5607,0.0001,500
5608,0.0001,0
5609,0.0001,1500
5610,0.0001,0
5611,0.0001,500
5612,0.0001,800
5613,0.0001,0
5614,0.0001,0
5615,0.0001,450
5616,0.0001,6980
5617,0.0001,400
5618,0.0001,400
5619,0.0001,0
5620,0.0001,1200
5621,0.0001,0
5622,0.0001,850
5623,0.0001,1200
5624,0.0001,5700
5625,0.0001,2100
5626,0.0001,0
5627,0.0001,1200
5628,0.0001,300
5629,0.0001,6930
5630,0.0001,0
5631,0.0001,0
5632,0.0001,1800
5633,0.0001,0
5634,0.0001,0
5635,0.0001,0
5636,0.0001,600
5637,0.0001,800
5638,0.0001,300
5639,0.0001,900
5640,0.0001,1200
5641,0.0001,0
5642,0.0001,1200
5643,0.0001,20880
5644,0.0001,2200
5645,0.0001,700
5646,0.0001,6880
5647,0.0001,1500
5648,0.0001,0
5649,0.0001,1200
5650,0.0001,1500
5651,0.0001,0
5652,0.0001,800
5653,0.0001,900
5654,0.0001,1300
5655,0.0001,6980
5656,0.0001,450
5657,0.0001,300
5658,0.0001,450
5659,0.0001,2100
5660,0.0001,300
5661,0.0001,900
5662,0.0001,600
5663,0.0001,300
5664,0.0001,0
5665,0.0001,2100
5666,0.0001,0
5667,0.0001,1500
5668,0.0001,540
5669,0.0001,0
5670,0.0001,300
5671,0.0001,20940
5672,0.0001,1650
5673,0.0001,150
5674,0.0001,0
5675,0.0001,300
5676,0.0001,1500
5677,0.0001,6980
5678,0.0001,0
5679,0.0001,0
5680,0.0001,0
5681,0.0001,900
5682,0.0001,1500
5683,0.0001,0
5684,0.0001,300
5685,0.0001,0
5686,0.0001,1500
5687,0.0001,300
5688,0.0001,0
5689,0.0001,900
5690,0.0001,2700
5691,0.0001,300
5692,0.0001,900
5693,0.0001,0
5694,0.0001,400
5695,0.0001,0
5696,0.0001,20490
5697,0.0001,20640
5698,0.0001,9240
5699,0.0001,800
5700,0.0001,800
5701,0.0001,0
5702,0.0001,2000
5703,0.0001,800
5704,0.0001,700
5705,0.0001,0
5706,0.0001,1200
5707,0.0001,300
5708,0.0001,0
5709,0.0001,300
5710,0.0001,0
5711,0.0001,400
5712,0.0001,0
5713,0.0001,900
5714,0.0001,300
5715,0.0001,0
5716,0.0001,300
5717,0.0001,0
5718,0.0001,300
5719,0.0001,1920
5720,0.0001,2100
5721,0.0001,1500
5722,0.0001,1800
5723,0.0001,9900
5724,0.0001,0
5725,0.0001,1200
5726,0.0001,0
5727,0.0001,0
5728,0.0001,6980
5729,0.0001,1500
5730,0.0001,0
5731,0.0001,900
5732,0.0001,400
5733,0.0001,0
5734,0.0001,0
5735,0.0001,1500
5736,0.0001,900
5737,0.0001,550
5738,0.0001,0
5739,0.0001,300
5740,0.0001,27360
5741,0.0001,20940
5742,0.0001,900
5743,0.0001,400
5744,0.0001,1500
5745,0.0001,0
5746,0.0001,1500
5747,0.0001,0
5748,0.0001,240
5749,0.0001,0
5750,0.0001,0
5751,0.0001,900
5752,0.0001,0
5753,0.0001,400
5754,0.0001,1200
5755,0.0001,0
5756,0.0001,0
5757,0.0001,400
5758,0.0001,900
5759,0.0001,0
5760,0.0001,750
5761,0.0001,1500
5762,0.0001,0
5763,0.0001,1500
5764,0.0001,300
5765,0.0001,0
5766,0.0001,500
5767,0.0001,0
5768,0.0001,0
5769,0.0001,300
5770,0.0001,700
5771,0.0001,1200
5772,0.0001,0
5773,0.0001,6980
5774,0.0001,1600
5775,0.0001,6980
5776,0.0001,0
5777,0.0001,1500
5778,0.0001,0
5779,0.0001,400
5780,0.0001,0
5781,0.0001,3600
5782,0.0001,0
5783,0.0001,5700
5784,0.0001,900
5785,0.0001,2000
5786,0.0001,0
5787,0.0001,0
5788,0.0001,1950
5789,0.0001,900
5790,0.0001,300
5791,0.0001,0
5792,0.0001,900
5793,0.0001,0
5794,0.0001,0
5795,0.0001,0
5796,0.0001,1500
5797,0.0001,0
5798,0.0001,0
5799,0.0001,500
5800,0.0001,300
5801,0.0001,3750
5802,0.0001,9240
5803,0.0001,4320
5804,0.0001,2100
5805,0.0001,0
5806,0.0001,1800
5807,0.0001,0
5808,0.0001,0
5809,0.0001,0
5810,0.0001,0
5811,0.0001,0
5812,0.0001,0
5813,0.0001,1200
5814,0.0001,1200
5815,0.0001,0
5816,0.0001,20640
5817,0.0001,300
5818,0.0001,0
5819,0.0001,300
5820,0.0001,1200
5821,0.0001,16500
5822,0.0001,0
5823,0.0001,700
5824,0.0001,500
5825,0.0001,900
5826,0.0001,700
5827,0.0001,900
5828,0.0001,1500
5829,0.0001,2100
5830,0.0001,400
5831,0.0001,0
5832,0.0001,0
5833,0.0001,0
5834,0.0001,1500
5835,0.0001,1500
5836,0.0001,640
5837,0.0001,700
5838,0.0001,2100
5839,0.0001,2100
5840,0.0001,900
5841,0.0001,0
5842,0.0001,900
5843,0.0001,2100
5844,0.0001,300
5845,0.0001,0
5846,0.0001,0
5847,0.0001,900
5848,0.0001,1500
5849,0.0001,0
5850,0.0001,0
5851,0.0001,0
5852,0.0001,1500
5853,0.0001,3420
5854,0.0001,900
5855,0.0001,0
5856,0.0001,900
5857,0.0001,0
5858,0.0001,0
5859,0.0001,0
5860,0.0001,400
5861,0.0001,400
5862,0.0001,900
5863,0.0001,0
5864,0.0001,0
5865,0.0001,6880
5866,0.0001,700
5867,0.0001,600
5868,0.0001,0
5869,0.0001,1500
5870,0.0001,0
5871,0.0001,0
5872,0.0001,7080
5873,0.0001,1500
5874,0.0001,0
5875,0.0001,0
5876,0.0001,900
5877,0.0001,0
5878,0.0001,500
5879,0.0001,2000
5880,0.0001,0
5881,0.0001,2340
5882,0.0001,900
5883,0.0001,700
5884,0.0001,900
5885,0.0001,23640
5886,0.0001,0
5887,0.0001,3600
5888,0.0001,1200
5889,0.0001,22140
5890,0.0001,900
5891,0.0001,0
5892,0.0001,0
5893,0.0001,3000
5894,0.0001,0
5895,0.0001,0
5896,0.0001,2100
5897,0.0001,900
5898,0.0001,900
5899,0.0001,2100
5900,0.0001,2250
5901,0.0001,0
5902,0.0001,900
5903,0.0001,0
5904,0.0001,300
5905,0.0001,900
5906,0.0001,0
5907,0.0001,900
5908,0.0001,0
5909,0.0001,540
5910,0.0001,300
5911,0.0001,0
5912,0.0001,300
5913,0.0001,0
5914,0.0001,0
5915,0.0001,0
5916,0.0001,300
5917,0.0001,0
5918,0.0001,900
5919,0.0001,740
5920,0.0001,0
5921,0.0001,0
5922,0.0001,1500
5923,0.0001,2000
5924,0.0001,900
5925,0.0001,1200
5926,0.0001,7080
5927,0.0001,0
5928,0.0001,0
5929,0.0001,300
5930,0.0001,20880
5931,0.0001,0
5932,0.0001,600
5933,0.0001,1800
5934,0.0001,0
5935,0.0001,540
5936,0.0001,0
5937,0.0001,0
5938,0.0001,0
5939,0.0001,1650
5940,0.0001,400
5941,0.0001,0
5942,0.0001,850
5943,0.0001,0
5944,0.0001,0
5945,0.0001,4500
5946,0.0001,900
5947,0.0001,400
5948,0.0001,0
5949,0.0001,300
5950,0.0001,500
5951,0.0001,2100
5952,0.0001,0
5953,0.0001,400
5954,0.0001,1800
5955,0.0001,300
5956,0.0001,0
5957,0.0001,1500
5958,0.0001,0
5959,0.0001,2100
5960,0.0001,900
5961,0.0001,0
5962,0.0001,1050
5963,0.0001,0
5964,0.0001,0
5965,0.0001,6000
5966,0.0001,300
5967,0.0001,0
5968,0.0001,600
5969,0.0001,2100
5970,0.0001,300
5971,0.0001,900
5972,0.0001,0
5973,0.0001,2000
5974,0.0001,6980
5975,0.0001,0
5976,0.0001,500
5977,0.0001,1200
5978,0.0001,500
5979,0.0001,1800
5980,0.0001,0
5981,0.0001,300
5982,0.0001,0
5983,0.0001,2040
5984,0.0001,6980
5985,0.0001,900
5986,0.0001,0
5987,0.0001,0
5988,0.0001,1500
5989,0.0001,1500
5990,0.0001,400
5991,0.0001,900
5992,0.0001,0
5993,0.0001,900
5994,0.0001,300
5995,0.0001,0
5996,0.0001,600
5997,0.0001,1500
5998,0.0001,0
5999,0.0001,400
6000,0.0001,0
6001,0.0001,800
6002,0.0001,1500
6003,0.0001,1500
6004,0.0001,0
6005,0.0001,300
6006,0.0001,0
6007,0.0001,1500
6008,0.0001,10170
6009,0.0001,1200
6010,0.0001,1500
6011,0.0001,0
6012,0.0001,2120
6013,0.0001,900
6014,0.0001,1920
6015,0.0001,300
6016,0.0001,800
6017,0.0001,2000
6018,0.0001,0
6019,0.0001,300
6020,0.0001,1200
6021,0.0001,1500
6022,0.0001,900
6023,0.0001,1200
6024,0.0001,0
6025,0.0001,0
6026,0.0001,7280
6027,0.0001,0
6028,0.0001,0
6029,0.0001,300
6030,0.0001,400
6031,0.0001,0
6032,0.0001,400
6033,0.0001,700
6034,0.0001,300
6035,0.0001,900
6036,0.0001,900
6037,0.0001,16500
6038,0.0001,0
6039,0.0001,0
6040,0.0001,1500
6041,0.0001,1200
6042,0.0001,0
6043,0.0001,900
6044,0.0001,0
6045,0.0001,900
6046,0.0001,0
6047,0.0001,600
6048,0.0001,0
6049,0.0001,300
6050,0.0001,0
6051,0.0001,4350
6052,0.0001,0
6053,0.0001,900
6054,0.0001,900
6055,0.0001,300
6056,0.0001,1740
6057,0.0001,900
6058,0.0001,2100
6059,0.0001,0
6060,0.0001,0
6061,0.0001,0
6062,0.0001,0
6063,0.0001,1650
6064,0.0001,8250
6065,0.0001,0
6066,0.0001,240
6067,0.0001,0
6068,0.0001,1350
6069,0.0001,1620
6070,0.0001,300
6071,0.0001,600
6072,0.0001,0
6073,0.0001,0
6074,0.0001,0
6075,0.0001,0
6076,0.0001,0
6077,0.0001,550
6078,0.0001,850
6079,0.0001,400
6080,0.0001,0
6081,0.0001,0
6082,0.0001,700
6083,0.0001,0
6084,0.0001,0
6085,0.0001,3000
6086,0.0001,900
6087,0.0001,920
6088,0.0001,0
6089,0.0001,0
6090,0.0001,300
6091,0.0001,900
6092,0.0001,0
6093,0.0001,1200
6094,0.0001,0
6095,0.0001,900
6096,0.0001,0
6097,0.0001,700
6098,0.0001,1800
6099,0.0001,9420
6100,0.0001,0
6101,0.0001,9190
6102,0.0001,400
6103,0.0001,900
6104,0.0001,300
6105,0.0001,300
6106,0.0001,720
6107,0.0001,0
6108,0.0001,900
6109,0.0001,0
6110,0.0001,300
6111,0.0001,4500
6112,0.0001,0
6113,0.0001,0
6114,0.0001,0
6115,0.0001,0
6116,0.0001,0
6117,0.0001,300
6118,0.0001,4320
6119,0.0001,300
6120,0.0001,500
6121,0.0001,7080
6122,0.0001,34400
6123,0.0001,0
6124,0.0001,2100
6125,0.0001,300
6126,0.0001,0
6127,0.0001,800
6128,0.0001,400
6129,0.0001,1300
6130,0.0001,0
6131,0.0001,2100
6132,0.0001,400
6133,0.0001,300
6134,0.0001,300
6135,0.0001,500
6136,0.0001,1500
6137,0.0001,800
6138,0.0001,2100
6139,0.0001,300
6140,0.0001,0
6141,0.0001,0
6142,0.0001,900
6143,0.0001,3600
6144,0.0001,0
6145,0.0001,0
6146,0.0001,3000
6147,0.0001,300
6148,0.0001,940
6149,0.0001,1200
6150,0.0001,0
6151,0.0001,400
6152,0.0001,700
6153,0.0001,6980
6154,0.0001,300
6155,0.0001,400
6156,0.0001,0
6157,0.0001,900
6158,0.0001,0
6159,0.0001,700
6160,0.0001,300
6161,0.0001,0
6162,0.0001,0
6163,0.0001,0
6164,0.0001,0
6165,0.0001,0
6166,0.0001,1500
6167,0.0001,4500
6168,0.0001,1800
6169,0.0001,2000
6170,0.0001,300
6171,0.0001,900
6172,0.0001,0
6173,0.0001,1200
6174,0.0001,400
6175,0.0001,1500
6176,0.0001,0
6177,0.0001,0
6178,0.0001,1500
6179,0.0001,0
6180,0.0001,1450
6181,0.0001,0
6182,0.0001,0
6183,0.0001,0
6184,0.0001,0
6185,0.0001,1500
6186,0.0001,900
6187,0.0001,0
6188,0.0001,0
6189,0.0001,900
6190,0.0001,0
6191,0.0001,7080
6192,0.0001,1500
6193,0.0001,3600
6194,0.0001,7060
6195,0.0001,300
6196,0.0001,0
6197,0.0001,10200
6198,0.0001,900
6199,0.0001,0
6200,0.0001,400
6201,0.0001,400
6202,0.0001,20940
6203,0.0001,0
6204,0.0001,0
6205,0.0001,2700
6206,0.0001,1200
6207,0.0001,300
6208,0.0001,3000
6209,0.0001,400
6210,0.0001,0
6211,0.0001,0
6212,0.0001,0
6213,0.0001,600
6214,0.0001,0
6215,0.0001,1200
6216,0.0001,9000
6217,0.0001,34400
6218,0.0001,0
6219,0.0001,600
6220,0.0001,0
6221,0.0001,0
6222,0.0001,700
6223,0.0001,0
6224,0.0001,0
6225,0.0001,0
6226,0.0001,300
6227,0.0001,2000
6228,0.0001,0
6229,0.0001,500
6230,0.0001,1200
6231,0.0001,900
6232,0.0001,1800
6233,0.0001,0
6234,0.0001,900
6235,0.0001,1500
6236,0.0001,2700
6237,0.0001,300
6238,0.0001,3000
6239,0.0001,900
6240,0.0001,0
6241,0.0001,0
6242,0.0001,0
6243,0.0001,900
6244,0.0001,400
6245,0.0001,1350
6246,0.0001,2000
6247,0.0001,400
6248,0.0001,300
6249,0.0001,1620
6250,0.0001,0
6251,0.0001,900
6252,0.0001,400
6253,0.0001,800
6254,0.0001,900
6255,0.0001,11400
6256,0.0001,0
6257,0.0001,700
6258,0.0001,1500
6259,0.0001,900
6260,0.0001,6880
6261,0.0001,900
6262,0.0001,0
6263,0.0001,300
6264,0.0001,900
6265,0.0001,5700
6266,0.0001,0
6267,0.0001,4500
6268,0.0001,0
6269,0.0001,600
6270,0.0001,1500
6271,0.0001,0
6272,0.0001,0
6273,0.0001,900
6274,0.0001,0
6275,0.0001,0
6276,0.0001,20940
6277,0.0001,0
6278,0.0001,7080
6279,0.0001,900
6280,0.0001,0
6281,0.0001,0
6282,0.0001,0
6283,0.0001,400
6284,0.0001,900
6285,0.0001,300
6286,0.0001,0
6287,0.0001,900
6288,0.0001,1200
6289,0.0001,7080
6290,0.0001,20940
6291,0.0001,300
6292,0.0001,0
6293,0.0001,0
6294,0.0001,0
6295,0.0001,0
6296,0.0001,21240
6297,0.0001,1500
6298,0.0001,900
6299,0.0001,0
6300,0.0001,1500
6301,0.0001,0
6302,0.0001,900
6303,0.0001,0
6304,0.0001,7260
6305,0.0001,9000
6306,0.0001,1500
6307,0.0001,0
6308,0.0001,1500
6309,0.0001,0
6310,0.0001,300
6311,0.0001,300
6312,0.0001,0
6313,0.0001,1500
6314,0.0001,900
6315,0.0001,400
6316,0.0001,400
6317,0.0001,600
6318,0.0001,1500
6319,0.0001,0
6320,0.0001,900
6321,0.0001,7060
6322,0.0001,1200
6323,0.0001,400
6324,0.0001,400
6325,0.0001,2200
6326,0.0001,1200
6327,0.0001,1200
6328,0.0001,900
6329,0.0001,1500
6330,0.0001,800
6331,0.0001,1500
6332,0.0001,0
6333,0.0001,0
6334,0.0001,400
6335,0.0001,1680
6336,0.0001,0
6337,0.0001,1650
6338,0.0001,7480
6339,0.0001,7920
6340,0.0001,0
6341,0.0001,300
6342,0.0001,0
6343,0.0001,300
6344,0.0001,400
6345,0.0001,300
6346,0.0001,0
6347,0.0001,9900
6348,0.0001,1200
6349,0.0001,1500
6350,0.0001,700
6351,0.0001,0
6352,0.0001,300
6353,0.0001,20640
6354,0.0001,0
6355,0.0001,0
6356,0.0001,1200
6357,0.0001,450
6358,0.0001,900
6359,0.0001,0
6360,0.0001,3000
6361,0.0001,400
6362,0.0001,0
6363,0.0001,1200
6364,0.0001,900
6365,0.0001,300
6366,0.0001,9900
6367,0.0001,4500
6368,0.0001,2100
6369,0.0001,400
6370,0.0001,800
6371,0.0001,1500
6372,0.0001,0
6373,0.0001,400
6374,0.0001,1500
6375,0.0001,20940
6376,0.0001,1620
6377,0.0001,2100
6378,0.0001,900
6379,0.0001,0
6380,0.0001,300
6381,0.0001,22140
6382,0.0001,0
6383,0.0001,400
6384,0.0001,0
6385,0.0001,7780
6386,0.0001,0
6387,0.0001,33900
6388,0.0001,1500
6389,0.0001,0
6390,0.0001,0
6391,0.0001,300
6392,0.0001,500
6393,0.0001,1200
6394,0.0001,20940
6395,0.0001,900
6396,0.0001,300
6397,0.0001,0
6398,0.0001,0
6399,0.0001,500
6400,0.0001,0
6401,0.0001,900
6402,0.0001,0
6403,0.0001,0
6404,0.0001,1800
6405,0.0001,0
6406,0.0001,0
6407,0.0001,1800
6408,0.0001,900
6409,0.0001,5850
6410,0.0001,400
6411,0.0001,1500
6412,0.0001,400
6413,0.0001,900
6414,0.0001,0
6415,0.0001,1500
6416,0.0001,10350
6417,0.0001,900
6418,0.0001,1650
6419,0.0001,640
6420,0.0001,7030
6421,0.0001,0
6422,0.0001,790
6423,0.0001,0
6424,0.0001,47460
6425,0.0001,900
6426,0.0001,1500
6427,0.0001,0
6428,0.0001,900
6429,0.0001,0
6430,0.0001,900
6431,0.0001,0
6432,0.0001,300
6433,0.0001,0
6434,0.0001,0
6435,0.0001,400
6436,0.0001,0
6437,0.0001,0
6438,0.0001,1200
6439,0.0001,0
6440,0.0001,0
6441,0.0001,0
6442,0.0001,300
6443,0.0001,20790
6444,0.0001,0
6445,0.0001,900
6446,0.0001,1500
6447,0.0001,400
6448,0.0001,300
6449,0.0001,1200
6450,0.0001,0
6451,0.0001,9540
6452,0.0001,9190
6453,0.0001,300
6454,0.0001,1650
6455,0.0001,300
6456,0.0001,900
6457,0.0001,300
6458,0.0001,0
6459,0.0001,300
6460,0.0001,0
6461,0.0001,1450
6462,0.0001,900
6463,0.0001,900
6464,0.0001,20790
6465,0.0001,0
6466,0.0001,0
6467,0.0001,300
6468,0.0001,300
6469,0.0001,700
6470,0.0001,24840
6471,0.0001,0
6472,0.0001,1500
6473,0.0001,0
6474,0.0001,800
6475,0.0001,0
6476,0.0001,900
6477,0.0001,840
6478,0.0001,1200
6479,0.0001,10350
6480,0.0001,1500
6481,0.0001,0
6482,0.0001,300
6483,0.0001,0
6484,0.0001,6980
6485,0.0001,0
6486,0.0001,1500
6487,0.0001,900
6488,0.0001,1200
6489,0.0001,3000
6490,0.0001,550
6491,0.0001,2100
6492,0.0001,3400
6493,0.0001,2250
6494,0.0001,0
6495,0.0001,1500
6496,0.0001,300
6497,0.0001,22140
6498,0.0001,1800
6499,0.0001,14400
6500,0.0001,3240
6501,0.0001,20790
6502,0.0001,400
6503,0.0001,0
6504,0.0001,0
6505,0.0001,1500
6506,0.0001,6980
6507,0.0001,850
6508,0.0001,0
6509,0.0001,300
6510,0.0001,0
6511,0.0001,0
6512,0.0001,9240
6513,0.0001,720
6514,0.0001,20340
6515,0.0001,1500
6516,0.0001,400
6517,0.0001,0
6518,0.0001,0
6519,0.0001,6980
6520,0.0001,650
6521,0.0001,400
6522,0.0001,3000
6523,0.0001,0
6524,0.0001,900
6525,0.0001,300
6526,0.0001,400
6527,0.0001,1200
6528,0.0001,300
6529,0.0001,1500
6530,0.0001,1200
6531,0.0001,0
6532,0.0001,300
6533,0.0001,900
6534,0.0001,1500
6535,0.0001,6960
6536,0.0001,900
6537,0.0001,20940
6538,0.0001,0
6539,0.0001,0
6540,0.0001,0
6541,0.0001,7830
6542,0.0001,700
6543,0.0001,900
6544,0.0001,0
6545,0.0001,0
6546,0.0001,300
6547,0.0001,1500
6548,0.0001,900
6549,0.0001,1800
6550,0.0001,300
6551,0.0001,400
6552,0.0001,900
6553,0.0001,1200
6554,0.0001,300
6555,0.0001,3000
6556,0.0001,2100
6557,0.0001,1800
6558,0.0001,10350
6559,0.0001,900
6560,0.0001,20790
6561,0.0001,1800
6562,0.0001,2250
6563,0.0001,2190
6564,0.0001,0
6565,0.0001,900
6566,0.0001,0
6567,0.0001,300
6568,0.0001,0
6569,0.0001,240
6570,0.0001,700
6571,0.0001,900
6572,0.0001,2100
6573,0.0001,0
6574,0.0001,900
6575,0.0001,0
6576,0.0001,300
6577,0.0001,20940
6578,0.0001,0
6579,0.0001,900
6580,0.0001,1500
6581,0.0001,0
6582,0.0001,0
6583,0.0001,1500
6584,0.0001,1200
6585,0.0001,1500
6586,0.0001,900
6587,0.0001,1500
6588,0.0001,0
6589,0.0001,900
6590,0.0001,900
6591,0.0001,3600
6592,0.0001,0
6593,0.0001,1500
6594,0.0001,0
6595,0.0001,6960
6596,0.0001,400
6597,0.0001,1500
6598,0.0001,0
6599,0.0001,300
6600,0.0001,0
6601,0.0001,20640
6602,0.0001,20790
6603,0.0001,0
6604,0.0001,2100
6605,0.0001,0
6606,0.0001,1500
6607,0.0001,300
6608,0.0001,800
6609,0.0001,2000
6610,0.0001,3640
6611,0.0001,0
6612,0.0001,300
6613,0.0001,0
6614,0.0001,2000
6615,0.0001,10800
6616,0.0001,1800
6617,0.0001,550
6618,0.0001,3000
6619,0.0001,0
6620,0.0001,0
6621,0.0001,0
6622,0.0001,7180
6623,0.0001,0
6624,0.0001,1350
6625,0.0001,1500
6626,0.0001,0
6627,0.0001,0
6628,0.0001,9040
6629,0.0001,300
6630,0.0001,6930
6631,0.0001,400
6632,0.0001,2520
6633,0.0001,0
6634,0.0001,1900
6635,0.0001,20790
6636,0.0001,2700
6637,0.0001,1200
6638,0.0001,1500
6639,0.0001,1500
6640,0.0001,900
6641,0.0001,400
6642,0.0001,0
6643,0.0001,3000
6644,0.0001,0
6645,0.0001,1500
6646,0.0001,0
6647,0.0001,900
6648,0.0001,1200
6649,0.0001,0
6650,0.0001,700
6651,0.0001,1900
6652,0.0001,1200
6653,0.0001,700
6654,0.0001,9140
6655,0.0001,300
6656,0.0001,300
6657,0.0001,1200
6658,0.0001,1200
6659,0.0001,400
6660,0.0001,0
6661,0.0001,34400
6662,0.0001,500
6663,0.0001,0
6664,0.0001,4500
6665,0.0001,1800
6666,0.0001,0
6667,0.0001,1500
6668,0.0001,0
6669,0.0001,0
6670,0.0001,0
6671,0.0001,2140
6672,0.0001,540
6673,0.0001,0
6674,0.0001,0
6675,0.0001,400
6676,0.0001,2100
6677,0.0001,300
6678,0.0001,1800
6679,0.0001,0
6680,0.0001,600
6681,0.0001,400
6682,0.0001,0
6683,0.0001,400
6684,0.0001,600
6685,0.0001,900
6686,0.0001,0
6687,0.0001,400
6688,0.0001,0
6689,0.0001,0
6690,0.0001,1500
6691,0.0001,0
6692,0.0001,0
6693,0.0001,1200
6694,0.0001,300
6695,0.0001,150
6696,0.0001,33900
6697,0.0001,400
6698,0.0001,0
6699,0.0001,450
6700,0.0001,900
6701,0.0001,0
6702,0.0001,3750
6703,0.0001,800
6704,0.0001,0
6705,0.0001,300
6706,0.0001,0
6707,0.0001,0
6708,0.0001,0
6709,0.0001,900
6710,0.0001,0
6711,0.0001,900
6712,0.0001,0
6713,0.0001,0
6714,0.0001,900
6715,0.0001,0
6716,0.0001,0
6717,0.0001,0
6718,0.0001,400
6719,0.0001,20640
6720,0.0001,3540
6721,0.0001,0
6722,0.0001,300
6723,0.0001,700
6724,0.0001,0
6725,0.0001,4320
6726,0.0001,300
6727,0.0001,0
6728,0.0001,0
6729,0.0001,6880
6730,0.0001,0
6731,0.0001,1200
6732,0.0001,0
6733,0.0001,6880
6734,0.0001,690
6735,0.0001,1890
6736,0.0001,0
6737,0.0001,0
6738,0.0001,14400
6739,0.0001,2000
6740,0.0001,3900
6741,0.0001,0
6742,0.0001,900
6743,0.0001,300
6744,0.0001,1200
6745,0.0001,0
6746,0.0001,400
6747,0.0001,900
6748,0.0001,0
6749,0.0001,300
6750,0.0001,900
6751,0.0001,0
6752,0.0001,300
6753,0.0001,0
6754,0.0001,700
6755,0.0001,1200
6756,0.0001,0
6757,0.0001,700
6758,0.0001,1500
6759,0.0001,0
6760,0.0001,7030
6761,0.0001,1500
6762,0.0001,27120
6763,0.0001,0
6764,0.0001,900
6765,0.0001,0
6766,0.0001,1800
6767,0.0001,0
6768,0.0001,0
6769,0.0001,0
6770,0.0001,22140
6771,0.0001,840
6772,0.0001,400
6773,0.0001,0
6774,0.0001,300
6775,0.0001,0
6776,0.0001,45200
6777,0.0001,0
6778,0.0001,20880
6779,0.0001,900
6780,0.0001,300
6781,0.0001,720
6782,0.0001,400
6783,0.0001,1500
6784,0.0001,300
6785,0.0001,1800
6786,0.0001,900
6787,0.0001,0
6788,0.0001,300
6789,0.0001,600
6790,0.0001,0
6791,0.0001,900
6792,0.0001,9000
6793,0.0001,0
6794,0.0001,900
6795,0.0001,400
6796,0.0001,300
6797,0.0001,0
6798,0.0001,900
6799,0.0001,900
6800,0.0001,1200
6801,0.0001,400
6802,0.0001,1600
6803,0.0001,400
6804,0.0001,0
6805,0.0001,900
6806,0.0001,33900
6807,0.0001,0
6808,0.0001,900
6809,0.0001,2100
6810,0.0001,300
6811,0.0001,0
6812,0.0001,900
6813,0.0001,1800
6814,0.0001,400
6815,0.0001,900
6816,0.0001,1500
6817,0.0001,0
6818,0.0001,0
6819,0.0001,0
6820,0.0001,0
6821,0.0001,0
6822,0.0001,0
6823,0.0001,0
6824,0.0001,500
6825,0.0001,0
6826,0.0001,600
6827,0.0001,400
6828,0.0001,900
6829,0.0001,800
6830,0.0001,0
6831,0.0001,300
6832,0.0001,0
6833,0.0001,0
6834,0.0001,600
6835,0.0001,0
6836,0.0001,800
6837,0.0001,0
6838,0.0001,0
6839,0.0001,0
6840,0.0001,300
6841,0.0001,1500
6842,0.0001,1200
6843,0.0001,1500
6844,0.0001,0
6845,0.0001,0
6846,0.0001,300
6847,0.0001,300
6848,0.0001,1800
6849,0.0001,0
6850,0.0001,0
6851,0.0001,900
6852,0.0001,0
6853,0.0001,400
6854,0.0001,0
6855,0.0001,20640
6856,0.0001,0
6857,0.0001,0
6858,0.0001,1200
6859,0.0001,400
6860,0.0001,300
6861,0.0001,300
6862,0.0001,0
6863,0.0001,700
6864,0.0001,0
6865,0.0001,9440
6866,0.0001,0
6867,0.0001,0
6868,0.0001,20880
6869,0.0001,1200
6870,0.0001,900
6871,0.0001,900
6872,0.0001,1860
6873,0.0001,20940
6874,0.0001,0
6875,0.0001,0
6876,0.0001,7180
6877,0.0001,900
6878,0.0001,0
6879,0.0001,1500
6880,0.0001,0
6881,0.0001,0
6882,0.0001,1500
6883,0.0001,2700
6884,0.0001,0
6885,0.0001,900
6886,0.0001,0
6887,0.0001,900
6888,0.0001,300
6889,0.0001,400
6890,0.0001,900
6891,0.0001,6300
6892,0.0001,300
6893,0.0001,900
6894,0.0001,6980
6895,0.0001,1200
6896,0.0001,0
6897,0.0001,9140
6898,0.0001,0
6899,0.0001,0
6900,0.0001,0
6901,0.0001,400
6902,0.0001,0
6903,0.0001,750
6904,0.0001,1200
6905,0.0001,400
6906,0.0001,700
6907,0.0001,0
6908,0.0001,0
6909,0.0001,0
6910,0.0001,0
6911,0.0001,500
6912,0.0001,400
6913,0.0001,0
6914,0.0001,0
6915,0.0001,500
6916,0.0001,0
6917,0.0001,900
6918,0.0001,0
6919,0.0001,800
6920,0.0001,2100
6921,0.0001,0
6922,0.0001,1600
6923,0.0001,0
6924,0.0001,900
6925,0.0001,900
6926,0.0001,7080
6927,0.0001,400
6928,0.0001,0
6929,0.0001,1200
6930,0.0001,0
6931,0.0001,0
6932,0.0001,2000
6933,0.0001,0
6934,0.0001,1200
6935,0.0001,1200
6936,0.0001,1200
6937,0.0001,0
6938,0.0001,0
6939,0.0001,600
6940,0.0001,900
6941,0.0001,900
6942,0.0001,2000
6943,0.0001,600
6944,0.0001,0
6945,0.0001,1500
6946,0.0001,0
6947,0.0001,900
6948,0.0001,0
6949,0.0001,300
6950,0.0001,300
6951,0.0001,2100
6952,0.0001,0
6953,0.0001,1800
6954,0.0001,1050
6955,0.0001,300
6956,0.0001,0
6957,0.0001,400
6958,0.0001,3000
6959,0.0001,900
6960,0.0001,20940
6961,0.0001,0
6962,0.0001,400
6963,0.0001,300
6964,0.0001,9900
6965,0.0001,900
6966,0.0001,900
6967,0.0001,400
6968,0.0001,0
6969,0.0001,2100
6970,0.0001,0
6971,0.0001,690
6972,0.0001,21240
6973,0.0001,0
6974,0.0001,550
6975,0.0001,0
6976,0.0001,1200
6977,0.0001,2100
6978,0.0001,0
6979,0.0001,1350
6980,0.0001,400
6981,0.0001,3640
6982,0.0001,0
6983,0.0001,740
6984,0.0001,900
6985,0.0001,6300
6986,0.0001,34150
6987,0.0001,2100
6988,0.0001,300
6989,0.0001,7080
6990,0.0001,900
6991,0.0001,0
6992,0.0001,600
6993,0.0001,900
6994,0.0001,3700
6995,0.0001,1200
6996,0.0001,500
6997,0.0001,240
6998,0.0001,600
6999,0.0001,0
7000,0.0001,1500
7001,0.0001,700
7002,0.0001,0
7003,0.0001,1350
7004,0.0001,1500
7005,0.0001,400
7006,0.0001,5220
7007,0.0001,0
7008,0.0001,1500
7009,0.0001,400
7010,0.0001,0
7011,0.0001,900
7012,0.0001,800
7013,0.0001,900
7014,0.0001,0
7015,0.0001,0
7016,0.0001,550
7017,0.0001,10200
7018,0.0001,1200
7019,0.0001,900
7020,0.0001,1800
7021,0.0001,0
7022,0.0001,1800
7023,0.0001,500
7024,0.0001,0
7025,0.0001,900
7026,0.0001,0
7027,0.0001,0
7028,0.0001,0
7029,0.0001,2100
7030,0.0001,0
7031,0.0001,1500
7032,0.0001,750
7033,0.0001,6880
7034,0.0001,700
7035,0.0001,900
7036,0.0001,1500
7037,0.0001,9220
7038,0.0001,540
7039,0.0001,700
7040,0.0001,0
7041,0.0001,800
7042,0.0001,1200
7043,0.0001,0
7044,0.0001,0
7045,0.0001,0
7046,0.0001,800
7047,0.0001,1500
7048,0.0001,0
7049,0.0001,1800
7050,0.0001,300
7051,0.0001,450
7052,0.0001,0
7053,0.0001,600
7054,0.0001,0
7055,0.0001,900
7056,0.0001,600
7057,0.0001,1500
7058,0.0001,4500
7059,0.0001,900
7060,0.0001,1200
7061,0.0001,0
7062,0.0001,300
7063,0.0001,400
7064,0.0001,16500
7065,0.0001,0
7066,0.0001,300
7067,0.0001,1200
7068,0.0001,300
7069,0.0001,400
7070,0.0001,0
7071,0.0001,700
7072,0.0001,0
7073,0.0001,2280
7074,0.0001,1200
7075,0.0001,1800
7076,0.0001,0
7077,0.0001,240
7078,0.0001,0
7079,0.0001,1500
7080,0.0001,2050
7081,0.0001,0
7082,0.0001,300
7083,0.0001,540
7084,0.0001,1500
7085,0.0001,900
7086,0.0001,900
7087,0.0001,1500
7088,0.0001,600
7089,0.0001,300
7090,0.0001,0
7091,0.0001,300
7092,0.0001,2100
7093,0.0001,300
7094,0.0001,2100
7095,0.0001,0
7096,0.0001,850
7097,0.0001,9240
7098,0.0001,0
7099,0.0001,900
7100,0.0001,900
7101,0.0001,1500
7102,0.0001,0
7103,0.0001,0
7104,0.0001,900
7105,0.0001,300
7106,0.0001,1500
7107,0.0001,11700
7108,0.0001,2520
7109,0.0001,3600
7110,0.0001,300
7111,0.0001,400
7112,0.0001,790
7113,0.0001,0
7114,0.0001,0
7115,0.0001,1200
7116,0.0001,800
7117,0.0001,0
7118,0.0001,300
7119,0.0001,6960
7120,0.0001,500
7121,0.0001,0
7122,0.0001,2800
7123,0.0001,0
7124,0.0001,400
7125,0.0001,6960
7126,0.0001,1200
7127,0.0001,400
7128,0.0001,7060
7129,0.0001,900
7130,0.0001,0
7131,0.0001,0
7132,0.0001,6980
7133,0.0001,300
7134,0.0001,0
7135,0.0001,400
7136,0.0001,900
7137,0.0001,500
7138,0.0001,2000
7139,0.0001,0
7140,0.0001,0
7141,0.0001,0
7142,0.0001,1500
7143,0.0001,1200
7144,0.0001,900
7145,0.0001,900
7146,0.0001,0
7147,0.0001,500
7148,0.0001,20940
7149,0.0001,30120
7150,0.0001,0
7151,0.0001,300
7152,0.0001,1500
7153,0.0001,20880
7154,0.0001,900
7155,0.0001,0
7156,0.0001,600
7157,0.0001,900
7158,0.0001,940
7159,0.0001,900
7160,0.0001,0
7161,0.0001,150
7162,0.0001,1620
7163,0.0001,0
7164,0.0001,2070
7165,0.0001,300
7166,0.0001,0
7167,0.0001,300
7168,0.0001,0
7169,0.0001,7030
7170,0.0001,900
7171,0.0001,0
7172,0.0001,1500
7173,0.0001,1800
7174,0.0001,1650
7175,0.0001,0
7176,0.0001,0
7177,0.0001,0
7178,0.0001,0
7179,0.0001,300
7180,0.0001,34400
7181,0.0001,700
7182,0.0001,300
7183,0.0001,0
7184,0.0001,0
7185,0.0001,0
7186,0.0001,0
7187,0.0001,400
7188,0.0001,0
7189,0.0001,800
7190,0.0001,900
7191,0.0001,300
7192,0.0001,3600
7193,0.0001,1500
7194,0.0001,900
7195,0.0001,400
7196,0.0001,0
7197,0.0001,1920
7198,0.0001,900
7199,0.0001,3000
7200,0.0001,900
7201,0.0001,2000
7202,0.0001,0
7203,0.0001,900
7204,0.0001,1200
7205,0.0001,1500
7206,0.0001,500
7207,0.0001,400
7208,0.0001,5400
7209,0.0001,10200
7210,0.0001,1500
7211,0.0001,1500
7212,0.0001,20640
7213,0.0001,0
7214,0.0001,1200
7215,0.0001,840
7216,0.0001,9000
7217,0.0001,0
7218,0.0001,900
7219,0.0001,7380
7220,0.0001,300
7221,0.0001,0
7222,0.0001,800
7223,0.0001,0
7224,0.0001,0
7225,0.0001,0
7226,0.0001,900
7227,0.0001,300
7228,0.0001,0
7229,0.0001,900
7230,0.0001,900
7231,0.0001,300
7232,0.0001,0
7233,0.0001,2050
7234,0.0001,0
7235,0.0001,2100
7236,0.0001,0
7237,0.0001,900
7238,0.0001,0
7239,0.0001,1200
7240,0.0001,0
7241,0.0001,0
7242,0.0001,2000
7243,0.0001,900
7244,0.0001,2000
7245,0.0001,0
7246,0.0001,2100
7247,0.0001,0
7248,0.0001,900
7249,0.0001,1200
7250,0.0001,1200
7251,0.0001,0
7252,0.0001,300
7253,0.0001,1500
7254,0.0001,900
7255,0.0001,1350
7256,0.0001,300
7257,0.0001,400
7258,0.0001,1500
7259,0.0001,0
7260,0.0001,7980
7261,0.0001,1500
7262,0.0001,900
7263,0.0001,0
7264,0.0001,1800
7265,0.0001,0
7266,0.0001,0
7267,0.0001,900
7268,0.0001,0
7269,0.0001,300
7270,0.0001,300
7271,0.0001,300
7272,0.0001,0
7273,0.0001,3500
7274,0.0001,900
7275,0.0001,900
7276,0.0001,1500
7277,0.0001,300
7278,0.0001,1500
7279,0.0001,0
7280,0.0001,0
7281,0.0001,400
7282,0.0001,0
7283,0.0001,7260
7284,0.0001,1800
7285,0.0001,400
7286,0.0001,900
7287,0.0001,800
7288,0.0001,0
7289,0.0001,300
7290,0.0001,1200
7291,0.0001,900
7292,0.0001,1650
7293,0.0001,0
7294,0.0001,27420
7295,0.0001,1620
7296,0.0001,20940
7297,0.0001,3700
7298,0.0001,1200
7299,0.0001,1200
7300,0.0001,400
7301,0.0001,900
7302,0.0001,720
7303,0.0001,400
7304,0.0001,900
7305,0.0001,23340
7306,0.0001,1450
7307,0.0001,0
7308,0.0001,900
7309,0.0001,300
7310,0.0001,0
7311,0.0001,0
7312,0.0001,12420
7313,0.0001,800
7314,0.0001,1500
7315,0.0001,0
7316,0.0001,600
7317,0.0001,0
7318,0.0001,300
7319,0.0001,1200
7320,0.0001,0
7321,0.0001,900
7322,0.0001,900
7323,0.0001,0
7324,0.0001,3400
7325,0.0001,0
7326,0.0001,300
7327,0.0001,20580
7328,0.0001,740
7329,0.0001,300
7330,0.0001,4050
7331,0.0001,500
7332,0.0001,0
7333,0.0001,720
7334,0.0001,0
7335,0.0001,900
7336,0.0001,0
7337,0.0001,0
7338,0.0001,300
7339,0.0001,1800
7340,0.0001,34300
7341,0.0001,1200
7342,0.0001,0
7343,0.0001,800
7344,0.0001,0
7345,0.0001,0
7346,0.0001,0
7347,0.0001,600
7348,0.0001,400
7349,0.0001,0
7350,0.0001,0
7351,0.0001,1500
7352,0.0001,0
7353,0.0001,300
7354,0.0001,0
7355,0.0001,0
7356,0.0001,0
7357,0.0001,600
7358,0.0001,1860
7359,0.0001,0
7360,0.0001,1200
7361,0.0001,750
7362,0.0001,0
7363,0.0001,0
7364,0.0001,2340
7365,0.0001,0
7366,0.0001,1200
7367,0.0001,1800
7368,0.0001,5700
7369,0.0001,900
7370,0.0001,1500
7371,0.0001,20940
7372,0.0001,0
7373,0.0001,7480
7374,0.0001,700
7375,0.0001,900
7376,0.0001,21540
7377,0.0001,2700
7378,0.0001,1500
7379,0.0001,1800
7380,0.0001,0
7381,0.0001,900
7382,0.0001,550
7383,0.0001,1200
7384,0.0001,900
7385,0.0001,500
7386,0.0001,3400
7387,0.0001,2100
7388,0.0001,300
7389,0.0001,0
7390,0.0001,9240
7391,0.0001,7080
7392,0.0001,1200
7393,0.0001,300
7394,0.0001,1200
7395,0.0001,20940
7396,0.0001,6980
7397,0.0001,750
7398,0.0001,300
7399,0.0001,0
7400,0.0001,1800
7401,0.0001,450
7402,0.0001,2100
7403,0.0001,900
7404,0.0001,1200
7405,0.0001,0
7406,0.0001,1500
7407,0.0001,0
7408,0.0001,0
7409,0.0001,0
7410,0.0001,900
7411,0.0001,1800
7412,0.0001,0
7413,0.0001,0
7414,0.0001,0
7415,0.0001,0
7416,0.0001,300
7417,0.0001,0
7418,0.0001,0
7419,0.0001,0
7420,0.0001,4050
7421,0.0001,0
7422,0.0001,920
7423,0.0001,0
7424,0.0001,1200
7425,0.0001,850
7426,0.0001,1200
7427,0.0001,300
7428,0.0001,0
7429,0.0001,0
7430,0.0001,0
7431,0.0001,1200
7432,0.0001,900
7433,0.0001,900
7434,0.0001,1200
7435,0.0001,0
7436,0.0001,900
7437,0.0001,1500
7438,0.0001,300
7439,0.0001,2100
7440,0.0001,1800
7441,0.0001,0
7442,0.0001,6980
7443,0.0001,0
7444,0.0001,0
7445,0.0001,0
7446,0.0001,1200
7447,0.0001,300
7448,0.0001,400
7449,0.0001,300
7450,0.0001,0
7451,0.0001,0
7452,0.0001,0
7453,0.0001,4050
7454,0.0001,0
7455,0.0001,900
7456,0.0001,840
7457,0.0001,600
7458,0.0001,900
7459,0.0001,7080
7460,0.0001,0
7461,0.0001,0
7462,0.0001,1200
7463,0.0001,6880
7464,0.0001,900
7465,0.0001,640
7466,0.0001,300
7467,0.0001,0
7468,0.0001,900
7469,0.0001,790
7470,0.0001,1500
7471,0.0001,20880
7472,0.0001,300
7473,0.0001,300
7474,0.0001,2100
7475,0.0001,0
7476,0.0001,0
7477,0.0001,0
7478,0.0001,900
7479,0.0001,2100
7480,0.0001,20940
7481,0.0001,300
7482,0.0001,2000
7483,0.0001,1500
7484,0.0001,300
7485,0.0001,2000
7486,0.0001,900
7487,0.0001,900
7488,0.0001,1500
7489,0.0001,0
7490,0.0001,2000
7491,0.0001,300
7492,0.0001,300
7493,0.0001,0
7494,0.0001,1200
7495,0.0001,0
7496,0.0001,2000
7497,0.0001,0
7498,0.0001,900
7499,0.0001,0
7500,0.0001,900
7501,0.0001,15000
7502,0.0001,600
7503,0.0001,0
7504,0.0001,0
7505,0.0001,2200
7506,0.0001,800
7507,0.0001,0
7508,0.0001,1800
7509,0.0001,500
7510,0.0001,0
7511,0.0001,300
7512,0.0001,1800
7513,0.0001,1200
7514,0.0001,700
7515,0.0001,1500
7516,0.0001,0
7517,0.0001,700
7518,0.0001,300
7519,0.0001,0
7520,0.0001,600
7521,0.0001,900
7522,0.0001,0
7523,0.0001,900
7524,0.0001,0
7525,0.0001,0
7526,0.0001,400
7527,0.0001,1500
7528,0.0001,0
7529,0.0001,0
7530,0.0001,0
7531,0.0001,2100
7532,0.0001,1200
7533,0.0001,0
7534,0.0001,0
7535,0.0001,0
7536,0.0001,7060
7537,0.0001,0
7538,0.0001,300
7539,0.0001,900
7540,0.0001,0
7541,0.0001,1500
7542,0.0001,900
7543,0.0001,7580
7544,0.0001,1600
7545,0.0001,6980
7546,0.0001,400
7547,0.0001,1800
7548,0.0001,20640
7549,0.0001,0
7550,0.0001,900
7551,0.0001,21990
7552,0.0001,750
7553,0.0001,600
7554,0.0001,300
7555,0.0001,0
7556,0.0001,0
7557,0.0001,900
7558,0.0001,3000
7559,0.0001,0
7560,0.0001,1200
7561,0.0001,0
7562,0.0001,0
7563,0.0001,400
7564,0.0001,0
7565,0.0001,300
7566,0.0001,0
7567,0.0001,0
7568,0.0001,2100
7569,0.0001,1650
7570,0.0001,0
7571,0.0001,3600
7572,0.0001,0
7573,0.0001,7460
7574,0.0001,450
7575,0.0001,300
7576,0.0001,0
7577,0.0001,1200
7578,0.0001,600
7579,0.0001,0
7580,0.0001,1500
7581,0.0001,150
7582,0.0001,400
7583,0.0001,1500
7584,0.0001,300
7585,0.0001,7060
7586,0.0001,1200
7587,0.0001,4450
7588,0.0001,600
7589,0.0001,300
7590,0.0001,1200
7591,0.0001,300
7592,0.0001,7080
7593,0.0001,9900
7594,0.0001,900
7595,0.0001,2100
7596,0.0001,0
7597,0.0001,900
7598,0.0001,4500
7599,0.0001,1350
7600,0.0001,0
7601,0.0001,500
7602,0.0001,0
7603,0.0001,0
7604,0.0001,700
7605,0.0001,850
7606,0.0001,300
7607,0.0001,300
7608,0.0001,400
7609,0.0001,0
7610,0.0001,400
7611,0.0001,1500
7612,0.0001,300
7613,0.0001,400
7614,0.0001,3600
7615,0.0001,800
7616,0.0001,600
7617,0.0001,300
7618,0.0001,600
7619,0.0001,0
7620,0.0001,400
7621,0.0001,2250
7622,0.0001,1500
7623,0.0001,900
7624,0.0001,0
7625,0.0001,0
7626,0.0001,900
7627,0.0001,0
7628,0.0001,450
7629,0.0001,850
7630,0.0001,0
7631,0.0001,0
7632,0.0001,300
7633,0.0001,1200
7634,0.0001,1800
7635,0.0001,300
7636,0.0001,900
7637,0.0001,300
7638,0.0001,1200
7639,0.0001,0
7640,0.0001,0
7641,0.0001,0
7642,0.0001,2100
7643,0.0001,0
7644,0.0001,900
7645,0.0001,20640
7646,0.0001,0
7647,0.0001,0
7648,0.0001,300
7649,0.0001,21540
7650,0.0001,0
7651,0.0001,0
7652,0.0001,1800
7653,0.0001,1650
7654,0.0001,0
7655,0.0001,300
7656,0.0001,600
7657,0.0001,1500
7658,0.0001,450
7659,0.0001,1500
7660,0.0001,1500
7661,0.0001,0
7662,0.0001,700
7663,0.0001,900
7664,0.0001,2100
7665,0.0001,300
7666,0.0001,600
7667,0.0001,300
7668,0.0001,900
7669,0.0001,150
7670,0.0001,900
7671,0.0001,550
7672,0.0001,6880
7673,0.0001,900
7674,0.0001,0
7675,0.0001,1500
7676,0.0001,900
7677,0.0001,1200
7678,0.0001,0
7679,0.0001,0
7680,0.0001,400
7681,0.0001,450
7682,0.0001,450
7683,0.0001,33900
7684,0.0001,0
7685,0.0001,0
7686,0.0001,0
7687,0.0001,5850
7688,0.0001,6980
7689,0.0001,1200
7690,0.0001,0
7691,0.0001,0
7692,0.0001,0
7693,0.0001,1500
7694,0.0001,500
7695,0.0001,0
7696,0.0001,0
7697,0.0001,0
7698,0.0001,900
7699,0.0001,1200
7700,0.0001,0
7701,0.0001,300
7702,0.0001,1200
7703,0.0001,1500
7704,0.0001,0
7705,0.0001,900
7706,0.0001,900
7707,0.0001,0
7708,0.0001,6980
7709,0.0001,0
7710,0.0001,0
7711,0.0001,10800
7712,0.0001,0
7713,0.0001,0
7714,0.0001,900
7715,0.0001,300
7716,0.0001,2200
7717,0.0001,900
7718,0.0001,0
7719,0.0001,3000
7720,0.0001,0
7721,0.0001,300
7722,0.0001,0
7723,0.0001,300
7724,0.0001,0
7725,0.0001,0
7726,0.0001,1800
7727,0.0001,0
7728,0.0001,750
7729,0.0001,1500
7730,0.0001,500
7731,0.0001,0
7732,0.0001,1200
7733,0.0001,1200
7734,0.0001,900
7735,0.0001,1500
7736,0.0001,1500
7737,0.0001,0
7738,0.0001,900
7739,0.0001,6450
7740,0.0001,2100
7741,0.0001,1500
7742,0.0001,3500
7743,0.0001,940
7744,0.0001,1500
7745,0.0001,21540
7746,0.0001,0
7747,0.0001,900
7748,0.0001,300
7749,0.0001,0
7750,0.0001,0
7751,0.0001,1620
7752,0.0001,0
7753,0.0001,0
7754,0.0001,1200
7755,0.0001,900
7756,0.0001,0
7757,0.0001,400
7758,0.0001,500
7759,0.0001,3000
7760,0.0001,450
7761,0.0001,0
7762,0.0001,0
7763,0.0001,1500
7764,0.0001,0
7765,0.0001,900
7766,0.0001,700
7767,0.0001,300
7768,0.0001,700
7769,0.0001,1200
7770,0.0001,400
7771,0.0001,0
7772,0.0001,800
7773,0.0001,400
7774,0.0001,0
7775,0.0001,0
7776,0.0001,0
7777,0.0001,900
7778,0.0001,0
7779,0.0001,1500
7780,0.0001,1800
7781,0.0001,1200
7782,0.0001,0
7783,0.0001,0
7784,0.0001,900
7785,0.0001,0
7786,0.0001,0
7787,0.0001,0
7788,0.0001,500
7789,0.0001,4500
7790,0.0001,300
7791,0.0001,2000
7792,0.0001,0
7793,0.0001,0
7794,0.0001,900
7795,0.0001,0
7796,0.0001,900
7797,0.0001,1200
7798,0.0001,600
7799,0.0001,900
7800,0.0001,7030
7801,0.0001,6980
7802,0.0001,300
7803,0.0001,1200
7804,0.0001,400
7805,0.0001,1350
7806,0.0001,0
7807,0.0001,900
7808,0.0001,600
7809,0.0001,300
7810,0.0001,1200
7811,0.0001,0
7812,0.0001,0
7813,0.0001,300
7814,0.0001,1650
7815,0.0001,1500
7816,0.0001,4500
7817,0.0001,400
7818,0.0001,500
7819,0.0001,0
7820,0.0001,900
7821,0.0001,500
7822,0.0001,3900
7823,0.0001,600
7824,0.0001,300
7825,0.0001,400
7826,0.0001,7480
7827,0.0001,0
7828,0.0001,0
7829,0.0001,0
7830,0.0001,3500
7831,0.0001,900
7832,0.0001,0
7833,0.0001,0
7834,0.0001,11400
7835,0.0001,2250
7836,0.0001,2250
7837,0.0001,2000
7838,0.0001,400
7839,0.0001,0
7840,0.0001,450
7841,0.0001,20640
7842,0.0001,0
7843,0.0001,300
7844,0.0001,0
7845,0.0001,2000
7846,0.0001,300
7847,0.0001,300
7848,0.0001,500
7849,0.0001,900
7850,0.0001,300
7851,0.0001,900
7852,0.0001,7080
7853,0.0001,0
7854,0.0001,1200
7855,0.0001,500
7856,0.0001,0
7857,0.0001,0
7858,0.0001,900
7859,0.0001,0
7860,0.0001,0
7861,0.0001,900
7862,0.0001,300
7863,0.0001,600
7864,0.0001,0
7865,0.0001,0
7866,0.0001,0
7867,0.0001,5200
7868,0.0001,1500
7869,0.0001,1400
7870,0.0001,0
7871,0.0001,5700
7872,0.0001,0
7873,0.0001,5400
7874,0.0001,3750
7875,0.0001,0
7876,0.0001,0
7877,0.0001,1500
7878,0.0001,900
7879,0.0001,1500
7880,0.0001,4500
7881,0.0001,0
7882,0.0001,300
7883,0.0001,900
7884,0.0001,900
7885,0.0001,0
7886,0.0001,9240
7887,0.0001,300
7888,0.0001,2250
7889,0.0001,9450
7890,0.0001,940
7891,0.0001,300
7892,0.0001,700
7893,0.0001,300
7894,0.0001,300
7895,0.0001,900
7896,0.0001,1200
7897,0.0001,300
7898,0.0001,2100
7899,0.0001,900
7900,0.0001,240
7901,0.0001,500
7902,0.0001,0
7903,0.0001,4400
7904,0.0001,1200
7905,0.0001,1500
7906,0.0001,2050
7907,0.0001,0
7908,0.0001,0
7909,0.0001,0
7910,0.0001,900
7911,0.0001,1200
7912,0.0001,0
7913,0.0001,900
7914,0.0001,1200
7915,0.0001,0
7916,0.0001,9240
7917,0.0001,2250
7918,0.0001,500
7919,0.0001,300
7920,0.0001,20790
7921,0.0001,0
7922,0.0001,0
7923,0.0001,1800
7924,0.0001,1500
7925,0.0001,1650
7926,0.0001,400
7927,0.0001,0
7928,0.0001,900
7929,0.0001,500
7930,0.0001,300
7931,0.0001,1500
7932,0.0001,0
7933,0.0001,0
7934,0.0001,900
7935,0.0001,0
7936,0.0001,400
7937,0.0001,550
7938,0.0001,900
7939,0.0001,0
7940,0.0001,1740
7941,0.0001,300
7942,0.0001,900
7943,0.0001,0
7944,0.0001,300
7945,0.0001,300
7946,0.0001,300
7947,0.0001,6980
7948,0.0001,27420
7949,0.0001,900
7950,0.0001,2100
7951,0.0001,700
7952,0.0001,0
7953,0.0001,1500
7954,0.0001,0
7955,0.0001,1200
7956,0.0001,0
7957,0.0001,9000
7958,0.0001,0
7959,0.0001,600
7960,0.0001,300
7961,0.0001,0
7962,0.0001,0
7963,0.0001,0
7964,0.0001,1500
7965,0.0001,1500
7966,0.0001,900
7967,0.0001,0
7968,0.0001,700
7969,0.0001,400
7970,0.0001,0
7971,0.0001,2100
7972,0.0001,0
7973,0.0001,0
7974,0.0001,900
7975,0.0001,1500
7976,0.0001,6300
7977,0.0001,0
7978,0.0001,0
7979,0.0001,600
7980,0.0001,0
7981,0.0001,0
7982,0.0001,450
7983,0.0001,550
7984,0.0001,9000
7985,0.0001,0
7986,0.0001,33900
7987,0.0001,940
7988,0.0001,4450
7989,0.0001,300
7990,0.0001,300
7991,0.0001,900
7992,0.0001,0
7993,0.0001,0
7994,0.0001,0
7995,0.0001,0
7996,0.0001,0
7997,0.0001,500
7998,0.0001,900
7999,0.0001,1500
8000,0.0001,700
8001,0.0001,0
8002,0.0001,2040
8003,0.0001,0
8004,0.0001,2000
8005,0.0001,0
8006,0.0001,900
8007,0.0001,0
8008,0.0001,7930
8009,0.0001,3000
8010,0.0001,0
8011,0.0001,5400
8012,0.0001,300
8013,0.0001,600
8014,0.0001,0
8015,0.0001,0
8016,0.0001,1500
8017,0.0001,900
8018,0.0001,0
8019,0.0001,0
8020,0.0001,0
8021,0.0001,300
8022,0.0001,600
8023,0.0001,750
8024,0.0001,3300
8025,0.0001,3400
8026,0.0001,7280
8027,0.0001,1900
8028,0.0001,7880
8029,0.0001,2100
8030,0.0001,900
8031,0.0001,0
8032,0.0001,300
8033,0.0001,300
8034,0.0001,0
8035,0.0001,0
8036,0.0001,1500
8037,0.0001,0
8038,0.0001,300
8039,0.0001,900
8040,0.0001,1950
8041,0.0001,300
8042,0.0001,0
8043,0.0001,0
8044,0.0001,1200
8045,0.0001,900
8046,0.0001,400
8047,0.0001,1500
8048,0.0001,500
8049,0.0001,600
8050,0.0001,720
8051,0.0001,900
8052,0.0001,300
8053,0.0001,300
8054,0.0001,0
8055,0.0001,1350
8056,0.0001,0
8057,0.0001,0
8058,0.0001,900
8059,0.0001,0
8060,0.0001,900
8061,0.0001,0
8062,0.0001,300
8063,0.0001,300
8064,0.0001,600
8065,0.0001,1800
8066,0.0001,1800
8067,0.0001,0
8068,0.0001,700
8069,0.0001,0
8070,0.0001,600
8071,0.0001,900
8072,0.0001,22140
8073,0.0001,0
8074,0.0001,300
8075,0.0001,0
8076,0.0001,0
8077,0.0001,0
8078,0.0001,400
8079,0.0001,300
8080,0.0001,1500
8081,0.0001,34150
8082,0.0001,1200
8083,0.0001,0
8084,0.0001,20940
8085,0.0001,1500
8086,0.0001,400
8087,0.0001,1800
8088,0.0001,400
8089,0.0001,0
8090,0.0001,300
8091,0.0001,400
8092,0.0001,0
8093,0.0001,900
8094,0.0001,0
8095,0.0001,0
8096,0.0001,300
8097,0.0001,0
8098,0.0001,20940
8099,0.0001,900
8100,0.0001,300
8101,0.0001,900
8102,0.0001,2140
8103,0.0001,2520
8104,0.0001,7080
8105,0.0001,300
8106,0.0001,900
8107,0.0001,900
8108,0.0001,0
8109,0.0001,900
8110,0.0001,0
8111,0.0001,2100
8112,0.0001,0
8113,0.0001,1500
8114,0.0001,900
8115,0.0001,20640
8116,0.0001,0
8117,0.0001,0
8118,0.0001,0
8119,0.0001,500
8120,0.0001,1350
8121,0.0001,10800
8122,0.0001,0
8123,0.0001,900
8124,0.0001,20940
8125,0.0001,700
8126,0.0001,500
8127,0.0001,1200
8128,0.0001,900
8129,0.0001,0
8130,0.0001,0
8131,0.0001,640
8132,0.0001,9240
8133,0.0001,300
8134,0.0001,400
8135,0.0001,1620
8136,0.0001,900
8137,0.0001,0
8138,0.0001,1500
8139,0.0001,0
8140,0.0001,300
8141,0.0001,700
8142,0.0001,0
8143,0.0001,700
8144,0.0001,2520
8145,0.0001,300
8146,0.0001,2100
8147,0.0001,1500
8148,0.0001,600
8149,0.0001,400
8150,0.0001,0
8151,0.0001,2700
8152,0.0001,1800
8153,0.0001,900
8154,0.0001,0
8155,0.0001,800
8156,0.0001,700
8157,0.0001,0
8158,0.0001,1500
8159,0.0001,1400
8160,0.0001,1500
8161,0.0001,20640
8162,0.0001,400
8163,0.0001,7080
8164,0.0001,2250
8165,0.0001,1500
8166,0.0001,300
8167,0.0001,300
8168,0.0001,900
8169,0.0001,300
8170,0.0001,900
8171,0.0001,0
8172,0.0001,900
8173,0.0001,900
8174,0.0001,1200
8175,0.0001,1500
8176,0.0001,500
8177,0.0001,1800
8178,0.0001,300
8179,0.0001,1500
8180,0.0001,900
8181,0.0001,900
8182,0.0001,1200
8183,0.0001,9640
8184,0.0001,0
8185,0.0001,900
8186,0.0001,2250
8187,0.0001,700
8188,0.0001,1450
8189,0.0001,900
8190,0.0001,2050
8191,0.0001,10200
8192,0.0001,900
8193,0.0001,800
8194,0.0001,900
8195,0.0001,500
8196,0.0001,300
8197,0.0001,3000
8198,0.0001,1500
8199,0.0001,7080
8200,0.0001,900
8201,0.0001,6830
8202,0.0001,0
8203,0.0001,800
8204,0.0001,34400
8205,0.0001,0
8206,0.0001,6980
8207,0.0001,0
8208,0.0001,1800
8209,0.0001,2200
8210,0.0001,5400
8211,0.0001,2250
8212,0.0001,1200
8213,0.0001,0
8214,0.0001,1500
8215,0.0001,400
8216,0.0001,0
8217,0.0001,2100
8218,0.0001,900
8219,0.0001,540
8220,0.0001,0
8221,0.0001,7680
8222,0.0001,0
8223,0.0001,800
8224,0.0001,0
8225,0.0001,300
8226,0.0001,0
8227,0.0001,0
8228,0.0001,20640
8229,0.0001,900
8230,0.0001,1350
8231,0.0001,1500
8232,0.0001,0
8233,0.0001,500
8234,0.0001,300
8235,0.0001,0
8236,0.0001,0
8237,0.0001,1500
8238,0.0001,1620
8239,0.0001,300
8240,0.0001,0
8241,0.0001,800
8242,0.0001,900
8243,0.0001,900
8244,0.0001,400
8245,0.0001,0
8246,0.0001,0
8247,0.0001,500
8248,0.0001,750
8249,0.0001,900
8250,0.0001,0
8251,0.0001,0
8252,0.0001,0
8253,0.0001,0
8254,0.0001,900
8255,0.0001,2100
8256,0.0001,1650
8257,0.0001,550
8258,0.0001,4050
8259,0.0001,300
8260,0.0001,1650
8261,0.0001,900
8262,0.0001,9190
8263,0.0001,300
8264,0.0001,3600
8265,0.0001,1500
8266,0.0001,2100
8267,0.0001,1350
8268,0.0001,0
8269,0.0001,600
8270,0.0001,0
8271,0.0001,2100
8272,0.0001,900
8273,0.0001,0
8274,0.0001,300
8275,0.0001,0
8276,0.0001,900
8277,0.0001,0
8278,0.0001,0
8279,0.0001,900
8280,0.0001,740
8281,0.0001,500
8282,0.0001,800
8283,0.0001,0
8284,0.0001,9140
8285,0.0001,450
8286,0.0001,0
8287,0.0001,1600
8288,0.0001,1200
8289,0.0001,1500
8290,0.0001,900
8291,0.0001,1200
8292,0.0001,34400
8293,0.0001,900
8294,0.0001,1200
8295,0.0001,940
8296,0.0001,500
8297,0.0001,3000
8298,0.0001,0
8299,0.0001,0
8300,0.0001,0
8301,0.0001,0
8302,0.0001,0
8303,0.0001,300
8304,0.0001,0
8305,0.0001,0
8306,0.0001,0
8307,0.0001,0
8308,0.0001,0
8309,0.0001,1200
8310,0.0001,0
8311,0.0001,1200
8312,0.0001,0
8313,0.0001,7280
8314,0.0001,540
8315,0.0001,400
8316,0.0001,0
8317,0.0001,300
8318,0.0001,940
8319,0.0001,2100
8320,0.0001,900
8321,0.0001,600
8322,0.0001,0
8323,0.0001,300
8324,0.0001,700
8325,0.0001,300
8326,0.0001,1500
8327,0.0001,4300
8328,0.0001,34400
8329,0.0001,0
8330,0.0001,2000
8331,0.0001,300
8332,0.0001,0
8333,0.0001,400
8334,0.0001,700
8335,0.0001,35400
8336,0.0001,9640
8337,0.0001,9220
8338,0.0001,0
8339,0.0001,300
8340,0.0001,1500
8341,0.0001,0
8342,0.0001,0
8343,0.0001,0
8344,0.0001,10040
8345,0.0001,0
8346,0.0001,1500
8347,0.0001,300
8348,0.0001,700
8349,0.0001,900
8350,0.0001,300
8351,0.0001,300
8352,0.0001,1350
8353,0.0001,0
8354,0.0001,0
8355,0.0001,20940
8356,0.0001,900
8357,0.0001,900
8358,0.0001,0
8359,0.0001,0
8360,0.0001,700
8361,0.0001,0
8362,0.0001,0
8363,0.0001,9900
8364,0.0001,3400
8365,0.0001,0
8366,0.0001,0
8367,0.0001,900
8368,0.0001,0
8369,0.0001,0
8370,0.0001,500
8371,0.0001,0
8372,0.0001,0
8373,0.0001,1500
8374,0.0001,0
8375,0.0001,9240
8376,0.0001,400
8377,0.0001,1920
8378,0.0001,0
8379,0.0001,900
8380,0.0001,300
8381,0.0001,9900
8382,0.0001,0
8383,0.0001,900
8384,0.0001,300
8385,0.0001,740
8386,0.0001,9190
8387,0.0001,2140
8388,0.0001,900
8389,0.0001,0
8390,0.0001,0
8391,0.0001,0
8392,0.0001,0
8393,0.0001,800
8394,0.0001,0
8395,0.0001,0
8396,0.0001,1500
8397,0.0001,0
8398,0.0001,2000
8399,0.0001,0
8400,0.0001,1200
8401,0.0001,10800
8402,0.0001,9900
8403,0.0001,300
8404,0.0001,0
8405,0.0001,0
8406,0.0001,3900
8407,0.0001,900
8408,0.0001,1200
8409,0.0001,400
8410,0.0001,0
8411,0.0001,34150
8412,0.0001,1200
8413,0.0001,36400
8414,0.0001,900
8415,0.0001,300
8416,0.0001,20940
8417,0.0001,900
8418,0.0001,800
8419,0.0001,9640
8420,0.0001,1200
8421,0.0001,1200
8422,0.0001,1620
8423,0.0001,400
8424,0.0001,300
8425,0.0001,900
8426,0.0001,0
8427,0.0001,3420
8428,0.0001,900
8429,0.0001,0
8430,0.0001,900
8431,0.0001,900
8432,0.0001,1900
8433,0.0001,400
8434,0.0001,800
8435,0.0001,0
8436,0.0001,2100
8437,0.0001,0
8438,0.0001,0
8439,0.0001,300
8440,0.0001,850
8441,0.0001,900
8442,0.0001,900
8443,0.0001,900
8444,0.0001,0
8445,0.0001,0
8446,0.0001,800
8447,0.0001,1500
8448,0.0001,0
8449,0.0001,400
8450,0.0001,7010
8451,0.0001,2340
8452,0.0001,1500
8453,0.0001,400
8454,0.0001,34300
8455,0.0001,640
8456,0.0001,0
8457,0.0001,10800
8458,0.0001,0
8459,0.0001,0
8460,0.0001,1200
8461,0.0001,0
8462,0.0001,0
8463,0.0001,0
8464,0.0001,0
8465,0.0001,400
8466,0.0001,0
8467,0.0001,1350
8468,0.0001,0
8469,0.0001,0
8470,0.0001,0
8471,0.0001,0
8472,0.0001,0
8473,0.0001,20880
8474,0.0001,0
8475,0.0001,540
8476,0.0001,300
8477,0.0001,6980
8478,0.0001,0
8479,0.0001,3400
8480,0.0001,400
8481,0.0001,0
8482,0.0001,1500
8483,0.0001,6980
8484,0.0001,900
8485,0.0001,700
8486,0.0001,900
8487,0.0001,0
8488,0.0001,300
8489,0.0001,900
8490,0.0001,0
8491,0.0001,400
8492,0.0001,0
8493,0.0001,400
8494,0.0001,0
8495,0.0001,0
8496,0.0001,0
8497,0.0001,600
8498,0.0001,20790
8499,0.0001,0
8500,0.0001,0
8501,0.0001,900
8502,0.0001,0
8503,0.0001,0
8504,0.0001,0
8505,0.0001,300
8506,0.0001,400
8507,0.0001,500
8508,0.0001,0
8509,0.0001,840
8510,0.0001,1500
8511,0.0001,2100
8512,0.0001,500
8513,0.0001,9000
8514,0.0001,0
8515,0.0001,6930
8516,0.0001,0
8517,0.0001,1350
8518,0.0001,900
8519,0.0001,0
8520,0.0001,700
8521,0.0001,0
8522,0.0001,1500
8523,0.0001,0
8524,0.0001,0
8525,0.0001,900
8526,0.0001,0
8527,0.0001,940
8528,0.0001,0
8529,0.0001,0
8530,0.0001,300
8531,0.0001,1200
8532,0.0001,0
8533,0.0001,2100
8534,0.0001,3700
8535,0.0001,0
8536,0.0001,0
8537,0.0001,700
8538,0.0001,0
8539,0.0001,1500
8540,0.0001,300
8541,0.0001,1500
8542,0.0001,0
8543,0.0001,300
8544,0.0001,1800
8545,0.0001,0
8546,0.0001,0
8547,0.0001,2250
8548,0.0001,0
8549,0.0001,1500
8550,0.0001,800
8551,0.0001,900
8552,0.0001,900
8553,0.0001,400
8554,0.0001,3700
8555,0.0001,150
8556,0.0001,700
8557,0.0001,1800
8558,0.0001,0
8559,0.0001,1800
8560,0.0001,2000
8561,0.0001,0
8562,0.0001,0
8563,0.0001,0
8564,0.0001,300
8565,0.0001,4800
8566,0.0001,400
8567,0.0001,0
8568,0.0001,700
8569,0.0001,0
8570,0.0001,750
8571,0.0001,0
8572,0.0001,0
8573,0.0001,0
8574,0.0001,0
8575,0.0001,500
8576,0.0001,400
8577,0.0001,800
8578,0.0001,0
8579,0.0001,0
8580,0.0001,300
8581,0.0001,0
8582,0.0001,0
8583,0.0001,0
8584,0.0001,1500
8585,0.0001,900
8586,0.0001,2000
8587,0.0001,0
8588,0.0001,0
8589,0.0001,900
8590,0.0001,0
8591,0.0001,1650
8592,0.0001,800
8593,0.0001,600
8594,0.0001,7080
8595,0.0001,750
8596,0.0001,0
8597,0.0001,0
8598,0.0001,0
8599,0.0001,850
8600,0.0001,7060
8601,0.0001,600
8602,0.0001,7280
8603,0.0001,1200
8604,0.0001,0
8605,0.0001,400
8606,0.0001,1200
8607,0.0001,2000
8608,0.0001,600
8609,0.0001,22140
8610,0.0001,0
8611,0.0001,0
8612,0.0001,0
8613,0.0001,0
8614,0.0001,0
8615,0.0001,2250
8616,0.0001,2100
8617,0.0001,0
8618,0.0001,0
8619,0.0001,0
8620,0.0001,400
8621,0.0001,0
8622,0.0001,300
8623,0.0001,7030
8624,0.0001,0
8625,0.0001,800
8626,0.0001,0
8627,0.0001,0
8628,0.0001,300
8629,0.0001,900
8630,0.0001,900
8631,0.0001,700
8632,0.0001,1200
8633,0.0001,2000
8634,0.0001,300
8635,0.0001,0
8636,0.0001,0
8637,0.0001,0
8638,0.0001,0
8639,0.0001,900
8640,0.0001,1600
8641,0.0001,450
8642,0.0001,900
8643,0.0001,0
8644,0.0001,3900
8645,0.0001,0
8646,0.0001,750
8647,0.0001,550
8648,0.0001,2520
8649,0.0001,840
8650,0.0001,1500
8651,0.0001,1200
8652,0.0001,1500
8653,0.0001,0
8654,0.0001,740
8655,0.0001,0
8656,0.0001,1540
8657,0.0001,900
8658,0.0001,0
8659,0.0001,0
8660,0.0001,1800
8661,0.0001,0
8662,0.0001,300
8663,0.0001,0
8664,0.0001,0
8665,0.0001,1200
8666,0.0001,2000
8667,0.0001,0
8668,0.0001,2520
8669,0.0001,940
8670,0.0001,600
8671,0.0001,500
8672,0.0001,1200
8673,0.0001,0
8674,0.0001,0
8675,0.0001,400
8676,0.0001,0
8677,0.0001,2100
8678,0.0001,500
8679,0.0001,0
8680,0.0001,1500
8681,0.0001,720
8682,0.0001,0
8683,0.0001,240
8684,0.0001,900
8685,0.0001,0
8686,0.0001,0
8687,0.0001,1500
8688,0.0001,1200
8689,0.0001,0
8690,0.0001,0
8691,0.0001,1200
8692,0.0001,400
8693,0.0001,0
8694,0.0001,500
8695,0.0001,2000
8696,0.0001,0
8697,0.0001,2100
8698,0.0001,300
8699,0.0001,0
8700,0.0001,300
8701,0.0001,2100
8702,0.0001,900
8703,0.0001,0
8704,0.0001,400
8705,0.0001,0
8706,0.0001,0
8707,0.0001,300
8708,0.0001,0
8709,0.0001,600
8710,0.0001,900
8711,0.0001,1200
8712,0.0001,0
8713,0.0001,0
8714,0.0001,300
8715,0.0001,550
8716,0.0001,3000
8717,0.0001,400
8718,0.0001,0
8719,0.0001,0
8720,0.0001,900
8721,0.0001,900
8722,0.0001,21240
8723,0.0001,1800
8724,0.0001,1540
8725,0.0001,620
8726,0.0001,0
8727,0.0001,1500
8728,0.0001,0
8729,0.0001,0
8730,0.0001,300
8731,0.0001,600
8732,0.0001,2100
8733,0.0001,20340
8734,0.0001,1500
8735,0.0001,500
8736,0.0001,600
8737,0.0001,0
8738,0.0001,700
8739,0.0001,900
8740,0.0001,0
8741,0.0001,0
8742,0.0001,2250
8743,0.0001,300
8744,0.0001,0
8745,0.0001,1500
8746,0.0001,300
8747,0.0001,2000
8748,0.0001,1500
8749,0.0001,0
8750,0.0001,1200
8751,0.0001,600
8752,0.0001,0
8753,0.0001,0
8754,0.0001,400
8755,0.0001,3700
8756,0.0001,300
8757,0.0001,1200
8758,0.0001,900
8759,0.0001,1500
8760,0.0001,1920
8761,0.0001,0
8762,0.0001,900
8763,0.0001,300
8764,0.0001,400
8765,0.0001,1500
8766,0.0001,900
8767,0.0001,0
8768,0.0001,900
8769,0.0001,300
8770,0.0001,1500
8771,0.0001,0
8772,0.0001,0
8773,0.0001,0
8774,0.0001,1500
8775,0.0001,800
8776,0.0001,0
8777,0.0001,150
8778,0.0001,300
8779,0.0001,400
8780,0.0001,0
8781,0.0001,0
8782,0.0001,9140
8783,0.0001,1600
8784,0.0001,300
8785,0.0001,6930
8786,0.0001,1500
8787,0.0001,7410
8788,0.0001,1500
8789,0.0001,500
8790,0.0001,0
8791,0.0001,3150
8792,0.0001,300
8793,0.0001,300
8794,0.0001,0
8795,0.0001,3000
8796,0.0001,900
8797,0.0001,400
8798,0.0001,300
8799,0.0001,900
8800,0.0001,1200
8801,0.0001,650
8802,0.0001,20790
8803,0.0001,0
8804,0.0001,300
8805,0.0001,0
8806,0.0001,0
8807,0.0001,0
8808,0.0001,1500
8809,0.0001,1500
8810,0.0001,0
8811,0.0001,0
8812,0.0001,900
8813,0.0001,0
8814,0.0001,11400
8815,0.0001,2100
8816,0.0001,1200
8817,0.0001,0
8818,0.0001,0
8819,0.0001,1300
8820,0.0001,940
8821,0.0001,2000
8822,0.0001,0
8823,0.0001,0
8824,0.0001,1200
8825,0.0001,1500
8826,0.0001,1650
8827,0.0001,1500
8828,0.0001,0
8829,0.0001,0
8830,0.0001,0
8831,0.0001,500
8832,0.0001,300
8833,0.0001,0
8834,0.0001,300
8835,0.0001,300
8836,0.0001,0
8837,0.0001,400
8838,0.0001,900
8839,0.0001,0
8840,0.0001,900
8841,0.0001,300
8842,0.0001,600
8843,0.0001,1200
8844,0.0001,0
8845,0.0001,0
8846,0.0001,9000
8847,0.0001,2100
8848,0.0001,400
8849,0.0001,0
8850,0.0001,0
8851,0.0001,1500
8852,0.0001,0
8853,0.0001,0
8854,0.0001,300
8855,0.0001,0
8856,0.0001,7080
8857,0.0001,0
8858,0.0001,900
8859,0.0001,900
8860,0.0001,900
8861,0.0001,400
8862,0.0001,600
8863,0.0001,0
8864,0.0001,0
8865,0.0001,0
8866,0.0001,300
8867,0.0001,0
8868,0.0001,1200
8869,0.0001,3900
8870,0.0001,9190
8871,0.0001,450
8872,0.0001,900
8873,0.0001,7030
8874,0.0001,900
8875,0.0001,900
8876,0.0001,0
8877,0.0001,700
8878,0.0001,7680
8879,0.0001,0
8880,0.0001,1800
8881,0.0001,7030
8882,0.0001,600
8883,0.0001,6980
8884,0.0001,2700
8885,0.0001,900
8886,0.0001,900
8887,0.0001,400
8888,0.0001,900
8889,0.0001,0
8890,0.0001,10800
8891,0.0001,0
8892,0.0001,300
8893,0.0001,0
8894,0.0001,790
8895,0.0001,1800
8896,0.0001,850
8897,0.0001,6980
8898,0.0001,7080
8899,0.0001,1200
8900,0.0001,1500
8901,0.0001,0
8902,0.0001,900
8903,0.0001,900
8904,0.0001,900
8905,0.0001,0
8906,0.0001,2250
8907,0.0001,900
8908,0.0001,9240
8909,0.0001,2520
8910,0.0001,0
8911,0.0001,1500
8912,0.0001,300
8913,0.0001,2100
8914,0.0001,0
8915,0.0001,0
8916,0.0001,20640
8917,0.0001,600
8918,0.0001,0
8919,0.0001,3700
8920,0.0001,300
8921,0.0001,0
8922,0.0001,1500
8923,0.0001,0
8924,0.0001,300
8925,0.0001,300
8926,0.0001,1800
8927,0.0001,0
8928,0.0001,2000
8929,0.0001,390
8930,0.0001,300
8931,0.0001,600
8932,0.0001,0
8933,0.0001,2100
8934,0.0001,300
8935,0.0001,640
8936,0.0001,700
8937,0.0001,0
8938,0.0001,0
8939,0.0001,0
8940,0.0001,0
8941,0.0001,0
8942,0.0001,740
8943,0.0001,1500
8944,0.0001,700
8945,0.0001,0
8946,0.0001,1500
8947,0.0001,900
8948,0.0001,300
8949,0.0001,1500
8950,0.0001,300
8951,0.0001,900
8952,0.0001,700
8953,0.0001,900
8954,0.0001,0
8955,0.0001,6980
8956,0.0001,400
8957,0.0001,9000
8958,0.0001,1600
8959,0.0001,1620
8960,0.0001,6860
8961,0.0001,400
8962,0.0001,1200
8963,0.0001,0
8964,0.0001,1200
8965,0.0001,300
8966,0.0001,0
8967,0.0001,0
8968,0.0001,300
8969,0.0001,2000
8970,0.0001,300
8971,0.0001,0
8972,0.0001,900
8973,0.0001,400
8974,0.0001,0
8975,0.0001,0
8976,0.0001,900
8977,0.0001,300
8978,0.0001,0
8979,0.0001,1200
8980,0.0001,500
8981,0.0001,1500
8982,0.0001,0
8983,0.0001,0
8984,0.0001,0
8985,0.0001,1500
8986,0.0001,900
8987,0.0001,1650
8988,0.0001,0
8989,0.0001,900
8990,0.0001,7880
8991,0.0001,0
8992,0.0001,2520
8993,0.0001,1500
8994,0.0001,0
8995,0.0001,300
8996,0.0001,0
8997,0.0001,0
8998,0.0001,0
8999,0.0001,0
9000,0.0001,0
9001,0.0001,1900
9002,0.0001,300
9003,0.0001,0
9004,0.0001,0
9005,0.0001,0
9006,0.0001,6000
9007,0.0001,0
9008,0.0001,700
9009,0.0001,900
9010,0.0001,900
9011,0.0001,600
9012,0.0001,0
9013,0.0001,2100
9014,0.0001,0
9015,0.0001,0
9016,0.0001,400
9017,0.0001,300
9018,0.0001,7060
9019,0.0001,2070
9020,0.0001,600
9021,0.0001,0
9022,0.0001,0
9023,0.0001,6960
9024,0.0001,2100
9025,0.0001,2100
9026,0.0001,840
9027,0.0001,900
9028,0.0001,1350
9029,0.0001,1500
9030,0.0001,5250
9031,0.0001,0
9032,0.0001,0
9033,0.0001,1200
9034,0.0001,900
9035,0.0001,2700
9036,0.0001,0
9037,0.0001,300
9038,0.0001,0
9039,0.0001,300
9040,0.0001,400
9041,0.0001,1620
9042,0.0001,0
9043,0.0001,400
9044,0.0001,900
9045,0.0001,300
9046,0.0001,20640
9047,0.0001,700
9048,0.0001,0
9049,0.0001,900
9050,0.0001,2250
9051,0.0001,7380
9052,0.0001,900
9053,0.0001,0
9054,0.0001,0
9055,0.0001,900
9056,0.0001,700
9057,0.0001,7380
9058,0.0001,300
9059,0.0001,0
9060,0.0001,1500
9061,0.0001,300
9062,0.0001,1200
9063,0.0001,0
9064,0.0001,0
9065,0.0001,6980
9066,0.0001,1620
9067,0.0001,1200
9068,0.0001,300
9069,0.0001,0
9070,0.0001,300
9071,0.0001,1800
9072,0.0001,2450
9073,0.0001,300
9074,0.0001,1800
9075,0.0001,300
9076,0.0001,500
9077,0.0001,700
9078,0.0001,300
9079,0.0001,0
9080,0.0001,1200
9081,0.0001,9000
9082,0.0001,5100
9083,0.0001,1200
9084,0.0001,7080
9085,0.0001,900
9086,0.0001,0
9087,0.0001,34400
9088,0.0001,900
9089,0.0001,1800
9090,0.0001,0
9091,0.0001,400
9092,0.0001,2000
9093,0.0001,0
9094,0.0001,800
9095,0.0001,0
9096,0.0001,6000
9097,0.0001,300
9098,0.0001,7080
9099,0.0001,1500
9100,0.0001,0
9101,0.0001,0
9102,0.0001,300
9103,0.0001,4300
9104,0.0001,400
9105,0.0001,0
9106,0.0001,900
9107,0.0001,900
9108,0.0001,900
9109,0.0001,500
9110,0.0001,0
9111,0.0001,2100
9112,0.0001,4050
9113,0.0001,300
9114,0.0001,3700
9115,0.0001,0
9116,0.0001,0
9117,0.0001,0
9118,0.0001,1200
9119,0.0001,0
9120,0.0001,600
9121,0.0001,900
9122,0.0001,0
9123,0.0001,900
9124,0.0001,700
9125,0.0001,0
9126,0.0001,700
9127,0.0001,400
9128,0.0001,0
9129,0.0001,1800
9130,0.0001,0
9131,0.0001,1800
9132,0.0001,0
9133,0.0001,1200
9134,0.0001,0
9135,0.0001,300
9136,0.0001,1200
9137,0.0001,900
9138,0.0001,3840
9139,0.0001,1500
9140,0.0001,700
9141,0.0001,400
9142,0.0001,800
9143,0.0001,0
9144,0.0001,900
9145,0.0001,300
9146,0.0001,0
9147,0.0001,0
9148,0.0001,0
9149,0.0001,0
9150,0.0001,750
9151,0.0001,400
9152,0.0001,0
9153,0.0001,0
9154,0.0001,1200
9155,0.0001,0
9156,0.0001,1440
9157,0.0001,1500
9158,0.0001,0
9159,0.0001,400
9160,0.0001,1800
9161,0.0001,0
9162,0.0001,900
9163,0.0001,0
9164,0.0001,300
9165,0.0001,900
9166,0.0001,650
9167,0.0001,3000
9168,0.0001,0
9169,0.0001,20940
9170,0.0001,400
9171,0.0001,0
9172,0.0001,900
9173,0.0001,1200
9174,0.0001,0
9175,0.0001,20880
9176,0.0001,2000
9177,0.0001,300
9178,0.0001,0
9179,0.0001,0
9180,0.0001,0
9181,0.0001,300
9182,0.0001,9240
9183,0.0001,0
9184,0.0001,0
9185,0.0001,0
9186,0.0001,900
9187,0.0001,9140
9188,0.0001,0
9189,0.0001,300
9190,0.0001,400
9191,0.0001,900
9192,0.0001,600
9193,0.0001,2100
9194,0.0001,300
9195,0.0001,300
9196,0.0001,1200
9197,0.0001,0
9198,0.0001,0
9199,0.0001,400
9200,0.0001,1200
9201,0.0001,9900
9202,0.0001,300
9203,0.0001,300
9204,0.0001,1200
9205,0.0001,0
9206,0.0001,1200
9207,0.0001,0
9208,0.0001,0
9209,0.0001,0
9210,0.0001,0
9211,0.0001,0
9212,0.0001,0
9213,0.0001,0
9214,0.0001,900
9215,0.0001,0
9216,0.0001,0
9217,0.0001,1500
9218,0.0001,9170
9219,0.0001,300
9220,0.0001,0
9221,0.0001,0
9222,0.0001,20640
9223,0.0001,300
9224,0.0001,1500
9225,0.0001,3000
9226,0.0001,900
9227,0.0001,2520
9228,0.0001,0
9229,0.0001,0
9230,0.0001,1350
9231,0.0001,1200
9232,0.0001,0
9233,0.0001,400
9234,0.0001,0
9235,0.0001,0
9236,0.0001,0
9237,0.0001,3000
9238,0.0001,700
9239,0.0001,300
9240,0.0001,5700
9241,0.0001,300
9242,0.0001,900
9243,0.0001,1650
9244,0.0001,1200
9245,0.0001,7280
9246,0.0001,20940
9247,0.0001,9900
9248,0.0001,1170
9249,0.0001,300
9250,0.0001,0
9251,0.0001,6980
9252,0.0001,34400
9253,0.0001,0
9254,0.0001,400
9255,0.0001,1500
9256,0.0001,0
9257,0.0001,0
9258,0.0001,300
9259,0.0001,900
9260,0.0001,0
9261,0.0001,0
9262,0.0001,0
9263,0.0001,0
9264,0.0001,0
9265,0.0001,3900
9266,0.0001,10800
9267,0.0001,0
9268,0.0001,0
9269,0.0001,0
9270,0.0001,0
9271,0.0001,0
9272,0.0001,0
9273,0.0001,1200
9274,0.0001,1500
9275,0.0001,0
9276,0.0001,2000
9277,0.0001,0
9278,0.0001,0
9279,0.0001,900
9280,0.0001,900
9281,0.0001,0
9282,0.0001,900
9283,0.0001,9040
9284,0.0001,0
9285,0.0001,900
9286,0.0001,750
9287,0.0001,800
9288,0.0001,500
9289,0.0001,800
9290,0.0001,450
9291,0.0001,2070
9292,0.0001,15750
9293,0.0001,0
9294,0.0001,2700
9295,0.0001,900
9296,0.0001,900
9297,0.0001,300
9298,0.0001,1350
9299,0.0001,27360
9300,0.0001,900
9301,0.0001,0
9302,0.0001,0
9303,0.0001,6880
9304,0.0001,1500
9305,0.0001,300
9306,0.0001,1500
9307,0.0001,0
9308,0.0001,0
9309,0.0001,0
9310,0.0001,400
9311,0.0001,0
9312,0.0001,33900
9313,0.0001,0
9314,0.0001,1800
9315,0.0001,300
9316,0.0001,300
9317,0.0001,0
9318,0.0001,900
9319,0.0001,1200
9320,0.0001,2050
9321,0.0001,0
9322,0.0001,400
9323,0.0001,4300
9324,0.0001,0
9325,0.0001,0
9326,0.0001,400
9327,0.0001,0
9328,0.0001,900
9329,0.0001,0
9330,0.0001,0
9331,0.0001,1350
9332,0.0001,700
9333,0.0001,3700
9334,0.0001,0
9335,0.0001,400
9336,0.0001,3900
9337,0.0001,1500
9338,0.0001,300
9339,0.0001,7060
9340,0.0001,0
9341,0.0001,650
9342,0.0001,0
9343,0.0001,0
9344,0.0001,1200
9345,0.0001,1500
9346,0.0001,0
9347,0.0001,900
9348,0.0001,0
9349,0.0001,900
9350,0.0001,1200
9351,0.0001,0
9352,0.0001,7980
9353,0.0001,0
9354,0.0001,0
9355,0.0001,900
9356,0.0001,1800
9357,0.0001,1500
9358,0.0001,7480
9359,0.0001,7080
9360,0.0001,450
9361,0.0001,0
9362,0.0001,20340
9363,0.0001,150
9364,0.0001,0
9365,0.0001,0
9366,0.0001,1200
9367,0.0001,21990
9368,0.0001,7080
9369,0.0001,0
9370,0.0001,0
9371,0.0001,0
9372,0.0001,0
9373,0.0001,6300
9374,0.0001,0
9375,0.0001,1200
9376,0.0001,900
9377,0.0001,0
9378,0.0001,0
9379,0.0001,0
9380,0.0001,0
9381,0.0001,400
9382,0.0001,0
9383,0.0001,45200
9384,0.0001,0
9385,0.0001,0
9386,0.0001,700
9387,0.0001,8250
9388,0.0001,0
9389,0.0001,4500
9390,0.0001,1500
9391,0.0001,0
9392,0.0001,500
9393,0.0001,0
9394,0.0001,0
9395,0.0001,0
9396,0.0001,6960
9397,0.0001,0
9398,0.0001,700
9399,0.0001,500
9400,0.0001,6980
9401,0.0001,1200
9402,0.0001,300
9403,0.0001,300
9404,0.0001,2000
9405,0.0001,750
9406,0.0001,5700
9407,0.0001,0
9408,0.0001,0
9409,0.0001,500
9410,0.0001,0
9411,0.0001,900
9412,0.0001,900
9413,0.0001,300
9414,0.0001,300
9415,0.0001,0
9416,0.0001,300
9417,0.0001,400
9418,0.0001,500
9419,0.0001,0
9420,0.0001,300
9421,0.0001,600
9422,0.0001,300
9423,0.0001,600
9424,0.0001,2250
9425,0.0001,0
9426,0.0001,0
9427,0.0001,400
9428,0.0001,1200
9429,0.0001,0
9430,0.0001,1800
9431,0.0001,2200
9432,0.0001,900
9433,0.0001,400
9434,0.0001,1500
9435,0.0001,900
9436,0.0001,0
9437,0.0001,900
9438,0.0001,1500
9439,0.0001,0
9440,0.0001,300
9441,0.0001,300
9442,0.0001,2100
9443,0.0001,1500
9444,0.0001,300
9445,0.0001,6830
9446,0.0001,900
9447,0.0001,400
9448,0.0001,1800
9449,0.0001,400
9450,0.0001,0
9451,0.0001,2100
9452,0.0001,0
9453,0.0001,600
9454,0.0001,0
9455,0.0001,0
9456,0.0001,1200
9457,0.0001,7080
9458,0.0001,450
9459,0.0001,1500
9460,0.0001,0
9461,0.0001,0
9462,0.0001,9900
9463,0.0001,0
9464,0.0001,900
9465,0.0001,0
9466,0.0001,400
9467,0.0001,400
9468,0.0001,0
9469,0.0001,600
9470,0.0001,500
9471,0.0001,300
9472,0.0001,20940
9473,0.0001,1500
9474,0.0001,300
9475,0.0001,3000
9476,0.0001,600
9477,0.0001,0
9478,0.0001,0
9479,0.0001,0
9480,0.0001,0
9481,0.0001,0
9482,0.0001,0
9483,0.0001,5700
9484,0.0001,1920
9485,0.0001,0
9486,0.0001,400
9487,0.0001,3000
9488,0.0001,20940
9489,0.0001,700
9490,0.0001,20940
9491,0.0001,34400
9492,0.0001,6300
9493,0.0001,240
9494,0.0001,2100
9495,0.0001,740
9496,0.0001,900
9497,0.0001,0
9498,0.0001,0
9499,0.0001,0
9500,0.0001,940
9501,0.0001,0
9502,0.0001,300
9503,0.0001,0
9504,0.0001,0
9505,0.0001,0
9506,0.0001,600
9507,0.0001,900
9508,0.0001,0
9509,0.0001,0
9510,0.0001,900
9511,0.0001,1500
9512,0.0001,0
9513,0.0001,700
9514,0.0001,0
9515,0.0001,900
9516,0.0001,300
9517,0.0001,0
9518,0.0001,0
9519,0.0001,0
9520,0.0001,900
9521,0.0001,150
9522,0.0001,300
9523,0.0001,900
9524,0.0001,0
9525,0.0001,0
9526,0.0001,1500
9527,0.0001,900
9528,0.0001,5400
9529,0.0001,10200
9530,0.0001,500
9531,0.0001,900
9532,0.0001,0
9533,0.0001,1500
9534,0.0001,3420
9535,0.0001,1200
9536,0.0001,750
9537,0.0001,650
9538,0.0001,900
9539,0.0001,0
9540,0.0001,1800
9541,0.0001,0
9542,0.0001,0
9543,0.0001,0
9544,0.0001,600
9545,0.0001,300
9546,0.0001,9140
9547,0.0001,0
9548,0.0001,1200
9549,0.0001,900
9550,0.0001,900
9551,0.0001,0
9552,0.0001,0
9553,0.0001,0
9554,0.0001,0
9555,0.0001,0
9556,0.0001,600
9557,0.0001,1200
9558,0.0001,1200
9559,0.0001,0
9560,0.0001,400
9561,0.0001,400
9562,0.0001,1600
9563,0.0001,0
9564,0.0001,300
9565,0.0001,0
9566,0.0001,550
9567,0.0001,0
9568,0.0001,300
9569,0.0001,900
9570,0.0001,900
9571,0.0001,0
9572,0.0001,300
9573,0.0001,1350
9574,0.0001,400
9575,0.0001,2250
9576,0.0001,0
9577,0.0001,0
9578,0.0001,0
9579,0.0001,0
9580,0.0001,800
9581,0.0001,300
9582,0.0001,1200
9583,0.0001,0
9584,0.0001,300
9585,0.0001,300
9586,0.0001,3000
9587,0.0001,300
9588,0.0001,1500
9589,0.0001,800
9590,0.0001,300
9591,0.0001,300
9592,0.0001,0
9593,0.0001,900
9594,0.0001,240
9595,0.0001,300
9596,0.0001,1200
9597,0.0001,300
9598,0.0001,0
9599,0.0001,0
9600,0.0001,1620
9601,0.0001,700
9602,0.0001,0
9603,0.0001,0
9604,0.0001,0
9605,0.0001,0
9606,0.0001,300
9607,0.0001,3400
9608,0.0001,1800
9609,0.0001,400
9610,0.0001,300
9611,0.0001,1500
9612,0.0001,3000
9613,0.0001,0
9614,0.0001,300
9615,0.0001,6880
9616,0.0001,400
9617,0.0001,1500
9618,0.0001,1500
9619,0.0001,0
9620,0.0001,600
9621,0.0001,900
9622,0.0001,3400
9623,0.0001,21540
9624,0.0001,2200
9625,0.0001,300
9626,0.0001,7080
9627,0.0001,0
9628,0.0001,0
9629,0.0001,1500
9630,0.0001,0
9631,0.0001,1300
9632,0.0001,1500
9633,0.0001,3000
9634,0.0001,400
9635,0.0001,400
9636,0.0001,0
9637,0.0001,47460
9638,0.0001,1200
9639,0.0001,300
9640,0.0001,900
9641,0.0001,0
9642,0.0001,1300
9643,0.0001,900
9644,0.0001,0
9645,0.0001,0
9646,0.0001,400
9647,0.0001,0
9648,0.0001,1620
9649,0.0001,900
9650,0.0001,0
9651,0.0001,900
9652,0.0001,3700
9653,0.0001,0
9654,0.0001,600
9655,0.0001,0
9656,0.0001,1620
9657,0.0001,9140
9658,0.0001,0
9659,0.0001,0
9660,0.0001,300
9661,0.0001,0
9662,0.0001,600
9663,0.0001,6960
9664,0.0001,900
9665,0.0001,7060
9666,0.0001,0
9667,0.0001,300
9668,0.0001,0
9669,0.0001,700
9670,0.0001,0
9671,0.0001,4320
9672,0.0001,0
9673,0.0001,1200
9674,0.0001,1500
9675,0.0001,10140
9676,0.0001,400
9677,0.0001,0
9678,0.0001,900
9679,0.0001,2100
9680,0.0001,0
9681,0.0001,1800
9682,0.0001,2000
9683,0.0001,0
9684,0.0001,6980
9685,0.0001,1350
9686,0.0001,0
9687,0.0001,0
9688,0.0001,0
9689,0.0001,4400
9690,0.0001,900
9691,0.0001,720
9692,0.0001,0
9693,0.0001,300
9694,0.0001,1500
9695,0.0001,0
9696,0.0001,400
9697,0.0001,0
9698,0.0001,400
9699,0.0001,0
9700,0.0001,1200
9701,0.0001,45200
9702,0.0001,700
9703,0.0001,1170
9704,0.0001,0
9705,0.0001,2100
9706,0.0001,400
9707,0.0001,400
9708,0.0001,1820
9709,0.0001,0
9710,0.0001,900
9711,0.0001,0
9712,0.0001,300
9713,0.0001,4050
9714,0.0001,0
9715,0.0001,500
9716,0.0001,10350
9717,0.0001,640
9718,0.0001,900
9719,0.0001,1500
9720,0.0001,900
9721,0.0001,800
9722,0.0001,800
9723,0.0001,0
9724,0.0001,400
9725,0.0001,0
9726,0.0001,6300
9727,0.0001,0
9728,0.0001,800
9729,0.0001,300
9730,0.0001,0
9731,0.0001,0
9732,0.0001,0
9733,0.0001,300
9734,0.0001,1500
9735,0.0001,0
9736,0.0001,0
9737,0.0001,400
9738,0.0001,400
9739,0.0001,1200
9740,0.0001,900
9741,0.0001,900
9742,0.0001,900
9743,0.0001,400
9744,0.0001,0
9745,0.0001,600
9746,0.0001,0
9747,0.0001,0
9748,0.0001,400
9749,0.0001,0
9750,0.0001,900
9751,0.0001,2520
9752,0.0001,900
9753,0.0001,4650
9754,0.0001,0
9755,0.0001,0
9756,0.0001,300
9757,0.0001,9140
9758,0.0001,0
9759,0.0001,20640
9760,0.0001,1800
9761,0.0001,0
9762,0.0001,2400
9763,0.0001,400
9764,0.0001,1200
9765,0.0001,0
9766,0.0001,300
9767,0.0001,600
9768,0.0001,0
9769,0.0001,700
9770,0.0001,0
9771,0.0001,940
9772,0.0001,0
9773,0.0001,2520
9774,0.0001,9240
9775,0.0001,700
9776,0.0001,0
9777,0.0001,900
9778,0.0001,0
9779,0.0001,720
9780,0.0001,800
9781,0.0001,27420
9782,0.0001,0
9783,0.0001,150
9784,0.0001,900
9785,0.0001,0
9786,0.0001,0
9787,0.0001,0
9788,0.0001,400
9789,0.0001,0
9790,0.0001,0
9791,0.0001,2000
9792,0.0001,0
9793,0.0001,900
9794,0.0001,300
9795,0.0001,300
9796,0.0001,0
9797,0.0001,300
9798,0.0001,400
9799,0.0001,2450
9800,0.0001,0
9801,0.0001,500
9802,0.0001,900
9803,0.0001,400
9804,0.0001,640
9805,0.0001,300
9806,0.0001,0
9807,0.0001,0
9808,0.0001,0
9809,0.0001,0
9810,0.0001,1500
9811,0.0001,400
9812,0.0001,1500
9813,0.0001,1800
9814,0.0001,0
9815,0.0001,0
9816,0.0001,700
9817,0.0001,0
9818,0.0001,20940
9819,0.0001,10200
9820,0.0001,2700
9821,0.0001,1200
9822,0.0001,400
9823,0.0001,1500
9824,0.0001,1620
9825,0.0001,400
9826,0.0001,1500
9827,0.0001,1200
9828,0.0001,0
9829,0.0001,900
9830,0.0001,400
9831,0.0001,600
9832,0.0001,600
9833,0.0001,1500
9834,0.0001,400
9835,0.0001,1200
9836,0.0001,400
9837,0.0001,900
9838,0.0001,0
9839,0.0001,1500
9840,0.0001,450
9841,0.0001,0
9842,0.0001,20640
9843,0.0001,0
9844,0.0001,900
9845,0.0001,0
9846,0.0001,2100
9847,0.0001,7780
9848,0.0001,400
9849,0.0001,1800
9850,0.0001,0
9851,0.0001,0
9852,0.0001,0
9853,0.0001,2000
9854,0.0001,400
9855,0.0001,0
9856,0.0001,0
9857,0.0001,600
9858,0.0001,0
9859,0.0001,300
9860,0.0001,20940
9861,0.0001,1200
9862,0.0001,0
9863,0.0001,0
9864,0.0001,0
9865,0.0001,400
9866,0.0001,1200
9867,0.0001,0
9868,0.0001,0
9869,0.0001,900
9870,0.0001,1350
9871,0.0001,1400
9872,0.0001,1500
9873,0.0001,550
9874,0.0001,0
9875,0.0001,0
9876,0.0001,900
9877,0.0001,1200
9878,0.0001,900
9879,0.0001,600
9880,0.0001,0
9881,0.0001,1500
9882,0.0001,0
9883,0.0001,1800
9884,0.0001,300
9885,0.0001,1500
9886,0.0001,900
9887,0.0001,1300
9888,0.0001,900
9889,0.0001,300
9890,0.0001,300
9891,0.0001,240
9892,0.0001,400
9893,0.0001,0
9894,0.0001,900
9895,0.0001,900
9896,0.0001,0
9897,0.0001,0
9898,0.0001,400
9899,0.0001,0
9900,0.0001,0
9901,0.0001,400
9902,0.0001,1200
9903,0.0001,300
9904,0.0001,7480
9905,0.0001,1200
9906,0.0001,500
9907,0.0001,0
9908,0.0001,0
9909,0.0001,0
9910,0.0001,0
9911,0.0001,34400
9912,0.0001,0
9913,0.0001,1800
9914,0.0001,600
9915,0.0001,1500
9916,0.0001,400
9917,0.0001,0
9918,0.0001,900
9919,0.0001,0
9920,0.0001,0
9921,0.0001,900
9922,0.0001,800
9923,0.0001,0
9924,0.0001,0
9925,0.0001,0
9926,0.0001,1500
9927,0.0001,300
9928,0.0001,2000
9929,0.0001,1500
9930,0.0001,0
9931,0.0001,600
9932,0.0001,400
9933,0.0001,1200
9934,0.0001,1200
9935,0.0001,300
9936,0.0001,0
9937,0.0001,300
9938,0.0001,0
9939,0.0001,0
9940,0.0001,9140
9941,0.0001,300
9942,0.0001,300
9943,0.0001,300
9944,0.0001,900
9945,0.0001,300
9946,0.0001,0
9947,0.0001,940
9948,0.0001,0
9949,0.0001,0
9950,0.0001,900
9951,0.0001,600
9952,0.0001,0
9953,0.0001,900
9954,0.0001,300
9955,0.0001,0
9956,0.0001,0
9957,0.0001,1500
9958,0.0001,500
9959,0.0001,300
9960,0.0001,20490
9961,0.0001,0
9962,0.0001,900
9963,0.0001,0
9964,0.0001,0
9965,0.0001,1350
9966,0.0001,300
9967,0.0001,5460
9968,0.0001,1200
9969,0.0001,0
9970,0.0001,1500
9971,0.0001,1200
9972,0.0001,800
9973,0.0001,0
9974,0.0001,0
9975,0.0001,900
9976,0.0001,900
9977,0.0001,9240
9978,0.0001,7060
9979,0.0001,0
9980,0.0001,2100
9981,0.0001,400
9982,0.0001,300
9983,0.0001,900
9984,0.0001,0
9985,0.0001,300
9986,0.0001,6880
9987,0.0001,1200
9988,0.0001,1200
9989,0.0001,400
9990,0.0001,0
9991,0.0001,740
9992,0.0001,7030
9993,0.0001,0
9994,0.0001,0
9995,0.0001,0
9996,0.0001,0
9997,0.0001,900
9998,0.0001,0
9999,0.0001,0
