simulation_id,probability,payoutMultiplier
0,0.0001,768
1,0.0001,62
2,0.0001,31
3,0.0001,16
4,0.0001,46
5,0.0001,46
6,0.0001,0
7,0.0001,0
8,0.0001,16
9,0.0001,0
10,0.0001,0
11,0.0001,0
12,0.0001,62
13,0.0001,0
14,0.0001,0
15,0.0001,23
16,0.0001,3109
17,0.0001,31
18,0.0001,46
19,0.0001,0
20,0.0001,62
21,0.0001,0
22,0.0001,0
23,0.0001,0
24,0.0001,62
25,0.0001,768
26,0.0001,46
27,0.0001,86
28,0.0001,0
29,0.0001,0
30,0.0001,816
31,0.0001,31
32,0.0001,31
33,0.0001,82
34,0.0001,0
35,0.0001,62
36,0.0001,31
37,0.0001,62
38,0.0001,0
39,0.0001,0
40,0.0001,62
41,0.0001,0
42,0.0001,16
43,0.0001,0
44,0.0001,0
45,0.0001,0
46,0.0001,0
47,0.0001,0
48,0.0001,0
49,0.0001,62
50,0.0001,0
51,0.0001,612
52,0.0001,0
53,0.0001,77
54,0.0001,62
55,0.0001,0
56,0.0001,0
57,0.0001,16
58,0.0001,0
59,0.0001,23
60,0.0001,0
61,0.0001,0
62,0.0001,0
63,0.0001,62
64,0.0001,0
65,0.0001,768
66,0.0001,0
67,0.0001,837
68,0.0001,63
69,0.0001,46
70,0.0001,0
71,0.0001,0
72,0.0001,0
73,0.0001,0
74,0.0001,0
75,0.0001,0
76,0.0001,62
77,0.0001,0
78,0.0001,23
79,0.0001,846
80,0.0001,0
81,0.0001,0
82,0.0001,0
83,0.0001,0
84,0.0001,47
85,0.0001,612
86,0.0001,612
87,0.0001,0
88,0.0001,31
89,0.0001,0
90,0.0001,31
91,0.0001,0
92,0.0001,0
93,0.0001,0
94,0.0001,0
95,0.0001,0
96,0.0001,0
97,0.0001,0
98,0.0001,1065
99,0.0001,612
100,0.0001,0
101,0.0001,0
102,0.0001,0
103,0.0001,0
104,0.0001,0
105,0.0001,16
106,0.0001,62
107,0.0001,853
108,0.0001,0
109,0.0001,62
110,0.0001,0
111,0.0001,768
112,0.0001,0
113,0.0001,0
114,0.0001,0
115,0.0001,0
116,0.0001,0
117,0.0001,0
118,0.0001,62
119,0.0001,768
120,0.0001,0
121,0.0001,62
122,0.0001,0
123,0.0001,0
124,0.0001,0
125,0.0001,62
126,0.0001,0
127,0.0001,0
128,0.0001,0
129,0.0001,0
130,0.0001,0
131,0.0001,0
132,0.0001,0
133,0.0001,0
134,0.0001,0
135,0.0001,0
136,0.0001,0
137,0.0001,1024
138,0.0001,0
139,0.0001,0
140,0.0001,0
141,0.0001,0
142,0.0001,0
143,0.0001,0
144,0.0001,0
145,0.0001,0
146,0.0001,0
147,0.0001,0
148,0.0001,0
149,0.0001,0
150,0.0001,23
151,0.0001,31
152,0.0001,1840
153,0.0001,31
154,0.0001,16
155,0.0001,31
156,0.0001,0
157,0.0001,102
158,0.0001,0
159,0.0001,105
160,0.0001,0
161,0.0001,0
162,0.0001,31
163,0.0001,0
164,0.0001,0
165,0.0001,92
166,0.0001,0
167,0.0001,47
168,0.0001,0
169,0.0001,108
170,0.0001,0
171,0.0001,768
172,0.0001,0
173,0.0001,46
174,0.0001,0
175,0.0001,31
176,0.0001,0
177,0.0001,0
178,0.0001,0
179,0.0001,0
180,0.0001,0
181,0.0001,62
182,0.0001,62
183,0.0001,0
184,0.0001,0
185,0.0001,0
186,0.0001,23
187,0.0001,0
188,0.0001,0
189,0.0001,0
190,0.0001,0
191,0.0001,0
192,0.0001,0
193,0.0001,23
194,0.0001,0
195,0.0001,0
196,0.0001,16
197,0.0001,0
198,0.0001,32
199,0.0001,0
200,0.0001,0
201,0.0001,31
202,0.0001,0
203,0.0001,31
204,0.0001,0
205,0.0001,46
206,0.0001,0
207,0.0001,0
208,0.0001,0
209,0.0001,0
210,0.0001,768
211,0.0001,16
212,0.0001,612
213,0.0001,814
214,0.0001,46
215,0.0001,0
216,0.0001,0
217,0.0001,0
218,0.0001,31
219,0.0001,31
220,0.0001,0
221,0.0001,0
222,0.0001,0
223,0.0001,0
224,0.0001,0
225,0.0001,0
226,0.0001,0
227,0.0001,0
228,0.0001,62
229,0.0001,0
230,0.0001,0
231,0.0001,0
232,0.0001,0
233,0.0001,0
234,0.0001,0
235,0.0001,0
236,0.0001,31
237,0.0001,0
238,0.0001,0
239,0.0001,0
240,0.0001,0
241,0.0001,0
242,0.0001,0
243,0.0001,0
244,0.0001,0
245,0.0001,0
246,0.0001,0
247,0.0001,3640
248,0.0001,110
249,0.0001,0
250,0.0001,854
251,0.0001,0
252,0.0001,0
253,0.0001,768
254,0.0001,0
255,0.0001,0
256,0.0001,0
257,0.0001,0
258,0.0001,62
259,0.0001,0
260,0.0001,31
261,0.0001,0
262,0.0001,62
263,0.0001,0
264,0.0001,0
265,0.0001,0
266,0.0001,0
267,0.0001,0
268,0.0001,0
269,0.0001,24
270,0.0001,0
271,0.0001,0
272,0.0001,0
273,0.0001,0
274,0.0001,0
275,0.0001,612
276,0.0001,1380
277,0.0001,0
278,0.0001,0
279,0.0001,16
280,0.0001,0
281,0.0001,77
282,0.0001,0
283,0.0001,31
284,0.0001,128
285,0.0001,0
286,0.0001,42
287,0.0001,0
288,0.0001,23
289,0.0001,0
290,0.0001,31
291,0.0001,0
292,0.0001,0
293,0.0001,0
294,0.0001,0
295,0.0001,0
296,0.0001,62
297,0.0001,0
298,0.0001,0
299,0.0001,0
300,0.0001,16
301,0.0001,0
302,0.0001,0
303,0.0001,31
304,0.0001,0
305,0.0001,0
306,0.0001,1500
307,0.0001,0
308,0.0001,0
309,0.0001,0
310,0.0001,46
311,0.0001,0
312,0.0001,62
313,0.0001,0
314,0.0001,0
315,0.0001,0
316,0.0001,624
317,0.0001,0
318,0.0001,0
319,0.0001,0
320,0.0001,23
321,0.0001,0
322,0.0001,0
323,0.0001,0
324,0.0001,0
325,0.0001,62
326,0.0001,62
327,0.0001,62
328,0.0001,0
329,0.0001,0
330,0.0001,0
331,0.0001,0
332,0.0001,0
333,0.0001,0
334,0.0001,0
335,0.0001,0
336,0.0001,0
337,0.0001,0
338,0.0001,0
339,0.0001,16
340,0.0001,31
341,0.0001,0
342,0.0001,0
343,0.0001,0
344,0.0001,0
345,0.0001,62
346,0.0001,861
347,0.0001,0
348,0.0001,0
349,0.0001,16
350,0.0001,31
351,0.0001,0
352,0.0001,0
353,0.0001,23
354,0.0001,0
355,0.0001,0
356,0.0001,0
357,0.0001,41
358,0.0001,0
359,0.0001,0
360,0.0001,0
361,0.0001,0
362,0.0001,46
363,0.0001,0
364,0.0001,0
365,0.0001,0
366,0.0001,23
367,0.0001,0
368,0.0001,0
369,0.0001,0
370,0.0001,0
371,0.0001,612
372,0.0001,0
373,0.0001,873
374,0.0001,0
375,0.0001,0
376,0.0001,0
377,0.0001,82
378,0.0001,0
379,0.0001,0
380,0.0001,77
381,0.0001,62
382,0.0001,0
383,0.0001,674
384,0.0001,47
385,0.0001,776
386,0.0001,0
387,0.0001,31
388,0.0001,0
389,0.0001,62
390,0.0001,0
391,0.0001,0
392,0.0001,0
393,0.0001,0
394,0.0001,0
395,0.0001,0
396,0.0001,0
397,0.0001,82
398,0.0001,891
399,0.0001,0
400,0.0001,0
401,0.0001,0
402,0.0001,0
403,0.0001,0
404,0.0001,0
405,0.0001,0
406,0.0001,0
407,0.0001,31
408,0.0001,0
409,0.0001,0
410,0.0001,0
411,0.0001,0
412,0.0001,0
413,0.0001,62
414,0.0001,643
415,0.0001,108
416,0.0001,0
417,0.0001,0
418,0.0001,0
419,0.0001,0
420,0.0001,0
421,0.0001,0
422,0.0001,0
423,0.0001,0
424,0.0001,0
425,0.0001,0
426,0.0001,104
427,0.0001,0
428,0.0001,3375
429,0.0001,0
430,0.0001,0
431,0.0001,31
432,0.0001,0
433,0.0001,0
434,0.0001,62
435,0.0001,46
436,0.0001,840
437,0.0001,0
438,0.0001,0
439,0.0001,0
440,0.0001,23
441,0.0001,0
442,0.0001,0
443,0.0001,0
444,0.0001,0
445,0.0001,0
446,0.0001,0
447,0.0001,0
448,0.0001,0
449,0.0001,24
450,0.0001,16
451,0.0001,768
452,0.0001,0
453,0.0001,0
454,0.0001,23
455,0.0001,0
456,0.0001,0
457,0.0001,0
458,0.0001,31
459,0.0001,0
460,0.0001,0
461,0.0001,82
462,0.0001,0
463,0.0001,0
464,0.0001,0
465,0.0001,16
466,0.0001,31
467,0.0001,46
468,0.0001,0
469,0.0001,0
470,0.0001,1500
471,0.0001,853
472,0.0001,136
473,0.0001,0
474,0.0001,0
475,0.0001,16
476,0.0001,16
477,0.0001,0
478,0.0001,0
479,0.0001,0
480,0.0001,0
481,0.0001,0
482,0.0001,0
483,0.0001,0
484,0.0001,0
485,0.0001,0
486,0.0001,31
487,0.0001,0
488,0.0001,0
489,0.0001,62
490,0.0001,0
491,0.0001,0
492,0.0001,0
493,0.0001,0
494,0.0001,46
495,0.0001,0
496,0.0001,0
497,0.0001,31
498,0.0001,830
499,0.0001,0
500,0.0001,47
501,0.0001,0
502,0.0001,62
503,0.0001,0
504,0.0001,0
505,0.0001,0
506,0.0001,0
507,0.0001,0
508,0.0001,0
509,0.0001,0
510,0.0001,46
511,0.0001,0
512,0.0001,0
513,0.0001,0
514,0.0001,0
515,0.0001,0
516,0.0001,768
517,0.0001,0
518,0.0001,0
519,0.0001,0
520,0.0001,0
521,0.0001,0
522,0.0001,62
523,0.0001,0
524,0.0001,0
525,0.0001,21
526,0.0001,62
527,0.0001,0
528,0.0001,0
529,0.0001,635
530,0.0001,0
531,0.0001,0
532,0.0001,16
533,0.0001,0
534,0.0001,0
535,0.0001,0
536,0.0001,0
537,0.0001,31
538,0.0001,31
539,0.0001,0
540,0.0001,0
541,0.0001,62
542,0.0001,31
543,0.0001,41
544,0.0001,0
545,0.0001,618
546,0.0001,31
547,0.0001,612
548,0.0001,0
549,0.0001,62
550,0.0001,62
551,0.0001,0
552,0.0001,62
553,0.0001,0
554,0.0001,0
555,0.0001,0
556,0.0001,0
557,0.0001,0
558,0.0001,0
559,0.0001,816
560,0.0001,82
561,0.0001,0
562,0.0001,0
563,0.0001,0
564,0.0001,0
565,0.0001,0
566,0.0001,0
567,0.0001,0
568,0.0001,0
569,0.0001,0
570,0.0001,62
571,0.0001,0
572,0.0001,838
573,0.0001,0
574,0.0001,46
575,0.0001,31
576,0.0001,0
577,0.0001,0
578,0.0001,694
579,0.0001,0
580,0.0001,31
581,0.0001,47
582,0.0001,0
583,0.0001,0
584,0.0001,0
585,0.0001,108
586,0.0001,0
587,0.0001,0
588,0.0001,62
589,0.0001,0
590,0.0001,46
591,0.0001,0
592,0.0001,0
593,0.0001,16
594,0.0001,63
595,0.0001,0
596,0.0001,62
597,0.0001,0
598,0.0001,0
599,0.0001,0
600,0.0001,16
601,0.0001,0
602,0.0001,0
603,0.0001,0
604,0.0001,0
605,0.0001,0
606,0.0001,0
607,0.0001,63
608,0.0001,0
609,0.0001,0
610,0.0001,0
611,0.0001,0
612,0.0001,0
613,0.0001,0
614,0.0001,23
615,0.0001,24
616,0.0001,0
617,0.0001,62
618,0.0001,31
619,0.0001,0
620,0.0001,0
621,0.0001,0
622,0.0001,46
623,0.0001,674
624,0.0001,3921
625,0.0001,0
626,0.0001,0
627,0.0001,0
628,0.0001,0
629,0.0001,0
630,0.0001,0
631,0.0001,0
632,0.0001,0
633,0.0001,31
634,0.0001,0
635,0.0001,16
636,0.0001,0
637,0.0001,0
638,0.0001,0
639,0.0001,0
640,0.0001,0
641,0.0001,46
642,0.0001,62
643,0.0001,0
644,0.0001,31
645,0.0001,0
646,0.0001,0
647,0.0001,31
648,0.0001,0
649,0.0001,0
650,0.0001,62
651,0.0001,0
652,0.0001,62
653,0.0001,0
654,0.0001,32
655,0.0001,31
656,0.0001,23
657,0.0001,62
658,0.0001,23
659,0.0001,0
660,0.0001,46
661,0.0001,0
662,0.0001,612
663,0.0001,0
664,0.0001,0
665,0.0001,0
666,0.0001,0
667,0.0001,0
668,0.0001,0
669,0.0001,0
670,0.0001,0
671,0.0001,0
672,0.0001,0
673,0.0001,0
674,0.0001,0
675,0.0001,46
676,0.0001,46
677,0.0001,0
678,0.0001,0
679,0.0001,0
680,0.0001,0
681,0.0001,0
682,0.0001,0
683,0.0001,0
684,0.0001,0
685,0.0001,873
686,0.0001,62
687,0.0001,0
688,0.0001,0
689,0.0001,46
690,0.0001,0
691,0.0001,0
692,0.0001,0
693,0.0001,0
694,0.0001,82
695,0.0001,0
696,0.0001,62
697,0.0001,0
698,0.0001,46
699,0.0001,46
700,0.0001,0
701,0.0001,863
702,0.0001,0
703,0.0001,0
704,0.0001,0
705,0.0001,0
706,0.0001,712
707,0.0001,0
708,0.0001,0
709,0.0001,1116
710,0.0001,0
711,0.0001,62
712,0.0001,0
713,0.0001,47
714,0.0001,0
715,0.0001,0
716,0.0001,0
717,0.0001,0
718,0.0001,0
719,0.0001,768
720,0.0001,0
721,0.0001,0
722,0.0001,0
723,0.0001,0
724,0.0001,0
725,0.0001,0
726,0.0001,0
727,0.0001,23
728,0.0001,1582
729,0.0001,0
730,0.0001,82
731,0.0001,0
732,0.0001,0
733,0.0001,0
734,0.0001,0
735,0.0001,0
736,0.0001,2347
737,0.0001,0
738,0.0001,0
739,0.0001,0
740,0.0001,0
741,0.0001,0
742,0.0001,0
743,0.0001,0
744,0.0001,0
745,0.0001,0
746,0.0001,1608
747,0.0001,62
748,0.0001,0
749,0.0001,46
750,0.0001,0
751,0.0001,0
752,0.0001,0
753,0.0001,0
754,0.0001,0
755,0.0001,0
756,0.0001,0
757,0.0001,0
758,0.0001,868
759,0.0001,0
760,0.0001,0
761,0.0001,0
762,0.0001,62
763,0.0001,0
764,0.0001,46
765,0.0001,93
766,0.0001,31
767,0.0001,0
768,0.0001,23
769,0.0001,31
770,0.0001,0
771,0.0001,0
772,0.0001,0
773,0.0001,31
774,0.0001,31
775,0.0001,62
776,0.0001,46
777,0.0001,0
778,0.0001,0
779,0.0001,16
780,0.0001,776
781,0.0001,32
782,0.0001,0
783,0.0001,0
784,0.0001,23
785,0.0001,54
786,0.0001,0
787,0.0001,1417
788,0.0001,1592
789,0.0001,0
790,0.0001,0
791,0.0001,0
792,0.0001,0
793,0.0001,0
794,0.0001,0
795,0.0001,0
796,0.0001,0
797,0.0001,129
798,0.0001,0
799,0.0001,0
800,0.0001,776
801,0.0001,0
802,0.0001,0
803,0.0001,0
804,0.0001,62
805,0.0001,0
806,0.0001,62
807,0.0001,0
808,0.0001,0
809,0.0001,0
810,0.0001,62
811,0.0001,46
812,0.0001,0
813,0.0001,0
814,0.0001,0
815,0.0001,0
816,0.0001,62
817,0.0001,0
818,0.0001,0
819,0.0001,0
820,0.0001,0
821,0.0001,0
822,0.0001,0
823,0.0001,0
824,0.0001,46
825,0.0001,0
826,0.0001,0
827,0.0001,0
828,0.0001,62
829,0.0001,0
830,0.0001,0
831,0.0001,776
832,0.0001,0
833,0.0001,0
834,0.0001,0
835,0.0001,0
836,0.0001,0
837,0.0001,23
838,0.0001,46
839,0.0001,23
840,0.0001,0
841,0.0001,0
842,0.0001,84
843,0.0001,16
844,0.0001,0
845,0.0001,0
846,0.0001,0
847,0.0001,31
848,0.0001,3181
849,0.0001,0
850,0.0001,0
851,0.0001,23
852,0.0001,0
853,0.0001,0
854,0.0001,0
855,0.0001,0
856,0.0001,16
857,0.0001,62
858,0.0001,0
859,0.0001,0
860,0.0001,0
861,0.0001,0
862,0.0001,0
863,0.0001,0
864,0.0001,31
865,0.0001,612
866,0.0001,0
867,0.0001,46
868,0.0001,0
869,0.0001,0
870,0.0001,0
871,0.0001,0
872,0.0001,0
873,0.0001,0
874,0.0001,0
875,0.0001,0
876,0.0001,0
877,0.0001,0
878,0.0001,46
879,0.0001,0
880,0.0001,46
881,0.0001,0
882,0.0001,23
883,0.0001,0
884,0.0001,0
885,0.0001,23
886,0.0001,0
887,0.0001,0
888,0.0001,0
889,0.0001,63
890,0.0001,70
891,0.0001,0
892,0.0001,0
893,0.0001,0
894,0.0001,0
895,0.0001,0
896,0.0001,46
897,0.0001,0
898,0.0001,0
899,0.0001,31
900,0.0001,0
901,0.0001,0
902,0.0001,1024
903,0.0001,0
904,0.0001,0
905,0.0001,31
906,0.0001,0
907,0.0001,62
908,0.0001,0
909,0.0001,23
910,0.0001,0
911,0.0001,0
912,0.0001,0
913,0.0001,0
914,0.0001,23
915,0.0001,830
916,0.0001,0
917,0.0001,62
918,0.0001,0
919,0.0001,0
920,0.0001,0
921,0.0001,0
922,0.0001,62
923,0.0001,0
924,0.0001,0
925,0.0001,0
926,0.0001,16
927,0.0001,0
928,0.0001,23
929,0.0001,0
930,0.0001,612
931,0.0001,0
932,0.0001,0
933,0.0001,0
934,0.0001,0
935,0.0001,0
936,0.0001,0
937,0.0001,0
938,0.0001,0
939,0.0001,31
940,0.0001,0
941,0.0001,0
942,0.0001,0
943,0.0001,0
944,0.0001,0
945,0.0001,0
946,0.0001,0
947,0.0001,0
948,0.0001,0
949,0.0001,0
950,0.0001,31
951,0.0001,47
952,0.0001,77
953,0.0001,0
954,0.0001,63
955,0.0001,0
956,0.0001,0
957,0.0001,23
958,0.0001,0
959,0.0001,98
960,0.0001,62
961,0.0001,768
962,0.0001,0
963,0.0001,62
964,0.0001,0
965,0.0001,0
966,0.0001,0
967,0.0001,0
968,0.0001,0
969,0.0001,1659
970,0.0001,46
971,0.0001,31
972,0.0001,1065
973,0.0001,46
974,0.0001,0
975,0.0001,62
976,0.0001,768
977,0.0001,0
978,0.0001,0
979,0.0001,768
980,0.0001,0
981,0.0001,0
982,0.0001,0
983,0.0001,16
984,0.0001,62
985,0.0001,0
986,0.0001,0
987,0.0001,23
988,0.0001,768
989,0.0001,0
990,0.0001,0
991,0.0001,0
992,0.0001,612
993,0.0001,0
994,0.0001,870
995,0.0001,149
996,0.0001,0
997,0.0001,62
998,0.0001,674
999,0.0001,0
1000,0.0001,62
1001,0.0001,0
1002,0.0001,1457
1003,0.0001,46
1004,0.0001,0
1005,0.0001,0
1006,0.0001,46
1007,0.0001,0
1008,0.0001,0
1009,0.0001,0
1010,0.0001,0
1011,0.0001,0
1012,0.0001,46
1013,0.0001,0
1014,0.0001,0
1015,0.0001,0
1016,0.0001,0
1017,0.0001,0
1018,0.0001,62
1019,0.0001,0
1020,0.0001,0
1021,0.0001,0
1022,0.0001,0
1023,0.0001,31
1024,0.0001,0
1025,0.0001,0
1026,0.0001,0
1027,0.0001,0
1028,0.0001,0
1029,0.0001,0
1030,0.0001,0
1031,0.0001,0
1032,0.0001,0
1033,0.0001,0
1034,0.0001,0
1035,0.0001,0
1036,0.0001,0
1037,0.0001,47
1038,0.0001,0
1039,0.0001,697
1040,0.0001,768
1041,0.0001,0
1042,0.0001,0
1043,0.0001,0
1044,0.0001,46
1045,0.0001,0
1046,0.0001,77
1047,0.0001,0
1048,0.0001,23
1049,0.0001,768
1050,0.0001,0
1051,0.0001,0
1052,0.0001,0
1053,0.0001,0
1054,0.0001,0
1055,0.0001,612
1056,0.0001,0
1057,0.0001,0
1058,0.0001,31
1059,0.0001,0
1060,0.0001,0
1061,0.0001,0
1062,0.0001,0
1063,0.0001,0
1064,0.0001,0
1065,0.0001,31
1066,0.0001,0
1067,0.0001,0
1068,0.0001,0
1069,0.0001,0
1070,0.0001,0
1071,0.0001,0
1072,0.0001,41
1073,0.0001,0
1074,0.0001,0
1075,0.0001,0
1076,0.0001,23
1077,0.0001,31
1078,0.0001,0
1079,0.0001,0
1080,0.0001,0
1081,0.0001,82
1082,0.0001,0
1083,0.0001,62
1084,0.0001,32
1085,0.0001,0
1086,0.0001,0
1087,0.0001,0
1088,0.0001,0
1089,0.0001,0
1090,0.0001,0
1091,0.0001,0
1092,0.0001,0
1093,0.0001,0
1094,0.0001,0
1095,0.0001,16
1096,0.0001,82
1097,0.0001,0
1098,0.0001,0
1099,0.0001,0
1100,0.0001,0
1101,0.0001,0
1102,0.0001,635
1103,0.0001,46
1104,0.0001,62
1105,0.0001,0
1106,0.0001,62
1107,0.0001,0
1108,0.0001,0
1109,0.0001,0
1110,0.0001,1552
1111,0.0001,0
1112,0.0001,0
1113,0.0001,62
1114,0.0001,23
1115,0.0001,1569
1116,0.0001,0
1117,0.0001,46
1118,0.0001,0
1119,0.0001,0
1120,0.0001,0
1121,0.0001,0
1122,0.0001,0
1123,0.0001,0
1124,0.0001,0
1125,0.0001,77
1126,0.0001,0
1127,0.0001,0
1128,0.0001,1500
1129,0.0001,62
1130,0.0001,0
1131,0.0001,791
1132,0.0001,0
1133,0.0001,0
1134,0.0001,0
1135,0.0001,31
1136,0.0001,0
1137,0.0001,0
1138,0.0001,62
1139,0.0001,0
1140,0.0001,0
1141,0.0001,768
1142,0.0001,0
1143,0.0001,23
1144,0.0001,0
1145,0.0001,0
1146,0.0001,0
1147,0.0001,0
1148,0.0001,0
1149,0.0001,0
1150,0.0001,62
1151,0.0001,0
1152,0.0001,0
1153,0.0001,0
1154,0.0001,0
1155,0.0001,0
1156,0.0001,82
1157,0.0001,0
1158,0.0001,0
1159,0.0001,0
1160,0.0001,23
1161,0.0001,0
1162,0.0001,16
1163,0.0001,0
1164,0.0001,0
1165,0.0001,0
1166,0.0001,62
1167,0.0001,768
1168,0.0001,0
1169,0.0001,0
1170,0.0001,0
1171,0.0001,0
1172,0.0001,768
1173,0.0001,0
1174,0.0001,0
1175,0.0001,0
1176,0.0001,0
1177,0.0001,0
1178,0.0001,82
1179,0.0001,0
1180,0.0001,0
1181,0.0001,0
1182,0.0001,46
1183,0.0001,62
1184,0.0001,0
1185,0.0001,612
1186,0.0001,31
1187,0.0001,0
1188,0.0001,0
1189,0.0001,62
1190,0.0001,0
1191,0.0001,62
1192,0.0001,0
1193,0.0001,0
1194,0.0001,0
1195,0.0001,62
1196,0.0001,0
1197,0.0001,0
1198,0.0001,0
1199,0.0001,0
1200,0.0001,0
1201,0.0001,0
1202,0.0001,612
1203,0.0001,82
1204,0.0001,0
1205,0.0001,0
1206,0.0001,16
1207,0.0001,0
1208,0.0001,31
1209,0.0001,0
1210,0.0001,612
1211,0.0001,0
1212,0.0001,23
1213,0.0001,0
1214,0.0001,0
1215,0.0001,0
1216,0.0001,0
1217,0.0001,0
1218,0.0001,0
1219,0.0001,0
1220,0.0001,0
1221,0.0001,783
1222,0.0001,47
1223,0.0001,0
1224,0.0001,0
1225,0.0001,0
1226,0.0001,0
1227,0.0001,0
1228,0.0001,0
1229,0.0001,46
1230,0.0001,0
1231,0.0001,46
1232,0.0001,674
1233,0.0001,0
1234,0.0001,31
1235,0.0001,0
1236,0.0001,0
1237,0.0001,31
1238,0.0001,0
1239,0.0001,0
1240,0.0001,0
1241,0.0001,23
1242,0.0001,0
1243,0.0001,0
1244,0.0001,0
1245,0.0001,0
1246,0.0001,0
1247,0.0001,16
1248,0.0001,62
1249,0.0001,0
1250,0.0001,0
1251,0.0001,0
1252,0.0001,0
1253,0.0001,0
1254,0.0001,768
1255,0.0001,0
1256,0.0001,0
1257,0.0001,46
1258,0.0001,31
1259,0.0001,0
1260,0.0001,0
1261,0.0001,0
1262,0.0001,0
1263,0.0001,46
1264,0.0001,16
1265,0.0001,0
1266,0.0001,82
1267,0.0001,0
1268,0.0001,46
1269,0.0001,0
1270,0.0001,0
1271,0.0001,0
1272,0.0001,0
1273,0.0001,0
1274,0.0001,0
1275,0.0001,0
1276,0.0001,0
1277,0.0001,21
1278,0.0001,62
1279,0.0001,0
1280,0.0001,0
1281,0.0001,0
1282,0.0001,0
1283,0.0001,41
1284,0.0001,82
1285,0.0001,0
1286,0.0001,840
1287,0.0001,0
1288,0.0001,108
1289,0.0001,0
1290,0.0001,0
1291,0.0001,0
1292,0.0001,0
1293,0.0001,0
1294,0.0001,1427
1295,0.0001,62
1296,0.0001,0
1297,0.0001,31
1298,0.0001,0
1299,0.0001,0
1300,0.0001,31
1301,0.0001,0
1302,0.0001,0
1303,0.0001,62
1304,0.0001,0
1305,0.0001,41
1306,0.0001,31
1307,0.0001,0
1308,0.0001,0
1309,0.0001,838
1310,0.0001,0
1311,0.0001,0
1312,0.0001,0
1313,0.0001,0
1314,0.0001,41
1315,0.0001,0
1316,0.0001,0
1317,0.0001,0
1318,0.0001,0
1319,0.0001,0
1320,0.0001,0
1321,0.0001,46
1322,0.0001,0
1323,0.0001,0
1324,0.0001,0
1325,0.0001,0
1326,0.0001,0
1327,0.0001,23
1328,0.0001,31
1329,0.0001,0
1330,0.0001,0
1331,0.0001,830
1332,0.0001,0
1333,0.0001,46
1334,0.0001,0
1335,0.0001,0
1336,0.0001,47
1337,0.0001,0
1338,0.0001,0
1339,0.0001,31
1340,0.0001,82
1341,0.0001,31
1342,0.0001,0
1343,0.0001,0
1344,0.0001,23
1345,0.0001,46
1346,0.0001,0
1347,0.0001,0
1348,0.0001,0
1349,0.0001,0
1350,0.0001,0
1351,0.0001,0
1352,0.0001,31
1353,0.0001,31
1354,0.0001,0
1355,0.0001,0
1356,0.0001,0
1357,0.0001,0
1358,0.0001,0
1359,0.0001,16
1360,0.0001,0
1361,0.0001,0
1362,0.0001,47
1363,0.0001,0
1364,0.0001,0
1365,0.0001,46
1366,0.0001,0
1367,0.0001,31
1368,0.0001,23
1369,0.0001,0
1370,0.0001,0
1371,0.0001,0
1372,0.0001,3619
1373,0.0001,0
1374,0.0001,0
1375,0.0001,768
1376,0.0001,0
1377,0.0001,0
1378,0.0001,62
1379,0.0001,0
1380,0.0001,0
1381,0.0001,0
1382,0.0001,0
1383,0.0001,0
1384,0.0001,0
1385,0.0001,0
1386,0.0001,0
1387,0.0001,0
1388,0.0001,0
1389,0.0001,0
1390,0.0001,0
1391,0.0001,0
1392,0.0001,46
1393,0.0001,0
1394,0.0001,0
1395,0.0001,0
1396,0.0001,0
1397,0.0001,855
1398,0.0001,862
1399,0.0001,0
1400,0.0001,31
1401,0.0001,0
1402,0.0001,2189
1403,0.0001,62
1404,0.0001,0
1405,0.0001,62
1406,0.0001,0
1407,0.0001,0
1408,0.0001,23
1409,0.0001,0
1410,0.0001,46
1411,0.0001,704
1412,0.0001,0
1413,0.0001,0
1414,0.0001,82
1415,0.0001,0
1416,0.0001,0
1417,0.0001,62
1418,0.0001,0
1419,0.0001,0
1420,0.0001,612
1421,0.0001,0
1422,0.0001,0
1423,0.0001,0
1424,0.0001,0
1425,0.0001,0
1426,0.0001,31
1427,0.0001,0
1428,0.0001,62
1429,0.0001,31
1430,0.0001,0
1431,0.0001,711
1432,0.0001,0
1433,0.0001,0
1434,0.0001,0
1435,0.0001,0
1436,0.0001,612
1437,0.0001,0
1438,0.0001,0
1439,0.0001,0
1440,0.0001,0
1441,0.0001,0
1442,0.0001,0
1443,0.0001,0
1444,0.0001,791
1445,0.0001,0
1446,0.0001,0
1447,0.0001,46
1448,0.0001,0
1449,0.0001,0
1450,0.0001,0
1451,0.0001,0
1452,0.0001,23
1453,0.0001,0
1454,0.0001,0
1455,0.0001,0
1456,0.0001,0
1457,0.0001,0
1458,0.0001,0
1459,0.0001,62
1460,0.0001,62
1461,0.0001,24
1462,0.0001,0
1463,0.0001,0
1464,0.0001,0
1465,0.0001,873
1466,0.0001,0
1467,0.0001,0
1468,0.0001,0
1469,0.0001,0
1470,0.0001,0
1471,0.0001,0
1472,0.0001,0
1473,0.0001,0
1474,0.0001,62
1475,0.0001,0
1476,0.0001,0
1477,0.0001,0
1478,0.0001,41
1479,0.0001,0
1480,0.0001,62
1481,0.0001,0
1482,0.0001,0
1483,0.0001,0
1484,0.0001,31
1485,0.0001,0
1486,0.0001,0
1487,0.0001,0
1488,0.0001,1024
1489,0.0001,41
1490,0.0001,23
1491,0.0001,62
1492,0.0001,32
1493,0.0001,63
1494,0.0001,0
1495,0.0001,0
1496,0.0001,62
1497,0.0001,0
1498,0.0001,612
1499,0.0001,0
1500,0.0001,0
1501,0.0001,0
1502,0.0001,31
1503,0.0001,62
1504,0.0001,77
1505,0.0001,0
1506,0.0001,0
1507,0.0001,0
1508,0.0001,0
1509,0.0001,0
1510,0.0001,0
1511,0.0001,62
1512,0.0001,0
1513,0.0001,0
1514,0.0001,0
1515,0.0001,0
1516,0.0001,31
1517,0.0001,39
1518,0.0001,705
1519,0.0001,48
1520,0.0001,0
1521,0.0001,0
1522,0.0001,0
1523,0.0001,0
1524,0.0001,31
1525,0.0001,63
1526,0.0001,0
1527,0.0001,0
1528,0.0001,0
1529,0.0001,0
1530,0.0001,0
1531,0.0001,46
1532,0.0001,0
1533,0.0001,0
1534,0.0001,46
1535,0.0001,0
1536,0.0001,666
1537,0.0001,0
1538,0.0001,0
1539,0.0001,1024
1540,0.0001,0
1541,0.0001,1472
1542,0.0001,31
1543,0.0001,0
1544,0.0001,0
1545,0.0001,0
1546,0.0001,62
1547,0.0001,0
1548,0.0001,0
1549,0.0001,0
1550,0.0001,0
1551,0.0001,0
1552,0.0001,31
1553,0.0001,31
1554,0.0001,94
1555,0.0001,612
1556,0.0001,0
1557,0.0001,0
1558,0.0001,0
1559,0.0001,46
1560,0.0001,0
1561,0.0001,46
1562,0.0001,0
1563,0.0001,79
1564,0.0001,0
1565,0.0001,0
1566,0.0001,0
1567,0.0001,31
1568,0.0001,0
1569,0.0001,768
1570,0.0001,0
1571,0.0001,0
1572,0.0001,0
1573,0.0001,0
1574,0.0001,0
1575,0.0001,82
1576,0.0001,0
1577,0.0001,0
1578,0.0001,0
1579,0.0001,0
1580,0.0001,0
1581,0.0001,0
1582,0.0001,0
1583,0.0001,0
1584,0.0001,31
1585,0.0001,63
1586,0.0001,0
1587,0.0001,31
1588,0.0001,0
1589,0.0001,0
1590,0.0001,0
1591,0.0001,799
1592,0.0001,868
1593,0.0001,0
1594,0.0001,41
1595,0.0001,0
1596,0.0001,0
1597,0.0001,0
1598,0.0001,0
1599,0.0001,0
1600,0.0001,0
1601,0.0001,46
1602,0.0001,128
1603,0.0001,799
1604,0.0001,0
1605,0.0001,62
1606,0.0001,62
1607,0.0001,0
1608,0.0001,0
1609,0.0001,0
1610,0.0001,31
1611,0.0001,139
1612,0.0001,0
1613,0.0001,0
1614,0.0001,0
1615,0.0001,768
1616,0.0001,0
1617,0.0001,0
1618,0.0001,0
1619,0.0001,0
1620,0.0001,62
1621,0.0001,0
1622,0.0001,0
1623,0.0001,0
1624,0.0001,0
1625,0.0001,0
1626,0.0001,0
1627,0.0001,46
1628,0.0001,23
1629,0.0001,0
1630,0.0001,0
1631,0.0001,0
1632,0.0001,62
1633,0.0001,0
1634,0.0001,0
1635,0.0001,0
1636,0.0001,768
1637,0.0001,0
1638,0.0001,0
1639,0.0001,31
1640,0.0001,783
1641,0.0001,23
1642,0.0001,31
1643,0.0001,0
1644,0.0001,0
1645,0.0001,31
1646,0.0001,77
1647,0.0001,46
1648,0.0001,0
1649,0.0001,0
1650,0.0001,0
1651,0.0001,82
1652,0.0001,0
1653,0.0001,0
1654,0.0001,1585
1655,0.0001,0
1656,0.0001,62
1657,0.0001,0
1658,0.0001,108
1659,0.0001,0
1660,0.0001,118
1661,0.0001,0
1662,0.0001,612
1663,0.0001,0
1664,0.0001,0
1665,0.0001,1439
1666,0.0001,0
1667,0.0001,0
1668,0.0001,62
1669,0.0001,31
1670,0.0001,0
1671,0.0001,23
1672,0.0001,0
1673,0.0001,124
1674,0.0001,31
1675,0.0001,0
1676,0.0001,0
1677,0.0001,46
1678,0.0001,47
1679,0.0001,2315
1680,0.0001,0
1681,0.0001,31
1682,0.0001,62
1683,0.0001,0
1684,0.0001,0
1685,0.0001,77
1686,0.0001,46
1687,0.0001,62
1688,0.0001,0
1689,0.0001,0
1690,0.0001,16
1691,0.0001,0
1692,0.0001,0
1693,0.0001,31
1694,0.0001,0
1695,0.0001,0
1696,0.0001,0
1697,0.0001,0
1698,0.0001,0
1699,0.0001,0
1700,0.0001,0
1701,0.0001,0
1702,0.0001,776
1703,0.0001,883
1704,0.0001,0
1705,0.0001,31
1706,0.0001,0
1707,0.0001,0
1708,0.0001,82
1709,0.0001,768
1710,0.0001,31
1711,0.0001,2112
1712,0.0001,0
1713,0.0001,612
1714,0.0001,0
1715,0.0001,799
1716,0.0001,0
1717,0.0001,612
1718,0.0001,776
1719,0.0001,0
1720,0.0001,0
1721,0.0001,881
1722,0.0001,0
1723,0.0001,62
1724,0.0001,0
1725,0.0001,799
1726,0.0001,0
1727,0.0001,23
1728,0.0001,0
1729,0.0001,0
1730,0.0001,0
1731,0.0001,0
1732,0.0001,21
1733,0.0001,0
1734,0.0001,768
1735,0.0001,131
1736,0.0001,32
1737,0.0001,0
1738,0.0001,46
1739,0.0001,0
1740,0.0001,0
1741,0.0001,0
1742,0.0001,0
1743,0.0001,0
1744,0.0001,0
1745,0.0001,23
1746,0.0001,0
1747,0.0001,1024
1748,0.0001,0
1749,0.0001,0
1750,0.0001,0
1751,0.0001,0
1752,0.0001,0
1753,0.0001,62
1754,0.0001,23
1755,0.0001,0
1756,0.0001,0
1757,0.0001,32
1758,0.0001,0
1759,0.0001,62
1760,0.0001,46
1761,0.0001,62
1762,0.0001,46
1763,0.0001,0
1764,0.0001,62
1765,0.0001,108
1766,0.0001,116
1767,0.0001,784
1768,0.0001,0
1769,0.0001,0
1770,0.0001,31
1771,0.0001,16
1772,0.0001,0
1773,0.0001,31
1774,0.0001,830
1775,0.0001,0
1776,0.0001,0
1777,0.0001,0
1778,0.0001,62
1779,0.0001,735
1780,0.0001,31
1781,0.0001,0
1782,0.0001,62
1783,0.0001,0
1784,0.0001,0
1785,0.0001,0
1786,0.0001,0
1787,0.0001,0
1788,0.0001,0
1789,0.0001,0
1790,0.0001,0
1791,0.0001,768
1792,0.0001,0
1793,0.0001,0
1794,0.0001,0
1795,0.0001,0
1796,0.0001,0
1797,0.0001,32
1798,0.0001,62
1799,0.0001,46
1800,0.0001,16
1801,0.0001,47
1802,0.0001,768
1803,0.0001,108
1804,0.0001,0
1805,0.0001,861
1806,0.0001,0
1807,0.0001,0
1808,0.0001,0
1809,0.0001,612
1810,0.0001,727
1811,0.0001,0
1812,0.0001,16
1813,0.0001,830
1814,0.0001,0
1815,0.0001,0
1816,0.0001,47
1817,0.0001,46
1818,0.0001,23
1819,0.0001,41
1820,0.0001,0
1821,0.0001,62
1822,0.0001,46
1823,0.0001,0
1824,0.0001,0
1825,0.0001,0
1826,0.0001,0
1827,0.0001,0
1828,0.0001,0
1829,0.0001,16
1830,0.0001,0
1831,0.0001,0
1832,0.0001,0
1833,0.0001,0
1834,0.0001,0
1835,0.0001,0
1836,0.0001,0
1837,0.0001,0
1838,0.0001,0
1839,0.0001,88
1840,0.0001,0
1841,0.0001,41
1842,0.0001,46
1843,0.0001,0
1844,0.0001,0
1845,0.0001,0
1846,0.0001,0
1847,0.0001,62
1848,0.0001,0
1849,0.0001,0
1850,0.0001,0
1851,0.0001,0
1852,0.0001,0
1853,0.0001,0
1854,0.0001,0
1855,0.0001,0
1856,0.0001,0
1857,0.0001,0
1858,0.0001,62
1859,0.0001,0
1860,0.0001,0
1861,0.0001,0
1862,0.0001,0
1863,0.0001,109
1864,0.0001,0
1865,0.0001,0
1866,0.0001,0
1867,0.0001,108
1868,0.0001,31
1869,0.0001,118
1870,0.0001,1488
1871,0.0001,0
1872,0.0001,0
1873,0.0001,0
1874,0.0001,612
1875,0.0001,0
1876,0.0001,0
1877,0.0001,0
1878,0.0001,0
1879,0.0001,82
1880,0.0001,0
1881,0.0001,0
1882,0.0001,0
1883,0.0001,1101
1884,0.0001,0
1885,0.0001,62
1886,0.0001,0
1887,0.0001,0
1888,0.0001,46
1889,0.0001,0
1890,0.0001,46
1891,0.0001,612
1892,0.0001,31
1893,0.0001,124
1894,0.0001,0
1895,0.0001,0
1896,0.0001,0
1897,0.0001,0
1898,0.0001,0
1899,0.0001,0
1900,0.0001,0
1901,0.0001,46
1902,0.0001,47
1903,0.0001,0
1904,0.0001,0
1905,0.0001,0
1906,0.0001,0
1907,0.0001,0
1908,0.0001,62
1909,0.0001,0
1910,0.0001,31
1911,0.0001,0
1912,0.0001,0
1913,0.0001,16
1914,0.0001,31
1915,0.0001,0
1916,0.0001,46
1917,0.0001,0
1918,0.0001,46
1919,0.0001,612
1920,0.0001,31
1921,0.0001,46
1922,0.0001,62
1923,0.0001,31
1924,0.0001,46
1925,0.0001,16
1926,0.0001,0
1927,0.0001,0
1928,0.0001,0
1929,0.0001,0
1930,0.0001,31
1931,0.0001,62
1932,0.0001,0
1933,0.0001,0
1934,0.0001,0
1935,0.0001,46
1936,0.0001,0
1937,0.0001,16
1938,0.0001,0
1939,0.0001,0
1940,0.0001,0
1941,0.0001,0
1942,0.0001,0
1943,0.0001,47
1944,0.0001,0
1945,0.0001,0
1946,0.0001,47
1947,0.0001,0
1948,0.0001,0
1949,0.0001,82
1950,0.0001,1515
1951,0.0001,31
1952,0.0001,47
1953,0.0001,0
1954,0.0001,0
1955,0.0001,0
1956,0.0001,0
1957,0.0001,624
1958,0.0001,768
1959,0.0001,0
1960,0.0001,0
1961,0.0001,0
1962,0.0001,0
1963,0.0001,0
1964,0.0001,612
1965,0.0001,0
1966,0.0001,0
1967,0.0001,24
1968,0.0001,0
1969,0.0001,23
1970,0.0001,0
1971,0.0001,0
1972,0.0001,612
1973,0.0001,16
1974,0.0001,0
1975,0.0001,146
1976,0.0001,0
1977,0.0001,0
1978,0.0001,0
1979,0.0001,0
1980,0.0001,0
1981,0.0001,46
1982,0.0001,31
1983,0.0001,31
1984,0.0001,768
1985,0.0001,0
1986,0.0001,0
1987,0.0001,896
1988,0.0001,0
1989,0.0001,0
1990,0.0001,0
1991,0.0001,0
1992,0.0001,0
1993,0.0001,0
1994,0.0001,799
1995,0.0001,0
1996,0.0001,0
1997,0.0001,0
1998,0.0001,0
1999,0.0001,32
2000,0.0001,62
2001,0.0001,31
2002,0.0001,0
2003,0.0001,0
2004,0.0001,0
2005,0.0001,23
2006,0.0001,768
2007,0.0001,0
2008,0.0001,0
2009,0.0001,46
2010,0.0001,1500
2011,0.0001,62
2012,0.0001,23
2013,0.0001,0
2014,0.0001,0
2015,0.0001,0
2016,0.0001,62
2017,0.0001,102
2018,0.0001,751
2019,0.0001,0
2020,0.0001,768
2021,0.0001,0
2022,0.0001,16
2023,0.0001,0
2024,0.0001,0
2025,0.0001,62
2026,0.0001,46
2027,0.0001,0
2028,0.0001,0
2029,0.0001,62
2030,0.0001,0
2031,0.0001,0
2032,0.0001,0
2033,0.0001,814
2034,0.0001,0
2035,0.0001,86
2036,0.0001,0
2037,0.0001,46
2038,0.0001,768
2039,0.0001,0
2040,0.0001,31
2041,0.0001,31
2042,0.0001,1132
2043,0.0001,618
2044,0.0001,31
2045,0.0001,0
2046,0.0001,0
2047,0.0001,0
2048,0.0001,0
2049,0.0001,31
2050,0.0001,0
2051,0.0001,23
2052,0.0001,0
2053,0.0001,0
2054,0.0001,84
2055,0.0001,0
2056,0.0001,0
2057,0.0001,98
2058,0.0001,0
2059,0.0001,0
2060,0.0001,0
2061,0.0001,0
2062,0.0001,0
2063,0.0001,31
2064,0.0001,0
2065,0.0001,0
2066,0.0001,0
2067,0.0001,0
2068,0.0001,0
2069,0.0001,0
2070,0.0001,0
2071,0.0001,0
2072,0.0001,1034
2073,0.0001,0
2074,0.0001,0
2075,0.0001,0
2076,0.0001,0
2077,0.0001,46
2078,0.0001,62
2079,0.0001,0
2080,0.0001,0
2081,0.0001,0
2082,0.0001,82
2083,0.0001,0
2084,0.0001,0
2085,0.0001,0
2086,0.0001,0
2087,0.0001,77
2088,0.0001,1500
2089,0.0001,62
2090,0.0001,31
2091,0.0001,0
2092,0.0001,0
2093,0.0001,0
2094,0.0001,0
2095,0.0001,0
2096,0.0001,0
2097,0.0001,54
2098,0.0001,0
2099,0.0001,0
2100,0.0001,0
2101,0.0001,31
2102,0.0001,62
2103,0.0001,46
2104,0.0001,0
2105,0.0001,41
2106,0.0001,0
2107,0.0001,0
2108,0.0001,0
2109,0.0001,0
2110,0.0001,0
2111,0.0001,42
2112,0.0001,62
2113,0.0001,46
2114,0.0001,0
2115,0.0001,0
2116,0.0001,0
2117,0.0001,0
2118,0.0001,0
2119,0.0001,0
2120,0.0001,0
2121,0.0001,0
2122,0.0001,0
2123,0.0001,0
2124,0.0001,0
2125,0.0001,0
2126,0.0001,0
2127,0.0001,0
2128,0.0001,0
2129,0.0001,0
2130,0.0001,0
2131,0.0001,31
2132,0.0001,0
2133,0.0001,0
2134,0.0001,0
2135,0.0001,0
2136,0.0001,768
2137,0.0001,0
2138,0.0001,0
2139,0.0001,0
2140,0.0001,0
2141,0.0001,31
2142,0.0001,0
2143,0.0001,62
2144,0.0001,876
2145,0.0001,0
2146,0.0001,2362
2147,0.0001,0
2148,0.0001,612
2149,0.0001,46
2150,0.0001,0
2151,0.0001,0
2152,0.0001,0
2153,0.0001,0
2154,0.0001,0
2155,0.0001,0
2156,0.0001,0
2157,0.0001,0
2158,0.0001,0
2159,0.0001,16
2160,0.0001,31
2161,0.0001,1426
2162,0.0001,0
2163,0.0001,108
2164,0.0001,0
2165,0.0001,0
2166,0.0001,0
2167,0.0001,31
2168,0.0001,0
2169,0.0001,0
2170,0.0001,0
2171,0.0001,768
2172,0.0001,62
2173,0.0001,62
2174,0.0001,0
2175,0.0001,0
2176,0.0001,0
2177,0.0001,0
2178,0.0001,0
2179,0.0001,46
2180,0.0001,0
2181,0.0001,0
2182,0.0001,0
2183,0.0001,0
2184,0.0001,0
2185,0.0001,854
2186,0.0001,0
2187,0.0001,1401
2188,0.0001,0
2189,0.0001,1500
2190,0.0001,0
2191,0.0001,612
2192,0.0001,46
2193,0.0001,0
2194,0.0001,799
2195,0.0001,0
2196,0.0001,664
2197,0.0001,0
2198,0.0001,0
2199,0.0001,23
2200,0.0001,31
2201,0.0001,0
2202,0.0001,0
2203,0.0001,0
2204,0.0001,860
2205,0.0001,0
2206,0.0001,0
2207,0.0001,776
2208,0.0001,0
2209,0.0001,0
2210,0.0001,0
2211,0.0001,0
2212,0.0001,0
2213,0.0001,0
2214,0.0001,0
2215,0.0001,0
2216,0.0001,0
2217,0.0001,0
2218,0.0001,0
2219,0.0001,0
2220,0.0001,612
2221,0.0001,92
2222,0.0001,63
2223,0.0001,0
2224,0.0001,0
2225,0.0001,31
2226,0.0001,39
2227,0.0001,0
2228,0.0001,62
2229,0.0001,0
2230,0.0001,0
2231,0.0001,108
2232,0.0001,0
2233,0.0001,0
2234,0.0001,674
2235,0.0001,0
2236,0.0001,768
2237,0.0001,31
2238,0.0001,16
2239,0.0001,0
2240,0.0001,0
2241,0.0001,0
2242,0.0001,0
2243,0.0001,0
2244,0.0001,0
2245,0.0001,0
2246,0.0001,0
2247,0.0001,46
2248,0.0001,62
2249,0.0001,0
2250,0.0001,2143
2251,0.0001,0
2252,0.0001,0
2253,0.0001,0
2254,0.0001,0
2255,0.0001,624
2256,0.0001,0
2257,0.0001,0
2258,0.0001,0
2259,0.0001,47
2260,0.0001,0
2261,0.0001,0
2262,0.0001,0
2263,0.0001,0
2264,0.0001,0
2265,0.0001,0
2266,0.0001,62
2267,0.0001,62
2268,0.0001,0
2269,0.0001,0
2270,0.0001,0
2271,0.0001,0
2272,0.0001,0
2273,0.0001,0
2274,0.0001,82
2275,0.0001,0
2276,0.0001,0
2277,0.0001,0
2278,0.0001,62
2279,0.0001,0
2280,0.0001,108
2281,0.0001,0
2282,0.0001,62
2283,0.0001,62
2284,0.0001,0
2285,0.0001,0
2286,0.0001,0
2287,0.0001,0
2288,0.0001,0
2289,0.0001,0
2290,0.0001,0
2291,0.0001,0
2292,0.0001,0
2293,0.0001,46
2294,0.0001,0
2295,0.0001,0
2296,0.0001,0
2297,0.0001,0
2298,0.0001,0
2299,0.0001,0
2300,0.0001,16
2301,0.0001,612
2302,0.0001,46
2303,0.0001,0
2304,0.0001,0
2305,0.0001,873
2306,0.0001,0
2307,0.0001,881
2308,0.0001,0
2309,0.0001,0
2310,0.0001,784
2311,0.0001,0
2312,0.0001,126
2313,0.0001,0
2314,0.0001,0
2315,0.0001,0
2316,0.0001,23
2317,0.0001,0
2318,0.0001,62
2319,0.0001,46
2320,0.0001,16
2321,0.0001,0
2322,0.0001,0
2323,0.0001,100
2324,0.0001,0
2325,0.0001,23
2326,0.0001,0
2327,0.0001,612
2328,0.0001,0
2329,0.0001,0
2330,0.0001,46
2331,0.0001,0
2332,0.0001,0
2333,0.0001,0
2334,0.0001,0
2335,0.0001,0
2336,0.0001,0
2337,0.0001,0
2338,0.0001,0
2339,0.0001,0
2340,0.0001,0
2341,0.0001,0
2342,0.0001,0
2343,0.0001,46
2344,0.0001,0
2345,0.0001,0
2346,0.0001,63
2347,0.0001,47
2348,0.0001,32
2349,0.0001,0
2350,0.0001,21
2351,0.0001,0
2352,0.0001,62
2353,0.0001,0
2354,0.0001,0
2355,0.0001,31
2356,0.0001,0
2357,0.0001,0
2358,0.0001,0
2359,0.0001,0
2360,0.0001,77
2361,0.0001,0
2362,0.0001,0
2363,0.0001,0
2364,0.0001,0
2365,0.0001,0
2366,0.0001,0
2367,0.0001,62
2368,0.0001,1024
2369,0.0001,62
2370,0.0001,0
2371,0.0001,682
2372,0.0001,0
2373,0.0001,0
2374,0.0001,0
2375,0.0001,0
2376,0.0001,0
2377,0.0001,0
2378,0.0001,82
2379,0.0001,0
2380,0.0001,0
2381,0.0001,0
2382,0.0001,0
2383,0.0001,0
2384,0.0001,799
2385,0.0001,0
2386,0.0001,0
2387,0.0001,0
2388,0.0001,0
2389,0.0001,0
2390,0.0001,0
2391,0.0001,0
2392,0.0001,0
2393,0.0001,612
2394,0.0001,0
2395,0.0001,46
2396,0.0001,62
2397,0.0001,0
2398,0.0001,0
2399,0.0001,23
2400,0.0001,0
2401,0.0001,0
2402,0.0001,0
2403,0.0001,0
2404,0.0001,0
2405,0.0001,62
2406,0.0001,0
2407,0.0001,0
2408,0.0001,0
2409,0.0001,0
2410,0.0001,0
2411,0.0001,0
2412,0.0001,0
2413,0.0001,62
2414,0.0001,0
2415,0.0001,62
2416,0.0001,0
2417,0.0001,0
2418,0.0001,0
2419,0.0001,62
2420,0.0001,0
2421,0.0001,31
2422,0.0001,0
2423,0.0001,0
2424,0.0001,0
2425,0.0001,0
2426,0.0001,0
2427,0.0001,62
2428,0.0001,0
2429,0.0001,41
2430,0.0001,77
2431,0.0001,0
2432,0.0001,618
2433,0.0001,0
2434,0.0001,0
2435,0.0001,31
2436,0.0001,62
2437,0.0001,0
2438,0.0001,31
2439,0.0001,0
2440,0.0001,0
2441,0.0001,0
2442,0.0001,0
2443,0.0001,612
2444,0.0001,62
2445,0.0001,0
2446,0.0001,0
2447,0.0001,0
2448,0.0001,0
2449,0.0001,1531
2450,0.0001,0
2451,0.0001,0
2452,0.0001,0
2453,0.0001,0
2454,0.0001,0
2455,0.0001,31
2456,0.0001,0
2457,0.0001,0
2458,0.0001,0
2459,0.0001,31
2460,0.0001,0
2461,0.0001,0
2462,0.0001,0
2463,0.0001,0
2464,0.0001,0
2465,0.0001,0
2466,0.0001,46
2467,0.0001,0
2468,0.0001,0
2469,0.0001,0
2470,0.0001,0
2471,0.0001,0
2472,0.0001,0
2473,0.0001,23
2474,0.0001,0
2475,0.0001,0
2476,0.0001,0
2477,0.0001,23
2478,0.0001,41
2479,0.0001,47
2480,0.0001,0
2481,0.0001,0
2482,0.0001,0
2483,0.0001,0
2484,0.0001,16
2485,0.0001,31
2486,0.0001,0
2487,0.0001,16
2488,0.0001,105
2489,0.0001,47
2490,0.0001,0
2491,0.0001,0
2492,0.0001,0
2493,0.0001,0
2494,0.0001,31
2495,0.0001,23
2496,0.0001,0
2497,0.0001,77
2498,0.0001,0
2499,0.0001,0
2500,0.0001,0
2501,0.0001,0
2502,0.0001,162
2503,0.0001,0
2504,0.0001,23
2505,0.0001,0
2506,0.0001,0
2507,0.0001,0
2508,0.0001,46
2509,0.0001,0
2510,0.0001,0
2511,0.0001,0
2512,0.0001,62
2513,0.0001,31
2514,0.0001,0
2515,0.0001,0
2516,0.0001,31
2517,0.0001,1500
2518,0.0001,0
2519,0.0001,768
2520,0.0001,62
2521,0.0001,0
2522,0.0001,0
2523,0.0001,0
2524,0.0001,0
2525,0.0001,0
2526,0.0001,0
2527,0.0001,0
2528,0.0001,0
2529,0.0001,0
2530,0.0001,31
2531,0.0001,0
2532,0.0001,799
2533,0.0001,16
2534,0.0001,0
2535,0.0001,46
2536,0.0001,31
2537,0.0001,822
2538,0.0001,612
2539,0.0001,31
2540,0.0001,694
2541,0.0001,31
2542,0.0001,1024
2543,0.0001,0
2544,0.0001,123
2545,0.0001,0
2546,0.0001,46
2547,0.0001,0
2548,0.0001,46
2549,0.0001,0
2550,0.0001,0
2551,0.0001,16
2552,0.0001,0
2553,0.0001,612
2554,0.0001,0
2555,0.0001,94
2556,0.0001,0
2557,0.0001,0
2558,0.0001,16
2559,0.0001,0
2560,0.0001,0
2561,0.0001,0
2562,0.0001,0
2563,0.0001,31
2564,0.0001,0
2565,0.0001,0
2566,0.0001,0
2567,0.0001,0
2568,0.0001,0
2569,0.0001,31
2570,0.0001,0
2571,0.0001,31
2572,0.0001,859
2573,0.0001,16
2574,0.0001,0
2575,0.0001,0
2576,0.0001,0
2577,0.0001,0
2578,0.0001,0
2579,0.0001,0
2580,0.0001,0
2581,0.0001,0
2582,0.0001,0
2583,0.0001,1615
2584,0.0001,0
2585,0.0001,62
2586,0.0001,768
2587,0.0001,768
2588,0.0001,23
2589,0.0001,62
2590,0.0001,1024
2591,0.0001,0
2592,0.0001,0
2593,0.0001,0
2594,0.0001,0
2595,0.0001,0
2596,0.0001,0
2597,0.0001,0
2598,0.0001,62
2599,0.0001,0
2600,0.0001,612
2601,0.0001,0
2602,0.0001,62
2603,0.0001,31
2604,0.0001,0
2605,0.0001,830
2606,0.0001,0
2607,0.0001,0
2608,0.0001,0
2609,0.0001,0
2610,0.0001,1682
2611,0.0001,0
2612,0.0001,768
2613,0.0001,0
2614,0.0001,62
2615,0.0001,23
2616,0.0001,0
2617,0.0001,715
2618,0.0001,0
2619,0.0001,0
2620,0.0001,0
2621,0.0001,62
2622,0.0001,0
2623,0.0001,0
2624,0.0001,0
2625,0.0001,0
2626,0.0001,0
2627,0.0001,0
2628,0.0001,0
2629,0.0001,0
2630,0.0001,62
2631,0.0001,0
2632,0.0001,0
2633,0.0001,0
2634,0.0001,62
2635,0.0001,0
2636,0.0001,0
2637,0.0001,0
2638,0.0001,46
2639,0.0001,0
2640,0.0001,3323
2641,0.0001,62
2642,0.0001,62
2643,0.0001,0
2644,0.0001,0
2645,0.0001,0
2646,0.0001,0
2647,0.0001,62
2648,0.0001,0
2649,0.0001,0
2650,0.0001,46
2651,0.0001,31
2652,0.0001,0
2653,0.0001,0
2654,0.0001,0
2655,0.0001,612
2656,0.0001,0
2657,0.0001,776
2658,0.0001,146
2659,0.0001,0
2660,0.0001,814
2661,0.0001,0
2662,0.0001,0
2663,0.0001,0
2664,0.0001,0
2665,0.0001,62
2666,0.0001,0
2667,0.0001,0
2668,0.0001,31
2669,0.0001,46
2670,0.0001,0
2671,0.0001,0
2672,0.0001,31
2673,0.0001,0
2674,0.0001,0
2675,0.0001,893
2676,0.0001,31
2677,0.0001,0
2678,0.0001,0
2679,0.0001,0
2680,0.0001,0
2681,0.0001,0
2682,0.0001,108
2683,0.0001,0
2684,0.0001,47
2685,0.0001,16
2686,0.0001,0
2687,0.0001,82
2688,0.0001,0
2689,0.0001,0
2690,0.0001,0
2691,0.0001,0
2692,0.0001,62
2693,0.0001,0
2694,0.0001,62
2695,0.0001,612
2696,0.0001,0
2697,0.0001,62
2698,0.0001,0
2699,0.0001,62
2700,0.0001,0
2701,0.0001,46
2702,0.0001,3611
2703,0.0001,31
2704,0.0001,816
2705,0.0001,0
2706,0.0001,31
2707,0.0001,0
2708,0.0001,16
2709,0.0001,0
2710,0.0001,0
2711,0.0001,0
2712,0.0001,0
2713,0.0001,0
2714,0.0001,0
2715,0.0001,0
2716,0.0001,0
2717,0.0001,0
2718,0.0001,0
2719,0.0001,0
2720,0.0001,1055
2721,0.0001,0
2722,0.0001,0
2723,0.0001,0
2724,0.0001,0
2725,0.0001,768
2726,0.0001,0
2727,0.0001,0
2728,0.0001,0
2729,0.0001,31
2730,0.0001,0
2731,0.0001,0
2732,0.0001,0
2733,0.0001,0
2734,0.0001,768
2735,0.0001,0
2736,0.0001,0
2737,0.0001,0
2738,0.0001,0
2739,0.0001,0
2740,0.0001,0
2741,0.0001,62
2742,0.0001,0
2743,0.0001,77
2744,0.0001,0
2745,0.0001,0
2746,0.0001,0
2747,0.0001,0
2748,0.0001,16
2749,0.0001,0
2750,0.0001,0
2751,0.0001,16
2752,0.0001,783
2753,0.0001,1442
2754,0.0001,0
2755,0.0001,47
2756,0.0001,0
2757,0.0001,0
2758,0.0001,0
2759,0.0001,47
2760,0.0001,0
2761,0.0001,0
2762,0.0001,0
2763,0.0001,674
2764,0.0001,0
2765,0.0001,0
2766,0.0001,0
2767,0.0001,0
2768,0.0001,0
2769,0.0001,62
2770,0.0001,92
2771,0.0001,0
2772,0.0001,0
2773,0.0001,31
2774,0.0001,47
2775,0.0001,62
2776,0.0001,0
2777,0.0001,62
2778,0.0001,0
2779,0.0001,0
2780,0.0001,82
2781,0.0001,0
2782,0.0001,0
2783,0.0001,0
2784,0.0001,0
2785,0.0001,0
2786,0.0001,116
2787,0.0001,114
2788,0.0001,0
2789,0.0001,612
2790,0.0001,0
2791,0.0001,31
2792,0.0001,0
2793,0.0001,0
2794,0.0001,0
2795,0.0001,0
2796,0.0001,47
2797,0.0001,0
2798,0.0001,0
2799,0.0001,31
2800,0.0001,0
2801,0.0001,0
2802,0.0001,0
2803,0.0001,1116
2804,0.0001,649
2805,0.0001,108
2806,0.0001,0
2807,0.0001,31
2808,0.0001,0
2809,0.0001,62
2810,0.0001,0
2811,0.0001,31
2812,0.0001,77
2813,0.0001,0
2814,0.0001,0
2815,0.0001,0
2816,0.0001,3117
2817,0.0001,0
2818,0.0001,0
2819,0.0001,0
2820,0.0001,31
2821,0.0001,0
2822,0.0001,1554
2823,0.0001,0
2824,0.0001,0
2825,0.0001,0
2826,0.0001,32
2827,0.0001,62
2828,0.0001,0
2829,0.0001,0
2830,0.0001,0
2831,0.0001,0
2832,0.0001,0
2833,0.0001,0
2834,0.0001,21
2835,0.0001,0
2836,0.0001,0
2837,0.0001,62
2838,0.0001,0
2839,0.0001,46
2840,0.0001,0
2841,0.0001,0
2842,0.0001,0
2843,0.0001,23
2844,0.0001,0
2845,0.0001,46
2846,0.0001,0
2847,0.0001,768
2848,0.0001,0
2849,0.0001,0
2850,0.0001,0
2851,0.0001,0
2852,0.0001,0
2853,0.0001,62
2854,0.0001,0
2855,0.0001,46
2856,0.0001,46
2857,0.0001,23
2858,0.0001,0
2859,0.0001,0
2860,0.0001,0
2861,0.0001,0
2862,0.0001,0
2863,0.0001,0
2864,0.0001,62
2865,0.0001,0
2866,0.0001,0
2867,0.0001,0
2868,0.0001,0
2869,0.0001,718
2870,0.0001,0
2871,0.0001,0
2872,0.0001,0
2873,0.0001,0
2874,0.0001,0
2875,0.0001,0
2876,0.0001,0
2877,0.0001,0
2878,0.0001,0
2879,0.0001,0
2880,0.0001,0
2881,0.0001,0
2882,0.0001,0
2883,0.0001,768
2884,0.0001,0
2885,0.0001,85
2886,0.0001,0
2887,0.0001,1403
2888,0.0001,0
2889,0.0001,0
2890,0.0001,0
2891,0.0001,0
2892,0.0001,0
2893,0.0001,46
2894,0.0001,0
2895,0.0001,0
2896,0.0001,0
2897,0.0001,46
2898,0.0001,0
2899,0.0001,0
2900,0.0001,0
2901,0.0001,31
2902,0.0001,0
2903,0.0001,768
2904,0.0001,2197
2905,0.0001,0
2906,0.0001,0
2907,0.0001,31
2908,0.0001,69
2909,0.0001,0
2910,0.0001,0
2911,0.0001,0
2912,0.0001,31
2913,0.0001,0
2914,0.0001,0
2915,0.0001,0
2916,0.0001,0
2917,0.0001,0
2918,0.0001,0
2919,0.0001,0
2920,0.0001,0
2921,0.0001,0
2922,0.0001,0
2923,0.0001,63
2924,0.0001,41
2925,0.0001,0
2926,0.0001,0
2927,0.0001,0
2928,0.0001,0
2929,0.0001,0
2930,0.0001,0
2931,0.0001,0
2932,0.0001,0
2933,0.0001,31
2934,0.0001,23
2935,0.0001,0
2936,0.0001,0
2937,0.0001,41
2938,0.0001,0
2939,0.0001,0
2940,0.0001,0
2941,0.0001,16
2942,0.0001,0
2943,0.0001,23
2944,0.0001,0
2945,0.0001,0
2946,0.0001,0
2947,0.0001,23
2948,0.0001,0
2949,0.0001,0
2950,0.0001,1086
2951,0.0001,62
2952,0.0001,47
2953,0.0001,0
2954,0.0001,0
2955,0.0001,0
2956,0.0001,0
2957,0.0001,0
2958,0.0001,0
2959,0.0001,0
2960,0.0001,0
2961,0.0001,0
2962,0.0001,0
2963,0.0001,0
2964,0.0001,63
2965,0.0001,0
2966,0.0001,62
2967,0.0001,0
2968,0.0001,0
2969,0.0001,0
2970,0.0001,0
2971,0.0001,0
2972,0.0001,0
2973,0.0001,62
2974,0.0001,46
2975,0.0001,0
2976,0.0001,768
2977,0.0001,0
2978,0.0001,0
2979,0.0001,0
2980,0.0001,31
2981,0.0001,0
2982,0.0001,0
2983,0.0001,31
2984,0.0001,0
2985,0.0001,31
2986,0.0001,0
2987,0.0001,0
2988,0.0001,0
2989,0.0001,0
2990,0.0001,0
2991,0.0001,0
2992,0.0001,3140
2993,0.0001,3362
2994,0.0001,46
2995,0.0001,0
2996,0.0001,0
2997,0.0001,23
2998,0.0001,0
2999,0.0001,0
3000,0.0001,0
3001,0.0001,0
3002,0.0001,0
3003,0.0001,0
3004,0.0001,0
3005,0.0001,23
3006,0.0001,768
3007,0.0001,0
3008,0.0001,0
3009,0.0001,39
3010,0.0001,0
3011,0.0001,0
3012,0.0001,0
3013,0.0001,0
3014,0.0001,0
3015,0.0001,1616
3016,0.0001,0
3017,0.0001,0
3018,0.0001,0
3019,0.0001,16
3020,0.0001,0
3021,0.0001,0
3022,0.0001,0
3023,0.0001,62
3024,0.0001,32
3025,0.0001,0
3026,0.0001,883
3027,0.0001,31
3028,0.0001,0
3029,0.0001,16
3030,0.0001,16
3031,0.0001,0
3032,0.0001,0
3033,0.0001,41
3034,0.0001,0
3035,0.0001,0
3036,0.0001,0
3037,0.0001,62
3038,0.0001,0
3039,0.0001,0
3040,0.0001,0
3041,0.0001,0
3042,0.0001,0
3043,0.0001,0
3044,0.0001,129
3045,0.0001,0
3046,0.0001,0
3047,0.0001,1280
3048,0.0001,0
3049,0.0001,0
3050,0.0001,0
3051,0.0001,23
3052,0.0001,0
3053,0.0001,62
3054,0.0001,0
3055,0.0001,0
3056,0.0001,62
3057,0.0001,0
3058,0.0001,0
3059,0.0001,0
3060,0.0001,0
3061,0.0001,62
3062,0.0001,0
3063,0.0001,0
3064,0.0001,0
3065,0.0001,62
3066,0.0001,0
3067,0.0001,0
3068,0.0001,0
3069,0.0001,0
3070,0.0001,0
3071,0.0001,0
3072,0.0001,62
3073,0.0001,62
3074,0.0001,0
3075,0.0001,0
3076,0.0001,31
3077,0.0001,0
3078,0.0001,1669
3079,0.0001,62
3080,0.0001,0
3081,0.0001,0
3082,0.0001,62
3083,0.0001,640
3084,0.0001,0
3085,0.0001,0
3086,0.0001,0
3087,0.0001,0
3088,0.0001,0
3089,0.0001,62
3090,0.0001,0
3091,0.0001,62
3092,0.0001,0
3093,0.0001,0
3094,0.0001,23
3095,0.0001,0
3096,0.0001,0
3097,0.0001,31
3098,0.0001,0
3099,0.0001,32
3100,0.0001,0
3101,0.0001,0
3102,0.0001,0
3103,0.0001,62
3104,0.0001,0
3105,0.0001,0
3106,0.0001,666
3107,0.0001,0
3108,0.0001,0
3109,0.0001,82
3110,0.0001,85
3111,0.0001,0
3112,0.0001,0
3113,0.0001,23
3114,0.0001,0
3115,0.0001,0
3116,0.0001,861
3117,0.0001,46
3118,0.0001,0
3119,0.0001,0
3120,0.0001,0
3121,0.0001,0
3122,0.0001,0
3123,0.0001,789
3124,0.0001,0
3125,0.0001,0
3126,0.0001,0
3127,0.0001,0
3128,0.0001,0
3129,0.0001,0
3130,0.0001,62
3131,0.0001,0
3132,0.0001,0
3133,0.0001,0
3134,0.0001,0
3135,0.0001,23
3136,0.0001,0
3137,0.0001,0
3138,0.0001,0
3139,0.0001,128
3140,0.0001,0
3141,0.0001,31
3142,0.0001,108
3143,0.0001,0
3144,0.0001,768
3145,0.0001,0
3146,0.0001,3313
3147,0.0001,0
3148,0.0001,92
3149,0.0001,0
3150,0.0001,16
3151,0.0001,0
3152,0.0001,0
3153,0.0001,0
3154,0.0001,77
3155,0.0001,768
3156,0.0001,0
3157,0.0001,62
3158,0.0001,0
3159,0.0001,0
3160,0.0001,0
3161,0.0001,62
3162,0.0001,0
3163,0.0001,0
3164,0.0001,82
3165,0.0001,0
3166,0.0001,23
3167,0.0001,0
3168,0.0001,0
3169,0.0001,0
3170,0.0001,0
3171,0.0001,0
3172,0.0001,0
3173,0.0001,0
3174,0.0001,16
3175,0.0001,0
3176,0.0001,0
3177,0.0001,711
3178,0.0001,0
3179,0.0001,0
3180,0.0001,0
3181,0.0001,0
3182,0.0001,0
3183,0.0001,0
3184,0.0001,0
3185,0.0001,0
3186,0.0001,31
3187,0.0001,31
3188,0.0001,23
3189,0.0001,0
3190,0.0001,0
3191,0.0001,0
3192,0.0001,0
3193,0.0001,82
3194,0.0001,46
3195,0.0001,23
3196,0.0001,0
3197,0.0001,0
3198,0.0001,0
3199,0.0001,0
3200,0.0001,0
3201,0.0001,83
3202,0.0001,0
3203,0.0001,0
3204,0.0001,46
3205,0.0001,31
3206,0.0001,16
3207,0.0001,0
3208,0.0001,0
3209,0.0001,0
3210,0.0001,0
3211,0.0001,23
3212,0.0001,0
3213,0.0001,46
3214,0.0001,0
3215,0.0001,69
3216,0.0001,0
3217,0.0001,139
3218,0.0001,23
3219,0.0001,62
3220,0.0001,0
3221,0.0001,47
3222,0.0001,0
3223,0.0001,82
3224,0.0001,31
3225,0.0001,0
3226,0.0001,23
3227,0.0001,46
3228,0.0001,31
3229,0.0001,0
3230,0.0001,0
3231,0.0001,0
3232,0.0001,0
3233,0.0001,0
3234,0.0001,0
3235,0.0001,0
3236,0.0001,0
3237,0.0001,0
3238,0.0001,768
3239,0.0001,0
3240,0.0001,712
3241,0.0001,0
3242,0.0001,21
3243,0.0001,0
3244,0.0001,0
3245,0.0001,0
3246,0.0001,0
3247,0.0001,23
3248,0.0001,0
3249,0.0001,816
3250,0.0001,0
3251,0.0001,62
3252,0.0001,0
3253,0.0001,0
3254,0.0001,0
3255,0.0001,0
3256,0.0001,0
3257,0.0001,62
3258,0.0001,0
3259,0.0001,146
3260,0.0001,0
3261,0.0001,0
3262,0.0001,0
3263,0.0001,0
3264,0.0001,0
3265,0.0001,62
3266,0.0001,0
3267,0.0001,0
3268,0.0001,62
3269,0.0001,0
3270,0.0001,0
3271,0.0001,0
3272,0.0001,0
3273,0.0001,149
3274,0.0001,0
3275,0.0001,1442
3276,0.0001,0
3277,0.0001,0
3278,0.0001,62
3279,0.0001,62
3280,0.0001,0
3281,0.0001,0
3282,0.0001,23
3283,0.0001,62
3284,0.0001,62
3285,0.0001,768
3286,0.0001,16
3287,0.0001,0
3288,0.0001,46
3289,0.0001,0
3290,0.0001,0
3291,0.0001,0
3292,0.0001,866
3293,0.0001,0
3294,0.0001,31
3295,0.0001,0
3296,0.0001,0
3297,0.0001,46
3298,0.0001,0
3299,0.0001,0
3300,0.0001,0
3301,0.0001,16
3302,0.0001,62
3303,0.0001,0
3304,0.0001,62
3305,0.0001,0
3306,0.0001,0
3307,0.0001,0
3308,0.0001,0
3309,0.0001,0
3310,0.0001,0
3311,0.0001,0
3312,0.0001,0
3313,0.0001,0
3314,0.0001,776
3315,0.0001,41
3316,0.0001,0
3317,0.0001,0
3318,0.0001,0
3319,0.0001,0
3320,0.0001,0
3321,0.0001,0
3322,0.0001,0
3323,0.0001,0
3324,0.0001,0
3325,0.0001,16
3326,0.0001,0
3327,0.0001,0
3328,0.0001,0
3329,0.0001,0
3330,0.0001,0
3331,0.0001,0
3332,0.0001,46
3333,0.0001,0
3334,0.0001,0
3335,0.0001,0
3336,0.0001,0
3337,0.0001,0
3338,0.0001,0
3339,0.0001,0
3340,0.0001,16
3341,0.0001,0
3342,0.0001,31
3343,0.0001,0
3344,0.0001,62
3345,0.0001,0
3346,0.0001,23
3347,0.0001,0
3348,0.0001,0
3349,0.0001,31
3350,0.0001,31
3351,0.0001,0
3352,0.0001,0
3353,0.0001,31
3354,0.0001,0
3355,0.0001,139
3356,0.0001,108
3357,0.0001,0
3358,0.0001,31
3359,0.0001,0
3360,0.0001,0
3361,0.0001,768
3362,0.0001,0
3363,0.0001,0
3364,0.0001,47
3365,0.0001,62
3366,0.0001,618
3367,0.0001,1500
3368,0.0001,62
3369,0.0001,0
3370,0.0001,0
3371,0.0001,0
3372,0.0001,47
3373,0.0001,0
3374,0.0001,0
3375,0.0001,743
3376,0.0001,0
3377,0.0001,124
3378,0.0001,31
3379,0.0001,0
3380,0.0001,0
3381,0.0001,92
3382,0.0001,62
3383,0.0001,41
3384,0.0001,0
3385,0.0001,0
3386,0.0001,0
3387,0.0001,62
3388,0.0001,0
3389,0.0001,0
3390,0.0001,62
3391,0.0001,62
3392,0.0001,0
3393,0.0001,0
3394,0.0001,0
3395,0.0001,0
3396,0.0001,62
3397,0.0001,0
3398,0.0001,0
3399,0.0001,0
3400,0.0001,16
3401,0.0001,41
3402,0.0001,0
3403,0.0001,0
3404,0.0001,776
3405,0.0001,0
3406,0.0001,0
3407,0.0001,0
3408,0.0001,0
3409,0.0001,46
3410,0.0001,0
3411,0.0001,0
3412,0.0001,0
3413,0.0001,0
3414,0.0001,41
3415,0.0001,0
3416,0.0001,0
3417,0.0001,0
3418,0.0001,768
3419,0.0001,46
3420,0.0001,0
3421,0.0001,0
3422,0.0001,0
3423,0.0001,31
3424,0.0001,46
3425,0.0001,832
3426,0.0001,0
3427,0.0001,0
3428,0.0001,62
3429,0.0001,0
3430,0.0001,0
3431,0.0001,0
3432,0.0001,0
3433,0.0001,768
3434,0.0001,62
3435,0.0001,0
3436,0.0001,31
3437,0.0001,0
3438,0.0001,0
3439,0.0001,0
3440,0.0001,23
3441,0.0001,0
3442,0.0001,0
3443,0.0001,0
3444,0.0001,46
3445,0.0001,0
3446,0.0001,0
3447,0.0001,0
3448,0.0001,62
3449,0.0001,0
3450,0.0001,0
3451,0.0001,0
3452,0.0001,62
3453,0.0001,62
3454,0.0001,0
3455,0.0001,0
3456,0.0001,0
3457,0.0001,0
3458,0.0001,69
3459,0.0001,62
3460,0.0001,0
3461,0.0001,0
3462,0.0001,0
3463,0.0001,0
3464,0.0001,31
3465,0.0001,23
3466,0.0001,46
3467,0.0001,32
3468,0.0001,618
3469,0.0001,612
3470,0.0001,643
3471,0.0001,82
3472,0.0001,3124
3473,0.0001,0
3474,0.0001,108
3475,0.0001,0
3476,0.0001,0
3477,0.0001,77
3478,0.0001,0
3479,0.0001,0
3480,0.0001,16
3481,0.0001,1092
3482,0.0001,16
3483,0.0001,0
3484,0.0001,0
3485,0.0001,0
3486,0.0001,0
3487,0.0001,0
3488,0.0001,23
3489,0.0001,0
3490,0.0001,62
3491,0.0001,0
3492,0.0001,62
3493,0.0001,0
3494,0.0001,768
3495,0.0001,0
3496,0.0001,0
3497,0.0001,62
3498,0.0001,0
3499,0.0001,0
3500,0.0001,0
3501,0.0001,0
3502,0.0001,0
3503,0.0001,31
3504,0.0001,0
3505,0.0001,0
3506,0.0001,0
3507,0.0001,768
3508,0.0001,0
3509,0.0001,47
3510,0.0001,0
3511,0.0001,0
3512,0.0001,0
3513,0.0001,24
3514,0.0001,0
3515,0.0001,0
3516,0.0001,768
3517,0.0001,62
3518,0.0001,0
3519,0.0001,0
3520,0.0001,0
3521,0.0001,0
3522,0.0001,21
3523,0.0001,31
3524,0.0001,830
3525,0.0001,0
3526,0.0001,0
3527,0.0001,0
3528,0.0001,0
3529,0.0001,62
3530,0.0001,0
3531,0.0001,0
3532,0.0001,0
3533,0.0001,46
3534,0.0001,31
3535,0.0001,612
3536,0.0001,0
3537,0.0001,0
3538,0.0001,0
3539,0.0001,0
3540,0.0001,838
3541,0.0001,0
3542,0.0001,0
3543,0.0001,0
3544,0.0001,0
3545,0.0001,0
3546,0.0001,23
3547,0.0001,814
3548,0.0001,0
3549,0.0001,1380
3550,0.0001,0
3551,0.0001,0
3552,0.0001,0
3553,0.0001,23
3554,0.0001,0
3555,0.0001,612
3556,0.0001,0
3557,0.0001,0
3558,0.0001,0
3559,0.0001,16
3560,0.0001,62
3561,0.0001,31
3562,0.0001,46
3563,0.0001,0
3564,0.0001,0
3565,0.0001,0
3566,0.0001,0
3567,0.0001,0
3568,0.0001,82
3569,0.0001,0
3570,0.0001,0
3571,0.0001,0
3572,0.0001,0
3573,0.0001,0
3574,0.0001,0
3575,0.0001,0
3576,0.0001,0
3577,0.0001,1500
3578,0.0001,0
3579,0.0001,0
3580,0.0001,31
3581,0.0001,0
3582,0.0001,0
3583,0.0001,31
3584,0.0001,46
3585,0.0001,0
3586,0.0001,0
3587,0.0001,21
3588,0.0001,16
3589,0.0001,0
3590,0.0001,0
3591,0.0001,0
3592,0.0001,47
3593,0.0001,0
3594,0.0001,768
3595,0.0001,62
3596,0.0001,0
3597,0.0001,0
3598,0.0001,0
3599,0.0001,16
3600,0.0001,0
3601,0.0001,62
3602,0.0001,46
3603,0.0001,0
3604,0.0001,0
3605,0.0001,162
3606,0.0001,0
3607,0.0001,31
3608,0.0001,62
3609,0.0001,26
3610,0.0001,0
3611,0.0001,0
3612,0.0001,0
3613,0.0001,0
3614,0.0001,0
3615,0.0001,16
3616,0.0001,0
3617,0.0001,31
3618,0.0001,0
3619,0.0001,0
3620,0.0001,0
3621,0.0001,0
3622,0.0001,16
3623,0.0001,32
3624,0.0001,0
3625,0.0001,884
3626,0.0001,0
3627,0.0001,0
3628,0.0001,46
3629,0.0001,776
3630,0.0001,0
3631,0.0001,0
3632,0.0001,0
3633,0.0001,62
3634,0.0001,674
3635,0.0001,768
3636,0.0001,0
3637,0.0001,0
3638,0.0001,0
3639,0.0001,0
3640,0.0001,0
3641,0.0001,82
3642,0.0001,1109
3643,0.0001,16
3644,0.0001,0
3645,0.0001,0
3646,0.0001,0
3647,0.0001,0
3648,0.0001,0
3649,0.0001,62
3650,0.0001,0
3651,0.0001,46
3652,0.0001,0
3653,0.0001,0
3654,0.0001,0
3655,0.0001,0
3656,0.0001,0
3657,0.0001,0
3658,0.0001,31
3659,0.0001,108
3660,0.0001,62
3661,0.0001,0
3662,0.0001,0
3663,0.0001,0
3664,0.0001,0
3665,0.0001,0
3666,0.0001,0
3667,0.0001,0
3668,0.0001,0
3669,0.0001,799
3670,0.0001,46
3671,0.0001,31
3672,0.0001,612
3673,0.0001,0
3674,0.0001,0
3675,0.0001,0
3676,0.0001,612
3677,0.0001,0
3678,0.0001,0
3679,0.0001,82
3680,0.0001,62
3681,0.0001,0
3682,0.0001,1101
3683,0.0001,0
3684,0.0001,46
3685,0.0001,0
3686,0.0001,0
3687,0.0001,46
3688,0.0001,830
3689,0.0001,0
3690,0.0001,62
3691,0.0001,0
3692,0.0001,0
3693,0.0001,62
3694,0.0001,21
3695,0.0001,783
3696,0.0001,1639
3697,0.0001,0
3698,0.0001,0
3699,0.0001,0
3700,0.0001,799
3701,0.0001,0
3702,0.0001,62
3703,0.0001,0
3704,0.0001,728
3705,0.0001,53
3706,0.0001,0
3707,0.0001,23
3708,0.0001,0
3709,0.0001,0
3710,0.0001,0
3711,0.0001,0
3712,0.0001,0
3713,0.0001,0
3714,0.0001,0
3715,0.0001,0
3716,0.0001,0
3717,0.0001,0
3718,0.0001,0
3719,0.0001,82
3720,0.0001,0
3721,0.0001,62
3722,0.0001,0
3723,0.0001,23
3724,0.0001,0
3725,0.0001,0
3726,0.0001,159
3727,0.0001,98
3728,0.0001,62
3729,0.0001,0
3730,0.0001,62
3731,0.0001,31
3732,0.0001,0
3733,0.0001,46
3734,0.0001,0
3735,0.0001,0
3736,0.0001,0
3737,0.0001,0
3738,0.0001,31
3739,0.0001,46
3740,0.0001,0
3741,0.0001,62
3742,0.0001,0
3743,0.0001,0
3744,0.0001,62
3745,0.0001,0
3746,0.0001,0
3747,0.0001,46
3748,0.0001,0
3749,0.0001,0
3750,0.0001,0
3751,0.0001,62
3752,0.0001,41
3753,0.0001,0
3754,0.0001,62
3755,0.0001,0
3756,0.0001,0
3757,0.0001,0
3758,0.0001,62
3759,0.0001,0
3760,0.0001,0
3761,0.0001,46
3762,0.0001,0
3763,0.0001,0
3764,0.0001,0
3765,0.0001,0
3766,0.0001,118
3767,0.0001,0
3768,0.0001,0
3769,0.0001,0
3770,0.0001,0
3771,0.0001,77
3772,0.0001,82
3773,0.0001,0
3774,0.0001,0
3775,0.0001,16
3776,0.0001,62
3777,0.0001,31
3778,0.0001,0
3779,0.0001,0
3780,0.0001,0
3781,0.0001,0
3782,0.0001,0
3783,0.0001,0
3784,0.0001,0
3785,0.0001,46
3786,0.0001,46
3787,0.0001,649
3788,0.0001,0
3789,0.0001,47
3790,0.0001,0
3791,0.0001,0
3792,0.0001,873
3793,0.0001,46
3794,0.0001,47
3795,0.0001,0
3796,0.0001,109
3797,0.0001,55
3798,0.0001,0
3799,0.0001,0
3800,0.0001,0
3801,0.0001,0
3802,0.0001,47
3803,0.0001,0
3804,0.0001,0
3805,0.0001,0
3806,0.0001,41
3807,0.0001,0
3808,0.0001,46
3809,0.0001,31
3810,0.0001,0
3811,0.0001,0
3812,0.0001,0
3813,0.0001,0
3814,0.0001,0
3815,0.0001,0
3816,0.0001,0
3817,0.0001,0
3818,0.0001,62
3819,0.0001,0
3820,0.0001,0
3821,0.0001,0
3822,0.0001,23
3823,0.0001,0
3824,0.0001,0
3825,0.0001,0
3826,0.0001,0
3827,0.0001,31
3828,0.0001,46
3829,0.0001,0
3830,0.0001,0
3831,0.0001,75
3832,0.0001,108
3833,0.0001,46
3834,0.0001,0
3835,0.0001,31
3836,0.0001,768
3837,0.0001,0
3838,0.0001,0
3839,0.0001,0
3840,0.0001,82
3841,0.0001,0
3842,0.0001,62
3843,0.0001,0
3844,0.0001,31
3845,0.0001,0
3846,0.0001,612
3847,0.0001,62
3848,0.0001,31
3849,0.0001,0
3850,0.0001,16
3851,0.0001,0
3852,0.0001,0
3853,0.0001,658
3854,0.0001,16
3855,0.0001,31
3856,0.0001,0
3857,0.0001,0
3858,0.0001,16
3859,0.0001,0
3860,0.0001,776
3861,0.0001,31
3862,0.0001,768
3863,0.0001,16
3864,0.0001,0
3865,0.0001,46
3866,0.0001,0
3867,0.0001,0
3868,0.0001,0
3869,0.0001,31
3870,0.0001,783
3871,0.0001,612
3872,0.0001,32
3873,0.0001,612
3874,0.0001,0
3875,0.0001,62
3876,0.0001,776
3877,0.0001,0
3878,0.0001,46
3879,0.0001,0
3880,0.0001,62
3881,0.0001,768
3882,0.0001,16
3883,0.0001,0
3884,0.0001,0
3885,0.0001,31
3886,0.0001,0
3887,0.0001,16
3888,0.0001,1024
3889,0.0001,62
3890,0.0001,63
3891,0.0001,0
3892,0.0001,0
3893,0.0001,0
3894,0.0001,31
3895,0.0001,0
3896,0.0001,0
3897,0.0001,0
3898,0.0001,618
3899,0.0001,0
3900,0.0001,0
3901,0.0001,31
3902,0.0001,0
3903,0.0001,0
3904,0.0001,0
3905,0.0001,62
3906,0.0001,0
3907,0.0001,689
3908,0.0001,0
3909,0.0001,0
3910,0.0001,0
3911,0.0001,0
3912,0.0001,23
3913,0.0001,0
3914,0.0001,1562
3915,0.0001,0
3916,0.0001,0
3917,0.0001,0
3918,0.0001,0
3919,0.0001,16
3920,0.0001,0
3921,0.0001,0
3922,0.0001,0
3923,0.0001,0
3924,0.0001,32
3925,0.0001,0
3926,0.0001,46
3927,0.0001,0
3928,0.0001,876
3929,0.0001,0
3930,0.0001,0
3931,0.0001,32
3932,0.0001,54
3933,0.0001,83
3934,0.0001,0
3935,0.0001,0
3936,0.0001,0
3937,0.0001,0
3938,0.0001,0
3939,0.0001,0
3940,0.0001,0
3941,0.0001,31
3942,0.0001,0
3943,0.0001,63
3944,0.0001,0
3945,0.0001,0
3946,0.0001,0
3947,0.0001,0
3948,0.0001,0
3949,0.0001,0
3950,0.0001,0
3951,0.0001,612
3952,0.0001,0
3953,0.0001,0
3954,0.0001,861
3955,0.0001,0
3956,0.0001,0
3957,0.0001,0
3958,0.0001,1421
3959,0.0001,46
3960,0.0001,46
3961,0.0001,0
3962,0.0001,0
3963,0.0001,0
3964,0.0001,0
3965,0.0001,0
3966,0.0001,0
3967,0.0001,0
3968,0.0001,23
3969,0.0001,768
3970,0.0001,62
3971,0.0001,0
3972,0.0001,0
3973,0.0001,0
3974,0.0001,0
3975,0.0001,23
3976,0.0001,0
3977,0.0001,0
3978,0.0001,62
3979,0.0001,0
3980,0.0001,0
3981,0.0001,0
3982,0.0001,0
3983,0.0001,0
3984,0.0001,0
3985,0.0001,47
3986,0.0001,0
3987,0.0001,612
3988,0.0001,0
3989,0.0001,0
3990,0.0001,62
3991,0.0001,0
3992,0.0001,0
3993,0.0001,0
3994,0.0001,0
3995,0.0001,0
3996,0.0001,0
3997,0.0001,31
3998,0.0001,0
3999,0.0001,0
4000,0.0001,16
4001,0.0001,47
4002,0.0001,31
4003,0.0001,0
4004,0.0001,32
4005,0.0001,0
4006,0.0001,612
4007,0.0001,768
4008,0.0001,0
4009,0.0001,768
4010,0.0001,0
4011,0.0001,0
4012,0.0001,768
4013,0.0001,0
4014,0.0001,0
4015,0.0001,0
4016,0.0001,0
4017,0.0001,618
4018,0.0001,31
4019,0.0001,26
4020,0.0001,0
4021,0.0001,46
4022,0.0001,694
4023,0.0001,0
4024,0.0001,46
4025,0.0001,0
4026,0.0001,0
4027,0.0001,0
4028,0.0001,46
4029,0.0001,62
4030,0.0001,0
4031,0.0001,77
4032,0.0001,735
4033,0.0001,0
4034,0.0001,31
4035,0.0001,0
4036,0.0001,0
4037,0.0001,47
4038,0.0001,0
4039,0.0001,0
4040,0.0001,0
4041,0.0001,0
4042,0.0001,62
4043,0.0001,0
4044,0.0001,0
4045,0.0001,0
4046,0.0001,31
4047,0.0001,768
4048,0.0001,0
4049,0.0001,0
4050,0.0001,0
4051,0.0001,0
4052,0.0001,0
4053,0.0001,0
4054,0.0001,85
4055,0.0001,0
4056,0.0001,0
4057,0.0001,0
4058,0.0001,0
4059,0.0001,0
4060,0.0001,0
4061,0.0001,0
4062,0.0001,82
4063,0.0001,0
4064,0.0001,0
4065,0.0001,0
4066,0.0001,0
4067,0.0001,92
4068,0.0001,0
4069,0.0001,0
4070,0.0001,809
4071,0.0001,0
4072,0.0001,0
4073,0.0001,0
4074,0.0001,0
4075,0.0001,62
4076,0.0001,46
4077,0.0001,0
4078,0.0001,16
4079,0.0001,0
4080,0.0001,0
4081,0.0001,0
4082,0.0001,0
4083,0.0001,0
4084,0.0001,0
4085,0.0001,0
4086,0.0001,62
4087,0.0001,1500
4088,0.0001,0
4089,0.0001,0
4090,0.0001,799
4091,0.0001,0
4092,0.0001,0
4093,0.0001,0
4094,0.0001,0
4095,0.0001,0
4096,0.0001,0
4097,0.0001,0
4098,0.0001,0
4099,0.0001,0
4100,0.0001,0
4101,0.0001,0
4102,0.0001,31
4103,0.0001,0
4104,0.0001,0
4105,0.0001,0
4106,0.0001,0
4107,0.0001,0
4108,0.0001,0
4109,0.0001,0
4110,0.0001,0
4111,0.0001,696
4112,0.0001,0
4113,0.0001,0
4114,0.0001,0
4115,0.0001,0
4116,0.0001,62
4117,0.0001,62
4118,0.0001,0
4119,0.0001,0
4120,0.0001,0
4121,0.0001,0
4122,0.0001,46
4123,0.0001,0
4124,0.0001,85
4125,0.0001,0
4126,0.0001,0
4127,0.0001,0
4128,0.0001,0
4129,0.0001,0
4130,0.0001,0
4131,0.0001,47
4132,0.0001,0
4133,0.0001,0
4134,0.0001,0
4135,0.0001,0
4136,0.0001,0
4137,0.0001,0
4138,0.0001,0
4139,0.0001,0
4140,0.0001,0
4141,0.0001,0
4142,0.0001,0
4143,0.0001,0
4144,0.0001,46
4145,0.0001,62
4146,0.0001,62
4147,0.0001,16
4148,0.0001,0
4149,0.0001,31
4150,0.0001,62
4151,0.0001,0
4152,0.0001,0
4153,0.0001,0
4154,0.0001,0
4155,0.0001,0
4156,0.0001,0
4157,0.0001,0
4158,0.0001,82
4159,0.0001,3318
4160,0.0001,0
4161,0.0001,0
4162,0.0001,0
4163,0.0001,62
4164,0.0001,0
4165,0.0001,0
4166,0.0001,0
4167,0.0001,16
4168,0.0001,0
4169,0.0001,46
4170,0.0001,1421
4171,0.0001,82
4172,0.0001,46
4173,0.0001,0
4174,0.0001,0
4175,0.0001,0
4176,0.0001,46
4177,0.0001,0
4178,0.0001,0
4179,0.0001,63
4180,0.0001,0
4181,0.0001,32
4182,0.0001,0
4183,0.0001,0
4184,0.0001,0
4185,0.0001,0
4186,0.0001,47
4187,0.0001,31
4188,0.0001,0
4189,0.0001,612
4190,0.0001,31
4191,0.0001,0
4192,0.0001,0
4193,0.0001,0
4194,0.0001,0
4195,0.0001,31
4196,0.0001,0
4197,0.0001,31
4198,0.0001,0
4199,0.0001,0
4200,0.0001,0
4201,0.0001,0
4202,0.0001,0
4203,0.0001,0
4204,0.0001,776
4205,0.0001,612
4206,0.0001,62
4207,0.0001,0
4208,0.0001,0
4209,0.0001,768
4210,0.0001,846
4211,0.0001,768
4212,0.0001,768
4213,0.0001,0
4214,0.0001,63
4215,0.0001,0
4216,0.0001,0
4217,0.0001,31
4218,0.0001,0
4219,0.0001,0
4220,0.0001,0
4221,0.0001,0
4222,0.0001,0
4223,0.0001,0
4224,0.0001,0
4225,0.0001,62
4226,0.0001,0
4227,0.0001,62
4228,0.0001,62
4229,0.0001,31
4230,0.0001,0
4231,0.0001,0
4232,0.0001,0
4233,0.0001,31
4234,0.0001,0
4235,0.0001,62
4236,0.0001,39
4237,0.0001,0
4238,0.0001,62
4239,0.0001,0
4240,0.0001,32
4241,0.0001,0
4242,0.0001,0
4243,0.0001,0
4244,0.0001,113
4245,0.0001,0
4246,0.0001,0
4247,0.0001,0
4248,0.0001,0
4249,0.0001,0
4250,0.0001,0
4251,0.0001,0
4252,0.0001,0
4253,0.0001,0
4254,0.0001,0
4255,0.0001,612
4256,0.0001,63
4257,0.0001,0
4258,0.0001,0
4259,0.0001,52
4260,0.0001,0
4261,0.0001,0
4262,0.0001,0
4263,0.0001,0
4264,0.0001,62
4265,0.0001,0
4266,0.0001,62
4267,0.0001,0
4268,0.0001,0
4269,0.0001,46
4270,0.0001,0
4271,0.0001,0
4272,0.0001,0
4273,0.0001,0
4274,0.0001,0
4275,0.0001,62
4276,0.0001,0
4277,0.0001,0
4278,0.0001,612
4279,0.0001,0
4280,0.0001,0
4281,0.0001,0
4282,0.0001,0
4283,0.0001,0
4284,0.0001,16
4285,0.0001,0
4286,0.0001,23
4287,0.0001,126
4288,0.0001,0
4289,0.0001,62
4290,0.0001,62
4291,0.0001,0
4292,0.0001,0
4293,0.0001,0
4294,0.0001,0
4295,0.0001,0
4296,0.0001,0
4297,0.0001,0
4298,0.0001,62
4299,0.0001,31
4300,0.0001,62
4301,0.0001,23
4302,0.0001,24
4303,0.0001,0
4304,0.0001,0
4305,0.0001,47
4306,0.0001,0
4307,0.0001,0
4308,0.0001,816
4309,0.0001,0
4310,0.0001,46
4311,0.0001,31
4312,0.0001,0
4313,0.0001,0
4314,0.0001,0
4315,0.0001,0
4316,0.0001,31
4317,0.0001,77
4318,0.0001,0
4319,0.0001,0
4320,0.0001,1342
4321,0.0001,39
4322,0.0001,31
4323,0.0001,0
4324,0.0001,0
4325,0.0001,0
4326,0.0001,0
4327,0.0001,62
4328,0.0001,46
4329,0.0001,0
4330,0.0001,0
4331,0.0001,768
4332,0.0001,62
4333,0.0001,0
4334,0.0001,0
4335,0.0001,26
4336,0.0001,0
4337,0.0001,0
4338,0.0001,62
4339,0.0001,21
4340,0.0001,0
4341,0.0001,0
4342,0.0001,32
4343,0.0001,0
4344,0.0001,0
4345,0.0001,62
4346,0.0001,108
4347,0.0001,62
4348,0.0001,0
4349,0.0001,0
4350,0.0001,0
4351,0.0001,0
4352,0.0001,0
4353,0.0001,62
4354,0.0001,0
4355,0.0001,0
4356,0.0001,0
4357,0.0001,82
4358,0.0001,0
4359,0.0001,0
4360,0.0001,0
4361,0.0001,0
4362,0.0001,0
4363,0.0001,0
4364,0.0001,93
4365,0.0001,0
4366,0.0001,0
4367,0.0001,612
4368,0.0001,0
4369,0.0001,0
4370,0.0001,82
4371,0.0001,82
4372,0.0001,0
4373,0.0001,0
4374,0.0001,46
4375,0.0001,0
4376,0.0001,0
4377,0.0001,0
4378,0.0001,31
4379,0.0001,62
4380,0.0001,612
4381,0.0001,0
4382,0.0001,0
4383,0.0001,0
4384,0.0001,16
4385,0.0001,0
4386,0.0001,0
4387,0.0001,0
4388,0.0001,16
4389,0.0001,0
4390,0.0001,0
4391,0.0001,0
4392,0.0001,0
4393,0.0001,0
4394,0.0001,0
4395,0.0001,776
4396,0.0001,0
4397,0.0001,0
4398,0.0001,776
4399,0.0001,0
4400,0.0001,0
4401,0.0001,0
4402,0.0001,776
4403,0.0001,0
4404,0.0001,0
4405,0.0001,0
4406,0.0001,62
4407,0.0001,0
4408,0.0001,0
4409,0.0001,0
4410,0.0001,62
4411,0.0001,0
4412,0.0001,0
4413,0.0001,0
4414,0.0001,768
4415,0.0001,0
4416,0.0001,674
4417,0.0001,41
4418,0.0001,0
4419,0.0001,0
4420,0.0001,0
4421,0.0001,0
4422,0.0001,0
4423,0.0001,0
4424,0.0001,0
4425,0.0001,46
4426,0.0001,0
4427,0.0001,62
4428,0.0001,62
4429,0.0001,63
4430,0.0001,0
4431,0.0001,0
4432,0.0001,0
4433,0.0001,63
4434,0.0001,62
4435,0.0001,0
4436,0.0001,92
4437,0.0001,0
4438,0.0001,0
4439,0.0001,16
4440,0.0001,0
4441,0.0001,0
4442,0.0001,82
4443,0.0001,0
4444,0.0001,0
4445,0.0001,0
4446,0.0001,0
4447,0.0001,46
4448,0.0001,0
4449,0.0001,0
4450,0.0001,0
4451,0.0001,651
4452,0.0001,0
4453,0.0001,740
4454,0.0001,0
4455,0.0001,46
4456,0.0001,0
4457,0.0001,62
4458,0.0001,46
4459,0.0001,0
4460,0.0001,46
4461,0.0001,31
4462,0.0001,23
4463,0.0001,0
4464,0.0001,0
4465,0.0001,0
4466,0.0001,0
4467,0.0001,0
4468,0.0001,776
4469,0.0001,0
4470,0.0001,0
4471,0.0001,62
4472,0.0001,0
4473,0.0001,0
4474,0.0001,0
4475,0.0001,0
4476,0.0001,23
4477,0.0001,0
4478,0.0001,0
4479,0.0001,31
4480,0.0001,0
4481,0.0001,0
4482,0.0001,62
4483,0.0001,46
4484,0.0001,31
4485,0.0001,134
4486,0.0001,62
4487,0.0001,0
4488,0.0001,0
4489,0.0001,822
4490,0.0001,0
4491,0.0001,0
4492,0.0001,62
4493,0.0001,31
4494,0.0001,0
4495,0.0001,0
4496,0.0001,0
4497,0.0001,0
4498,0.0001,23
4499,0.0001,0
4500,0.0001,0
4501,0.0001,0
4502,0.0001,0
4503,0.0001,0
4504,0.0001,0
4505,0.0001,31
4506,0.0001,0
4507,0.0001,41
4508,0.0001,0
4509,0.0001,0
4510,0.0001,0
4511,0.0001,23
4512,0.0001,0
4513,0.0001,0
4514,0.0001,82
4515,0.0001,0
4516,0.0001,0
4517,0.0001,62
4518,0.0001,0
4519,0.0001,46
4520,0.0001,46
4521,0.0001,1500
4522,0.0001,31
4523,0.0001,0
4524,0.0001,0
4525,0.0001,0
4526,0.0001,0
4527,0.0001,0
4528,0.0001,0
4529,0.0001,0
4530,0.0001,0
4531,0.0001,0
4532,0.0001,0
4533,0.0001,46
4534,0.0001,31
4535,0.0001,0
4536,0.0001,0
4537,0.0001,0
4538,0.0001,0
4539,0.0001,0
4540,0.0001,0
4541,0.0001,0
4542,0.0001,0
4543,0.0001,62
4544,0.0001,0
4545,0.0001,0
4546,0.0001,0
4547,0.0001,0
4548,0.0001,845
4549,0.0001,0
4550,0.0001,0
4551,0.0001,0
4552,0.0001,1425
4553,0.0001,23
4554,0.0001,0
4555,0.0001,0
4556,0.0001,46
4557,0.0001,0
4558,0.0001,21
4559,0.0001,0
4560,0.0001,23
4561,0.0001,31
4562,0.0001,0
4563,0.0001,0
4564,0.0001,0
4565,0.0001,0
4566,0.0001,1086
4567,0.0001,0
4568,0.0001,0
4569,0.0001,0
4570,0.0001,0
4571,0.0001,768
4572,0.0001,0
4573,0.0001,46
4574,0.0001,0
4575,0.0001,0
4576,0.0001,0
4577,0.0001,0
4578,0.0001,0
4579,0.0001,0
4580,0.0001,0
4581,0.0001,0
4582,0.0001,0
4583,0.0001,31
4584,0.0001,0
4585,0.0001,0
4586,0.0001,0
4587,0.0001,612
4588,0.0001,0
4589,0.0001,0
4590,0.0001,0
4591,0.0001,0
4592,0.0001,1044
4593,0.0001,0
4594,0.0001,0
4595,0.0001,0
4596,0.0001,0
4597,0.0001,0
4598,0.0001,0
4599,0.0001,0
4600,0.0001,82
4601,0.0001,62
4602,0.0001,0
4603,0.0001,0
4604,0.0001,0
4605,0.0001,0
4606,0.0001,0
4607,0.0001,0
4608,0.0001,0
4609,0.0001,0
4610,0.0001,0
4611,0.0001,0
4612,0.0001,0
4613,0.0001,0
4614,0.0001,62
4615,0.0001,0
4616,0.0001,0
4617,0.0001,612
4618,0.0001,62
4619,0.0001,0
4620,0.0001,0
4621,0.0001,0
4622,0.0001,0
4623,0.0001,0
4624,0.0001,62
4625,0.0001,47
4626,0.0001,31
4627,0.0001,0
4628,0.0001,0
4629,0.0001,0
4630,0.0001,0
4631,0.0001,0
4632,0.0001,0
4633,0.0001,0
4634,0.0001,0
4635,0.0001,0
4636,0.0001,0
4637,0.0001,0
4638,0.0001,0
4639,0.0001,0
4640,0.0001,63
4641,0.0001,0
4642,0.0001,0
4643,0.0001,0
4644,0.0001,643
4645,0.0001,103
4646,0.0001,658
4647,0.0001,0
4648,0.0001,1577
4649,0.0001,0
4650,0.0001,0
4651,0.0001,31
4652,0.0001,82
4653,0.0001,0
4654,0.0001,0
4655,0.0001,0
4656,0.0001,0
4657,0.0001,0
4658,0.0001,0
4659,0.0001,0
4660,0.0001,0
4661,0.0001,46
4662,0.0001,0
4663,0.0001,0
4664,0.0001,0
4665,0.0001,0
4666,0.0001,0
4667,0.0001,0
4668,0.0001,31
4669,0.0001,0
4670,0.0001,0
4671,0.0001,62
4672,0.0001,612
4673,0.0001,0
4674,0.0001,2376
4675,0.0001,46
4676,0.0001,23
4677,0.0001,0
4678,0.0001,16
4679,0.0001,46
4680,0.0001,0
4681,0.0001,0
4682,0.0001,47
4683,0.0001,62
4684,0.0001,0
4685,0.0001,0
4686,0.0001,0
4687,0.0001,0
4688,0.0001,0
4689,0.0001,0
4690,0.0001,0
4691,0.0001,31
4692,0.0001,169
4693,0.0001,108
4694,0.0001,0
4695,0.0001,0
4696,0.0001,0
4697,0.0001,0
4698,0.0001,0
4699,0.0001,31
4700,0.0001,62
4701,0.0001,31
4702,0.0001,31
4703,0.0001,0
4704,0.0001,0
4705,0.0001,62
4706,0.0001,93
4707,0.0001,0
4708,0.0001,0
4709,0.0001,0
4710,0.0001,31
4711,0.0001,0
4712,0.0001,62
4713,0.0001,62
4714,0.0001,1426
4715,0.0001,31
4716,0.0001,0
4717,0.0001,0
4718,0.0001,0
4719,0.0001,0
4720,0.0001,16
4721,0.0001,0
4722,0.0001,0
4723,0.0001,0
4724,0.0001,104
4725,0.0001,31
4726,0.0001,0
4727,0.0001,41
4728,0.0001,0
4729,0.0001,82
4730,0.0001,63
4731,0.0001,31
4732,0.0001,0
4733,0.0001,0
4734,0.0001,0
4735,0.0001,0
4736,0.0001,0
4737,0.0001,0
4738,0.0001,0
4739,0.0001,0
4740,0.0001,0
4741,0.0001,0
4742,0.0001,783
4743,0.0001,838
4744,0.0001,62
4745,0.0001,0
4746,0.0001,0
4747,0.0001,0
4748,0.0001,0
4749,0.0001,768
4750,0.0001,62
4751,0.0001,78
4752,0.0001,0
4753,0.0001,0
4754,0.0001,16
4755,0.0001,62
4756,0.0001,63
4757,0.0001,0
4758,0.0001,31
4759,0.0001,23
4760,0.0001,46
4761,0.0001,0
4762,0.0001,0
4763,0.0001,0
4764,0.0001,0
4765,0.0001,46
4766,0.0001,0
4767,0.0001,46
4768,0.0001,0
4769,0.0001,62
4770,0.0001,47
4771,0.0001,0
4772,0.0001,0
4773,0.0001,31
4774,0.0001,62
4775,0.0001,0
4776,0.0001,0
4777,0.0001,23
4778,0.0001,77
4779,0.0001,62
4780,0.0001,62
4781,0.0001,0
4782,0.0001,92
4783,0.0001,0
4784,0.0001,0
4785,0.0001,0
4786,0.0001,0
4787,0.0001,0
4788,0.0001,0
4789,0.0001,0
4790,0.0001,816
4791,0.0001,0
4792,0.0001,0
4793,0.0001,0
4794,0.0001,31
4795,0.0001,82
4796,0.0001,727
4797,0.0001,0
4798,0.0001,0
4799,0.0001,0
4800,0.0001,0
4801,0.0001,46
4802,0.0001,0
4803,0.0001,715
4804,0.0001,0
4805,0.0001,31
4806,0.0001,16
4807,0.0001,0
4808,0.0001,23
4809,0.0001,31
4810,0.0001,0
4811,0.0001,0
4812,0.0001,0
4813,0.0001,0
4814,0.0001,16
4815,0.0001,0
4816,0.0001,0
4817,0.0001,0
4818,0.0001,612
4819,0.0001,0
4820,0.0001,0
4821,0.0001,0
4822,0.0001,0
4823,0.0001,77
4824,0.0001,0
4825,0.0001,0
4826,0.0001,46
4827,0.0001,0
4828,0.0001,0
4829,0.0001,0
4830,0.0001,0
4831,0.0001,31
4832,0.0001,0
4833,0.0001,0
4834,0.0001,0
4835,0.0001,1523
4836,0.0001,31
4837,0.0001,31
4838,0.0001,77
4839,0.0001,0
4840,0.0001,0
4841,0.0001,0
4842,0.0001,0
4843,0.0001,0
4844,0.0001,0
4845,0.0001,768
4846,0.0001,46
4847,0.0001,0
4848,0.0001,0
4849,0.0001,0
4850,0.0001,0
4851,0.0001,768
4852,0.0001,0
4853,0.0001,0
4854,0.0001,0
4855,0.0001,16
4856,0.0001,0
4857,0.0001,0
4858,0.0001,0
4859,0.0001,23
4860,0.0001,612
4861,0.0001,1024
4862,0.0001,31
4863,0.0001,0
4864,0.0001,46
4865,0.0001,0
4866,0.0001,0
4867,0.0001,0
4868,0.0001,0
4869,0.0001,0
4870,0.0001,0
4871,0.0001,62
4872,0.0001,1488
4873,0.0001,0
4874,0.0001,16
4875,0.0001,31
4876,0.0001,0
4877,0.0001,0
4878,0.0001,0
4879,0.0001,0
4880,0.0001,0
4881,0.0001,0
4882,0.0001,0
4883,0.0001,860
4884,0.0001,0
4885,0.0001,0
4886,0.0001,0
4887,0.0001,0
4888,0.0001,0
4889,0.0001,0
4890,0.0001,612
4891,0.0001,0
4892,0.0001,0
4893,0.0001,0
4894,0.0001,0
4895,0.0001,31
4896,0.0001,776
4897,0.0001,62
4898,0.0001,0
4899,0.0001,0
4900,0.0001,0
4901,0.0001,63
4902,0.0001,46
4903,0.0001,31
4904,0.0001,0
4905,0.0001,31
4906,0.0001,63
4907,0.0001,0
4908,0.0001,31
4909,0.0001,0
4910,0.0001,62
4911,0.0001,0
4912,0.0001,62
4913,0.0001,0
4914,0.0001,0
4915,0.0001,0
4916,0.0001,612
4917,0.0001,0
4918,0.0001,612
4919,0.0001,0
4920,0.0001,0
4921,0.0001,0
4922,0.0001,0
4923,0.0001,0
4924,0.0001,0
4925,0.0001,0
4926,0.0001,0
4927,0.0001,0
4928,0.0001,0
4929,0.0001,0
4930,0.0001,0
4931,0.0001,0
4932,0.0001,0
4933,0.0001,0
4934,0.0001,768
4935,0.0001,0
4936,0.0001,0
4937,0.0001,0
4938,0.0001,768
4939,0.0001,0
4940,0.0001,0
4941,0.0001,0
4942,0.0001,62
4943,0.0001,873
4944,0.0001,799
4945,0.0001,0
4946,0.0001,0
4947,0.0001,0
4948,0.0001,1403
4949,0.0001,0
4950,0.0001,0
4951,0.0001,0
4952,0.0001,0
4953,0.0001,0
4954,0.0001,0
4955,0.0001,0
4956,0.0001,0
4957,0.0001,21
4958,0.0001,612
4959,0.0001,768
4960,0.0001,92
4961,0.0001,31
4962,0.0001,31
4963,0.0001,1063
4964,0.0001,0
4965,0.0001,62
4966,0.0001,0
4967,0.0001,31
4968,0.0001,62
4969,0.0001,0
4970,0.0001,0
4971,0.0001,16
4972,0.0001,47
4973,0.0001,16
4974,0.0001,0
4975,0.0001,0
4976,0.0001,0
4977,0.0001,0
4978,0.0001,0
4979,0.0001,0
4980,0.0001,0
4981,0.0001,0
4982,0.0001,0
4983,0.0001,0
4984,0.0001,0
4985,0.0001,0
4986,0.0001,0
4987,0.0001,0
4988,0.0001,0
4989,0.0001,0
4990,0.0001,31
4991,0.0001,0
4992,0.0001,0
4993,0.0001,46
4994,0.0001,0
4995,0.0001,0
4996,0.0001,1442
4997,0.0001,0
4998,0.0001,0
4999,0.0001,16
5000,0.0001,0
5001,0.0001,82
5002,0.0001,0
5003,0.0001,612
5004,0.0001,0
5005,0.0001,0
5006,0.0001,31
5007,0.0001,31
5008,0.0001,0
5009,0.0001,46
5010,0.0001,0
5011,0.0001,0
5012,0.0001,0
5013,0.0001,0
5014,0.0001,54
5015,0.0001,0
5016,0.0001,21
5017,0.0001,0
5018,0.0001,0
5019,0.0001,0
5020,0.0001,0
5021,0.0001,0
5022,0.0001,896
5023,0.0001,0
5024,0.0001,0
5025,0.0001,0
5026,0.0001,0
5027,0.0001,768
5028,0.0001,0
5029,0.0001,0
5030,0.0001,144
5031,0.0001,0
5032,0.0001,0
5033,0.0001,0
5034,0.0001,0
5035,0.0001,0
5036,0.0001,23
5037,0.0001,0
5038,0.0001,0
5039,0.0001,46
5040,0.0001,47
5041,0.0001,62
5042,0.0001,46
5043,0.0001,0
5044,0.0001,0
5045,0.0001,108
5046,0.0001,0
5047,0.0001,1024
5048,0.0001,0
5049,0.0001,1593
5050,0.0001,0
5051,0.0001,0
5052,0.0001,0
5053,0.0001,0
5054,0.0001,0
5055,0.0001,0
5056,0.0001,16
5057,0.0001,16
5058,0.0001,62
5059,0.0001,0
5060,0.0001,0
5061,0.0001,0
5062,0.0001,0
5063,0.0001,62
5064,0.0001,0
5065,0.0001,23
5066,0.0001,0
5067,0.0001,62
5068,0.0001,0
5069,0.0001,0
5070,0.0001,78
5071,0.0001,0
5072,0.0001,31
5073,0.0001,23
5074,0.0001,23
5075,0.0001,108
5076,0.0001,0
5077,0.0001,41
5078,0.0001,62
5079,0.0001,0
5080,0.0001,768
5081,0.0001,108
5082,0.0001,0
5083,0.0001,0
5084,0.0001,0
5085,0.0001,62
5086,0.0001,0
5087,0.0001,62
5088,0.0001,82
5089,0.0001,0
5090,0.0001,0
5091,0.0001,23
5092,0.0001,21
5093,0.0001,768
5094,0.0001,46
5095,0.0001,16
5096,0.0001,0
5097,0.0001,0
5098,0.0001,0
5099,0.0001,31
5100,0.0001,0
5101,0.0001,62
5102,0.0001,41
5103,0.0001,0
5104,0.0001,77
5105,0.0001,62
5106,0.0001,0
5107,0.0001,0
5108,0.0001,159
5109,0.0001,0
5110,0.0001,0
5111,0.0001,768
5112,0.0001,0
5113,0.0001,0
5114,0.0001,0
5115,0.0001,0
5116,0.0001,31
5117,0.0001,0
5118,0.0001,0
5119,0.0001,0
5120,0.0001,0
5121,0.0001,46
5122,0.0001,0
5123,0.0001,0
5124,0.0001,23
5125,0.0001,16
5126,0.0001,0
5127,0.0001,23
5128,0.0001,46
5129,0.0001,16
5130,0.0001,0
5131,0.0001,0
5132,0.0001,31
5133,0.0001,0
5134,0.0001,0
5135,0.0001,0
5136,0.0001,0
5137,0.0001,0
5138,0.0001,0
5139,0.0001,0
5140,0.0001,0
5141,0.0001,0
5142,0.0001,0
5143,0.0001,0
5144,0.0001,0
5145,0.0001,899
5146,0.0001,0
5147,0.0001,0
5148,0.0001,0
5149,0.0001,0
5150,0.0001,0
5151,0.0001,0
5152,0.0001,0
5153,0.0001,62
5154,0.0001,0
5155,0.0001,0
5156,0.0001,0
5157,0.0001,46
5158,0.0001,139
5159,0.0001,0
5160,0.0001,0
5161,0.0001,0
5162,0.0001,0
5163,0.0001,0
5164,0.0001,92
5165,0.0001,0
5166,0.0001,0
5167,0.0001,0
5168,0.0001,0
5169,0.0001,0
5170,0.0001,0
5171,0.0001,126
5172,0.0001,31
5173,0.0001,0
5174,0.0001,62
5175,0.0001,0
5176,0.0001,0
5177,0.0001,0
5178,0.0001,0
5179,0.0001,0
5180,0.0001,0
5181,0.0001,0
5182,0.0001,0
5183,0.0001,77
5184,0.0001,46
5185,0.0001,62
5186,0.0001,41
5187,0.0001,0
5188,0.0001,82
5189,0.0001,0
5190,0.0001,612
5191,0.0001,31
5192,0.0001,0
5193,0.0001,3145
5194,0.0001,0
5195,0.0001,0
5196,0.0001,0
5197,0.0001,0
5198,0.0001,0
5199,0.0001,31
5200,0.0001,0
5201,0.0001,82
5202,0.0001,0
5203,0.0001,63
5204,0.0001,0
5205,0.0001,84
5206,0.0001,0
5207,0.0001,0
5208,0.0001,0
5209,0.0001,0
5210,0.0001,0
5211,0.0001,0
5212,0.0001,0
5213,0.0001,0
5214,0.0001,0
5215,0.0001,16
5216,0.0001,47
5217,0.0001,0
5218,0.0001,0
5219,0.0001,0
5220,0.0001,0
5221,0.0001,658
5222,0.0001,46
5223,0.0001,0
5224,0.0001,0
5225,0.0001,0
5226,0.0001,0
5227,0.0001,41
5228,0.0001,0
5229,0.0001,0
5230,0.0001,0
5231,0.0001,0
5232,0.0001,31
5233,0.0001,0
5234,0.0001,0
5235,0.0001,0
5236,0.0001,0
5237,0.0001,47
5238,0.0001,0
5239,0.0001,0
5240,0.0001,0
5241,0.0001,0
5242,0.0001,0
5243,0.0001,63
5244,0.0001,0
5245,0.0001,658
5246,0.0001,0
5247,0.0001,31
5248,0.0001,47
5249,0.0001,0
5250,0.0001,0
5251,0.0001,0
5252,0.0001,0
5253,0.0001,62
5254,0.0001,0
5255,0.0001,0
5256,0.0001,0
5257,0.0001,0
5258,0.0001,0
5259,0.0001,0
5260,0.0001,0
5261,0.0001,799
5262,0.0001,0
5263,0.0001,31
5264,0.0001,0
5265,0.0001,31
5266,0.0001,783
5267,0.0001,31
5268,0.0001,0
5269,0.0001,0
5270,0.0001,0
5271,0.0001,0
5272,0.0001,830
5273,0.0001,0
5274,0.0001,768
5275,0.0001,768
5276,0.0001,0
5277,0.0001,0
5278,0.0001,0
5279,0.0001,62
5280,0.0001,16
5281,0.0001,0
5282,0.0001,0
5283,0.0001,0
5284,0.0001,0
5285,0.0001,0
5286,0.0001,23
5287,0.0001,0
5288,0.0001,84
5289,0.0001,54
5290,0.0001,31
5291,0.0001,0
5292,0.0001,0
5293,0.0001,62
5294,0.0001,0
5295,0.0001,0
5296,0.0001,31
5297,0.0001,0
5298,0.0001,0
5299,0.0001,0
5300,0.0001,0
5301,0.0001,0
5302,0.0001,0
5303,0.0001,0
5304,0.0001,0
5305,0.0001,62
5306,0.0001,123
5307,0.0001,0
5308,0.0001,0
5309,0.0001,0
5310,0.0001,0
5311,0.0001,62
5312,0.0001,0
5313,0.0001,0
5314,0.0001,0
5315,0.0001,0
5316,0.0001,0
5317,0.0001,0
5318,0.0001,0
5319,0.0001,862
5320,0.0001,0
5321,0.0001,46
5322,0.0001,0
5323,0.0001,62
5324,0.0001,0
5325,0.0001,109
5326,0.0001,0
5327,0.0001,0
5328,0.0001,0
5329,0.0001,0
5330,0.0001,0
5331,0.0001,31
5332,0.0001,0
5333,0.0001,46
5334,0.0001,82
5335,0.0001,0
5336,0.0001,812
5337,0.0001,16
5338,0.0001,0
5339,0.0001,0
5340,0.0001,0
5341,0.0001,0
5342,0.0001,0
5343,0.0001,21
5344,0.0001,0
5345,0.0001,0
5346,0.0001,79
5347,0.0001,0
5348,0.0001,0
5349,0.0001,639
5350,0.0001,0
5351,0.0001,0
5352,0.0001,0
5353,0.0001,0
5354,0.0001,23
5355,0.0001,0
5356,0.0001,0
5357,0.0001,0
5358,0.0001,46
5359,0.0001,823
5360,0.0001,62
5361,0.0001,62
5362,0.0001,0
5363,0.0001,0
5364,0.0001,0
5365,0.0001,0
5366,0.0001,0
5367,0.0001,0
5368,0.0001,0
5369,0.0001,0
5370,0.0001,31
5371,0.0001,31
5372,0.0001,0
5373,0.0001,783
5374,0.0001,0
5375,0.0001,0
5376,0.0001,0
5377,0.0001,0
5378,0.0001,0
5379,0.0001,0
5380,0.0001,0
5381,0.0001,0
5382,0.0001,0
5383,0.0001,0
5384,0.0001,0
5385,0.0001,0
5386,0.0001,0
5387,0.0001,0
5388,0.0001,0
5389,0.0001,0
5390,0.0001,16
5391,0.0001,0
5392,0.0001,23
5393,0.0001,62
5394,0.0001,46
5395,0.0001,0
5396,0.0001,768
5397,0.0001,0
5398,0.0001,0
5399,0.0001,0
5400,0.0001,31
5401,0.0001,21
5402,0.0001,0
5403,0.0001,0
5404,0.0001,46
5405,0.0001,0
5406,0.0001,0
5407,0.0001,0
5408,0.0001,31
5409,0.0001,0
5410,0.0001,0
5411,0.0001,31
5412,0.0001,85
5413,0.0001,0
5414,0.0001,108
5415,0.0001,0
5416,0.0001,154
5417,0.0001,1086
5418,0.0001,0
5419,0.0001,0
5420,0.0001,62
5421,0.0001,0
5422,0.0001,23
5423,0.0001,0
5424,0.0001,94
5425,0.0001,0
5426,0.0001,0
5427,0.0001,16
5428,0.0001,62
5429,0.0001,0
5430,0.0001,0
5431,0.0001,0
5432,0.0001,0
5433,0.0001,0
5434,0.0001,666
5435,0.0001,85
5436,0.0001,98
5437,0.0001,0
5438,0.0001,82
5439,0.0001,0
5440,0.0001,0
5441,0.0001,0
5442,0.0001,62
5443,0.0001,0
5444,0.0001,0
5445,0.0001,46
5446,0.0001,0
5447,0.0001,0
5448,0.0001,0
5449,0.0001,23
5450,0.0001,0
5451,0.0001,23
5452,0.0001,0
5453,0.0001,0
5454,0.0001,776
5455,0.0001,31
5456,0.0001,0
5457,0.0001,768
5458,0.0001,4133
5459,0.0001,0
5460,0.0001,0
5461,0.0001,0
5462,0.0001,0
5463,0.0001,0
5464,0.0001,46
5465,0.0001,62
5466,0.0001,0
5467,0.0001,0
5468,0.0001,0
5469,0.0001,0
5470,0.0001,0
5471,0.0001,0
5472,0.0001,0
5473,0.0001,62
5474,0.0001,0
5475,0.0001,63
5476,0.0001,0
5477,0.0001,102
5478,0.0001,853
5479,0.0001,0
5480,0.0001,0
5481,0.0001,0
5482,0.0001,31
5483,0.0001,0
5484,0.0001,0
5485,0.0001,31
5486,0.0001,24
5487,0.0001,0
5488,0.0001,0
5489,0.0001,16
5490,0.0001,31
5491,0.0001,0
5492,0.0001,2174
5493,0.0001,0
5494,0.0001,3134
5495,0.0001,0
5496,0.0001,0
5497,0.0001,0
5498,0.0001,0
5499,0.0001,0
5500,0.0001,0
5501,0.0001,0
5502,0.0001,0
5503,0.0001,0
5504,0.0001,0
5505,0.0001,0
5506,0.0001,0
5507,0.0001,0
5508,0.0001,0
5509,0.0001,0
5510,0.0001,0
5511,0.0001,0
5512,0.0001,0
5513,0.0001,0
5514,0.0001,100
5515,0.0001,0
5516,0.0001,0
5517,0.0001,0
5518,0.0001,62
5519,0.0001,0
5520,0.0001,0
5521,0.0001,1024
5522,0.0001,0
5523,0.0001,23
5524,0.0001,0
5525,0.0001,0
5526,0.0001,0
5527,0.0001,0
5528,0.0001,0
5529,0.0001,0
5530,0.0001,0
5531,0.0001,62
5532,0.0001,62
5533,0.0001,0
5534,0.0001,0
5535,0.0001,0
5536,0.0001,0
5537,0.0001,0
5538,0.0001,612
5539,0.0001,0
5540,0.0001,0
5541,0.0001,46
5542,0.0001,666
5543,0.0001,768
5544,0.0001,870
5545,0.0001,0
5546,0.0001,0
5547,0.0001,0
5548,0.0001,0
5549,0.0001,0
5550,0.0001,0
5551,0.0001,0
5552,0.0001,0
5553,0.0001,146
5554,0.0001,0
5555,0.0001,0
5556,0.0001,0
5557,0.0001,0
5558,0.0001,0
5559,0.0001,0
5560,0.0001,31
5561,0.0001,0
5562,0.0001,0
5563,0.0001,0
5564,0.0001,0
5565,0.0001,0
5566,0.0001,46
5567,0.0001,31
5568,0.0001,31
5569,0.0001,0
5570,0.0001,1516
5571,0.0001,0
5572,0.0001,0
5573,0.0001,0
5574,0.0001,0
5575,0.0001,31
5576,0.0001,0
5577,0.0001,16
5578,0.0001,46
5579,0.0001,0
5580,0.0001,0
5581,0.0001,62
5582,0.0001,0
5583,0.0001,23
5584,0.0001,46
5585,0.0001,0
5586,0.0001,0
5587,0.0001,0
5588,0.0001,0
5589,0.0001,46
5590,0.0001,46
5591,0.0001,612
5592,0.0001,0
5593,0.0001,31
5594,0.0001,0
5595,0.0001,830
5596,0.0001,0
5597,0.0001,0
5598,0.0001,768
5599,0.0001,0
5600,0.0001,62
5601,0.0001,46
5602,0.0001,0
5603,0.0001,62
5604,0.0001,0
5605,0.0001,0
5606,0.0001,0
5607,0.0001,41
5608,0.0001,0
5609,0.0001,893
5610,0.0001,62
5611,0.0001,0
5612,0.0001,114
5613,0.0001,612
5614,0.0001,0
5615,0.0001,41
5616,0.0001,0
5617,0.0001,0
5618,0.0001,16
5619,0.0001,47
5620,0.0001,62
5621,0.0001,0
5622,0.0001,0
5623,0.0001,41
5624,0.0001,0
5625,0.0001,0
5626,0.0001,0
5627,0.0001,0
5628,0.0001,0
5629,0.0001,0
5630,0.0001,62
5631,0.0001,62
5632,0.0001,46
5633,0.0001,0
5634,0.0001,46
5635,0.0001,0
5636,0.0001,0
5637,0.0001,46
5638,0.0001,0
5639,0.0001,41
5640,0.0001,0
5641,0.0001,0
5642,0.0001,0
5643,0.0001,23
5644,0.0001,0
5645,0.0001,768
5646,0.0001,47
5647,0.0001,0
5648,0.0001,46
5649,0.0001,0
5650,0.0001,1628
5651,0.0001,0
5652,0.0001,82
5653,0.0001,0
5654,0.0001,0
5655,0.0001,0
5656,0.0001,0
5657,0.0001,82
5658,0.0001,0
5659,0.0001,0
5660,0.0001,0
5661,0.0001,768
5662,0.0001,0
5663,0.0001,0
5664,0.0001,0
5665,0.0001,0
5666,0.0001,16
5667,0.0001,0
5668,0.0001,16
5669,0.0001,16
5670,0.0001,0
5671,0.0001,0
5672,0.0001,23
5673,0.0001,77
5674,0.0001,0
5675,0.0001,0
5676,0.0001,62
5677,0.0001,0
5678,0.0001,814
5679,0.0001,0
5680,0.0001,77
5681,0.0001,0
5682,0.0001,16
5683,0.0001,23
5684,0.0001,63
5685,0.0001,0
5686,0.0001,0
5687,0.0001,768
5688,0.0001,0
5689,0.0001,63
5690,0.0001,0
5691,0.0001,0
5692,0.0001,31
5693,0.0001,0
5694,0.0001,0
5695,0.0001,0
5696,0.0001,0
5697,0.0001,24
5698,0.0001,0
5699,0.0001,0
5700,0.0001,0
5701,0.0001,0
5702,0.0001,0
5703,0.0001,3114
5704,0.0001,0
5705,0.0001,0
5706,0.0001,0
5707,0.0001,0
5708,0.0001,0
5709,0.0001,837
5710,0.0001,0
5711,0.0001,0
5712,0.0001,0
5713,0.0001,62
5714,0.0001,0
5715,0.0001,0
5716,0.0001,0
5717,0.0001,0
5718,0.0001,0
5719,0.0001,0
5720,0.0001,0
5721,0.0001,0
5722,0.0001,62
5723,0.0001,31
5724,0.0001,0
5725,0.0001,0
5726,0.0001,0
5727,0.0001,0
5728,0.0001,0
5729,0.0001,46
5730,0.0001,0
5731,0.0001,46
5732,0.0001,0
5733,0.0001,0
5734,0.0001,0
5735,0.0001,82
5736,0.0001,31
5737,0.0001,0
5738,0.0001,0
5739,0.0001,47
5740,0.0001,0
5741,0.0001,0
5742,0.0001,0
5743,0.0001,0
5744,0.0001,0
5745,0.0001,0
5746,0.0001,0
5747,0.0001,0
5748,0.0001,612
5749,0.0001,0
5750,0.0001,0
5751,0.0001,0
5752,0.0001,0
5753,0.0001,0
5754,0.0001,0
5755,0.0001,0
5756,0.0001,0
5757,0.0001,0
5758,0.0001,0
5759,0.0001,0
5760,0.0001,82
5761,0.0001,0
5762,0.0001,0
5763,0.0001,62
5764,0.0001,0
5765,0.0001,0
5766,0.0001,0
5767,0.0001,0
5768,0.0001,0
5769,0.0001,23
5770,0.0001,0
5771,0.0001,0
5772,0.0001,23
5773,0.0001,0
5774,0.0001,0
5775,0.0001,0
5776,0.0001,0
5777,0.0001,0
5778,0.0001,0
5779,0.0001,0
5780,0.0001,0
5781,0.0001,0
5782,0.0001,0
5783,0.0001,62
5784,0.0001,47
5785,0.0001,62
5786,0.0001,0
5787,0.0001,108
5788,0.0001,62
5789,0.0001,0
5790,0.0001,0
5791,0.0001,0
5792,0.0001,0
5793,0.0001,0
5794,0.0001,0
5795,0.0001,0
5796,0.0001,0
5797,0.0001,23
5798,0.0001,0
5799,0.0001,0
5800,0.0001,612
5801,0.0001,62
5802,0.0001,0
5803,0.0001,891
5804,0.0001,0
5805,0.0001,0
5806,0.0001,0
5807,0.0001,0
5808,0.0001,0
5809,0.0001,0
5810,0.0001,1500
5811,0.0001,16
5812,0.0001,0
5813,0.0001,16
5814,0.0001,0
5815,0.0001,0
5816,0.0001,62
5817,0.0001,0
5818,0.0001,0
5819,0.0001,46
5820,0.0001,0
5821,0.0001,0
5822,0.0001,0
5823,0.0001,0
5824,0.0001,108
5825,0.0001,0
5826,0.0001,0
5827,0.0001,16
5828,0.0001,0
5829,0.0001,46
5830,0.0001,0
5831,0.0001,0
5832,0.0001,62
5833,0.0001,16
5834,0.0001,0
5835,0.0001,0
5836,0.0001,799
5837,0.0001,0
5838,0.0001,0
5839,0.0001,0
5840,0.0001,0
5841,0.0001,0
5842,0.0001,46
5843,0.0001,0
5844,0.0001,0
5845,0.0001,0
5846,0.0001,0
5847,0.0001,1645
5848,0.0001,1403
5849,0.0001,16
5850,0.0001,0
5851,0.0001,0
5852,0.0001,0
5853,0.0001,0
5854,0.0001,0
5855,0.0001,0
5856,0.0001,0
5857,0.0001,0
5858,0.0001,0
5859,0.0001,0
5860,0.0001,0
5861,0.0001,0
5862,0.0001,0
5863,0.0001,0
5864,0.0001,1608
5865,0.0001,16
5866,0.0001,31
5867,0.0001,0
5868,0.0001,0
5869,0.0001,0
5870,0.0001,62
5871,0.0001,0
5872,0.0001,0
5873,0.0001,0
5874,0.0001,0
5875,0.0001,31
5876,0.0001,0
5877,0.0001,0
5878,0.0001,0
5879,0.0001,0
5880,0.0001,0
5881,0.0001,0
5882,0.0001,1500
5883,0.0001,0
5884,0.0001,31
5885,0.0001,0
5886,0.0001,154
5887,0.0001,0
5888,0.0001,0
5889,0.0001,0
5890,0.0001,0
5891,0.0001,814
5892,0.0001,62
5893,0.0001,0
5894,0.0001,0
5895,0.0001,0
5896,0.0001,643
5897,0.0001,0
5898,0.0001,0
5899,0.0001,0
5900,0.0001,0
5901,0.0001,62
5902,0.0001,31
5903,0.0001,814
5904,0.0001,0
5905,0.0001,0
5906,0.0001,31
5907,0.0001,0
5908,0.0001,0
5909,0.0001,0
5910,0.0001,0
5911,0.0001,82
5912,0.0001,0
5913,0.0001,62
5914,0.0001,0
5915,0.0001,0
5916,0.0001,0
5917,0.0001,0
5918,0.0001,0
5919,0.0001,0
5920,0.0001,0
5921,0.0001,46
5922,0.0001,0
5923,0.0001,0
5924,0.0001,0
5925,0.0001,674
5926,0.0001,0
5927,0.0001,0
5928,0.0001,0
5929,0.0001,0
5930,0.0001,0
5931,0.0001,0
5932,0.0001,0
5933,0.0001,0
5934,0.0001,41
5935,0.0001,0
5936,0.0001,0
5937,0.0001,0
5938,0.0001,31
5939,0.0001,0
5940,0.0001,0
5941,0.0001,0
5942,0.0001,0
5943,0.0001,0
5944,0.0001,0
5945,0.0001,54
5946,0.0001,0
5947,0.0001,0
5948,0.0001,799
5949,0.0001,0
5950,0.0001,21
5951,0.0001,46
5952,0.0001,154
5953,0.0001,0
5954,0.0001,31
5955,0.0001,815
5956,0.0001,0
5957,0.0001,0
5958,0.0001,0
5959,0.0001,0
5960,0.0001,0
5961,0.0001,62
5962,0.0001,46
5963,0.0001,0
5964,0.0001,31
5965,0.0001,0
5966,0.0001,0
5967,0.0001,0
5968,0.0001,133
5969,0.0001,0
5970,0.0001,0
5971,0.0001,0
5972,0.0001,0
5973,0.0001,0
5974,0.0001,0
5975,0.0001,0
5976,0.0001,46
5977,0.0001,0
5978,0.0001,0
5979,0.0001,0
5980,0.0001,0
5981,0.0001,46
5982,0.0001,0
5983,0.0001,23
5984,0.0001,0
5985,0.0001,0
5986,0.0001,0
5987,0.0001,31
5988,0.0001,31
5989,0.0001,0
5990,0.0001,54
5991,0.0001,82
5992,0.0001,0
5993,0.0001,0
5994,0.0001,0
5995,0.0001,0
5996,0.0001,0
5997,0.0001,1403
5998,0.0001,46
5999,0.0001,0
6000,0.0001,46
6001,0.0001,0
6002,0.0001,0
6003,0.0001,0
6004,0.0001,0
6005,0.0001,0
6006,0.0001,0
6007,0.0001,0
6008,0.0001,0
6009,0.0001,0
6010,0.0001,0
6011,0.0001,0
6012,0.0001,16
6013,0.0001,62
6014,0.0001,0
6015,0.0001,0
6016,0.0001,46
6017,0.0001,0
6018,0.0001,16
6019,0.0001,0
6020,0.0001,46
6021,0.0001,0
6022,0.0001,0
6023,0.0001,0
6024,0.0001,0
6025,0.0001,0
6026,0.0001,0
6027,0.0001,0
6028,0.0001,816
6029,0.0001,0
6030,0.0001,0
6031,0.0001,41
6032,0.0001,0
6033,0.0001,0
6034,0.0001,46
6035,0.0001,0
6036,0.0001,0
6037,0.0001,0
6038,0.0001,776
6039,0.0001,0
6040,0.0001,0
6041,0.0001,82
6042,0.0001,0
6043,0.0001,0
6044,0.0001,46
6045,0.0001,0
6046,0.0001,0
6047,0.0001,846
6048,0.0001,23
6049,0.0001,768
6050,0.0001,0
6051,0.0001,0
6052,0.0001,31
6053,0.0001,31
6054,0.0001,0
6055,0.0001,23
6056,0.0001,3111
6057,0.0001,0
6058,0.0001,0
6059,0.0001,108
6060,0.0001,0
6061,0.0001,0
6062,0.0001,0
6063,0.0001,0
6064,0.0001,31
6065,0.0001,41
6066,0.0001,768
6067,0.0001,0
6068,0.0001,0
6069,0.0001,46
6070,0.0001,47
6071,0.0001,62
6072,0.0001,31
6073,0.0001,0
6074,0.0001,0
6075,0.0001,31
6076,0.0001,0
6077,0.0001,0
6078,0.0001,46
6079,0.0001,0
6080,0.0001,0
6081,0.0001,1434
6082,0.0001,31
6083,0.0001,0
6084,0.0001,0
6085,0.0001,0
6086,0.0001,0
6087,0.0001,0
6088,0.0001,16
6089,0.0001,31
6090,0.0001,0
6091,0.0001,0
6092,0.0001,0
6093,0.0001,768
6094,0.0001,62
6095,0.0001,62
6096,0.0001,0
6097,0.0001,0
6098,0.0001,0
6099,0.0001,0
6100,0.0001,21
6101,0.0001,0
6102,0.0001,0
6103,0.0001,0
6104,0.0001,0
6105,0.0001,0
6106,0.0001,0
6107,0.0001,0
6108,0.0001,16
6109,0.0001,46
6110,0.0001,0
6111,0.0001,0
6112,0.0001,0
6113,0.0001,0
6114,0.0001,0
6115,0.0001,0
6116,0.0001,0
6117,0.0001,0
6118,0.0001,0
6119,0.0001,0
6120,0.0001,0
6121,0.0001,0
6122,0.0001,0
6123,0.0001,0
6124,0.0001,0
6125,0.0001,82
6126,0.0001,0
6127,0.0001,612
6128,0.0001,0
6129,0.0001,0
6130,0.0001,0
6131,0.0001,0
6132,0.0001,743
6133,0.0001,23
6134,0.0001,0
6135,0.0001,31
6136,0.0001,0
6137,0.0001,46
6138,0.0001,0
6139,0.0001,0
6140,0.0001,0
6141,0.0001,0
6142,0.0001,23
6143,0.0001,0
6144,0.0001,814
6145,0.0001,62
6146,0.0001,0
6147,0.0001,0
6148,0.0001,0
6149,0.0001,62
6150,0.0001,85
6151,0.0001,0
6152,0.0001,0
6153,0.0001,0
6154,0.0001,0
6155,0.0001,62
6156,0.0001,0
6157,0.0001,0
6158,0.0001,0
6159,0.0001,0
6160,0.0001,0
6161,0.0001,0
6162,0.0001,0
6163,0.0001,0
6164,0.0001,46
6165,0.0001,0
6166,0.0001,23
6167,0.0001,0
6168,0.0001,31
6169,0.0001,0
6170,0.0001,62
6171,0.0001,0
6172,0.0001,31
6173,0.0001,0
6174,0.0001,0
6175,0.0001,0
6176,0.0001,0
6177,0.0001,0
6178,0.0001,46
6179,0.0001,0
6180,0.0001,62
6181,0.0001,0
6182,0.0001,0
6183,0.0001,0
6184,0.0001,0
6185,0.0001,31
6186,0.0001,0
6187,0.0001,618
6188,0.0001,62
6189,0.0001,47
6190,0.0001,0
6191,0.0001,0
6192,0.0001,0
6193,0.0001,0
6194,0.0001,41
6195,0.0001,108
6196,0.0001,0
6197,0.0001,0
6198,0.0001,46
6199,0.0001,62
6200,0.0001,0
6201,0.0001,31
6202,0.0001,0
6203,0.0001,63
6204,0.0001,31
6205,0.0001,54
6206,0.0001,612
6207,0.0001,0
6208,0.0001,0
6209,0.0001,0
6210,0.0001,21
6211,0.0001,0
6212,0.0001,0
6213,0.0001,0
6214,0.0001,0
6215,0.0001,612
6216,0.0001,0
6217,0.0001,0
6218,0.0001,128
6219,0.0001,0
6220,0.0001,0
6221,0.0001,0
6222,0.0001,105
6223,0.0001,0
6224,0.0001,0
6225,0.0001,814
6226,0.0001,46
6227,0.0001,31
6228,0.0001,0
6229,0.0001,0
6230,0.0001,0
6231,0.0001,0
6232,0.0001,0
6233,0.0001,768
6234,0.0001,0
6235,0.0001,0
6236,0.0001,0
6237,0.0001,21
6238,0.0001,0
6239,0.0001,62
6240,0.0001,62
6241,0.0001,46
6242,0.0001,0
6243,0.0001,0
6244,0.0001,0
6245,0.0001,23
6246,0.0001,0
6247,0.0001,46
6248,0.0001,0
6249,0.0001,0
6250,0.0001,0
6251,0.0001,768
6252,0.0001,0
6253,0.0001,0
6254,0.0001,62
6255,0.0001,0
6256,0.0001,0
6257,0.0001,0
6258,0.0001,0
6259,0.0001,0
6260,0.0001,0
6261,0.0001,0
6262,0.0001,0
6263,0.0001,31
6264,0.0001,0
6265,0.0001,82
6266,0.0001,0
6267,0.0001,0
6268,0.0001,31
6269,0.0001,108
6270,0.0001,0
6271,0.0001,0
6272,0.0001,82
6273,0.0001,0
6274,0.0001,62
6275,0.0001,0
6276,0.0001,0
6277,0.0001,0
6278,0.0001,1024
6279,0.0001,0
6280,0.0001,62
6281,0.0001,0
6282,0.0001,149
6283,0.0001,0
6284,0.0001,0
6285,0.0001,0
6286,0.0001,3303
6287,0.0001,0
6288,0.0001,46
6289,0.0001,0
6290,0.0001,62
6291,0.0001,0
6292,0.0001,861
6293,0.0001,23
6294,0.0001,0
6295,0.0001,21
6296,0.0001,0
6297,0.0001,0
6298,0.0001,47
6299,0.0001,77
6300,0.0001,23
6301,0.0001,0
6302,0.0001,0
6303,0.0001,0
6304,0.0001,0
6305,0.0001,768
6306,0.0001,77
6307,0.0001,0
6308,0.0001,1500
6309,0.0001,62
6310,0.0001,0
6311,0.0001,0
6312,0.0001,0
6313,0.0001,776
6314,0.0001,0
6315,0.0001,0
6316,0.0001,0
6317,0.0001,0
6318,0.0001,23
6319,0.0001,0
6320,0.0001,0
6321,0.0001,31
6322,0.0001,46
6323,0.0001,0
6324,0.0001,31
6325,0.0001,0
6326,0.0001,612
6327,0.0001,0
6328,0.0001,0
6329,0.0001,113
6330,0.0001,0
6331,0.0001,0
6332,0.0001,23
6333,0.0001,0
6334,0.0001,0
6335,0.0001,0
6336,0.0001,62
6337,0.0001,41
6338,0.0001,0
6339,0.0001,47
6340,0.0001,0
6341,0.0001,0
6342,0.0001,16
6343,0.0001,0
6344,0.0001,0
6345,0.0001,0
6346,0.0001,0
6347,0.0001,0
6348,0.0001,62
6349,0.0001,768
6350,0.0001,31
6351,0.0001,0
6352,0.0001,0
6353,0.0001,0
6354,0.0001,768
6355,0.0001,31
6356,0.0001,16
6357,0.0001,46
6358,0.0001,62
6359,0.0001,92
6360,0.0001,62
6361,0.0001,0
6362,0.0001,0
6363,0.0001,0
6364,0.0001,62
6365,0.0001,0
6366,0.0001,0
6367,0.0001,62
6368,0.0001,0
6369,0.0001,84
6370,0.0001,0
6371,0.0001,0
6372,0.0001,0
6373,0.0001,0
6374,0.0001,0
6375,0.0001,0
6376,0.0001,0
6377,0.0001,0
6378,0.0001,62
6379,0.0001,0
6380,0.0001,0
6381,0.0001,0
6382,0.0001,0
6383,0.0001,0
6384,0.0001,0
6385,0.0001,24
6386,0.0001,0
6387,0.0001,2555
6388,0.0001,0
6389,0.0001,23
6390,0.0001,0
6391,0.0001,31
6392,0.0001,0
6393,0.0001,0
6394,0.0001,0
6395,0.0001,0
6396,0.0001,0
6397,0.0001,0
6398,0.0001,0
6399,0.0001,0
6400,0.0001,0
6401,0.0001,0
6402,0.0001,0
6403,0.0001,0
6404,0.0001,32
6405,0.0001,0
6406,0.0001,0
6407,0.0001,0
6408,0.0001,16
6409,0.0001,0
6410,0.0001,62
6411,0.0001,140
6412,0.0001,54
6413,0.0001,0
6414,0.0001,0
6415,0.0001,0
6416,0.0001,0
6417,0.0001,0
6418,0.0001,0
6419,0.0001,0
6420,0.0001,82
6421,0.0001,0
6422,0.0001,0
6423,0.0001,0
6424,0.0001,0
6425,0.0001,62
6426,0.0001,0
6427,0.0001,0
6428,0.0001,62
6429,0.0001,0
6430,0.0001,0
6431,0.0001,31
6432,0.0001,0
6433,0.0001,0
6434,0.0001,31
6435,0.0001,46
6436,0.0001,0
6437,0.0001,0
6438,0.0001,0
6439,0.0001,0
6440,0.0001,0
6441,0.0001,62
6442,0.0001,0
6443,0.0001,0
6444,0.0001,0
6445,0.0001,0
6446,0.0001,0
6447,0.0001,125
6448,0.0001,0
6449,0.0001,0
6450,0.0001,0
6451,0.0001,0
6452,0.0001,776
6453,0.0001,0
6454,0.0001,0
6455,0.0001,0
6456,0.0001,0
6457,0.0001,0
6458,0.0001,47
6459,0.0001,0
6460,0.0001,0
6461,0.0001,0
6462,0.0001,0
6463,0.0001,0
6464,0.0001,0
6465,0.0001,776
6466,0.0001,871
6467,0.0001,0
6468,0.0001,0
6469,0.0001,0
6470,0.0001,0
6471,0.0001,62
6472,0.0001,0
6473,0.0001,0
6474,0.0001,720
6475,0.0001,0
6476,0.0001,0
6477,0.0001,0
6478,0.0001,768
6479,0.0001,0
6480,0.0001,16
6481,0.0001,31
6482,0.0001,0
6483,0.0001,24
6484,0.0001,0
6485,0.0001,46
6486,0.0001,0
6487,0.0001,768
6488,0.0001,0
6489,0.0001,46
6490,0.0001,0
6491,0.0001,0
6492,0.0001,0
6493,0.0001,0
6494,0.0001,62
6495,0.0001,62
6496,0.0001,1116
6497,0.0001,0
6498,0.0001,46
6499,0.0001,62
6500,0.0001,0
6501,0.0001,0
6502,0.0001,62
6503,0.0001,816
6504,0.0001,612
6505,0.0001,47
6506,0.0001,0
6507,0.0001,0
6508,0.0001,98
6509,0.0001,77
6510,0.0001,21
6511,0.0001,0
6512,0.0001,0
6513,0.0001,0
6514,0.0001,0
6515,0.0001,0
6516,0.0001,0
6517,0.0001,0
6518,0.0001,0
6519,0.0001,0
6520,0.0001,0
6521,0.0001,31
6522,0.0001,0
6523,0.0001,0
6524,0.0001,0
6525,0.0001,0
6526,0.0001,0
6527,0.0001,0
6528,0.0001,62
6529,0.0001,0
6530,0.0001,907
6531,0.0001,62
6532,0.0001,62
6533,0.0001,0
6534,0.0001,799
6535,0.0001,776
6536,0.0001,46
6537,0.0001,1698
6538,0.0001,23
6539,0.0001,0
6540,0.0001,46
6541,0.0001,0
6542,0.0001,0
6543,0.0001,0
6544,0.0001,0
6545,0.0001,0
6546,0.0001,0
6547,0.0001,0
6548,0.0001,0
6549,0.0001,0
6550,0.0001,0
6551,0.0001,0
6552,0.0001,82
6553,0.0001,674
6554,0.0001,62
6555,0.0001,16
6556,0.0001,0
6557,0.0001,62
6558,0.0001,0
6559,0.0001,23
6560,0.0001,0
6561,0.0001,0
6562,0.0001,0
6563,0.0001,0
6564,0.0001,0
6565,0.0001,0
6566,0.0001,0
6567,0.0001,0
6568,0.0001,0
6569,0.0001,46
6570,0.0001,0
6571,0.0001,0
6572,0.0001,82
6573,0.0001,62
6574,0.0001,0
6575,0.0001,0
6576,0.0001,705
6577,0.0001,0
6578,0.0001,0
6579,0.0001,0
6580,0.0001,93
6581,0.0001,23
6582,0.0001,62
6583,0.0001,0
6584,0.0001,0
6585,0.0001,47
6586,0.0001,0
6587,0.0001,0
6588,0.0001,0
6589,0.0001,23
6590,0.0001,830
6591,0.0001,0
6592,0.0001,0
6593,0.0001,0
6594,0.0001,0
6595,0.0001,31
6596,0.0001,612
6597,0.0001,123
6598,0.0001,0
6599,0.0001,62
6600,0.0001,0
6601,0.0001,0
6602,0.0001,612
6603,0.0001,0
6604,0.0001,23
6605,0.0001,16
6606,0.0001,21
6607,0.0001,62
6608,0.0001,16
6609,0.0001,0
6610,0.0001,0
6611,0.0001,0
6612,0.0001,0
6613,0.0001,0
6614,0.0001,62
6615,0.0001,0
6616,0.0001,62
6617,0.0001,0
6618,0.0001,0
6619,0.0001,0
6620,0.0001,0
6621,0.0001,16
6622,0.0001,0
6623,0.0001,0
6624,0.0001,0
6625,0.0001,0
6626,0.0001,0
6627,0.0001,0
6628,0.0001,0
6629,0.0001,0
6630,0.0001,0
6631,0.0001,0
6632,0.0001,0
6633,0.0001,0
6634,0.0001,0
6635,0.0001,0
6636,0.0001,0
6637,0.0001,0
6638,0.0001,31
6639,0.0001,62
6640,0.0001,31
6641,0.0001,0
6642,0.0001,612
6643,0.0001,108
6644,0.0001,0
6645,0.0001,0
6646,0.0001,612
6647,0.0001,1425
6648,0.0001,0
6649,0.0001,0
6650,0.0001,3507
6651,0.0001,31
6652,0.0001,0
6653,0.0001,16
6654,0.0001,46
6655,0.0001,0
6656,0.0001,0
6657,0.0001,0
6658,0.0001,0
6659,0.0001,0
6660,0.0001,618
6661,0.0001,46
6662,0.0001,77
6663,0.0001,31
6664,0.0001,0
6665,0.0001,0
6666,0.0001,768
6667,0.0001,31
6668,0.0001,0
6669,0.0001,31
6670,0.0001,0
6671,0.0001,62
6672,0.0001,0
6673,0.0001,0
6674,0.0001,16
6675,0.0001,0
6676,0.0001,0
6677,0.0001,0
6678,0.0001,0
6679,0.0001,129
6680,0.0001,0
6681,0.0001,0
6682,0.0001,62
6683,0.0001,0
6684,0.0001,0
6685,0.0001,0
6686,0.0001,0
6687,0.0001,0
6688,0.0001,0
6689,0.0001,82
6690,0.0001,866
6691,0.0001,0
6692,0.0001,62
6693,0.0001,635
6694,0.0001,0
6695,0.0001,31
6696,0.0001,0
6697,0.0001,768
6698,0.0001,0
6699,0.0001,0
6700,0.0001,0
6701,0.0001,0
6702,0.0001,0
6703,0.0001,0
6704,0.0001,768
6705,0.0001,0
6706,0.0001,23
6707,0.0001,0
6708,0.0001,0
6709,0.0001,0
6710,0.0001,62
6711,0.0001,46
6712,0.0001,46
6713,0.0001,0
6714,0.0001,46
6715,0.0001,0
6716,0.0001,62
6717,0.0001,0
6718,0.0001,123
6719,0.0001,791
6720,0.0001,0
6721,0.0001,0
6722,0.0001,0
6723,0.0001,0
6724,0.0001,1488
6725,0.0001,0
6726,0.0001,0
6727,0.0001,0
6728,0.0001,0
6729,0.0001,1071
6730,0.0001,0
6731,0.0001,0
6732,0.0001,0
6733,0.0001,0
6734,0.0001,0
6735,0.0001,0
6736,0.0001,0
6737,0.0001,0
6738,0.0001,0
6739,0.0001,31
6740,0.0001,0
6741,0.0001,0
6742,0.0001,0
6743,0.0001,16
6744,0.0001,0
6745,0.0001,0
6746,0.0001,62
6747,0.0001,123
6748,0.0001,0
6749,0.0001,0
6750,0.0001,62
6751,0.0001,0
6752,0.0001,0
6753,0.0001,0
6754,0.0001,0
6755,0.0001,0
6756,0.0001,46
6757,0.0001,0
6758,0.0001,0
6759,0.0001,0
6760,0.0001,768
6761,0.0001,0
6762,0.0001,46
6763,0.0001,0
6764,0.0001,0
6765,0.0001,0
6766,0.0001,0
6767,0.0001,0
6768,0.0001,0
6769,0.0001,0
6770,0.0001,0
6771,0.0001,0
6772,0.0001,0
6773,0.0001,0
6774,0.0001,0
6775,0.0001,0
6776,0.0001,0
6777,0.0001,46
6778,0.0001,0
6779,0.0001,0
6780,0.0001,0
6781,0.0001,0
6782,0.0001,0
6783,0.0001,62
6784,0.0001,0
6785,0.0001,0
6786,0.0001,0
6787,0.0001,728
6788,0.0001,0
6789,0.0001,16
6790,0.0001,0
6791,0.0001,0
6792,0.0001,0
6793,0.0001,0
6794,0.0001,0
6795,0.0001,0
6796,0.0001,0
6797,0.0001,0
6798,0.0001,0
6799,0.0001,62
6800,0.0001,0
6801,0.0001,0
6802,0.0001,0
6803,0.0001,0
6804,0.0001,31
6805,0.0001,0
6806,0.0001,0
6807,0.0001,0
6808,0.0001,0
6809,0.0001,0
6810,0.0001,0
6811,0.0001,0
6812,0.0001,77
6813,0.0001,0
6814,0.0001,0
6815,0.0001,612
6816,0.0001,0
6817,0.0001,62
6818,0.0001,0
6819,0.0001,0
6820,0.0001,658
6821,0.0001,62
6822,0.0001,16
6823,0.0001,47
6824,0.0001,0
6825,0.0001,0
6826,0.0001,0
6827,0.0001,0
6828,0.0001,0
6829,0.0001,0
6830,0.0001,0
6831,0.0001,0
6832,0.0001,0
6833,0.0001,31
6834,0.0001,62
6835,0.0001,0
6836,0.0001,768
6837,0.0001,62
6838,0.0001,0
6839,0.0001,0
6840,0.0001,0
6841,0.0001,0
6842,0.0001,62
6843,0.0001,0
6844,0.0001,0
6845,0.0001,23
6846,0.0001,0
6847,0.0001,0
6848,0.0001,0
6849,0.0001,0
6850,0.0001,62
6851,0.0001,47
6852,0.0001,705
6853,0.0001,0
6854,0.0001,0
6855,0.0001,0
6856,0.0001,0
6857,0.0001,0
6858,0.0001,0
6859,0.0001,0
6860,0.0001,62
6861,0.0001,0
6862,0.0001,0
6863,0.0001,0
6864,0.0001,799
6865,0.0001,0
6866,0.0001,0
6867,0.0001,0
6868,0.0001,16
6869,0.0001,16
6870,0.0001,0
6871,0.0001,0
6872,0.0001,0
6873,0.0001,0
6874,0.0001,1280
6875,0.0001,0
6876,0.0001,0
6877,0.0001,0
6878,0.0001,0
6879,0.0001,0
6880,0.0001,0
6881,0.0001,1572
6882,0.0001,0
6883,0.0001,77
6884,0.0001,0
6885,0.0001,46
6886,0.0001,0
6887,0.0001,0
6888,0.0001,0
6889,0.0001,62
6890,0.0001,0
6891,0.0001,0
6892,0.0001,0
6893,0.0001,0
6894,0.0001,0
6895,0.0001,39
6896,0.0001,0
6897,0.0001,0
6898,0.0001,0
6899,0.0001,16
6900,0.0001,0
6901,0.0001,62
6902,0.0001,0
6903,0.0001,41
6904,0.0001,0
6905,0.0001,0
6906,0.0001,0
6907,0.0001,46
6908,0.0001,0
6909,0.0001,0
6910,0.0001,82
6911,0.0001,0
6912,0.0001,0
6913,0.0001,0
6914,0.0001,0
6915,0.0001,0
6916,0.0001,0
6917,0.0001,62
6918,0.0001,0
6919,0.0001,0
6920,0.0001,0
6921,0.0001,0
6922,0.0001,62
6923,0.0001,0
6924,0.0001,93
6925,0.0001,0
6926,0.0001,0
6927,0.0001,0
6928,0.0001,46
6929,0.0001,0
6930,0.0001,31
6931,0.0001,0
6932,0.0001,46
6933,0.0001,46
6934,0.0001,816
6935,0.0001,0
6936,0.0001,0
6937,0.0001,0
6938,0.0001,0
6939,0.0001,0
6940,0.0001,0
6941,0.0001,23
6942,0.0001,31
6943,0.0001,0
6944,0.0001,0
6945,0.0001,0
6946,0.0001,0
6947,0.0001,0
6948,0.0001,0
6949,0.0001,612
6950,0.0001,783
6951,0.0001,0
6952,0.0001,31
6953,0.0001,0
6954,0.0001,0
6955,0.0001,0
6956,0.0001,0
6957,0.0001,0
6958,0.0001,0
6959,0.0001,62
6960,0.0001,0
6961,0.0001,98
6962,0.0001,0
6963,0.0001,0
6964,0.0001,0
6965,0.0001,0
6966,0.0001,0
6967,0.0001,23
6968,0.0001,47
6969,0.0001,31
6970,0.0001,46
6971,0.0001,62
6972,0.0001,0
6973,0.0001,0
6974,0.0001,41
6975,0.0001,46
6976,0.0001,0
6977,0.0001,0
6978,0.0001,16
6979,0.0001,0
6980,0.0001,100
6981,0.0001,0
6982,0.0001,0
6983,0.0001,699
6984,0.0001,0
6985,0.0001,0
6986,0.0001,46
6987,0.0001,0
6988,0.0001,31
6989,0.0001,0
6990,0.0001,0
6991,0.0001,46
6992,0.0001,0
6993,0.0001,46
6994,0.0001,0
6995,0.0001,0
6996,0.0001,0
6997,0.0001,0
6998,0.0001,62
6999,0.0001,0
7000,0.0001,16
7001,0.0001,0
7002,0.0001,46
7003,0.0001,0
7004,0.0001,62
7005,0.0001,46
7006,0.0001,0
7007,0.0001,0
7008,0.0001,0
7009,0.0001,31
7010,0.0001,0
7011,0.0001,0
7012,0.0001,768
7013,0.0001,23
7014,0.0001,31
7015,0.0001,0
7016,0.0001,0
7017,0.0001,62
7018,0.0001,0
7019,0.0001,0
7020,0.0001,0
7021,0.0001,0
7022,0.0001,62
7023,0.0001,768
7024,0.0001,62
7025,0.0001,47
7026,0.0001,0
7027,0.0001,0
7028,0.0001,0
7029,0.0001,102
7030,0.0001,77
7031,0.0001,62
7032,0.0001,0
7033,0.0001,0
7034,0.0001,0
7035,0.0001,47
7036,0.0001,21
7037,0.0001,0
7038,0.0001,0
7039,0.0001,0
7040,0.0001,1616
7041,0.0001,46
7042,0.0001,82
7043,0.0001,0
7044,0.0001,0
7045,0.0001,0
7046,0.0001,0
7047,0.0001,62
7048,0.0001,0
7049,0.0001,0
7050,0.0001,0
7051,0.0001,0
7052,0.0001,0
7053,0.0001,0
7054,0.0001,31
7055,0.0001,0
7056,0.0001,1024
7057,0.0001,0
7058,0.0001,85
7059,0.0001,0
7060,0.0001,62
7061,0.0001,0
7062,0.0001,16
7063,0.0001,0
7064,0.0001,768
7065,0.0001,697
7066,0.0001,63
7067,0.0001,100
7068,0.0001,31
7069,0.0001,108
7070,0.0001,0
7071,0.0001,612
7072,0.0001,0
7073,0.0001,0
7074,0.0001,0
7075,0.0001,0
7076,0.0001,0
7077,0.0001,0
7078,0.0001,77
7079,0.0001,108
7080,0.0001,0
7081,0.0001,62
7082,0.0001,46
7083,0.0001,0
7084,0.0001,62
7085,0.0001,0
7086,0.0001,0
7087,0.0001,0
7088,0.0001,0
7089,0.0001,62
7090,0.0001,16
7091,0.0001,0
7092,0.0001,0
7093,0.0001,0
7094,0.0001,0
7095,0.0001,0
7096,0.0001,0
7097,0.0001,0
7098,0.0001,0
7099,0.0001,0
7100,0.0001,0
7101,0.0001,0
7102,0.0001,0
7103,0.0001,31
7104,0.0001,0
7105,0.0001,0
7106,0.0001,0
7107,0.0001,0
7108,0.0001,0
7109,0.0001,0
7110,0.0001,0
7111,0.0001,47
7112,0.0001,0
7113,0.0001,0
7114,0.0001,23
7115,0.0001,62
7116,0.0001,0
7117,0.0001,0
7118,0.0001,0
7119,0.0001,0
7120,0.0001,0
7121,0.0001,0
7122,0.0001,0
7123,0.0001,16
7124,0.0001,0
7125,0.0001,0
7126,0.0001,0
7127,0.0001,0
7128,0.0001,31
7129,0.0001,46
7130,0.0001,0
7131,0.0001,0
7132,0.0001,118
7133,0.0001,31
7134,0.0001,768
7135,0.0001,0
7136,0.0001,126
7137,0.0001,62
7138,0.0001,0
7139,0.0001,62
7140,0.0001,768
7141,0.0001,31
7142,0.0001,0
7143,0.0001,0
7144,0.0001,46
7145,0.0001,0
7146,0.0001,54
7147,0.0001,62
7148,0.0001,0
7149,0.0001,0
7150,0.0001,0
7151,0.0001,0
7152,0.0001,0
7153,0.0001,92
7154,0.0001,768
7155,0.0001,0
7156,0.0001,0
7157,0.0001,62
7158,0.0001,0
7159,0.0001,612
7160,0.0001,85
7161,0.0001,0
7162,0.0001,31
7163,0.0001,0
7164,0.0001,0
7165,0.0001,0
7166,0.0001,31
7167,0.0001,0
7168,0.0001,0
7169,0.0001,62
7170,0.0001,0
7171,0.0001,0
7172,0.0001,46
7173,0.0001,31
7174,0.0001,768
7175,0.0001,41
7176,0.0001,0
7177,0.0001,23
7178,0.0001,82
7179,0.0001,0
7180,0.0001,0
7181,0.0001,32
7182,0.0001,0
7183,0.0001,0
7184,0.0001,62
7185,0.0001,0
7186,0.0001,16
7187,0.0001,0
7188,0.0001,0
7189,0.0001,0
7190,0.0001,0
7191,0.0001,776
7192,0.0001,0
7193,0.0001,0
7194,0.0001,1071
7195,0.0001,0
7196,0.0001,0
7197,0.0001,0
7198,0.0001,0
7199,0.0001,100
7200,0.0001,0
7201,0.0001,0
7202,0.0001,128
7203,0.0001,0
7204,0.0001,0
7205,0.0001,0
7206,0.0001,687
7207,0.0001,16
7208,0.0001,1455
7209,0.0001,0
7210,0.0001,3344
7211,0.0001,0
7212,0.0001,4154
7213,0.0001,0
7214,0.0001,0
7215,0.0001,0
7216,0.0001,0
7217,0.0001,0
7218,0.0001,891
7219,0.0001,63
7220,0.0001,0
7221,0.0001,0
7222,0.0001,46
7223,0.0001,0
7224,0.0001,0
7225,0.0001,62
7226,0.0001,0
7227,0.0001,0
7228,0.0001,0
7229,0.0001,0
7230,0.0001,83
7231,0.0001,612
7232,0.0001,0
7233,0.0001,768
7234,0.0001,16
7235,0.0001,0
7236,0.0001,0
7237,0.0001,0
7238,0.0001,0
7239,0.0001,0
7240,0.0001,23
7241,0.0001,924
7242,0.0001,0
7243,0.0001,0
7244,0.0001,0
7245,0.0001,0
7246,0.0001,52
7247,0.0001,0
7248,0.0001,82
7249,0.0001,0
7250,0.0001,0
7251,0.0001,46
7252,0.0001,62
7253,0.0001,0
7254,0.0001,0
7255,0.0001,0
7256,0.0001,31
7257,0.0001,0
7258,0.0001,0
7259,0.0001,0
7260,0.0001,0
7261,0.0001,0
7262,0.0001,768
7263,0.0001,0
7264,0.0001,868
7265,0.0001,1024
7266,0.0001,0
7267,0.0001,23
7268,0.0001,0
7269,0.0001,776
7270,0.0001,0
7271,0.0001,0
7272,0.0001,0
7273,0.0001,0
7274,0.0001,62
7275,0.0001,159
7276,0.0001,116
7277,0.0001,0
7278,0.0001,0
7279,0.0001,46
7280,0.0001,0
7281,0.0001,0
7282,0.0001,0
7283,0.0001,0
7284,0.0001,23
7285,0.0001,0
7286,0.0001,0
7287,0.0001,0
7288,0.0001,62
7289,0.0001,0
7290,0.0001,0
7291,0.0001,31
7292,0.0001,47
7293,0.0001,0
7294,0.0001,0
7295,0.0001,0
7296,0.0001,0
7297,0.0001,0
7298,0.0001,0
7299,0.0001,0
7300,0.0001,69
7301,0.0001,0
7302,0.0001,0
7303,0.0001,0
7304,0.0001,2337
7305,0.0001,0
7306,0.0001,62
7307,0.0001,0
7308,0.0001,0
7309,0.0001,0
7310,0.0001,62
7311,0.0001,0
7312,0.0001,0
7313,0.0001,47
7314,0.0001,62
7315,0.0001,0
7316,0.0001,46
7317,0.0001,31
7318,0.0001,0
7319,0.0001,0
7320,0.0001,1132
7321,0.0001,768
7322,0.0001,0
7323,0.0001,0
7324,0.0001,0
7325,0.0001,0
7326,0.0001,0
7327,0.0001,0
7328,0.0001,776
7329,0.0001,612
7330,0.0001,0
7331,0.0001,0
7332,0.0001,0
7333,0.0001,16
7334,0.0001,0
7335,0.0001,0
7336,0.0001,0
7337,0.0001,62
7338,0.0001,16
7339,0.0001,0
7340,0.0001,612
7341,0.0001,0
7342,0.0001,0
7343,0.0001,0
7344,0.0001,0
7345,0.0001,0
7346,0.0001,46
7347,0.0001,0
7348,0.0001,31
7349,0.0001,31
7350,0.0001,0
7351,0.0001,612
7352,0.0001,62
7353,0.0001,62
7354,0.0001,47
7355,0.0001,0
7356,0.0001,0
7357,0.0001,0
7358,0.0001,0
7359,0.0001,0
7360,0.0001,62
7361,0.0001,0
7362,0.0001,0
7363,0.0001,31
7364,0.0001,0
7365,0.0001,0
7366,0.0001,0
7367,0.0001,0
7368,0.0001,23
7369,0.0001,16
7370,0.0001,705
7371,0.0001,0
7372,0.0001,0
7373,0.0001,0
7374,0.0001,62
7375,0.0001,46
7376,0.0001,0
7377,0.0001,62
7378,0.0001,0
7379,0.0001,0
7380,0.0001,0
7381,0.0001,0
7382,0.0001,643
7383,0.0001,0
7384,0.0001,768
7385,0.0001,0
7386,0.0001,0
7387,0.0001,62
7388,0.0001,62
7389,0.0001,31
7390,0.0001,23
7391,0.0001,0
7392,0.0001,0
7393,0.0001,0
7394,0.0001,46
7395,0.0001,0
7396,0.0001,0
7397,0.0001,0
7398,0.0001,612
7399,0.0001,0
7400,0.0001,809
7401,0.0001,62
7402,0.0001,62
7403,0.0001,0
7404,0.0001,0
7405,0.0001,612
7406,0.0001,0
7407,0.0001,0
7408,0.0001,1106
7409,0.0001,0
7410,0.0001,116
7411,0.0001,31
7412,0.0001,0
7413,0.0001,612
7414,0.0001,0
7415,0.0001,0
7416,0.0001,0
7417,0.0001,0
7418,0.0001,46
7419,0.0001,0
7420,0.0001,0
7421,0.0001,0
7422,0.0001,0
7423,0.0001,0
7424,0.0001,0
7425,0.0001,0
7426,0.0001,0
7427,0.0001,0
7428,0.0001,0
7429,0.0001,62
7430,0.0001,0
7431,0.0001,0
7432,0.0001,46
7433,0.0001,0
7434,0.0001,77
7435,0.0001,0
7436,0.0001,62
7437,0.0001,0
7438,0.0001,46
7439,0.0001,0
7440,0.0001,0
7441,0.0001,0
7442,0.0001,0
7443,0.0001,46
7444,0.0001,46
7445,0.0001,82
7446,0.0001,31
7447,0.0001,0
7448,0.0001,31
7449,0.0001,0
7450,0.0001,62
7451,0.0001,31
7452,0.0001,0
7453,0.0001,123
7454,0.0001,41
7455,0.0001,1652
7456,0.0001,0
7457,0.0001,0
7458,0.0001,0
7459,0.0001,0
7460,0.0001,768
7461,0.0001,77
7462,0.0001,82
7463,0.0001,46
7464,0.0001,0
7465,0.0001,62
7466,0.0001,46
7467,0.0001,62
7468,0.0001,31
7469,0.0001,0
7470,0.0001,0
7471,0.0001,0
7472,0.0001,0
7473,0.0001,0
7474,0.0001,0
7475,0.0001,0
7476,0.0001,0
7477,0.0001,44
7478,0.0001,136
7479,0.0001,0
7480,0.0001,0
7481,0.0001,0
7482,0.0001,0
7483,0.0001,0
7484,0.0001,31
7485,0.0001,0
7486,0.0001,3122
7487,0.0001,54
7488,0.0001,31
7489,0.0001,0
7490,0.0001,0
7491,0.0001,0
7492,0.0001,0
7493,0.0001,0
7494,0.0001,0
7495,0.0001,669
7496,0.0001,0
7497,0.0001,612
7498,0.0001,0
7499,0.0001,1530
7500,0.0001,62
7501,0.0001,0
7502,0.0001,46
7503,0.0001,3109
7504,0.0001,0
7505,0.0001,136
7506,0.0001,0
7507,0.0001,0
7508,0.0001,0
7509,0.0001,0
7510,0.0001,0
7511,0.0001,31
7512,0.0001,62
7513,0.0001,768
7514,0.0001,0
7515,0.0001,0
7516,0.0001,0
7517,0.0001,46
7518,0.0001,31
7519,0.0001,0
7520,0.0001,0
7521,0.0001,0
7522,0.0001,0
7523,0.0001,0
7524,0.0001,0
7525,0.0001,0
7526,0.0001,62
7527,0.0001,0
7528,0.0001,816
7529,0.0001,23
7530,0.0001,845
7531,0.0001,0
7532,0.0001,46
7533,0.0001,0
7534,0.0001,0
7535,0.0001,0
7536,0.0001,0
7537,0.0001,0
7538,0.0001,0
7539,0.0001,0
7540,0.0001,0
7541,0.0001,62
7542,0.0001,31
7543,0.0001,0
7544,0.0001,0
7545,0.0001,0
7546,0.0001,62
7547,0.0001,0
7548,0.0001,0
7549,0.0001,0
7550,0.0001,46
7551,0.0001,891
7552,0.0001,0
7553,0.0001,0
7554,0.0001,0
7555,0.0001,31
7556,0.0001,82
7557,0.0001,0
7558,0.0001,62
7559,0.0001,0
7560,0.0001,62
7561,0.0001,62
7562,0.0001,0
7563,0.0001,0
7564,0.0001,62
7565,0.0001,0
7566,0.0001,0
7567,0.0001,0
7568,0.0001,0
7569,0.0001,0
7570,0.0001,0
7571,0.0001,0
7572,0.0001,776
7573,0.0001,62
7574,0.0001,0
7575,0.0001,46
7576,0.0001,0
7577,0.0001,0
7578,0.0001,82
7579,0.0001,0
7580,0.0001,0
7581,0.0001,0
7582,0.0001,0
7583,0.0001,139
7584,0.0001,16
7585,0.0001,0
7586,0.0001,85
7587,0.0001,0
7588,0.0001,0
7589,0.0001,612
7590,0.0001,0
7591,0.0001,0
7592,0.0001,0
7593,0.0001,0
7594,0.0001,0
7595,0.0001,0
7596,0.0001,0
7597,0.0001,62
7598,0.0001,62
7599,0.0001,0
7600,0.0001,0
7601,0.0001,31
7602,0.0001,62
7603,0.0001,62
7604,0.0001,93
7605,0.0001,0
7606,0.0001,0
7607,0.0001,116
7608,0.0001,0
7609,0.0001,31
7610,0.0001,0
7611,0.0001,0
7612,0.0001,0
7613,0.0001,62
7614,0.0001,0
7615,0.0001,0
7616,0.0001,31
7617,0.0001,0
7618,0.0001,0
7619,0.0001,0
7620,0.0001,0
7621,0.0001,0
7622,0.0001,0
7623,0.0001,0
7624,0.0001,0
7625,0.0001,0
7626,0.0001,0
7627,0.0001,0
7628,0.0001,612
7629,0.0001,0
7630,0.0001,62
7631,0.0001,32
7632,0.0001,70
7633,0.0001,16
7634,0.0001,62
7635,0.0001,0
7636,0.0001,0
7637,0.0001,0
7638,0.0001,0
7639,0.0001,0
7640,0.0001,0
7641,0.0001,0
7642,0.0001,31
7643,0.0001,0
7644,0.0001,768
7645,0.0001,776
7646,0.0001,0
7647,0.0001,62
7648,0.0001,0
7649,0.0001,0
7650,0.0001,0
7651,0.0001,0
7652,0.0001,612
7653,0.0001,1598
7654,0.0001,16
7655,0.0001,0
7656,0.0001,0
7657,0.0001,0
7658,0.0001,0
7659,0.0001,0
7660,0.0001,0
7661,0.0001,0
7662,0.0001,0
7663,0.0001,0
7664,0.0001,0
7665,0.0001,0
7666,0.0001,133
7667,0.0001,0
7668,0.0001,0
7669,0.0001,0
7670,0.0001,866
7671,0.0001,31
7672,0.0001,0
7673,0.0001,62
7674,0.0001,0
7675,0.0001,101
7676,0.0001,0
7677,0.0001,799
7678,0.0001,0
7679,0.0001,46
7680,0.0001,0
7681,0.0001,46
7682,0.0001,32
7683,0.0001,1500
7684,0.0001,16
7685,0.0001,0
7686,0.0001,0
7687,0.0001,62
7688,0.0001,0
7689,0.0001,0
7690,0.0001,0
7691,0.0001,768
7692,0.0001,0
7693,0.0001,0
7694,0.0001,0
7695,0.0001,0
7696,0.0001,0
7697,0.0001,0
7698,0.0001,0
7699,0.0001,62
7700,0.0001,24
7701,0.0001,0
7702,0.0001,62
7703,0.0001,62
7704,0.0001,0
7705,0.0001,31
7706,0.0001,907
7707,0.0001,31
7708,0.0001,0
7709,0.0001,768
7710,0.0001,0
7711,0.0001,84
7712,0.0001,0
7713,0.0001,0
7714,0.0001,0
7715,0.0001,0
7716,0.0001,0
7717,0.0001,23
7718,0.0001,0
7719,0.0001,0
7720,0.0001,0
7721,0.0001,0
7722,0.0001,0
7723,0.0001,0
7724,0.0001,0
7725,0.0001,0
7726,0.0001,82
7727,0.0001,0
7728,0.0001,0
7729,0.0001,0
7730,0.0001,0
7731,0.0001,618
7732,0.0001,16
7733,0.0001,0
7734,0.0001,0
7735,0.0001,674
7736,0.0001,0
7737,0.0001,0
7738,0.0001,62
7739,0.0001,0
7740,0.0001,0
7741,0.0001,0
7742,0.0001,63
7743,0.0001,82
7744,0.0001,0
7745,0.0001,31
7746,0.0001,62
7747,0.0001,0
7748,0.0001,0
7749,0.0001,113
7750,0.0001,0
7751,0.0001,0
7752,0.0001,16
7753,0.0001,0
7754,0.0001,46
7755,0.0001,62
7756,0.0001,768
7757,0.0001,0
7758,0.0001,31
7759,0.0001,92
7760,0.0001,830
7761,0.0001,0
7762,0.0001,69
7763,0.0001,0
7764,0.0001,0
7765,0.0001,0
7766,0.0001,23
7767,0.0001,768
7768,0.0001,0
7769,0.0001,0
7770,0.0001,658
7771,0.0001,0
7772,0.0001,0
7773,0.0001,0
7774,0.0001,46
7775,0.0001,62
7776,0.0001,0
7777,0.0001,0
7778,0.0001,0
7779,0.0001,0
7780,0.0001,0
7781,0.0001,0
7782,0.0001,0
7783,0.0001,46
7784,0.0001,0
7785,0.0001,0
7786,0.0001,54
7787,0.0001,0
7788,0.0001,0
7789,0.0001,62
7790,0.0001,47
7791,0.0001,768
7792,0.0001,0
7793,0.0001,768
7794,0.0001,0
7795,0.0001,0
7796,0.0001,1892
7797,0.0001,62
7798,0.0001,0
7799,0.0001,0
7800,0.0001,0
7801,0.0001,0
7802,0.0001,0
7803,0.0001,0
7804,0.0001,46
7805,0.0001,612
7806,0.0001,0
7807,0.0001,0
7808,0.0001,0
7809,0.0001,16
7810,0.0001,1342
7811,0.0001,16
7812,0.0001,907
7813,0.0001,0
7814,0.0001,0
7815,0.0001,0
7816,0.0001,46
7817,0.0001,94
7818,0.0001,0
7819,0.0001,0
7820,0.0001,0
7821,0.0001,62
7822,0.0001,0
7823,0.0001,0
7824,0.0001,0
7825,0.0001,0
7826,0.0001,0
7827,0.0001,0
7828,0.0001,62
7829,0.0001,0
7830,0.0001,0
7831,0.0001,0
7832,0.0001,31
7833,0.0001,0
7834,0.0001,62
7835,0.0001,3134
7836,0.0001,612
7837,0.0001,47
7838,0.0001,0
7839,0.0001,0
7840,0.0001,0
7841,0.0001,0
7842,0.0001,0
7843,0.0001,0
7844,0.0001,0
7845,0.0001,31
7846,0.0001,0
7847,0.0001,0
7848,0.0001,0
7849,0.0001,23
7850,0.0001,16
7851,0.0001,0
7852,0.0001,62
7853,0.0001,0
7854,0.0001,0
7855,0.0001,0
7856,0.0001,23
7857,0.0001,139
7858,0.0001,0
7859,0.0001,0
7860,0.0001,0
7861,0.0001,31
7862,0.0001,0
7863,0.0001,0
7864,0.0001,62
7865,0.0001,0
7866,0.0001,0
7867,0.0001,0
7868,0.0001,0
7869,0.0001,23
7870,0.0001,62
7871,0.0001,0
7872,0.0001,0
7873,0.0001,0
7874,0.0001,0
7875,0.0001,0
7876,0.0001,108
7877,0.0001,46
7878,0.0001,0
7879,0.0001,0
7880,0.0001,0
7881,0.0001,0
7882,0.0001,0
7883,0.0001,0
7884,0.0001,77
7885,0.0001,0
7886,0.0001,0
7887,0.0001,0
7888,0.0001,31
7889,0.0001,0
7890,0.0001,0
7891,0.0001,169
7892,0.0001,0
7893,0.0001,46
7894,0.0001,0
7895,0.0001,0
7896,0.0001,1593
7897,0.0001,0
7898,0.0001,62
7899,0.0001,0
7900,0.0001,63
7901,0.0001,0
7902,0.0001,0
7903,0.0001,31
7904,0.0001,0
7905,0.0001,31
7906,0.0001,0
7907,0.0001,46
7908,0.0001,46
7909,0.0001,46
7910,0.0001,0
7911,0.0001,3099
7912,0.0001,0
7913,0.0001,62
7914,0.0001,23
7915,0.0001,47
7916,0.0001,31
7917,0.0001,0
7918,0.0001,0
7919,0.0001,0
7920,0.0001,0
7921,0.0001,0
7922,0.0001,0
7923,0.0001,0
7924,0.0001,1462
7925,0.0001,0
7926,0.0001,0
7927,0.0001,0
7928,0.0001,46
7929,0.0001,0
7930,0.0001,0
7931,0.0001,0
7932,0.0001,64
7933,0.0001,0
7934,0.0001,0
7935,0.0001,31
7936,0.0001,77
7937,0.0001,0
7938,0.0001,0
7939,0.0001,0
7940,0.0001,0
7941,0.0001,0
7942,0.0001,0
7943,0.0001,0
7944,0.0001,0
7945,0.0001,0
7946,0.0001,0
7947,0.0001,0
7948,0.0001,0
7949,0.0001,0
7950,0.0001,612
7951,0.0001,0
7952,0.0001,0
7953,0.0001,0
7954,0.0001,0
7955,0.0001,0
7956,0.0001,16
7957,0.0001,62
7958,0.0001,47
7959,0.0001,0
7960,0.0001,0
7961,0.0001,31
7962,0.0001,0
7963,0.0001,0
7964,0.0001,0
7965,0.0001,0
7966,0.0001,0
7967,0.0001,0
7968,0.0001,0
7969,0.0001,612
7970,0.0001,0
7971,0.0001,0
7972,0.0001,0
7973,0.0001,0
7974,0.0001,893
7975,0.0001,108
7976,0.0001,0
7977,0.0001,0
7978,0.0001,0
7979,0.0001,0
7980,0.0001,0
7981,0.0001,0
7982,0.0001,0
7983,0.0001,62
7984,0.0001,46
7985,0.0001,0
7986,0.0001,31
7987,0.0001,0
7988,0.0001,0
7989,0.0001,82
7990,0.0001,31
7991,0.0001,72
7992,0.0001,0
7993,0.0001,0
7994,0.0001,0
7995,0.0001,0
7996,0.0001,0
7997,0.0001,0
7998,0.0001,0
7999,0.0001,62
8000,0.0001,0
8001,0.0001,0
8002,0.0001,62
8003,0.0001,0
8004,0.0001,0
8005,0.0001,0
8006,0.0001,0
8007,0.0001,0
8008,0.0001,47
8009,0.0001,54
8010,0.0001,0
8011,0.0001,139
8012,0.0001,0
8013,0.0001,62
8014,0.0001,0
8015,0.0001,69
8016,0.0001,46
8017,0.0001,16
8018,0.0001,720
8019,0.0001,814
8020,0.0001,31
8021,0.0001,82
8022,0.0001,0
8023,0.0001,31
8024,0.0001,23
8025,0.0001,62
8026,0.0001,46
8027,0.0001,0
8028,0.0001,0
8029,0.0001,0
8030,0.0001,16
8031,0.0001,82
8032,0.0001,0
8033,0.0001,0
8034,0.0001,62
8035,0.0001,62
8036,0.0001,31
8037,0.0001,0
8038,0.0001,0
8039,0.0001,62
8040,0.0001,16
8041,0.0001,0
8042,0.0001,23
8043,0.0001,0
8044,0.0001,791
8045,0.0001,0
8046,0.0001,876
8047,0.0001,0
8048,0.0001,0
8049,0.0001,0
8050,0.0001,62
8051,0.0001,0
8052,0.0001,0
8053,0.0001,0
8054,0.0001,62
8055,0.0001,3176
8056,0.0001,0
8057,0.0001,0
8058,0.0001,0
8059,0.0001,0
8060,0.0001,0
8061,0.0001,0
8062,0.0001,0
8063,0.0001,0
8064,0.0001,0
8065,0.0001,0
8066,0.0001,0
8067,0.0001,92
8068,0.0001,21
8069,0.0001,0
8070,0.0001,612
8071,0.0001,46
8072,0.0001,31
8073,0.0001,618
8074,0.0001,0
8075,0.0001,0
8076,0.0001,0
8077,0.0001,0
8078,0.0001,16
8079,0.0001,0
8080,0.0001,0
8081,0.0001,0
8082,0.0001,0
8083,0.0001,0
8084,0.0001,0
8085,0.0001,0
8086,0.0001,62
8087,0.0001,0
8088,0.0001,0
8089,0.0001,0
8090,0.0001,0
8091,0.0001,0
8092,0.0001,0
8093,0.0001,0
8094,0.0001,0
8095,0.0001,46
8096,0.0001,62
8097,0.0001,16
8098,0.0001,0
8099,0.0001,0
8100,0.0001,54
8101,0.0001,0
8102,0.0001,62
8103,0.0001,886
8104,0.0001,0
8105,0.0001,0
8106,0.0001,0
8107,0.0001,0
8108,0.0001,0
8109,0.0001,0
8110,0.0001,0
8111,0.0001,0
8112,0.0001,62
8113,0.0001,0
8114,0.0001,46
8115,0.0001,0
8116,0.0001,0
8117,0.0001,0
8118,0.0001,0
8119,0.0001,0
8120,0.0001,830
8121,0.0001,0
8122,0.0001,830
8123,0.0001,0
8124,0.0001,0
8125,0.0001,0
8126,0.0001,0
8127,0.0001,0
8128,0.0001,0
8129,0.0001,0
8130,0.0001,0
8131,0.0001,0
8132,0.0001,0
8133,0.0001,0
8134,0.0001,62
8135,0.0001,674
8136,0.0001,0
8137,0.0001,0
8138,0.0001,0
8139,0.0001,0
8140,0.0001,62
8141,0.0001,0
8142,0.0001,0
8143,0.0001,0
8144,0.0001,46
8145,0.0001,23
8146,0.0001,0
8147,0.0001,62
8148,0.0001,62
8149,0.0001,128
8150,0.0001,612
8151,0.0001,0
8152,0.0001,0
8153,0.0001,0
8154,0.0001,0
8155,0.0001,62
8156,0.0001,31
8157,0.0001,77
8158,0.0001,0
8159,0.0001,0
8160,0.0001,0
8161,0.0001,62
8162,0.0001,0
8163,0.0001,0
8164,0.0001,0
8165,0.0001,46
8166,0.0001,0
8167,0.0001,0
8168,0.0001,612
8169,0.0001,0
8170,0.0001,0
8171,0.0001,0
8172,0.0001,0
8173,0.0001,0
8174,0.0001,32
8175,0.0001,46
8176,0.0001,0
8177,0.0001,0
8178,0.0001,0
8179,0.0001,814
8180,0.0001,31
8181,0.0001,0
8182,0.0001,0
8183,0.0001,0
8184,0.0001,0
8185,0.0001,93
8186,0.0001,0
8187,0.0001,23
8188,0.0001,0
8189,0.0001,0
8190,0.0001,0
8191,0.0001,0
8192,0.0001,0
8193,0.0001,0
8194,0.0001,0
8195,0.0001,23
8196,0.0001,0
8197,0.0001,0
8198,0.0001,62
8199,0.0001,0
8200,0.0001,0
8201,0.0001,46
8202,0.0001,0
8203,0.0001,0
8204,0.0001,0
8205,0.0001,62
8206,0.0001,46
8207,0.0001,0
8208,0.0001,0
8209,0.0001,0
8210,0.0001,31
8211,0.0001,82
8212,0.0001,0
8213,0.0001,0
8214,0.0001,0
8215,0.0001,23
8216,0.0001,62
8217,0.0001,0
8218,0.0001,46
8219,0.0001,0
8220,0.0001,0
8221,0.0001,0
8222,0.0001,0
8223,0.0001,0
8224,0.0001,0
8225,0.0001,0
8226,0.0001,0
8227,0.0001,47
8228,0.0001,0
8229,0.0001,783
8230,0.0001,0
8231,0.0001,154
8232,0.0001,16
8233,0.0001,31
8234,0.0001,612
8235,0.0001,612
8236,0.0001,0
8237,0.0001,0
8238,0.0001,0
8239,0.0001,768
8240,0.0001,0
8241,0.0001,0
8242,0.0001,0
8243,0.0001,0
8244,0.0001,0
8245,0.0001,0
8246,0.0001,0
8247,0.0001,0
8248,0.0001,0
8249,0.0001,2353
8250,0.0001,0
8251,0.0001,0
8252,0.0001,129
8253,0.0001,46
8254,0.0001,840
8255,0.0001,21
8256,0.0001,0
8257,0.0001,0
8258,0.0001,0
8259,0.0001,62
8260,0.0001,31
8261,0.0001,0
8262,0.0001,62
8263,0.0001,0
8264,0.0001,0
8265,0.0001,31
8266,0.0001,0
8267,0.0001,0
8268,0.0001,814
8269,0.0001,62
8270,0.0001,0
8271,0.0001,0
8272,0.0001,1500
8273,0.0001,0
8274,0.0001,85
8275,0.0001,0
8276,0.0001,0
8277,0.0001,0
8278,0.0001,0
8279,0.0001,0
8280,0.0001,0
8281,0.0001,0
8282,0.0001,0
8283,0.0001,0
8284,0.0001,85
8285,0.0001,0
8286,0.0001,62
8287,0.0001,31
8288,0.0001,0
8289,0.0001,0
8290,0.0001,0
8291,0.0001,0
8292,0.0001,0
8293,0.0001,0
8294,0.0001,46
8295,0.0001,0
8296,0.0001,62
8297,0.0001,0
8298,0.0001,0
8299,0.0001,0
8300,0.0001,0
8301,0.0001,0
8302,0.0001,1577
8303,0.0001,16
8304,0.0001,0
8305,0.0001,0
8306,0.0001,0
8307,0.0001,0
8308,0.0001,0
8309,0.0001,0
8310,0.0001,31
8311,0.0001,0
8312,0.0001,0
8313,0.0001,24
8314,0.0001,0
8315,0.0001,0
8316,0.0001,46
8317,0.0001,0
8318,0.0001,0
8319,0.0001,0
8320,0.0001,0
8321,0.0001,0
8322,0.0001,0
8323,0.0001,0
8324,0.0001,116
8325,0.0001,46
8326,0.0001,46
8327,0.0001,47
8328,0.0001,0
8329,0.0001,0
8330,0.0001,0
8331,0.0001,16
8332,0.0001,0
8333,0.0001,0
8334,0.0001,0
8335,0.0001,0
8336,0.0001,0
8337,0.0001,46
8338,0.0001,0
8339,0.0001,0
8340,0.0001,0
8341,0.0001,0
8342,0.0001,0
8343,0.0001,0
8344,0.0001,0
8345,0.0001,0
8346,0.0001,0
8347,0.0001,0
8348,0.0001,62
8349,0.0001,0
8350,0.0001,0
8351,0.0001,0
8352,0.0001,0
8353,0.0001,0
8354,0.0001,0
8355,0.0001,0
8356,0.0001,0
8357,0.0001,0
8358,0.0001,0
8359,0.0001,0
8360,0.0001,16
8361,0.0001,46
8362,0.0001,41
8363,0.0001,0
8364,0.0001,0
8365,0.0001,1024
8366,0.0001,0
8367,0.0001,899
8368,0.0001,0
8369,0.0001,0
8370,0.0001,0
8371,0.0001,0
8372,0.0001,0
8373,0.0001,0
8374,0.0001,1024
8375,0.0001,0
8376,0.0001,0
8377,0.0001,0
8378,0.0001,0
8379,0.0001,46
8380,0.0001,0
8381,0.0001,0
8382,0.0001,0
8383,0.0001,0
8384,0.0001,31
8385,0.0001,0
8386,0.0001,0
8387,0.0001,62
8388,0.0001,0
8389,0.0001,0
8390,0.0001,0
8391,0.0001,0
8392,0.0001,98
8393,0.0001,0
8394,0.0001,0
8395,0.0001,0
8396,0.0001,0
8397,0.0001,0
8398,0.0001,0
8399,0.0001,82
8400,0.0001,62
8401,0.0001,31
8402,0.0001,0
8403,0.0001,0
8404,0.0001,0
8405,0.0001,0
8406,0.0001,0
8407,0.0001,0
8408,0.0001,0
8409,0.0001,31
8410,0.0001,0
8411,0.0001,62
8412,0.0001,0
8413,0.0001,0
8414,0.0001,0
8415,0.0001,62
8416,0.0001,0
8417,0.0001,46
8418,0.0001,16
8419,0.0001,0
8420,0.0001,0
8421,0.0001,0
8422,0.0001,0
8423,0.0001,0
8424,0.0001,0
8425,0.0001,0
8426,0.0001,0
8427,0.0001,0
8428,0.0001,0
8429,0.0001,0
8430,0.0001,63
8431,0.0001,0
8432,0.0001,0
8433,0.0001,0
8434,0.0001,0
8435,0.0001,23
8436,0.0001,31
8437,0.0001,768
8438,0.0001,0
8439,0.0001,0
8440,0.0001,0
8441,0.0001,0
8442,0.0001,62
8443,0.0001,144
8444,0.0001,0
8445,0.0001,0
8446,0.0001,0
8447,0.0001,0
8448,0.0001,0
8449,0.0001,727
8450,0.0001,0
8451,0.0001,31
8452,0.0001,0
8453,0.0001,0
8454,0.0001,0
8455,0.0001,31
8456,0.0001,0
8457,0.0001,0
8458,0.0001,23
8459,0.0001,1500
8460,0.0001,46
8461,0.0001,1600
8462,0.0001,0
8463,0.0001,62
8464,0.0001,0
8465,0.0001,0
8466,0.0001,3855
8467,0.0001,2360
8468,0.0001,21
8469,0.0001,23
8470,0.0001,0
8471,0.0001,743
8472,0.0001,0
8473,0.0001,16
8474,0.0001,0
8475,0.0001,0
8476,0.0001,768
8477,0.0001,0
8478,0.0001,0
8479,0.0001,0
8480,0.0001,0
8481,0.0001,612
8482,0.0001,0
8483,0.0001,0
8484,0.0001,0
8485,0.0001,0
8486,0.0001,0
8487,0.0001,0
8488,0.0001,0
8489,0.0001,0
8490,0.0001,16
8491,0.0001,0
8492,0.0001,0
8493,0.0001,0
8494,0.0001,0
8495,0.0001,46
8496,0.0001,47
8497,0.0001,0
8498,0.0001,0
8499,0.0001,0
8500,0.0001,0
8501,0.0001,768
8502,0.0001,768
8503,0.0001,63
8504,0.0001,0
8505,0.0001,62
8506,0.0001,0
8507,0.0001,0
8508,0.0001,0
8509,0.0001,0
8510,0.0001,62
8511,0.0001,0
8512,0.0001,878
8513,0.0001,0
8514,0.0001,0
8515,0.0001,0
8516,0.0001,3564
8517,0.0001,612
8518,0.0001,0
8519,0.0001,0
8520,0.0001,0
8521,0.0001,23
8522,0.0001,0
8523,0.0001,0
8524,0.0001,0
8525,0.0001,665
8526,0.0001,0
8527,0.0001,31
8528,0.0001,0
8529,0.0001,0
8530,0.0001,0
8531,0.0001,0
8532,0.0001,0
8533,0.0001,62
8534,0.0001,0
8535,0.0001,3119
8536,0.0001,0
8537,0.0001,77
8538,0.0001,1403
8539,0.0001,0
8540,0.0001,768
8541,0.0001,783
8542,0.0001,0
8543,0.0001,107
8544,0.0001,0
8545,0.0001,0
8546,0.0001,0
8547,0.0001,0
8548,0.0001,768
8549,0.0001,2376
8550,0.0001,0
8551,0.0001,0
8552,0.0001,0
8553,0.0001,21
8554,0.0001,103
8555,0.0001,54
8556,0.0001,0
8557,0.0001,32
8558,0.0001,31
8559,0.0001,0
8560,0.0001,0
8561,0.0001,0
8562,0.0001,814
8563,0.0001,0
8564,0.0001,0
8565,0.0001,23
8566,0.0001,0
8567,0.0001,768
8568,0.0001,0
8569,0.0001,0
8570,0.0001,62
8571,0.0001,0
8572,0.0001,0
8573,0.0001,0
8574,0.0001,31
8575,0.0001,63
8576,0.0001,0
8577,0.0001,31
8578,0.0001,0
8579,0.0001,0
8580,0.0001,0
8581,0.0001,62
8582,0.0001,0
8583,0.0001,0
8584,0.0001,31
8585,0.0001,0
8586,0.0001,0
8587,0.0001,0
8588,0.0001,0
8589,0.0001,31
8590,0.0001,31
8591,0.0001,0
8592,0.0001,0
8593,0.0001,62
8594,0.0001,0
8595,0.0001,0
8596,0.0001,0
8597,0.0001,0
8598,0.0001,0
8599,0.0001,768
8600,0.0001,0
8601,0.0001,31
8602,0.0001,0
8603,0.0001,0
8604,0.0001,0
8605,0.0001,3122
8606,0.0001,0
8607,0.0001,46
8608,0.0001,31
8609,0.0001,0
8610,0.0001,0
8611,0.0001,681
8612,0.0001,0
8613,0.0001,0
8614,0.0001,123
8615,0.0001,0
8616,0.0001,3119
8617,0.0001,0
8618,0.0001,0
8619,0.0001,0
8620,0.0001,612
8621,0.0001,768
8622,0.0001,0
8623,0.0001,0
8624,0.0001,1562
8625,0.0001,0
8626,0.0001,0
8627,0.0001,31
8628,0.0001,768
8629,0.0001,0
8630,0.0001,32
8631,0.0001,612
8632,0.0001,0
8633,0.0001,0
8634,0.0001,0
8635,0.0001,0
8636,0.0001,0
8637,0.0001,47
8638,0.0001,46
8639,0.0001,0
8640,0.0001,41
8641,0.0001,31
8642,0.0001,0
8643,0.0001,0
8644,0.0001,16
8645,0.0001,0
8646,0.0001,70
8647,0.0001,0
8648,0.0001,0
8649,0.0001,0
8650,0.0001,0
8651,0.0001,830
8652,0.0001,0
8653,0.0001,0
8654,0.0001,0
8655,0.0001,108
8656,0.0001,0
8657,0.0001,0
8658,0.0001,0
8659,0.0001,0
8660,0.0001,0
8661,0.0001,0
8662,0.0001,31
8663,0.0001,0
8664,0.0001,0
8665,0.0001,0
8666,0.0001,0
8667,0.0001,768
8668,0.0001,612
8669,0.0001,0
8670,0.0001,0
8671,0.0001,0
8672,0.0001,16
8673,0.0001,0
8674,0.0001,16
8675,0.0001,0
8676,0.0001,0
8677,0.0001,0
8678,0.0001,689
8679,0.0001,0
8680,0.0001,0
8681,0.0001,0
8682,0.0001,0
8683,0.0001,0
8684,0.0001,2376
8685,0.0001,0
8686,0.0001,31
8687,0.0001,0
8688,0.0001,0
8689,0.0001,0
8690,0.0001,0
8691,0.0001,0
8692,0.0001,46
8693,0.0001,46
8694,0.0001,0
8695,0.0001,62
8696,0.0001,0
8697,0.0001,47
8698,0.0001,0
8699,0.0001,0
8700,0.0001,0
8701,0.0001,0
8702,0.0001,0
8703,0.0001,100
8704,0.0001,768
8705,0.0001,0
8706,0.0001,0
8707,0.0001,62
8708,0.0001,0
8709,0.0001,0
8710,0.0001,0
8711,0.0001,0
8712,0.0001,31
8713,0.0001,618
8714,0.0001,108
8715,0.0001,0
8716,0.0001,0
8717,0.0001,0
8718,0.0001,0
8719,0.0001,0
8720,0.0001,0
8721,0.0001,0
8722,0.0001,47
8723,0.0001,0
8724,0.0001,0
8725,0.0001,0
8726,0.0001,0
8727,0.0001,0
8728,0.0001,62
8729,0.0001,31
8730,0.0001,0
8731,0.0001,0
8732,0.0001,0
8733,0.0001,31
8734,0.0001,0
8735,0.0001,0
8736,0.0001,0
8737,0.0001,0
8738,0.0001,0
8739,0.0001,830
8740,0.0001,0
8741,0.0001,0
8742,0.0001,62
8743,0.0001,0
8744,0.0001,0
8745,0.0001,62
8746,0.0001,0
8747,0.0001,46
8748,0.0001,0
8749,0.0001,0
8750,0.0001,0
8751,0.0001,0
8752,0.0001,0
8753,0.0001,0
8754,0.0001,1488
8755,0.0001,0
8756,0.0001,0
8757,0.0001,0
8758,0.0001,0
8759,0.0001,77
8760,0.0001,0
8761,0.0001,0
8762,0.0001,816
8763,0.0001,31
8764,0.0001,62
8765,0.0001,0
8766,0.0001,0
8767,0.0001,0
8768,0.0001,46
8769,0.0001,0
8770,0.0001,0
8771,0.0001,768
8772,0.0001,0
8773,0.0001,16
8774,0.0001,0
8775,0.0001,0
8776,0.0001,82
8777,0.0001,0
8778,0.0001,0
8779,0.0001,0
8780,0.0001,0
8781,0.0001,0
8782,0.0001,0
8783,0.0001,696
8784,0.0001,62
8785,0.0001,46
8786,0.0001,0
8787,0.0001,0
8788,0.0001,0
8789,0.0001,0
8790,0.0001,0
8791,0.0001,0
8792,0.0001,0
8793,0.0001,0
8794,0.0001,16
8795,0.0001,0
8796,0.0001,0
8797,0.0001,0
8798,0.0001,54
8799,0.0001,0
8800,0.0001,0
8801,0.0001,0
8802,0.0001,0
8803,0.0001,0
8804,0.0001,0
8805,0.0001,0
8806,0.0001,46
8807,0.0001,0
8808,0.0001,62
8809,0.0001,62
8810,0.0001,0
8811,0.0001,62
8812,0.0001,0
8813,0.0001,0
8814,0.0001,31
8815,0.0001,125
8816,0.0001,0
8817,0.0001,0
8818,0.0001,0
8819,0.0001,46
8820,0.0001,0
8821,0.0001,23
8822,0.0001,0
8823,0.0001,0
8824,0.0001,0
8825,0.0001,0
8826,0.0001,0
8827,0.0001,46
8828,0.0001,0
8829,0.0001,0
8830,0.0001,0
8831,0.0001,0
8832,0.0001,16
8833,0.0001,0
8834,0.0001,0
8835,0.0001,77
8836,0.0001,0
8837,0.0001,46
8838,0.0001,0
8839,0.0001,62
8840,0.0001,0
8841,0.0001,0
8842,0.0001,0
8843,0.0001,0
8844,0.0001,0
8845,0.0001,0
8846,0.0001,62
8847,0.0001,0
8848,0.0001,0
8849,0.0001,16
8850,0.0001,41
8851,0.0001,0
8852,0.0001,0
8853,0.0001,0
8854,0.0001,0
8855,0.0001,0
8856,0.0001,0
8857,0.0001,46
8858,0.0001,0
8859,0.0001,0
8860,0.0001,0
8861,0.0001,16
8862,0.0001,612
8863,0.0001,0
8864,0.0001,0
8865,0.0001,0
8866,0.0001,0
8867,0.0001,46
8868,0.0001,23
8869,0.0001,46
8870,0.0001,0
8871,0.0001,0
8872,0.0001,0
8873,0.0001,16
8874,0.0001,16
8875,0.0001,62
8876,0.0001,0
8877,0.0001,0
8878,0.0001,0
8879,0.0001,0
8880,0.0001,0
8881,0.0001,0
8882,0.0001,0
8883,0.0001,0
8884,0.0001,0
8885,0.0001,0
8886,0.0001,799
8887,0.0001,0
8888,0.0001,62
8889,0.0001,0
8890,0.0001,0
8891,0.0001,0
8892,0.0001,0
8893,0.0001,0
8894,0.0001,0
8895,0.0001,0
8896,0.0001,0
8897,0.0001,0
8898,0.0001,0
8899,0.0001,0
8900,0.0001,0
8901,0.0001,0
8902,0.0001,92
8903,0.0001,0
8904,0.0001,0
8905,0.0001,0
8906,0.0001,0
8907,0.0001,0
8908,0.0001,0
8909,0.0001,0
8910,0.0001,0
8911,0.0001,31
8912,0.0001,0
8913,0.0001,62
8914,0.0001,0
8915,0.0001,0
8916,0.0001,0
8917,0.0001,0
8918,0.0001,0
8919,0.0001,866
8920,0.0001,0
8921,0.0001,0
8922,0.0001,0
8923,0.0001,0
8924,0.0001,658
8925,0.0001,0
8926,0.0001,0
8927,0.0001,21
8928,0.0001,0
8929,0.0001,0
8930,0.0001,0
8931,0.0001,0
8932,0.0001,0
8933,0.0001,0
8934,0.0001,0
8935,0.0001,72
8936,0.0001,16
8937,0.0001,0
8938,0.0001,0
8939,0.0001,0
8940,0.0001,0
8941,0.0001,0
8942,0.0001,46
8943,0.0001,0
8944,0.0001,62
8945,0.0001,31
8946,0.0001,0
8947,0.0001,0
8948,0.0001,0
8949,0.0001,830
8950,0.0001,0
8951,0.0001,0
8952,0.0001,768
8953,0.0001,31
8954,0.0001,0
8955,0.0001,0
8956,0.0001,77
8957,0.0001,0
8958,0.0001,1024
8959,0.0001,0
8960,0.0001,855
8961,0.0001,46
8962,0.0001,62
8963,0.0001,0
8964,0.0001,830
8965,0.0001,0
8966,0.0001,0
8967,0.0001,31
8968,0.0001,0
8969,0.0001,0
8970,0.0001,62
8971,0.0001,0
8972,0.0001,0
8973,0.0001,0
8974,0.0001,0
8975,0.0001,0
8976,0.0001,0
8977,0.0001,108
8978,0.0001,0
8979,0.0001,0
8980,0.0001,0
8981,0.0001,31
8982,0.0001,0
8983,0.0001,0
8984,0.0001,0
8985,0.0001,62
8986,0.0001,0
8987,0.0001,0
8988,0.0001,108
8989,0.0001,0
8990,0.0001,0
8991,0.0001,129
8992,0.0001,0
8993,0.0001,47
8994,0.0001,0
8995,0.0001,23
8996,0.0001,0
8997,0.0001,0
8998,0.0001,0
8999,0.0001,0
9000,0.0001,62
9001,0.0001,0
9002,0.0001,23
9003,0.0001,82
9004,0.0001,850
9005,0.0001,31
9006,0.0001,0
9007,0.0001,24
9008,0.0001,0
9009,0.0001,0
9010,0.0001,82
9011,0.0001,0
9012,0.0001,0
9013,0.0001,0
9014,0.0001,0
9015,0.0001,0
9016,0.0001,0
9017,0.0001,0
9018,0.0001,612
9019,0.0001,0
9020,0.0001,0
9021,0.0001,23
9022,0.0001,0
9023,0.0001,860
9024,0.0001,0
9025,0.0001,0
9026,0.0001,62
9027,0.0001,666
9028,0.0001,0
9029,0.0001,0
9030,0.0001,768
9031,0.0001,0
9032,0.0001,67
9033,0.0001,0
9034,0.0001,0
9035,0.0001,0
9036,0.0001,0
9037,0.0001,0
9038,0.0001,62
9039,0.0001,0
9040,0.0001,31
9041,0.0001,0
9042,0.0001,63
9043,0.0001,0
9044,0.0001,0
9045,0.0001,62
9046,0.0001,0
9047,0.0001,0
9048,0.0001,31
9049,0.0001,0
9050,0.0001,31
9051,0.0001,0
9052,0.0001,0
9053,0.0001,31
9054,0.0001,0
9055,0.0001,0
9056,0.0001,1024
9057,0.0001,1615
9058,0.0001,0
9059,0.0001,0
9060,0.0001,77
9061,0.0001,0
9062,0.0001,62
9063,0.0001,0
9064,0.0001,0
9065,0.0001,0
9066,0.0001,82
9067,0.0001,1101
9068,0.0001,0
9069,0.0001,0
9070,0.0001,0
9071,0.0001,0
9072,0.0001,100
9073,0.0001,0
9074,0.0001,47
9075,0.0001,630
9076,0.0001,62
9077,0.0001,0
9078,0.0001,0
9079,0.0001,0
9080,0.0001,0
9081,0.0001,0
9082,0.0001,0
9083,0.0001,0
9084,0.0001,0
9085,0.0001,0
9086,0.0001,0
9087,0.0001,0
9088,0.0001,46
9089,0.0001,0
9090,0.0001,0
9091,0.0001,0
9092,0.0001,0
9093,0.0001,31
9094,0.0001,0
9095,0.0001,62
9096,0.0001,0
9097,0.0001,0
9098,0.0001,0
9099,0.0001,0
9100,0.0001,0
9101,0.0001,0
9102,0.0001,0
9103,0.0001,0
9104,0.0001,41
9105,0.0001,0
9106,0.0001,0
9107,0.0001,31
9108,0.0001,31
9109,0.0001,62
9110,0.0001,0
9111,0.0001,0
9112,0.0001,0
9113,0.0001,0
9114,0.0001,0
9115,0.0001,0
9116,0.0001,16
9117,0.0001,0
9118,0.0001,653
9119,0.0001,0
9120,0.0001,0
9121,0.0001,816
9122,0.0001,768
9123,0.0001,0
9124,0.0001,0
9125,0.0001,684
9126,0.0001,1427
9127,0.0001,62
9128,0.0001,0
9129,0.0001,612
9130,0.0001,0
9131,0.0001,0
9132,0.0001,809
9133,0.0001,0
9134,0.0001,0
9135,0.0001,0
9136,0.0001,0
9137,0.0001,0
9138,0.0001,23
9139,0.0001,1500
9140,0.0001,1132
9141,0.0001,77
9142,0.0001,0
9143,0.0001,0
9144,0.0001,62
9145,0.0001,0
9146,0.0001,0
9147,0.0001,0
9148,0.0001,0
9149,0.0001,46
9150,0.0001,0
9151,0.0001,0
9152,0.0001,0
9153,0.0001,31
9154,0.0001,0
9155,0.0001,31
9156,0.0001,46
9157,0.0001,0
9158,0.0001,62
9159,0.0001,41
9160,0.0001,0
9161,0.0001,0
9162,0.0001,0
9163,0.0001,0
9164,0.0001,784
9165,0.0001,0
9166,0.0001,0
9167,0.0001,0
9168,0.0001,0
9169,0.0001,0
9170,0.0001,0
9171,0.0001,0
9172,0.0001,0
9173,0.0001,0
9174,0.0001,0
9175,0.0001,0
9176,0.0001,0
9177,0.0001,0
9178,0.0001,0
9179,0.0001,0
9180,0.0001,846
9181,0.0001,743
9182,0.0001,0
9183,0.0001,0
9184,0.0001,0
9185,0.0001,612
9186,0.0001,1442
9187,0.0001,123
9188,0.0001,0
9189,0.0001,46
9190,0.0001,0
9191,0.0001,0
9192,0.0001,0
9193,0.0001,0
9194,0.0001,0
9195,0.0001,0
9196,0.0001,62
9197,0.0001,0
9198,0.0001,62
9199,0.0001,0
9200,0.0001,0
9201,0.0001,0
9202,0.0001,0
9203,0.0001,0
9204,0.0001,0
9205,0.0001,0
9206,0.0001,62
9207,0.0001,2524
9208,0.0001,0
9209,0.0001,0
9210,0.0001,0
9211,0.0001,0
9212,0.0001,31
9213,0.0001,31
9214,0.0001,0
9215,0.0001,31
9216,0.0001,0
9217,0.0001,62
9218,0.0001,0
9219,0.0001,0
9220,0.0001,0
9221,0.0001,0
9222,0.0001,0
9223,0.0001,0
9224,0.0001,0
9225,0.0001,31
9226,0.0001,41
9227,0.0001,31
9228,0.0001,0
9229,0.0001,46
9230,0.0001,0
9231,0.0001,0
9232,0.0001,0
9233,0.0001,0
9234,0.0001,0
9235,0.0001,0
9236,0.0001,0
9237,0.0001,816
9238,0.0001,0
9239,0.0001,0
9240,0.0001,62
9241,0.0001,0
9242,0.0001,1500
9243,0.0001,0
9244,0.0001,0
9245,0.0001,0
9246,0.0001,62
9247,0.0001,0
9248,0.0001,0
9249,0.0001,23
9250,0.0001,0
9251,0.0001,31
9252,0.0001,0
9253,0.0001,0
9254,0.0001,0
9255,0.0001,0
9256,0.0001,31
9257,0.0001,0
9258,0.0001,82
9259,0.0001,0
9260,0.0001,146
9261,0.0001,31
9262,0.0001,82
9263,0.0001,0
9264,0.0001,0
9265,0.0001,0
9266,0.0001,0
9267,0.0001,0
9268,0.0001,0
9269,0.0001,0
9270,0.0001,0
9271,0.0001,16
9272,0.0001,62
9273,0.0001,0
9274,0.0001,0
9275,0.0001,0
9276,0.0001,776
9277,0.0001,0
9278,0.0001,0
9279,0.0001,46
9280,0.0001,0
9281,0.0001,0
9282,0.0001,0
9283,0.0001,0
9284,0.0001,31
9285,0.0001,0
9286,0.0001,23
9287,0.0001,0
9288,0.0001,908
9289,0.0001,0
9290,0.0001,62
9291,0.0001,46
9292,0.0001,62
9293,0.0001,0
9294,0.0001,0
9295,0.0001,0
9296,0.0001,612
9297,0.0001,0
9298,0.0001,62
9299,0.0001,0
9300,0.0001,0
9301,0.0001,31
9302,0.0001,0
9303,0.0001,0
9304,0.0001,62
9305,0.0001,0
9306,0.0001,47
9307,0.0001,612
9308,0.0001,0
9309,0.0001,0
9310,0.0001,0
9311,0.0001,0
9312,0.0001,63
9313,0.0001,0
9314,0.0001,16
9315,0.0001,0
9316,0.0001,0
9317,0.0001,0
9318,0.0001,0
9319,0.0001,0
9320,0.0001,16
9321,0.0001,0
9322,0.0001,0
9323,0.0001,768
9324,0.0001,0
9325,0.0001,0
9326,0.0001,0
9327,0.0001,0
9328,0.0001,0
9329,0.0001,0
9330,0.0001,0
9331,0.0001,31
9332,0.0001,0
9333,0.0001,62
9334,0.0001,31
9335,0.0001,0
9336,0.0001,0
9337,0.0001,0
9338,0.0001,0
9339,0.0001,0
9340,0.0001,868
9341,0.0001,31
9342,0.0001,776
9343,0.0001,16
9344,0.0001,0
9345,0.0001,31
9346,0.0001,31
9347,0.0001,0
9348,0.0001,0
9349,0.0001,0
9350,0.0001,31
9351,0.0001,0
9352,0.0001,62
9353,0.0001,0
9354,0.0001,0
9355,0.0001,0
9356,0.0001,62
9357,0.0001,0
9358,0.0001,0
9359,0.0001,41
9360,0.0001,31
9361,0.0001,23
9362,0.0001,0
9363,0.0001,0
9364,0.0001,123
9365,0.0001,0
9366,0.0001,0
9367,0.0001,0
9368,0.0001,0
9369,0.0001,0
9370,0.0001,0
9371,0.0001,0
9372,0.0001,31
9373,0.0001,62
9374,0.0001,1106
9375,0.0001,62
9376,0.0001,0
9377,0.0001,612
9378,0.0001,0
9379,0.0001,0
9380,0.0001,0
9381,0.0001,23
9382,0.0001,664
9383,0.0001,0
9384,0.0001,24
9385,0.0001,31
9386,0.0001,31
9387,0.0001,0
9388,0.0001,0
9389,0.0001,0
9390,0.0001,0
9391,0.0001,0
9392,0.0001,0
9393,0.0001,0
9394,0.0001,0
9395,0.0001,0
9396,0.0001,0
9397,0.0001,31
9398,0.0001,47
9399,0.0001,0
9400,0.0001,0
9401,0.0001,0
9402,0.0001,0
9403,0.0001,0
9404,0.0001,0
9405,0.0001,0
9406,0.0001,0
9407,0.0001,0
9408,0.0001,768
9409,0.0001,46
9410,0.0001,23
9411,0.0001,134
9412,0.0001,0
9413,0.0001,0
9414,0.0001,46
9415,0.0001,860
9416,0.0001,768
9417,0.0001,0
9418,0.0001,0
9419,0.0001,1546
9420,0.0001,0
9421,0.0001,0
9422,0.0001,624
9423,0.0001,62
9424,0.0001,46
9425,0.0001,23
9426,0.0001,0
9427,0.0001,62
9428,0.0001,0
9429,0.0001,0
9430,0.0001,0
9431,0.0001,0
9432,0.0001,0
9433,0.0001,0
9434,0.0001,0
9435,0.0001,0
9436,0.0001,62
9437,0.0001,0
9438,0.0001,31
9439,0.0001,62
9440,0.0001,0
9441,0.0001,0
9442,0.0001,0
9443,0.0001,0
9444,0.0001,0
9445,0.0001,0
9446,0.0001,0
9447,0.0001,46
9448,0.0001,0
9449,0.0001,0
9450,0.0001,0
9451,0.0001,0
9452,0.0001,62
9453,0.0001,0
9454,0.0001,658
9455,0.0001,41
9456,0.0001,0
9457,0.0001,0
9458,0.0001,0
9459,0.0001,82
9460,0.0001,0
9461,0.0001,62
9462,0.0001,0
9463,0.0001,0
9464,0.0001,0
9465,0.0001,46
9466,0.0001,0
9467,0.0001,0
9468,0.0001,23
9469,0.0001,32
9470,0.0001,768
9471,0.0001,23
9472,0.0001,0
9473,0.0001,814
9474,0.0001,768
9475,0.0001,0
9476,0.0001,31
9477,0.0001,0
9478,0.0001,31
9479,0.0001,0
9480,0.0001,46
9481,0.0001,46
9482,0.0001,62
9483,0.0001,47
9484,0.0001,0
9485,0.0001,62
9486,0.0001,0
9487,0.0001,63
9488,0.0001,118
9489,0.0001,0
9490,0.0001,0
9491,0.0001,46
9492,0.0001,0
9493,0.0001,47
9494,0.0001,0
9495,0.0001,31
9496,0.0001,0
9497,0.0001,768
9498,0.0001,0
9499,0.0001,735
9500,0.0001,0
9501,0.0001,0
9502,0.0001,635
9503,0.0001,0
9504,0.0001,0
9505,0.0001,47
9506,0.0001,0
9507,0.0001,62
9508,0.0001,46
9509,0.0001,0
9510,0.0001,0
9511,0.0001,0
9512,0.0001,63
9513,0.0001,0
9514,0.0001,0
9515,0.0001,0
9516,0.0001,118
9517,0.0001,0
9518,0.0001,0
9519,0.0001,0
9520,0.0001,16
9521,0.0001,0
9522,0.0001,0
9523,0.0001,0
9524,0.0001,0
9525,0.0001,47
9526,0.0001,0
9527,0.0001,0
9528,0.0001,0
9529,0.0001,0
9530,0.0001,0
9531,0.0001,23
9532,0.0001,23
9533,0.0001,85
9534,0.0001,0
9535,0.0001,0
9536,0.0001,0
9537,0.0001,21
9538,0.0001,1500
9539,0.0001,0
9540,0.0001,0
9541,0.0001,0
9542,0.0001,0
9543,0.0001,63
9544,0.0001,0
9545,0.0001,0
9546,0.0001,16
9547,0.0001,0
9548,0.0001,31
9549,0.0001,0
9550,0.0001,46
9551,0.0001,0
9552,0.0001,0
9553,0.0001,46
9554,0.0001,0
9555,0.0001,0
9556,0.0001,0
9557,0.0001,31
9558,0.0001,0
9559,0.0001,62
9560,0.0001,31
9561,0.0001,0
9562,0.0001,0
9563,0.0001,0
9564,0.0001,0
9565,0.0001,0
9566,0.0001,0
9567,0.0001,0
9568,0.0001,62
9569,0.0001,0
9570,0.0001,16
9571,0.0001,0
9572,0.0001,0
9573,0.0001,31
9574,0.0001,751
9575,0.0001,0
9576,0.0001,16
9577,0.0001,0
9578,0.0001,618
9579,0.0001,46
9580,0.0001,62
9581,0.0001,0
9582,0.0001,62
9583,0.0001,0
9584,0.0001,23
9585,0.0001,0
9586,0.0001,108
9587,0.0001,0
9588,0.0001,0
9589,0.0001,0
9590,0.0001,0
9591,0.0001,31
9592,0.0001,0
9593,0.0001,0
9594,0.0001,46
9595,0.0001,0
9596,0.0001,0
9597,0.0001,31
9598,0.0001,0
9599,0.0001,0
9600,0.0001,62
9601,0.0001,0
9602,0.0001,23
9603,0.0001,46
9604,0.0001,0
9605,0.0001,31
9606,0.0001,0
9607,0.0001,0
9608,0.0001,0
9609,0.0001,47
9610,0.0001,31
9611,0.0001,62
9612,0.0001,46
9613,0.0001,0
9614,0.0001,0
9615,0.0001,0
9616,0.0001,0
9617,0.0001,0
9618,0.0001,612
9619,0.0001,0
9620,0.0001,883
9621,0.0001,0
9622,0.0001,77
9623,0.0001,0
9624,0.0001,0
9625,0.0001,0
9626,0.0001,0
9627,0.0001,0
9628,0.0001,0
9629,0.0001,0
9630,0.0001,0
9631,0.0001,0
9632,0.0001,0
9633,0.0001,92
9634,0.0001,0
9635,0.0001,54
9636,0.0001,63
9637,0.0001,0
9638,0.0001,46
9639,0.0001,0
9640,0.0001,16
9641,0.0001,62
9642,0.0001,618
9643,0.0001,816
9644,0.0001,0
9645,0.0001,47
9646,0.0001,0
9647,0.0001,69
9648,0.0001,16
9649,0.0001,62
9650,0.0001,62
9651,0.0001,0
9652,0.0001,816
9653,0.0001,0
9654,0.0001,768
9655,0.0001,0
9656,0.0001,77
9657,0.0001,0
9658,0.0001,0
9659,0.0001,0
9660,0.0001,0
9661,0.0001,0
9662,0.0001,0
9663,0.0001,0
9664,0.0001,23
9665,0.0001,0
9666,0.0001,0
9667,0.0001,47
9668,0.0001,0
9669,0.0001,16
9670,0.0001,0
9671,0.0001,0
9672,0.0001,0
9673,0.0001,0
9674,0.0001,0
9675,0.0001,799
9676,0.0001,62
9677,0.0001,612
9678,0.0001,31
9679,0.0001,0
9680,0.0001,46
9681,0.0001,630
9682,0.0001,62
9683,0.0001,16
9684,0.0001,0
9685,0.0001,0
9686,0.0001,0
9687,0.0001,0
9688,0.0001,0
9689,0.0001,0
9690,0.0001,0
9691,0.0001,0
9692,0.0001,0
9693,0.0001,0
9694,0.0001,0
9695,0.0001,0
9696,0.0001,0
9697,0.0001,16
9698,0.0001,62
9699,0.0001,47
9700,0.0001,62
9701,0.0001,768
9702,0.0001,0
9703,0.0001,0
9704,0.0001,0
9705,0.0001,0
9706,0.0001,0
9707,0.0001,0
9708,0.0001,0
9709,0.0001,82
9710,0.0001,0
9711,0.0001,0
9712,0.0001,0
9713,0.0001,109
9714,0.0001,0
9715,0.0001,23
9716,0.0001,31
9717,0.0001,0
9718,0.0001,0
9719,0.0001,0
9720,0.0001,32
9721,0.0001,0
9722,0.0001,0
9723,0.0001,62
9724,0.0001,0
9725,0.0001,31
9726,0.0001,0
9727,0.0001,0
9728,0.0001,0
9729,0.0001,0
9730,0.0001,0
9731,0.0001,0
9732,0.0001,768
9733,0.0001,0
9734,0.0001,0
9735,0.0001,0
9736,0.0001,31
9737,0.0001,832
9738,0.0001,62
9739,0.0001,0
9740,0.0001,0
9741,0.0001,0
9742,0.0001,77
9743,0.0001,0
9744,0.0001,62
9745,0.0001,768
9746,0.0001,62
9747,0.0001,62
9748,0.0001,1047
9749,0.0001,31
9750,0.0001,62
9751,0.0001,0
9752,0.0001,0
9753,0.0001,63
9754,0.0001,0
9755,0.0001,0
9756,0.0001,0
9757,0.0001,0
9758,0.0001,0
9759,0.0001,776
9760,0.0001,0
9761,0.0001,0
9762,0.0001,783
9763,0.0001,0
9764,0.0001,1457
9765,0.0001,0
9766,0.0001,0
9767,0.0001,0
9768,0.0001,0
9769,0.0001,0
9770,0.0001,0
9771,0.0001,0
9772,0.0001,2376
9773,0.0001,0
9774,0.0001,0
9775,0.0001,0
9776,0.0001,0
9777,0.0001,612
9778,0.0001,0
9779,0.0001,612
9780,0.0001,0
9781,0.0001,0
9782,0.0001,62
9783,0.0001,0
9784,0.0001,62
9785,0.0001,0
9786,0.0001,62
9787,0.0001,0
9788,0.0001,31
9789,0.0001,0
9790,0.0001,0
9791,0.0001,0
9792,0.0001,0
9793,0.0001,0
9794,0.0001,0
9795,0.0001,0
9796,0.0001,31
9797,0.0001,0
9798,0.0001,0
9799,0.0001,0
9800,0.0001,0
9801,0.0001,31
9802,0.0001,0
9803,0.0001,0
9804,0.0001,23
9805,0.0001,0
9806,0.0001,0
9807,0.0001,3114
9808,0.0001,46
9809,0.0001,0
9810,0.0001,0
9811,0.0001,2174
9812,0.0001,23
9813,0.0001,768
9814,0.0001,845
9815,0.0001,0
9816,0.0001,680
9817,0.0001,0
9818,0.0001,62
9819,0.0001,62
9820,0.0001,62
9821,0.0001,31
9822,0.0001,23
9823,0.0001,783
9824,0.0001,46
9825,0.0001,0
9826,0.0001,62
9827,0.0001,0
9828,0.0001,46
9829,0.0001,31
9830,0.0001,31
9831,0.0001,0
9832,0.0001,0
9833,0.0001,0
9834,0.0001,0
9835,0.0001,0
9836,0.0001,77
9837,0.0001,728
9838,0.0001,0
9839,0.0001,0
9840,0.0001,0
9841,0.0001,0
9842,0.0001,0
9843,0.0001,21
9844,0.0001,0
9845,0.0001,0
9846,0.0001,0
9847,0.0001,0
9848,0.0001,0
9849,0.0001,0
9850,0.0001,62
9851,0.0001,0
9852,0.0001,0
9853,0.0001,0
9854,0.0001,0
9855,0.0001,0
9856,0.0001,0
9857,0.0001,0
9858,0.0001,0
9859,0.0001,0
9860,0.0001,0
9861,0.0001,0
9862,0.0001,31
9863,0.0001,0
9864,0.0001,0
9865,0.0001,23
9866,0.0001,0
9867,0.0001,0
9868,0.0001,0
9869,0.0001,0
9870,0.0001,876
9871,0.0001,0
9872,0.0001,0
9873,0.0001,0
9874,0.0001,0
9875,0.0001,0
9876,0.0001,0
9877,0.0001,62
9878,0.0001,0
9879,0.0001,0
9880,0.0001,0
9881,0.0001,0
9882,0.0001,1024
9883,0.0001,0
9884,0.0001,0
9885,0.0001,0
9886,0.0001,0
9887,0.0001,47
9888,0.0001,0
9889,0.0001,0
9890,0.0001,31
9891,0.0001,0
9892,0.0001,0
9893,0.0001,62
9894,0.0001,0
9895,0.0001,23
9896,0.0001,0
9897,0.0001,94
9898,0.0001,82
9899,0.0001,0
9900,0.0001,0
9901,0.0001,23
9902,0.0001,0
9903,0.0001,92
9904,0.0001,46
9905,0.0001,31
9906,0.0001,0
9907,0.0001,62
9908,0.0001,62
9909,0.0001,62
9910,0.0001,612
9911,0.0001,0
9912,0.0001,1081
9913,0.0001,0
9914,0.0001,612
9915,0.0001,0
9916,0.0001,0
9917,0.0001,0
9918,0.0001,0
9919,0.0001,16
9920,0.0001,0
9921,0.0001,77
9922,0.0001,0
9923,0.0001,0
9924,0.0001,0
9925,0.0001,0
9926,0.0001,776
9927,0.0001,0
9928,0.0001,0
9929,0.0001,52
9930,0.0001,768
9931,0.0001,0
9932,0.0001,16
9933,0.0001,0
9934,0.0001,0
9935,0.0001,47
9936,0.0001,0
9937,0.0001,0
9938,0.0001,46
9939,0.0001,31
9940,0.0001,0
9941,0.0001,0
9942,0.0001,0
9943,0.0001,0
9944,0.0001,0
9945,0.0001,846
9946,0.0001,62
9947,0.0001,47
9948,0.0001,141
9949,0.0001,46
9950,0.0001,0
9951,0.0001,0
9952,0.0001,0
9953,0.0001,0
9954,0.0001,0
9955,0.0001,0
9956,0.0001,0
9957,0.0001,0
9958,0.0001,0
9959,0.0001,62
9960,0.0001,0
9961,0.0001,0
9962,0.0001,0
9963,0.0001,0
9964,0.0001,52
9965,0.0001,0
9966,0.0001,0
9967,0.0001,0
9968,0.0001,31
9969,0.0001,0
9970,0.0001,0
9971,0.0001,16
9972,0.0001,62
9973,0.0001,0
9974,0.0001,0
9975,0.0001,0
9976,0.0001,0
9977,0.0001,126
9978,0.0001,0
9979,0.0001,0
9980,0.0001,0
9981,0.0001,62
9982,0.0001,0
9983,0.0001,16
9984,0.0001,46
9985,0.0001,0
9986,0.0001,0
9987,0.0001,0
9988,0.0001,0
9989,0.0001,0
9990,0.0001,768
9991,0.0001,0
9992,0.0001,0
9993,0.0001,0
9994,0.0001,0
9995,0.0001,0
9996,0.0001,0
9997,0.0001,46
9998,0.0001,0
9999,0.0001,108
