simulation_id,probability,payoutMultiplier
0,0.0001,0
1,0.0001,1800
2,0.0001,0
3,0.0001,34400
4,0.0001,20640
5,0.0001,500
6,0.0001,300
7,0.0001,0
8,0.0001,300
9,0.0001,0
10,0.0001,900
11,0.0001,3600
12,0.0001,800
13,0.0001,1500
14,0.0001,0
15,0.0001,6930
16,0.0001,0
17,0.0001,400
18,0.0001,1500
19,0.0001,0
20,0.0001,1920
21,0.0001,0
22,0.0001,0
23,0.0001,700
24,0.0001,0
25,0.0001,11400
26,0.0001,6980
27,0.0001,790
28,0.0001,300
29,0.0001,1500
30,0.0001,300
31,0.0001,400
32,0.0001,0
33,0.0001,600
34,0.0001,0
35,0.0001,0
36,0.0001,0
37,0.0001,1500
38,0.0001,2100
39,0.0001,0
40,0.0001,45200
41,0.0001,0
42,0.0001,300
43,0.0001,2000
44,0.0001,400
45,0.0001,6960
46,0.0001,1200
47,0.0001,1800
48,0.0001,1500
49,0.0001,740
50,0.0001,500
51,0.0001,300
52,0.0001,0
53,0.0001,2100
54,0.0001,1200
55,0.0001,540
56,0.0001,0
57,0.0001,700
58,0.0001,900
59,0.0001,900
60,0.0001,0
61,0.0001,1800
62,0.0001,500
63,0.0001,0
64,0.0001,23340
65,0.0001,0
66,0.0001,0
67,0.0001,0
68,0.0001,0
69,0.0001,0
70,0.0001,300
71,0.0001,20640
72,0.0001,600
73,0.0001,0
74,0.0001,2250
75,0.0001,2100
76,0.0001,0
77,0.0001,2100
78,0.0001,450
79,0.0001,21540
80,0.0001,2800
81,0.0001,0
82,0.0001,0
83,0.0001,20940
84,0.0001,8700
85,0.0001,900
86,0.0001,1200
87,0.0001,0
88,0.0001,400
89,0.0001,850
90,0.0001,0
91,0.0001,0
92,0.0001,1500
93,0.0001,400
94,0.0001,0
95,0.0001,1200
96,0.0001,300
97,0.0001,900
98,0.0001,0
99,0.0001,1200
100,0.0001,1200
101,0.0001,900
102,0.0001,0
103,0.0001,0
104,0.0001,400
105,0.0001,900
106,0.0001,300
107,0.0001,700
108,0.0001,0
109,0.0001,1500
110,0.0001,700
111,0.0001,1500
112,0.0001,0
113,0.0001,6980
114,0.0001,0
115,0.0001,2250
116,0.0001,0
117,0.0001,700
118,0.0001,2000
119,0.0001,3600
120,0.0001,0
121,0.0001,0
122,0.0001,0
123,0.0001,0
124,0.0001,1650
125,0.0001,1680
126,0.0001,500
127,0.0001,0
128,0.0001,900
129,0.0001,0
130,0.0001,400
131,0.0001,0
132,0.0001,300
133,0.0001,4050
134,0.0001,400
135,0.0001,0
136,0.0001,10200
137,0.0001,400
138,0.0001,0
139,0.0001,400
140,0.0001,500
141,0.0001,900
142,0.0001,7080
143,0.0001,2100
144,0.0001,0
145,0.0001,900
146,0.0001,0
147,0.0001,900
148,0.0001,0
149,0.0001,900
150,0.0001,400
151,0.0001,900
152,0.0001,900
153,0.0001,0
154,0.0001,2100
155,0.0001,2700
156,0.0001,300
157,0.0001,1800
158,0.0001,0
159,0.0001,1800
160,0.0001,700
161,0.0001,650
162,0.0001,400
163,0.0001,900
164,0.0001,0
165,0.0001,1200
166,0.0001,850
167,0.0001,0
168,0.0001,0
169,0.0001,0
170,0.0001,0
171,0.0001,700
172,0.0001,1620
173,0.0001,0
174,0.0001,1200
175,0.0001,1200
176,0.0001,800
177,0.0001,0
178,0.0001,0
179,0.0001,400
180,0.0001,1200
181,0.0001,1500
182,0.0001,0
183,0.0001,0
184,0.0001,1200
185,0.0001,0
186,0.0001,640
187,0.0001,6980
188,0.0001,1200
189,0.0001,600
190,0.0001,0
191,0.0001,300
192,0.0001,1500
193,0.0001,900
194,0.0001,900
195,0.0001,1200
196,0.0001,900
197,0.0001,0
198,0.0001,34400
199,0.0001,900
200,0.0001,2700
201,0.0001,0
202,0.0001,900
203,0.0001,900
204,0.0001,800
205,0.0001,6300
206,0.0001,640
207,0.0001,300
208,0.0001,0
209,0.0001,2100
210,0.0001,900
211,0.0001,0
212,0.0001,1200
213,0.0001,0
214,0.0001,1200
215,0.0001,0
216,0.0001,0
217,0.0001,1200
218,0.0001,850
219,0.0001,700
220,0.0001,900
221,0.0001,300
222,0.0001,1200
223,0.0001,1950
224,0.0001,0
225,0.0001,0
226,0.0001,0
227,0.0001,23340
228,0.0001,300
229,0.0001,0
230,0.0001,0
231,0.0001,0
232,0.0001,840
233,0.0001,400
234,0.0001,1500
235,0.0001,450
236,0.0001,1500
237,0.0001,1800
238,0.0001,300
239,0.0001,3000
240,0.0001,0
241,0.0001,800
242,0.0001,700
243,0.0001,3400
244,0.0001,300
245,0.0001,600
246,0.0001,900
247,0.0001,0
248,0.0001,0
249,0.0001,0
250,0.0001,500
251,0.0001,6980
252,0.0001,9900
253,0.0001,0
254,0.0001,1800
255,0.0001,0
256,0.0001,700
257,0.0001,0
258,0.0001,21390
259,0.0001,0
260,0.0001,1500
261,0.0001,900
262,0.0001,0
263,0.0001,2100
264,0.0001,1800
265,0.0001,300
266,0.0001,0
267,0.0001,0
268,0.0001,300
269,0.0001,300
270,0.0001,5700
271,0.0001,0
272,0.0001,1500
273,0.0001,1500
274,0.0001,0
275,0.0001,800
276,0.0001,750
277,0.0001,900
278,0.0001,300
279,0.0001,0
280,0.0001,900
281,0.0001,900
282,0.0001,1500
283,0.0001,0
284,0.0001,0
285,0.0001,0
286,0.0001,900
287,0.0001,3600
288,0.0001,0
289,0.0001,3700
290,0.0001,0
291,0.0001,900
292,0.0001,3640
293,0.0001,0
294,0.0001,1500
295,0.0001,0
296,0.0001,0
297,0.0001,0
298,0.0001,1200
299,0.0001,3000
300,0.0001,0
301,0.0001,0
302,0.0001,0
303,0.0001,2100
304,0.0001,300
305,0.0001,300
306,0.0001,0
307,0.0001,300
308,0.0001,0
309,0.0001,0
310,0.0001,1200
311,0.0001,34400
312,0.0001,900
313,0.0001,2000
314,0.0001,0
315,0.0001,1200
316,0.0001,0
317,0.0001,800
318,0.0001,3000
319,0.0001,900
320,0.0001,1500
321,0.0001,900
322,0.0001,33900
323,0.0001,300
324,0.0001,300
325,0.0001,0
326,0.0001,1200
327,0.0001,1500
328,0.0001,0
329,0.0001,8860
330,0.0001,3000
331,0.0001,300
332,0.0001,0
333,0.0001,900
334,0.0001,16500
335,0.0001,0
336,0.0001,300
337,0.0001,400
338,0.0001,500
339,0.0001,0
340,0.0001,20640
341,0.0001,300
342,0.0001,1200
343,0.0001,0
344,0.0001,7980
345,0.0001,400
346,0.0001,300
347,0.0001,3400
348,0.0001,0
349,0.0001,1800
350,0.0001,300
351,0.0001,900
352,0.0001,1500
353,0.0001,10800
354,0.0001,0
355,0.0001,900
356,0.0001,0
357,0.0001,0
358,0.0001,600
359,0.0001,300
360,0.0001,3000
361,0.0001,700
362,0.0001,1200
363,0.0001,0
364,0.0001,300
365,0.0001,10200
366,0.0001,550
367,0.0001,1200
368,0.0001,0
369,0.0001,0
370,0.0001,300
371,0.0001,900
372,0.0001,400
373,0.0001,0
374,0.0001,0
375,0.0001,0
376,0.0001,1500
377,0.0001,1200
378,0.0001,0
379,0.0001,7780
380,0.0001,0
381,0.0001,20940
382,0.0001,0
383,0.0001,900
384,0.0001,6980
385,0.0001,0
386,0.0001,1200
387,0.0001,850
388,0.0001,0
389,0.0001,1200
390,0.0001,20940
391,0.0001,400
392,0.0001,2100
393,0.0001,0
394,0.0001,0
395,0.0001,1800
396,0.0001,700
397,0.0001,600
398,0.0001,800
399,0.0001,1200
400,0.0001,0
401,0.0001,0
402,0.0001,0
403,0.0001,0
404,0.0001,5300
405,0.0001,900
406,0.0001,1200
407,0.0001,0
408,0.0001,1800
409,0.0001,900
410,0.0001,900
411,0.0001,0
412,0.0001,300
413,0.0001,300
414,0.0001,900
415,0.0001,0
416,0.0001,0
417,0.0001,27420
418,0.0001,850
419,0.0001,0
420,0.0001,900
421,0.0001,1200
422,0.0001,400
423,0.0001,900
424,0.0001,900
425,0.0001,15000
426,0.0001,900
427,0.0001,0
428,0.0001,2700
429,0.0001,500
430,0.0001,0
431,0.0001,300
432,0.0001,0
433,0.0001,0
434,0.0001,900
435,0.0001,1200
436,0.0001,1500
437,0.0001,300
438,0.0001,300
439,0.0001,0
440,0.0001,640
441,0.0001,6980
442,0.0001,450
443,0.0001,900
444,0.0001,0
445,0.0001,900
446,0.0001,0
447,0.0001,700
448,0.0001,0
449,0.0001,500
450,0.0001,900
451,0.0001,600
452,0.0001,0
453,0.0001,900
454,0.0001,2100
455,0.0001,0
456,0.0001,2140
457,0.0001,300
458,0.0001,600
459,0.0001,1500
460,0.0001,0
461,0.0001,7380
462,0.0001,0
463,0.0001,0
464,0.0001,0
465,0.0001,0
466,0.0001,540
467,0.0001,300
468,0.0001,0
469,0.0001,0
470,0.0001,0
471,0.0001,0
472,0.0001,0
473,0.0001,540
474,0.0001,1350
475,0.0001,0
476,0.0001,300
477,0.0001,0
478,0.0001,1200
479,0.0001,3600
480,0.0001,6910
481,0.0001,1500
482,0.0001,0
483,0.0001,780
484,0.0001,0
485,0.0001,7080
486,0.0001,900
487,0.0001,0
488,0.0001,900
489,0.0001,940
490,0.0001,300
491,0.0001,400
492,0.0001,1500
493,0.0001,900
494,0.0001,300
495,0.0001,400
496,0.0001,300
497,0.0001,300
498,0.0001,20940
499,0.0001,600
500,0.0001,0
501,0.0001,900
502,0.0001,3900
503,0.0001,0
504,0.0001,0
505,0.0001,0
506,0.0001,400
507,0.0001,900
508,0.0001,0
509,0.0001,300
510,0.0001,3300
511,0.0001,0
512,0.0001,0
513,0.0001,1500
514,0.0001,0
515,0.0001,300
516,0.0001,1500
517,0.0001,900
518,0.0001,2520
519,0.0001,0
520,0.0001,300
521,0.0001,450
522,0.0001,0
523,0.0001,0
524,0.0001,0
525,0.0001,0
526,0.0001,900
527,0.0001,1200
528,0.0001,400
529,0.0001,900
530,0.0001,0
531,0.0001,5400
532,0.0001,0
533,0.0001,0
534,0.0001,30120
535,0.0001,1600
536,0.0001,900
537,0.0001,900
538,0.0001,0
539,0.0001,0
540,0.0001,0
541,0.0001,400
542,0.0001,900
543,0.0001,400
544,0.0001,300
545,0.0001,0
546,0.0001,1200
547,0.0001,0
548,0.0001,6980
549,0.0001,900
550,0.0001,0
551,0.0001,0
552,0.0001,1500
553,0.0001,1500
554,0.0001,1500
555,0.0001,0
556,0.0001,7080
557,0.0001,0
558,0.0001,900
559,0.0001,900
560,0.0001,7880
561,0.0001,0
562,0.0001,0
563,0.0001,0
564,0.0001,400
565,0.0001,900
566,0.0001,0
567,0.0001,2000
568,0.0001,300
569,0.0001,900
570,0.0001,300
571,0.0001,0
572,0.0001,0
573,0.0001,600
574,0.0001,2250
575,0.0001,600
576,0.0001,840
577,0.0001,1500
578,0.0001,300
579,0.0001,2100
580,0.0001,0
581,0.0001,0
582,0.0001,0
583,0.0001,0
584,0.0001,0
585,0.0001,0
586,0.0001,1500
587,0.0001,0
588,0.0001,0
589,0.0001,600
590,0.0001,0
591,0.0001,300
592,0.0001,0
593,0.0001,400
594,0.0001,0
595,0.0001,0
596,0.0001,700
597,0.0001,0
598,0.0001,1200
599,0.0001,400
600,0.0001,4500
601,0.0001,0
602,0.0001,900
603,0.0001,1500
604,0.0001,0
605,0.0001,0
606,0.0001,900
607,0.0001,1200
608,0.0001,1200
609,0.0001,900
610,0.0001,900
611,0.0001,0
612,0.0001,1200
613,0.0001,700
614,0.0001,400
615,0.0001,240
616,0.0001,850
617,0.0001,6930
618,0.0001,0
619,0.0001,2520
620,0.0001,500
621,0.0001,3000
622,0.0001,400
623,0.0001,900
624,0.0001,0
625,0.0001,0
626,0.0001,0
627,0.0001,2000
628,0.0001,0
629,0.0001,0
630,0.0001,0
631,0.0001,900
632,0.0001,7500
633,0.0001,900
634,0.0001,900
635,0.0001,0
636,0.0001,0
637,0.0001,900
638,0.0001,300
639,0.0001,0
640,0.0001,0
641,0.0001,900
642,0.0001,300
643,0.0001,1920
644,0.0001,1200
645,0.0001,900
646,0.0001,1500
647,0.0001,0
648,0.0001,0
649,0.0001,450
650,0.0001,900
651,0.0001,4320
652,0.0001,900
653,0.0001,0
654,0.0001,1500
655,0.0001,0
656,0.0001,0
657,0.0001,3000
658,0.0001,0
659,0.0001,0
660,0.0001,0
661,0.0001,0
662,0.0001,300
663,0.0001,300
664,0.0001,400
665,0.0001,0
666,0.0001,0
667,0.0001,15750
668,0.0001,300
669,0.0001,2100
670,0.0001,150
671,0.0001,10200
672,0.0001,400
673,0.0001,0
674,0.0001,0
675,0.0001,0
676,0.0001,700
677,0.0001,600
678,0.0001,900
679,0.0001,0
680,0.0001,0
681,0.0001,500
682,0.0001,0
683,0.0001,0
684,0.0001,0
685,0.0001,0
686,0.0001,0
687,0.0001,0
688,0.0001,0
689,0.0001,0
690,0.0001,0
691,0.0001,900
692,0.0001,0
693,0.0001,0
694,0.0001,700
695,0.0001,1500
696,0.0001,900
697,0.0001,1860
698,0.0001,0
699,0.0001,0
700,0.0001,1500
701,0.0001,300
702,0.0001,1920
703,0.0001,300
704,0.0001,0
705,0.0001,7030
706,0.0001,0
707,0.0001,0
708,0.0001,0
709,0.0001,500
710,0.0001,600
711,0.0001,0
712,0.0001,1620
713,0.0001,1800
714,0.0001,0
715,0.0001,1500
716,0.0001,0
717,0.0001,34400
718,0.0001,1500
719,0.0001,550
720,0.0001,1500
721,0.0001,1800
722,0.0001,900
723,0.0001,900
724,0.0001,900
725,0.0001,790
726,0.0001,2000
727,0.0001,10800
728,0.0001,1500
729,0.0001,800
730,0.0001,500
731,0.0001,1920
732,0.0001,300
733,0.0001,600
734,0.0001,900
735,0.0001,900
736,0.0001,900
737,0.0001,2100
738,0.0001,0
739,0.0001,1200
740,0.0001,0
741,0.0001,900
742,0.0001,1500
743,0.0001,600
744,0.0001,300
745,0.0001,20790
746,0.0001,0
747,0.0001,900
748,0.0001,0
749,0.0001,500
750,0.0001,0
751,0.0001,0
752,0.0001,300
753,0.0001,1200
754,0.0001,500
755,0.0001,0
756,0.0001,0
757,0.0001,600
758,0.0001,300
759,0.0001,2100
760,0.0001,2100
761,0.0001,1500
762,0.0001,640
763,0.0001,0
764,0.0001,0
765,0.0001,0
766,0.0001,400
767,0.0001,7080
768,0.0001,400
769,0.0001,0
770,0.0001,500
771,0.0001,0
772,0.0001,0
773,0.0001,900
774,0.0001,1200
775,0.0001,1620
776,0.0001,7080
777,0.0001,0
778,0.0001,6980
779,0.0001,300
780,0.0001,4800
781,0.0001,0
782,0.0001,0
783,0.0001,450
784,0.0001,0
785,0.0001,700
786,0.0001,0
787,0.0001,0
788,0.0001,1200
789,0.0001,900
790,0.0001,1650
791,0.0001,2100
792,0.0001,0
793,0.0001,1860
794,0.0001,900
795,0.0001,300
796,0.0001,0
797,0.0001,0
798,0.0001,0
799,0.0001,0
800,0.0001,600
801,0.0001,900
802,0.0001,1800
803,0.0001,0
804,0.0001,600
805,0.0001,3600
806,0.0001,1200
807,0.0001,600
808,0.0001,0
809,0.0001,0
810,0.0001,0
811,0.0001,1500
812,0.0001,0
813,0.0001,900
814,0.0001,0
815,0.0001,1500
816,0.0001,400
817,0.0001,700
818,0.0001,300
819,0.0001,790
820,0.0001,550
821,0.0001,2000
822,0.0001,0
823,0.0001,6980
824,0.0001,21240
825,0.0001,0
826,0.0001,1800
827,0.0001,1500
828,0.0001,1800
829,0.0001,0
830,0.0001,0
831,0.0001,300
832,0.0001,0
833,0.0001,300
834,0.0001,300
835,0.0001,0
836,0.0001,0
837,0.0001,400
838,0.0001,1500
839,0.0001,900
840,0.0001,0
841,0.0001,400
842,0.0001,900
843,0.0001,900
844,0.0001,0
845,0.0001,900
846,0.0001,0
847,0.0001,0
848,0.0001,0
849,0.0001,1350
850,0.0001,0
851,0.0001,450
852,0.0001,1800
853,0.0001,300
854,0.0001,1800
855,0.0001,300
856,0.0001,0
857,0.0001,0
858,0.0001,0
859,0.0001,0
860,0.0001,900
861,0.0001,6980
862,0.0001,0
863,0.0001,700
864,0.0001,7030
865,0.0001,1200
866,0.0001,300
867,0.0001,0
868,0.0001,300
869,0.0001,3900
870,0.0001,1200
871,0.0001,300
872,0.0001,0
873,0.0001,1200
874,0.0001,0
875,0.0001,0
876,0.0001,3700
877,0.0001,450
878,0.0001,0
879,0.0001,0
880,0.0001,300
881,0.0001,0
882,0.0001,0
883,0.0001,900
884,0.0001,900
885,0.0001,300
886,0.0001,1500
887,0.0001,1200
888,0.0001,900
889,0.0001,1200
890,0.0001,500
891,0.0001,0
892,0.0001,0
893,0.0001,900
894,0.0001,900
895,0.0001,300
896,0.0001,900
897,0.0001,0
898,0.0001,900
899,0.0001,0
900,0.0001,800
901,0.0001,0
902,0.0001,700
903,0.0001,0
904,0.0001,7180
905,0.0001,300
906,0.0001,0
907,0.0001,9640
908,0.0001,1350
909,0.0001,400
910,0.0001,20640
911,0.0001,22140
912,0.0001,600
913,0.0001,0
914,0.0001,3000
915,0.0001,0
916,0.0001,0
917,0.0001,700
918,0.0001,1620
919,0.0001,400
920,0.0001,300
921,0.0001,0
922,0.0001,900
923,0.0001,750
924,0.0001,0
925,0.0001,0
926,0.0001,0
927,0.0001,400
928,0.0001,0
929,0.0001,6980
930,0.0001,1200
931,0.0001,10800
932,0.0001,740
933,0.0001,1200
934,0.0001,2100
935,0.0001,0
936,0.0001,0
937,0.0001,900
938,0.0001,0
939,0.0001,500
940,0.0001,7080
941,0.0001,900
942,0.0001,22140
943,0.0001,800
944,0.0001,0
945,0.0001,1500
946,0.0001,0
947,0.0001,10200
948,0.0001,300
949,0.0001,900
950,0.0001,400
951,0.0001,0
952,0.0001,300
953,0.0001,920
954,0.0001,0
955,0.0001,640
956,0.0001,0
957,0.0001,2140
958,0.0001,0
959,0.0001,900
960,0.0001,900
961,0.0001,0
962,0.0001,400
963,0.0001,0
964,0.0001,0
965,0.0001,2000
966,0.0001,0
967,0.0001,0
968,0.0001,0
969,0.0001,900
970,0.0001,1800
971,0.0001,150
972,0.0001,3400
973,0.0001,900
974,0.0001,0
975,0.0001,700
976,0.0001,0
977,0.0001,320
978,0.0001,0
979,0.0001,900
980,0.0001,550
981,0.0001,1500
982,0.0001,600
983,0.0001,900
984,0.0001,0
985,0.0001,0
986,0.0001,0
987,0.0001,900
988,0.0001,6000
989,0.0001,2100
990,0.0001,0
991,0.0001,0
992,0.0001,550
993,0.0001,0
994,0.0001,1650
995,0.0001,0
996,0.0001,0
997,0.0001,540
998,0.0001,0
999,0.0001,1200
1000,0.0001,0
1001,0.0001,550
1002,0.0001,300
1003,0.0001,0
1004,0.0001,0
1005,0.0001,300
1006,0.0001,0
1007,0.0001,1200
1008,0.0001,0
1009,0.0001,0
1010,0.0001,900
1011,0.0001,0
1012,0.0001,0
1013,0.0001,0
1014,0.0001,800
1015,0.0001,0
1016,0.0001,0
1017,0.0001,1500
1018,0.0001,1500
1019,0.0001,0
1020,0.0001,1200
1021,0.0001,0
1022,0.0001,700
1023,0.0001,900
1024,0.0001,600
1025,0.0001,0
1026,0.0001,0
1027,0.0001,500
1028,0.0001,900
1029,0.0001,150
1030,0.0001,0
1031,0.0001,940
1032,0.0001,6930
1033,0.0001,45200
1034,0.0001,900
1035,0.0001,1500
1036,0.0001,1800
1037,0.0001,1500
1038,0.0001,300
1039,0.0001,0
1040,0.0001,550
1041,0.0001,900
1042,0.0001,900
1043,0.0001,0
1044,0.0001,300
1045,0.0001,1800
1046,0.0001,0
1047,0.0001,300
1048,0.0001,400
1049,0.0001,0
1050,0.0001,0
1051,0.0001,0
1052,0.0001,900
1053,0.0001,500
1054,0.0001,0
1055,0.0001,2100
1056,0.0001,0
1057,0.0001,0
1058,0.0001,300
1059,0.0001,0
1060,0.0001,0
1061,0.0001,0
1062,0.0001,0
1063,0.0001,1500
1064,0.0001,7280
1065,0.0001,0
1066,0.0001,0
1067,0.0001,1200
1068,0.0001,640
1069,0.0001,0
1070,0.0001,2100
1071,0.0001,300
1072,0.0001,900
1073,0.0001,300
1074,0.0001,0
1075,0.0001,300
1076,0.0001,700
1077,0.0001,0
1078,0.0001,400
1079,0.0001,0
1080,0.0001,0
1081,0.0001,1500
1082,0.0001,900
1083,0.0001,300
1084,0.0001,300
1085,0.0001,6960
1086,0.0001,11400
1087,0.0001,7880
1088,0.0001,0
1089,0.0001,10800
1090,0.0001,0
1091,0.0001,0
1092,0.0001,900
1093,0.0001,2250
1094,0.0001,900
1095,0.0001,0
1096,0.0001,900
1097,0.0001,0
1098,0.0001,400
1099,0.0001,6880
1100,0.0001,300
1101,0.0001,0
1102,0.0001,0
1103,0.0001,1800
1104,0.0001,900
1105,0.0001,1500
1106,0.0001,1500
1107,0.0001,0
1108,0.0001,1500
1109,0.0001,16500
1110,0.0001,0
1111,0.0001,1200
1112,0.0001,400
1113,0.0001,0
1114,0.0001,850
1115,0.0001,900
1116,0.0001,7080
1117,0.0001,0
1118,0.0001,0
1119,0.0001,800
1120,0.0001,0
1121,0.0001,0
1122,0.0001,0
1123,0.0001,450
1124,0.0001,7480
1125,0.0001,900
1126,0.0001,6980
1127,0.0001,0
1128,0.0001,0
1129,0.0001,1500
1130,0.0001,300
1131,0.0001,0
1132,0.0001,0
1133,0.0001,0
1134,0.0001,33900
1135,0.0001,0
1136,0.0001,7060
1137,0.0001,34400
1138,0.0001,0
1139,0.0001,0
1140,0.0001,0
1141,0.0001,1500
1142,0.0001,0
1143,0.0001,3900
1144,0.0001,9240
1145,0.0001,0
1146,0.0001,900
1147,0.0001,0
1148,0.0001,0
1149,0.0001,0
1150,0.0001,21840
1151,0.0001,0
1152,0.0001,2700
1153,0.0001,34400
1154,0.0001,1200
1155,0.0001,9900
1156,0.0001,2100
1157,0.0001,2000
1158,0.0001,0
1159,0.0001,300
1160,0.0001,450
1161,0.0001,20940
1162,0.0001,0
1163,0.0001,0
1164,0.0001,900
1165,0.0001,0
1166,0.0001,0
1167,0.0001,1200
1168,0.0001,0
1169,0.0001,0
1170,0.0001,450
1171,0.0001,400
1172,0.0001,0
1173,0.0001,0
1174,0.0001,900
1175,0.0001,4500
1176,0.0001,0
1177,0.0001,300
1178,0.0001,900
1179,0.0001,0
1180,0.0001,400
1181,0.0001,900
1182,0.0001,700
1183,0.0001,1920
1184,0.0001,0
1185,0.0001,6980
1186,0.0001,300
1187,0.0001,900
1188,0.0001,45200
1189,0.0001,7980
1190,0.0001,0
1191,0.0001,0
1192,0.0001,34400
1193,0.0001,400
1194,0.0001,0
1195,0.0001,900
1196,0.0001,900
1197,0.0001,500
1198,0.0001,900
1199,0.0001,300
1200,0.0001,0
1201,0.0001,900
1202,0.0001,0
1203,0.0001,600
1204,0.0001,900
1205,0.0001,0
1206,0.0001,0
1207,0.0001,5400
1208,0.0001,300
1209,0.0001,800
1210,0.0001,0
1211,0.0001,900
1212,0.0001,0
1213,0.0001,6000
1214,0.0001,300
1215,0.0001,6930
1216,0.0001,1200
1217,0.0001,0
1218,0.0001,3550
1219,0.0001,0
1220,0.0001,700
1221,0.0001,1200
1222,0.0001,0
1223,0.0001,20940
1224,0.0001,0
1225,0.0001,0
1226,0.0001,1500
1227,0.0001,1800
1228,0.0001,700
1229,0.0001,300
1230,0.0001,900
1231,0.0001,0
1232,0.0001,240
1233,0.0001,400
1234,0.0001,2000
1235,0.0001,0
1236,0.0001,1500
1237,0.0001,0
1238,0.0001,900
1239,0.0001,600
1240,0.0001,0
1241,0.0001,0
1242,0.0001,600
1243,0.0001,7920
1244,0.0001,1500
1245,0.0001,0
1246,0.0001,900
1247,0.0001,1200
1248,0.0001,0
1249,0.0001,0
1250,0.0001,400
1251,0.0001,900
1252,0.0001,0
1253,0.0001,500
1254,0.0001,600
1255,0.0001,0
1256,0.0001,900
1257,0.0001,1500
1258,0.0001,0
1259,0.0001,0
1260,0.0001,700
1261,0.0001,7280
1262,0.0001,1200
1263,0.0001,600
1264,0.0001,1500
1265,0.0001,900
1266,0.0001,1500
1267,0.0001,900
1268,0.0001,1800
1269,0.0001,900
1270,0.0001,0
1271,0.0001,0
1272,0.0001,300
1273,0.0001,1200
1274,0.0001,2100
1275,0.0001,500
1276,0.0001,0
1277,0.0001,600
1278,0.0001,0
1279,0.0001,400
1280,0.0001,300
1281,0.0001,0
1282,0.0001,400
1283,0.0001,900
1284,0.0001,900
1285,0.0001,20940
1286,0.0001,1200
1287,0.0001,940
1288,0.0001,0
1289,0.0001,1500
1290,0.0001,1500
1291,0.0001,300
1292,0.0001,1500
1293,0.0001,0
1294,0.0001,0
1295,0.0001,400
1296,0.0001,900
1297,0.0001,0
1298,0.0001,900
1299,0.0001,800
1300,0.0001,20940
1301,0.0001,0
1302,0.0001,0
1303,0.0001,1500
1304,0.0001,500
1305,0.0001,400
1306,0.0001,7380
1307,0.0001,300
1308,0.0001,1500
1309,0.0001,700
1310,0.0001,450
1311,0.0001,640
1312,0.0001,0
1313,0.0001,20940
1314,0.0001,7380
1315,0.0001,0
1316,0.0001,2100
1317,0.0001,300
1318,0.0001,300
1319,0.0001,400
1320,0.0001,0
1321,0.0001,600
1322,0.0001,20640
1323,0.0001,0
1324,0.0001,0
1325,0.0001,300
1326,0.0001,1200
1327,0.0001,0
1328,0.0001,0
1329,0.0001,2100
1330,0.0001,0
1331,0.0001,0
1332,0.0001,400
1333,0.0001,0
1334,0.0001,1200
1335,0.0001,900
1336,0.0001,1500
1337,0.0001,1500
1338,0.0001,900
1339,0.0001,1500
1340,0.0001,2000
1341,0.0001,900
1342,0.0001,0
1343,0.0001,9240
1344,0.0001,900
1345,0.0001,1500
1346,0.0001,0
1347,0.0001,0
1348,0.0001,2100
1349,0.0001,700
1350,0.0001,300
1351,0.0001,1600
1352,0.0001,0
1353,0.0001,34300
1354,0.0001,900
1355,0.0001,2100
1356,0.0001,20940
1357,0.0001,0
1358,0.0001,900
1359,0.0001,800
1360,0.0001,1620
1361,0.0001,900
1362,0.0001,1200
1363,0.0001,0
1364,0.0001,0
1365,0.0001,0
1366,0.0001,0
1367,0.0001,3450
1368,0.0001,1200
1369,0.0001,900
1370,0.0001,0
1371,0.0001,3700
1372,0.0001,1200
1373,0.0001,0
1374,0.0001,9140
1375,0.0001,1650
1376,0.0001,900
1377,0.0001,0
1378,0.0001,0
1379,0.0001,0
1380,0.0001,0
1381,0.0001,300
1382,0.0001,900
1383,0.0001,900
1384,0.0001,400
1385,0.0001,600
1386,0.0001,500
1387,0.0001,0
1388,0.0001,2520
1389,0.0001,400
1390,0.0001,600
1391,0.0001,7080
1392,0.0001,0
1393,0.0001,1500
1394,0.0001,0
1395,0.0001,10200
1396,0.0001,300
1397,0.0001,1800
1398,0.0001,0
1399,0.0001,0
1400,0.0001,300
1401,0.0001,0
1402,0.0001,2100
1403,0.0001,2000
1404,0.0001,0
1405,0.0001,0
1406,0.0001,0
1407,0.0001,800
1408,0.0001,900
1409,0.0001,0
1410,0.0001,1500
1411,0.0001,0
1412,0.0001,0
1413,0.0001,0
1414,0.0001,300
1415,0.0001,1500
1416,0.0001,0
1417,0.0001,0
1418,0.0001,0
1419,0.0001,900
1420,0.0001,0
1421,0.0001,2100
1422,0.0001,0
1423,0.0001,0
1424,0.0001,0
1425,0.0001,300
1426,0.0001,1500
1427,0.0001,0
1428,0.0001,1620
1429,0.0001,1800
1430,0.0001,0
1431,0.0001,1200
1432,0.0001,0
1433,0.0001,6300
1434,0.0001,0
1435,0.0001,0
1436,0.0001,500
1437,0.0001,9240
1438,0.0001,0
1439,0.0001,0
1440,0.0001,0
1441,0.0001,1500
1442,0.0001,1900
1443,0.0001,2000
1444,0.0001,0
1445,0.0001,1740
1446,0.0001,550
1447,0.0001,7080
1448,0.0001,0
1449,0.0001,0
1450,0.0001,20940
1451,0.0001,0
1452,0.0001,1500
1453,0.0001,3400
1454,0.0001,400
1455,0.0001,500
1456,0.0001,0
1457,0.0001,1500
1458,0.0001,0
1459,0.0001,300
1460,0.0001,400
1461,0.0001,9240
1462,0.0001,0
1463,0.0001,0
1464,0.0001,1920
1465,0.0001,400
1466,0.0001,1800
1467,0.0001,20940
1468,0.0001,900
1469,0.0001,400
1470,0.0001,0
1471,0.0001,0
1472,0.0001,0
1473,0.0001,0
1474,0.0001,0
1475,0.0001,0
1476,0.0001,0
1477,0.0001,0
1478,0.0001,0
1479,0.0001,300
1480,0.0001,1200
1481,0.0001,1200
1482,0.0001,0
1483,0.0001,1200
1484,0.0001,0
1485,0.0001,800
1486,0.0001,3400
1487,0.0001,0
1488,0.0001,0
1489,0.0001,6120
1490,0.0001,1800
1491,0.0001,20640
1492,0.0001,740
1493,0.0001,0
1494,0.0001,450
1495,0.0001,0
1496,0.0001,0
1497,0.0001,0
1498,0.0001,2100
1499,0.0001,400
1500,0.0001,600
1501,0.0001,6000
1502,0.0001,0
1503,0.0001,0
1504,0.0001,300
1505,0.0001,1200
1506,0.0001,0
1507,0.0001,900
1508,0.0001,7880
1509,0.0001,300
1510,0.0001,0
1511,0.0001,5850
1512,0.0001,3150
1513,0.0001,0
1514,0.0001,0
1515,0.0001,0
1516,0.0001,0
1517,0.0001,300
1518,0.0001,6300
1519,0.0001,900
1520,0.0001,0
1521,0.0001,0
1522,0.0001,850
1523,0.0001,9000
1524,0.0001,0
1525,0.0001,0
1526,0.0001,400
1527,0.0001,1350
1528,0.0001,5400
1529,0.0001,1200
1530,0.0001,2100
1531,0.0001,850
1532,0.0001,300
1533,0.0001,9140
1534,0.0001,400
1535,0.0001,300
1536,0.0001,900
1537,0.0001,0
1538,0.0001,790
1539,0.0001,0
1540,0.0001,1200
1541,0.0001,0
1542,0.0001,1800
1543,0.0001,20640
1544,0.0001,0
1545,0.0001,0
1546,0.0001,0
1547,0.0001,0
1548,0.0001,0
1549,0.0001,900
1550,0.0001,7030
1551,0.0001,300
1552,0.0001,0
1553,0.0001,20940
1554,0.0001,400
1555,0.0001,1200
1556,0.0001,400
1557,0.0001,20790
1558,0.0001,1800
1559,0.0001,1200
1560,0.0001,0
1561,0.0001,1500
1562,0.0001,16200
1563,0.0001,1500
1564,0.0001,600
1565,0.0001,0
1566,0.0001,0
1567,0.0001,900
1568,0.0001,900
1569,0.0001,0
1570,0.0001,0
1571,0.0001,1800
1572,0.0001,0
1573,0.0001,3000
1574,0.0001,0
1575,0.0001,900
1576,0.0001,0
1577,0.0001,300
1578,0.0001,300
1579,0.0001,0
1580,0.0001,2700
1581,0.0001,400
1582,0.0001,700
1583,0.0001,0
1584,0.0001,700
1585,0.0001,900
1586,0.0001,1500
1587,0.0001,300
1588,0.0001,900
1589,0.0001,0
1590,0.0001,0
1591,0.0001,0
1592,0.0001,900
1593,0.0001,900
1594,0.0001,0
1595,0.0001,0
1596,0.0001,0
1597,0.0001,1500
1598,0.0001,450
1599,0.0001,1200
1600,0.0001,0
1601,0.0001,1200
1602,0.0001,0
1603,0.0001,1600
1604,0.0001,300
1605,0.0001,1200
1606,0.0001,0
1607,0.0001,400
1608,0.0001,1200
1609,0.0001,400
1610,0.0001,0
1611,0.0001,0
1612,0.0001,1500
1613,0.0001,300
1614,0.0001,300
1615,0.0001,0
1616,0.0001,600
1617,0.0001,2100
1618,0.0001,0
1619,0.0001,0
1620,0.0001,300
1621,0.0001,0
1622,0.0001,690
1623,0.0001,9240
1624,0.0001,0
1625,0.0001,0
1626,0.0001,16500
1627,0.0001,0
1628,0.0001,1500
1629,0.0001,0
1630,0.0001,0
1631,0.0001,0
1632,0.0001,6880
1633,0.0001,0
1634,0.0001,1920
1635,0.0001,3840
1636,0.0001,1800
1637,0.0001,2000
1638,0.0001,400
1639,0.0001,0
1640,0.0001,1800
1641,0.0001,1200
1642,0.0001,1500
1643,0.0001,1890
1644,0.0001,0
1645,0.0001,1500
1646,0.0001,300
1647,0.0001,0
1648,0.0001,0
1649,0.0001,0
1650,0.0001,300
1651,0.0001,1200
1652,0.0001,7060
1653,0.0001,900
1654,0.0001,2000
1655,0.0001,2100
1656,0.0001,640
1657,0.0001,0
1658,0.0001,1500
1659,0.0001,400
1660,0.0001,0
1661,0.0001,800
1662,0.0001,1650
1663,0.0001,6980
1664,0.0001,300
1665,0.0001,1500
1666,0.0001,1800
1667,0.0001,0
1668,0.0001,900
1669,0.0001,0
1670,0.0001,1800
1671,0.0001,550
1672,0.0001,900
1673,0.0001,0
1674,0.0001,0
1675,0.0001,150
1676,0.0001,1500
1677,0.0001,1200
1678,0.0001,0
1679,0.0001,0
1680,0.0001,0
1681,0.0001,0
1682,0.0001,1500
1683,0.0001,0
1684,0.0001,400
1685,0.0001,0
1686,0.0001,400
1687,0.0001,0
1688,0.0001,1200
1689,0.0001,27420
1690,0.0001,20790
1691,0.0001,4500
1692,0.0001,1800
1693,0.0001,900
1694,0.0001,0
1695,0.0001,800
1696,0.0001,0
1697,0.0001,300
1698,0.0001,0
1699,0.0001,0
1700,0.0001,900
1701,0.0001,6930
1702,0.0001,0
1703,0.0001,1200
1704,0.0001,0
1705,0.0001,0
1706,0.0001,300
1707,0.0001,1200
1708,0.0001,0
1709,0.0001,900
1710,0.0001,400
1711,0.0001,900
1712,0.0001,0
1713,0.0001,0
1714,0.0001,15000
1715,0.0001,400
1716,0.0001,0
1717,0.0001,0
1718,0.0001,0
1719,0.0001,1800
1720,0.0001,0
1721,0.0001,1650
1722,0.0001,300
1723,0.0001,1500
1724,0.0001,400
1725,0.0001,2100
1726,0.0001,1500
1727,0.0001,300
1728,0.0001,1200
1729,0.0001,1200
1730,0.0001,900
1731,0.0001,2100
1732,0.0001,300
1733,0.0001,1200
1734,0.0001,0
1735,0.0001,0
1736,0.0001,0
1737,0.0001,1200
1738,0.0001,7080
1739,0.0001,2100
1740,0.0001,0
1741,0.0001,1200
1742,0.0001,0
1743,0.0001,0
1744,0.0001,0
1745,0.0001,0
1746,0.0001,1500
1747,0.0001,9440
1748,0.0001,0
1749,0.0001,850
1750,0.0001,0
1751,0.0001,0
1752,0.0001,0
1753,0.0001,0
1754,0.0001,940
1755,0.0001,7060
1756,0.0001,1500
1757,0.0001,0
1758,0.0001,0
1759,0.0001,0
1760,0.0001,0
1761,0.0001,2200
1762,0.0001,0
1763,0.0001,300
1764,0.0001,1200
1765,0.0001,0
1766,0.0001,2250
1767,0.0001,2340
1768,0.0001,2000
1769,0.0001,1350
1770,0.0001,3000
1771,0.0001,20490
1772,0.0001,700
1773,0.0001,300
1774,0.0001,600
1775,0.0001,20880
1776,0.0001,20940
1777,0.0001,400
1778,0.0001,1200
1779,0.0001,500
1780,0.0001,2100
1781,0.0001,0
1782,0.0001,2100
1783,0.0001,0
1784,0.0001,0
1785,0.0001,6980
1786,0.0001,0
1787,0.0001,0
1788,0.0001,0
1789,0.0001,34400
1790,0.0001,700
1791,0.0001,400
1792,0.0001,700
1793,0.0001,900
1794,0.0001,1500
1795,0.0001,0
1796,0.0001,0
1797,0.0001,0
1798,0.0001,0
1799,0.0001,0
1800,0.0001,0
1801,0.0001,0
1802,0.0001,900
1803,0.0001,9900
1804,0.0001,300
1805,0.0001,1200
1806,0.0001,6780
1807,0.0001,0
1808,0.0001,1200
1809,0.0001,900
1810,0.0001,900
1811,0.0001,600
1812,0.0001,0
1813,0.0001,1680
1814,0.0001,0
1815,0.0001,0
1816,0.0001,1500
1817,0.0001,2000
1818,0.0001,1500
1819,0.0001,300
1820,0.0001,300
1821,0.0001,0
1822,0.0001,720
1823,0.0001,16500
1824,0.0001,0
1825,0.0001,900
1826,0.0001,3400
1827,0.0001,300
1828,0.0001,0
1829,0.0001,7080
1830,0.0001,8250
1831,0.0001,900
1832,0.0001,600
1833,0.0001,0
1834,0.0001,700
1835,0.0001,7060
1836,0.0001,0
1837,0.0001,1500
1838,0.0001,0
1839,0.0001,300
1840,0.0001,900
1841,0.0001,7080
1842,0.0001,0
1843,0.0001,900
1844,0.0001,5700
1845,0.0001,5700
1846,0.0001,1200
1847,0.0001,900
1848,0.0001,0
1849,0.0001,0
1850,0.0001,550
1851,0.0001,400
1852,0.0001,900
1853,0.0001,0
1854,0.0001,1500
1855,0.0001,1200
1856,0.0001,900
1857,0.0001,540
1858,0.0001,1500
1859,0.0001,900
1860,0.0001,0
1861,0.0001,0
1862,0.0001,240
1863,0.0001,0
1864,0.0001,1800
1865,0.0001,1200
1866,0.0001,0
1867,0.0001,300
1868,0.0001,1200
1869,0.0001,7080
1870,0.0001,0
1871,0.0001,5400
1872,0.0001,0
1873,0.0001,2100
1874,0.0001,5400
1875,0.0001,900
1876,0.0001,300
1877,0.0001,400
1878,0.0001,0
1879,0.0001,300
1880,0.0001,0
1881,0.0001,0
1882,0.0001,400
1883,0.0001,1500
1884,0.0001,500
1885,0.0001,0
1886,0.0001,1800
1887,0.0001,900
1888,0.0001,2700
1889,0.0001,900
1890,0.0001,6300
1891,0.0001,3600
1892,0.0001,900
1893,0.0001,500
1894,0.0001,1800
1895,0.0001,600
1896,0.0001,21840
1897,0.0001,900
1898,0.0001,0
1899,0.0001,0
1900,0.0001,0
1901,0.0001,0
1902,0.0001,0
1903,0.0001,400
1904,0.0001,0
1905,0.0001,0
1906,0.0001,400
1907,0.0001,3700
1908,0.0001,0
1909,0.0001,240
1910,0.0001,0
1911,0.0001,0
1912,0.0001,1500
1913,0.0001,0
1914,0.0001,0
1915,0.0001,1500
1916,0.0001,0
1917,0.0001,300
1918,0.0001,0
1919,0.0001,1350
1920,0.0001,0
1921,0.0001,1500
1922,0.0001,7080
1923,0.0001,2200
1924,0.0001,550
1925,0.0001,1200
1926,0.0001,0
1927,0.0001,2000
1928,0.0001,900
1929,0.0001,900
1930,0.0001,0
1931,0.0001,7060
1932,0.0001,0
1933,0.0001,0
1934,0.0001,900
1935,0.0001,20940
1936,0.0001,300
1937,0.0001,0
1938,0.0001,2250
1939,0.0001,900
1940,0.0001,20730
1941,0.0001,2100
1942,0.0001,0
1943,0.0001,400
1944,0.0001,0
1945,0.0001,0
1946,0.0001,300
1947,0.0001,0
1948,0.0001,0
1949,0.0001,1500
1950,0.0001,2000
1951,0.0001,9240
1952,0.0001,900
1953,0.0001,0
1954,0.0001,0
1955,0.0001,900
1956,0.0001,800
1957,0.0001,1200
1958,0.0001,6300
1959,0.0001,1350
1960,0.0001,6000
1961,0.0001,920
1962,0.0001,0
1963,0.0001,550
1964,0.0001,300
1965,0.0001,0
1966,0.0001,300
1967,0.0001,0
1968,0.0001,300
1969,0.0001,0
1970,0.0001,0
1971,0.0001,20940
1972,0.0001,0
1973,0.0001,6000
1974,0.0001,0
1975,0.0001,0
1976,0.0001,900
1977,0.0001,3000
1978,0.0001,0
1979,0.0001,900
1980,0.0001,0
1981,0.0001,4320
1982,0.0001,0
1983,0.0001,300
1984,0.0001,800
1985,0.0001,0
1986,0.0001,700
1987,0.0001,1500
1988,0.0001,0
1989,0.0001,300
1990,0.0001,400
1991,0.0001,1200
1992,0.0001,850
1993,0.0001,0
1994,0.0001,21540
1995,0.0001,900
1996,0.0001,900
1997,0.0001,0
1998,0.0001,300
1999,0.0001,750
2000,0.0001,0
2001,0.0001,34400
2002,0.0001,900
2003,0.0001,1800
2004,0.0001,0
2005,0.0001,1620
2006,0.0001,400
2007,0.0001,0
2008,0.0001,0
2009,0.0001,2100
2010,0.0001,1500
2011,0.0001,2100
2012,0.0001,0
2013,0.0001,0
2014,0.0001,0
2015,0.0001,3700
2016,0.0001,900
2017,0.0001,34400
2018,0.0001,1500
2019,0.0001,300
2020,0.0001,6980
2021,0.0001,640
2022,0.0001,2520
2023,0.0001,0
2024,0.0001,900
2025,0.0001,1200
2026,0.0001,400
2027,0.0001,0
2028,0.0001,840
2029,0.0001,400
2030,0.0001,1500
2031,0.0001,0
2032,0.0001,2100
2033,0.0001,1500
2034,0.0001,0
2035,0.0001,900
2036,0.0001,840
2037,0.0001,900
2038,0.0001,300
2039,0.0001,0
2040,0.0001,0
2041,0.0001,0
2042,0.0001,900
2043,0.0001,900
2044,0.0001,300
2045,0.0001,1200
2046,0.0001,300
2047,0.0001,900
2048,0.0001,450
2049,0.0001,650
2050,0.0001,3700
2051,0.0001,1650
2052,0.0001,300
2053,0.0001,700
2054,0.0001,20640
2055,0.0001,900
2056,0.0001,600
2057,0.0001,0
2058,0.0001,0
2059,0.0001,1800
2060,0.0001,400
2061,0.0001,0
2062,0.0001,0
2063,0.0001,0
2064,0.0001,900
2065,0.0001,400
2066,0.0001,300
2067,0.0001,300
2068,0.0001,300
2069,0.0001,600
2070,0.0001,0
2071,0.0001,400
2072,0.0001,300
2073,0.0001,900
2074,0.0001,1200
2075,0.0001,2000
2076,0.0001,0
2077,0.0001,900
2078,0.0001,300
2079,0.0001,300
2080,0.0001,1200
2081,0.0001,300
2082,0.0001,500
2083,0.0001,300
2084,0.0001,1200
2085,0.0001,500
2086,0.0001,0
2087,0.0001,900
2088,0.0001,800
2089,0.0001,0
2090,0.0001,1800
2091,0.0001,300
2092,0.0001,0
2093,0.0001,300
2094,0.0001,300
2095,0.0001,1200
2096,0.0001,400
2097,0.0001,0
2098,0.0001,0
2099,0.0001,1800
2100,0.0001,150
2101,0.0001,600
2102,0.0001,20940
2103,0.0001,0
2104,0.0001,400
2105,0.0001,0
2106,0.0001,2000
2107,0.0001,300
2108,0.0001,900
2109,0.0001,3600
2110,0.0001,1350
2111,0.0001,300
2112,0.0001,600
2113,0.0001,0
2114,0.0001,5400
2115,0.0001,900
2116,0.0001,600
2117,0.0001,0
2118,0.0001,300
2119,0.0001,300
2120,0.0001,900
2121,0.0001,6880
2122,0.0001,20790
2123,0.0001,900
2124,0.0001,1200
2125,0.0001,500
2126,0.0001,790
2127,0.0001,0
2128,0.0001,6980
2129,0.0001,0
2130,0.0001,650
2131,0.0001,0
2132,0.0001,900
2133,0.0001,0
2134,0.0001,300
2135,0.0001,6000
2136,0.0001,400
2137,0.0001,600
2138,0.0001,0
2139,0.0001,1200
2140,0.0001,0
2141,0.0001,900
2142,0.0001,1740
2143,0.0001,2000
2144,0.0001,6120
2145,0.0001,300
2146,0.0001,0
2147,0.0001,2700
2148,0.0001,400
2149,0.0001,300
2150,0.0001,6960
2151,0.0001,0
2152,0.0001,1500
2153,0.0001,2200
2154,0.0001,0
2155,0.0001,0
2156,0.0001,900
2157,0.0001,300
2158,0.0001,400
2159,0.0001,1200
2160,0.0001,600
2161,0.0001,2000
2162,0.0001,0
2163,0.0001,1500
2164,0.0001,900
2165,0.0001,0
2166,0.0001,900
2167,0.0001,400
2168,0.0001,0
2169,0.0001,1500
2170,0.0001,400
2171,0.0001,2070
2172,0.0001,0
2173,0.0001,900
2174,0.0001,700
2175,0.0001,0
2176,0.0001,20640
2177,0.0001,0
2178,0.0001,0
2179,0.0001,0
2180,0.0001,0
2181,0.0001,0
2182,0.0001,0
2183,0.0001,300
2184,0.0001,0
2185,0.0001,400
2186,0.0001,6120
2187,0.0001,600
2188,0.0001,300
2189,0.0001,400
2190,0.0001,900
2191,0.0001,4500
2192,0.0001,2100
2193,0.0001,0
2194,0.0001,0
2195,0.0001,2040
2196,0.0001,7080
2197,0.0001,400
2198,0.0001,900
2199,0.0001,0
2200,0.0001,0
2201,0.0001,1200
2202,0.0001,1500
2203,0.0001,1500
2204,0.0001,0
2205,0.0001,0
2206,0.0001,0
2207,0.0001,1200
2208,0.0001,2250
2209,0.0001,0
2210,0.0001,0
2211,0.0001,900
2212,0.0001,2100
2213,0.0001,20640
2214,0.0001,3000
2215,0.0001,34400
2216,0.0001,900
2217,0.0001,1500
2218,0.0001,33900
2219,0.0001,940
2220,0.0001,0
2221,0.0001,0
2222,0.0001,0
2223,0.0001,0
2224,0.0001,0
2225,0.0001,0
2226,0.0001,0
2227,0.0001,0
2228,0.0001,900
2229,0.0001,900
2230,0.0001,0
2231,0.0001,0
2232,0.0001,20790
2233,0.0001,0
2234,0.0001,0
2235,0.0001,300
2236,0.0001,1500
2237,0.0001,600
2238,0.0001,0
2239,0.0001,3000
2240,0.0001,400
2241,0.0001,0
2242,0.0001,600
2243,0.0001,0
2244,0.0001,300
2245,0.0001,0
2246,0.0001,0
2247,0.0001,900
2248,0.0001,0
2249,0.0001,0
2250,0.0001,6980
2251,0.0001,0
2252,0.0001,6880
2253,0.0001,600
2254,0.0001,900
2255,0.0001,1350
2256,0.0001,640
2257,0.0001,800
2258,0.0001,0
2259,0.0001,600
2260,0.0001,300
2261,0.0001,0
2262,0.0001,700
2263,0.0001,1500
2264,0.0001,2100
2265,0.0001,1650
2266,0.0001,1500
2267,0.0001,1200
2268,0.0001,20640
2269,0.0001,900
2270,0.0001,900
2271,0.0001,0
2272,0.0001,2100
2273,0.0001,0
2274,0.0001,300
2275,0.0001,0
2276,0.0001,0
2277,0.0001,2140
2278,0.0001,2250
2279,0.0001,0
2280,0.0001,14400
2281,0.0001,0
2282,0.0001,300
2283,0.0001,0
2284,0.0001,900
2285,0.0001,900
2286,0.0001,400
2287,0.0001,1200
2288,0.0001,900
2289,0.0001,800
2290,0.0001,1620
2291,0.0001,400
2292,0.0001,1500
2293,0.0001,500
2294,0.0001,900
2295,0.0001,400
2296,0.0001,0
2297,0.0001,0
2298,0.0001,0
2299,0.0001,700
2300,0.0001,1200
2301,0.0001,0
2302,0.0001,1500
2303,0.0001,150
2304,0.0001,300
2305,0.0001,2000
2306,0.0001,1900
2307,0.0001,300
2308,0.0001,1200
2309,0.0001,0
2310,0.0001,400
2311,0.0001,640
2312,0.0001,900
2313,0.0001,400
2314,0.0001,400
2315,0.0001,0
2316,0.0001,240
2317,0.0001,1300
2318,0.0001,0
2319,0.0001,3700
2320,0.0001,0
2321,0.0001,0
2322,0.0001,1500
2323,0.0001,1500
2324,0.0001,0
2325,0.0001,0
2326,0.0001,0
2327,0.0001,0
2328,0.0001,900
2329,0.0001,1500
2330,0.0001,0
2331,0.0001,0
2332,0.0001,7880
2333,0.0001,0
2334,0.0001,2100
2335,0.0001,5700
2336,0.0001,0
2337,0.0001,0
2338,0.0001,3300
2339,0.0001,400
2340,0.0001,700
2341,0.0001,1500
2342,0.0001,300
2343,0.0001,400
2344,0.0001,0
2345,0.0001,900
2346,0.0001,900
2347,0.0001,1500
2348,0.0001,1200
2349,0.0001,0
2350,0.0001,600
2351,0.0001,0
2352,0.0001,2100
2353,0.0001,900
2354,0.0001,0
2355,0.0001,900
2356,0.0001,900
2357,0.0001,300
2358,0.0001,500
2359,0.0001,300
2360,0.0001,34400
2361,0.0001,300
2362,0.0001,20940
2363,0.0001,0
2364,0.0001,2140
2365,0.0001,400
2366,0.0001,1200
2367,0.0001,400
2368,0.0001,900
2369,0.0001,750
2370,0.0001,0
2371,0.0001,0
2372,0.0001,1620
2373,0.0001,900
2374,0.0001,400
2375,0.0001,2250
2376,0.0001,1500
2377,0.0001,400
2378,0.0001,0
2379,0.0001,0
2380,0.0001,300
2381,0.0001,1800
2382,0.0001,0
2383,0.0001,300
2384,0.0001,1500
2385,0.0001,0
2386,0.0001,900
2387,0.0001,400
2388,0.0001,900
2389,0.0001,900
2390,0.0001,9140
2391,0.0001,1500
2392,0.0001,400
2393,0.0001,900
2394,0.0001,0
2395,0.0001,1320
2396,0.0001,400
2397,0.0001,300
2398,0.0001,20340
2399,0.0001,300
2400,0.0001,2100
2401,0.0001,300
2402,0.0001,900
2403,0.0001,800
2404,0.0001,300
2405,0.0001,0
2406,0.0001,400
2407,0.0001,7080
2408,0.0001,2190
2409,0.0001,900
2410,0.0001,0
2411,0.0001,0
2412,0.0001,900
2413,0.0001,0
2414,0.0001,1350
2415,0.0001,900
2416,0.0001,900
2417,0.0001,400
2418,0.0001,300
2419,0.0001,0
2420,0.0001,500
2421,0.0001,0
2422,0.0001,400
2423,0.0001,0
2424,0.0001,0
2425,0.0001,0
2426,0.0001,1500
2427,0.0001,2100
2428,0.0001,850
2429,0.0001,500
2430,0.0001,0
2431,0.0001,0
2432,0.0001,2520
2433,0.0001,36400
2434,0.0001,6960
2435,0.0001,700
2436,0.0001,400
2437,0.0001,1800
2438,0.0001,900
2439,0.0001,2100
2440,0.0001,0
2441,0.0001,7060
2442,0.0001,0
2443,0.0001,900
2444,0.0001,300
2445,0.0001,0
2446,0.0001,450
2447,0.0001,0
2448,0.0001,300
2449,0.0001,2100
2450,0.0001,2100
2451,0.0001,800
2452,0.0001,0
2453,0.0001,0
2454,0.0001,0
2455,0.0001,1300
2456,0.0001,3900
2457,0.0001,900
2458,0.0001,300
2459,0.0001,1950
2460,0.0001,0
2461,0.0001,1200
2462,0.0001,300
2463,0.0001,0
2464,0.0001,600
2465,0.0001,600
2466,0.0001,0
2467,0.0001,0
2468,0.0001,800
2469,0.0001,1500
2470,0.0001,0
2471,0.0001,4000
2472,0.0001,0
2473,0.0001,1400
2474,0.0001,0
2475,0.0001,600
2476,0.0001,600
2477,0.0001,400
2478,0.0001,500
2479,0.0001,1900
2480,0.0001,3000
2481,0.0001,400
2482,0.0001,900
2483,0.0001,800
2484,0.0001,300
2485,0.0001,0
2486,0.0001,1200
2487,0.0001,900
2488,0.0001,7480
2489,0.0001,0
2490,0.0001,0
2491,0.0001,2250
2492,0.0001,1800
2493,0.0001,300
2494,0.0001,500
2495,0.0001,0
2496,0.0001,0
2497,0.0001,2100
2498,0.0001,900
2499,0.0001,900
2500,0.0001,900
2501,0.0001,1500
2502,0.0001,540
2503,0.0001,300
2504,0.0001,0
2505,0.0001,300
2506,0.0001,2100
2507,0.0001,1500
2508,0.0001,300
2509,0.0001,600
2510,0.0001,0
2511,0.0001,300
2512,0.0001,0
2513,0.0001,0
2514,0.0001,400
2515,0.0001,0
2516,0.0001,3700
2517,0.0001,21840
2518,0.0001,300
2519,0.0001,300
2520,0.0001,2100
2521,0.0001,0
2522,0.0001,600
2523,0.0001,600
2524,0.0001,0
2525,0.0001,400
2526,0.0001,1200
2527,0.0001,2100
2528,0.0001,0
2529,0.0001,0
2530,0.0001,900
2531,0.0001,1800
2532,0.0001,0
2533,0.0001,720
2534,0.0001,300
2535,0.0001,0
2536,0.0001,0
2537,0.0001,7080
2538,0.0001,1200
2539,0.0001,900
2540,0.0001,0
2541,0.0001,0
2542,0.0001,3390
2543,0.0001,1200
2544,0.0001,6880
2545,0.0001,300
2546,0.0001,900
2547,0.0001,0
2548,0.0001,400
2549,0.0001,2130
2550,0.0001,0
2551,0.0001,0
2552,0.0001,800
2553,0.0001,900
2554,0.0001,1500
2555,0.0001,0
2556,0.0001,0
2557,0.0001,0
2558,0.0001,700
2559,0.0001,0
2560,0.0001,16500
2561,0.0001,900
2562,0.0001,400
2563,0.0001,900
2564,0.0001,0
2565,0.0001,900
2566,0.0001,300
2567,0.0001,9000
2568,0.0001,0
2569,0.0001,0
2570,0.0001,20790
2571,0.0001,550
2572,0.0001,12000
2573,0.0001,7080
2574,0.0001,900
2575,0.0001,900
2576,0.0001,0
2577,0.0001,1800
2578,0.0001,0
2579,0.0001,1500
2580,0.0001,0
2581,0.0001,400
2582,0.0001,1500
2583,0.0001,0
2584,0.0001,600
2585,0.0001,0
2586,0.0001,300
2587,0.0001,900
2588,0.0001,0
2589,0.0001,0
2590,0.0001,700
2591,0.0001,450
2592,0.0001,0
2593,0.0001,1500
2594,0.0001,4500
2595,0.0001,0
2596,0.0001,0
2597,0.0001,0
2598,0.0001,1800
2599,0.0001,0
2600,0.0001,900
2601,0.0001,400
2602,0.0001,900
2603,0.0001,700
2604,0.0001,1800
2605,0.0001,1200
2606,0.0001,0
2607,0.0001,300
2608,0.0001,500
2609,0.0001,300
2610,0.0001,0
2611,0.0001,300
2612,0.0001,300
2613,0.0001,300
2614,0.0001,1500
2615,0.0001,0
2616,0.0001,1500
2617,0.0001,0
2618,0.0001,0
2619,0.0001,3700
2620,0.0001,1800
2621,0.0001,1600
2622,0.0001,600
2623,0.0001,900
2624,0.0001,0
2625,0.0001,9240
2626,0.0001,0
2627,0.0001,0
2628,0.0001,1200
2629,0.0001,0
2630,0.0001,0
2631,0.0001,0
2632,0.0001,400
2633,0.0001,2000
2634,0.0001,700
2635,0.0001,1200
2636,0.0001,2100
2637,0.0001,0
2638,0.0001,0
2639,0.0001,900
2640,0.0001,0
2641,0.0001,300
2642,0.0001,650
2643,0.0001,0
2644,0.0001,0
2645,0.0001,1500
2646,0.0001,0
2647,0.0001,0
2648,0.0001,0
2649,0.0001,0
2650,0.0001,10800
2651,0.0001,6960
2652,0.0001,0
2653,0.0001,600
2654,0.0001,0
2655,0.0001,300
2656,0.0001,300
2657,0.0001,0
2658,0.0001,300
2659,0.0001,7430
2660,0.0001,10350
2661,0.0001,0
2662,0.0001,2100
2663,0.0001,1200
2664,0.0001,1650
2665,0.0001,640
2666,0.0001,0
2667,0.0001,0
2668,0.0001,0
2669,0.0001,1500
2670,0.0001,20640
2671,0.0001,9090
2672,0.0001,400
2673,0.0001,3900
2674,0.0001,0
2675,0.0001,700
2676,0.0001,1200
2677,0.0001,0
2678,0.0001,300
2679,0.0001,2000
2680,0.0001,0
2681,0.0001,900
2682,0.0001,0
2683,0.0001,300
2684,0.0001,1920
2685,0.0001,2250
2686,0.0001,0
2687,0.0001,0
2688,0.0001,9450
2689,0.0001,4050
2690,0.0001,0
2691,0.0001,20880
2692,0.0001,1500
2693,0.0001,0
2694,0.0001,2100
2695,0.0001,0
2696,0.0001,12600
2697,0.0001,1500
2698,0.0001,20940
2699,0.0001,0
2700,0.0001,0
2701,0.0001,400
2702,0.0001,2100
2703,0.0001,0
2704,0.0001,0
2705,0.0001,1500
2706,0.0001,900
2707,0.0001,0
2708,0.0001,1200
2709,0.0001,2100
2710,0.0001,0
2711,0.0001,1500
2712,0.0001,0
2713,0.0001,0
2714,0.0001,6980
2715,0.0001,9190
2716,0.0001,900
2717,0.0001,0
2718,0.0001,0
2719,0.0001,1500
2720,0.0001,0
2721,0.0001,0
2722,0.0001,0
2723,0.0001,900
2724,0.0001,300
2725,0.0001,2100
2726,0.0001,0
2727,0.0001,0
2728,0.0001,1500
2729,0.0001,0
2730,0.0001,900
2731,0.0001,0
2732,0.0001,300
2733,0.0001,500
2734,0.0001,9900
2735,0.0001,0
2736,0.0001,1350
2737,0.0001,0
2738,0.0001,0
2739,0.0001,500
2740,0.0001,300
2741,0.0001,0
2742,0.0001,7080
2743,0.0001,0
2744,0.0001,900
2745,0.0001,0
2746,0.0001,600
2747,0.0001,0
2748,0.0001,0
2749,0.0001,1500
2750,0.0001,300
2751,0.0001,1350
2752,0.0001,300
2753,0.0001,600
2754,0.0001,1450
2755,0.0001,300
2756,0.0001,900
2757,0.0001,0
2758,0.0001,0
2759,0.0001,0
2760,0.0001,0
2761,0.0001,1800
2762,0.0001,900
2763,0.0001,300
2764,0.0001,0
2765,0.0001,1500
2766,0.0001,900
2767,0.0001,0
2768,0.0001,2200
2769,0.0001,1200
2770,0.0001,1200
2771,0.0001,7880
2772,0.0001,0
2773,0.0001,1500
2774,0.0001,1200
2775,0.0001,300
2776,0.0001,1500
2777,0.0001,900
2778,0.0001,700
2779,0.0001,0
2780,0.0001,1800
2781,0.0001,13560
2782,0.0001,0
2783,0.0001,2100
2784,0.0001,0
2785,0.0001,1800
2786,0.0001,800
2787,0.0001,1800
2788,0.0001,400
2789,0.0001,2000
2790,0.0001,5400
2791,0.0001,400
2792,0.0001,3000
2793,0.0001,690
2794,0.0001,0
2795,0.0001,900
2796,0.0001,0
2797,0.0001,1200
2798,0.0001,300
2799,0.0001,2000
2800,0.0001,0
2801,0.0001,0
2802,0.0001,0
2803,0.0001,400
2804,0.0001,1350
2805,0.0001,1500
2806,0.0001,6000
2807,0.0001,0
2808,0.0001,0
2809,0.0001,1800
2810,0.0001,0
2811,0.0001,0
2812,0.0001,700
2813,0.0001,900
2814,0.0001,300
2815,0.0001,300
2816,0.0001,1500
2817,0.0001,0
2818,0.0001,750
2819,0.0001,0
2820,0.0001,800
2821,0.0001,800
2822,0.0001,0
2823,0.0001,0
2824,0.0001,0
2825,0.0001,0
2826,0.0001,0
2827,0.0001,6300
2828,0.0001,0
2829,0.0001,0
2830,0.0001,0
2831,0.0001,400
2832,0.0001,1200
2833,0.0001,20940
2834,0.0001,10800
2835,0.0001,0
2836,0.0001,400
2837,0.0001,1800
2838,0.0001,0
2839,0.0001,2100
2840,0.0001,0
2841,0.0001,900
2842,0.0001,940
2843,0.0001,0
2844,0.0001,300
2845,0.0001,0
2846,0.0001,2100
2847,0.0001,0
2848,0.0001,300
2849,0.0001,0
2850,0.0001,0
2851,0.0001,0
2852,0.0001,0
2853,0.0001,7080
2854,0.0001,900
2855,0.0001,800
2856,0.0001,1450
2857,0.0001,1200
2858,0.0001,300
2859,0.0001,900
2860,0.0001,0
2861,0.0001,0
2862,0.0001,2000
2863,0.0001,600
2864,0.0001,0
2865,0.0001,2100
2866,0.0001,1200
2867,0.0001,1500
2868,0.0001,900
2869,0.0001,1500
2870,0.0001,0
2871,0.0001,240
2872,0.0001,2100
2873,0.0001,0
2874,0.0001,400
2875,0.0001,0
2876,0.0001,0
2877,0.0001,900
2878,0.0001,700
2879,0.0001,300
2880,0.0001,900
2881,0.0001,6780
2882,0.0001,0
2883,0.0001,1500
2884,0.0001,5700
2885,0.0001,0
2886,0.0001,0
2887,0.0001,840
2888,0.0001,600
2889,0.0001,300
2890,0.0001,300
2891,0.0001,12720
2892,0.0001,1500
2893,0.0001,0
2894,0.0001,0
2895,0.0001,700
2896,0.0001,700
2897,0.0001,300
2898,0.0001,1200
2899,0.0001,0
2900,0.0001,900
2901,0.0001,300
2902,0.0001,900
2903,0.0001,7080
2904,0.0001,0
2905,0.0001,0
2906,0.0001,1500
2907,0.0001,700
2908,0.0001,0
2909,0.0001,0
2910,0.0001,400
2911,0.0001,0
2912,0.0001,700
2913,0.0001,4800
2914,0.0001,4500
2915,0.0001,300
2916,0.0001,2000
2917,0.0001,300
2918,0.0001,840
2919,0.0001,0
2920,0.0001,0
2921,0.0001,0
2922,0.0001,0
2923,0.0001,400
2924,0.0001,900
2925,0.0001,0
2926,0.0001,900
2927,0.0001,0
2928,0.0001,0
2929,0.0001,900
2930,0.0001,4350
2931,0.0001,300
2932,0.0001,1200
2933,0.0001,500
2934,0.0001,0
2935,0.0001,500
2936,0.0001,0
2937,0.0001,900
2938,0.0001,400
2939,0.0001,900
2940,0.0001,20940
2941,0.0001,0
2942,0.0001,900
2943,0.0001,0
2944,0.0001,300
2945,0.0001,400
2946,0.0001,400
2947,0.0001,400
2948,0.0001,800
2949,0.0001,0
2950,0.0001,300
2951,0.0001,300
2952,0.0001,0
2953,0.0001,0
2954,0.0001,20940
2955,0.0001,900
2956,0.0001,300
2957,0.0001,400
2958,0.0001,0
2959,0.0001,400
2960,0.0001,0
2961,0.0001,1350
2962,0.0001,0
2963,0.0001,900
2964,0.0001,0
2965,0.0001,900
2966,0.0001,0
2967,0.0001,0
2968,0.0001,0
2969,0.0001,0
2970,0.0001,500
2971,0.0001,5700
2972,0.0001,0
2973,0.0001,300
2974,0.0001,0
2975,0.0001,0
2976,0.0001,7080
2977,0.0001,600
2978,0.0001,1500
2979,0.0001,900
2980,0.0001,1800
2981,0.0001,0
2982,0.0001,0
2983,0.0001,0
2984,0.0001,900
2985,0.0001,0
2986,0.0001,640
2987,0.0001,0
2988,0.0001,1500
2989,0.0001,1500
2990,0.0001,0
2991,0.0001,0
2992,0.0001,0
2993,0.0001,500
2994,0.0001,2100
2995,0.0001,6980
2996,0.0001,700
2997,0.0001,450
2998,0.0001,900
2999,0.0001,20940
3000,0.0001,600
3001,0.0001,1200
3002,0.0001,7010
3003,0.0001,2200
3004,0.0001,0
3005,0.0001,300
3006,0.0001,400
3007,0.0001,900
3008,0.0001,1500
3009,0.0001,1200
3010,0.0001,0
3011,0.0001,0
3012,0.0001,300
3013,0.0001,1920
3014,0.0001,0
3015,0.0001,1500
3016,0.0001,900
3017,0.0001,1200
3018,0.0001,0
3019,0.0001,900
3020,0.0001,10200
3021,0.0001,300
3022,0.0001,900
3023,0.0001,0
3024,0.0001,0
3025,0.0001,900
3026,0.0001,1500
3027,0.0001,1200
3028,0.0001,1500
3029,0.0001,900
3030,0.0001,900
3031,0.0001,0
3032,0.0001,900
3033,0.0001,0
3034,0.0001,20940
3035,0.0001,900
3036,0.0001,6960
3037,0.0001,400
3038,0.0001,10800
3039,0.0001,0
3040,0.0001,6860
3041,0.0001,900
3042,0.0001,1500
3043,0.0001,0
3044,0.0001,1200
3045,0.0001,0
3046,0.0001,300
3047,0.0001,0
3048,0.0001,1200
3049,0.0001,0
3050,0.0001,0
3051,0.0001,0
3052,0.0001,0
3053,0.0001,3000
3054,0.0001,900
3055,0.0001,0
3056,0.0001,4050
3057,0.0001,0
3058,0.0001,700
3059,0.0001,0
3060,0.0001,1500
3061,0.0001,900
3062,0.0001,10800
3063,0.0001,0
3064,0.0001,0
3065,0.0001,2000
3066,0.0001,300
3067,0.0001,0
3068,0.0001,300
3069,0.0001,9190
3070,0.0001,450
3071,0.0001,850
3072,0.0001,900
3073,0.0001,150
3074,0.0001,2200
3075,0.0001,500
3076,0.0001,400
3077,0.0001,1200
3078,0.0001,1740
3079,0.0001,2200
3080,0.0001,23640
3081,0.0001,500
3082,0.0001,0
3083,0.0001,300
3084,0.0001,1200
3085,0.0001,1200
3086,0.0001,0
3087,0.0001,1200
3088,0.0001,300
3089,0.0001,0
3090,0.0001,2000
3091,0.0001,0
3092,0.0001,2700
3093,0.0001,1500
3094,0.0001,400
3095,0.0001,0
3096,0.0001,0
3097,0.0001,1650
3098,0.0001,400
3099,0.0001,1200
3100,0.0001,5700
3101,0.0001,0
3102,0.0001,900
3103,0.0001,300
3104,0.0001,0
3105,0.0001,7030
3106,0.0001,1350
3107,0.0001,0
3108,0.0001,240
3109,0.0001,0
3110,0.0001,2000
3111,0.0001,1350
3112,0.0001,7030
3113,0.0001,2280
3114,0.0001,0
3115,0.0001,700
3116,0.0001,300
3117,0.0001,0
3118,0.0001,0
3119,0.0001,0
3120,0.0001,700
3121,0.0001,300
3122,0.0001,0
3123,0.0001,300
3124,0.0001,0
3125,0.0001,1200
3126,0.0001,300
3127,0.0001,300
3128,0.0001,0
3129,0.0001,0
3130,0.0001,900
3131,0.0001,0
3132,0.0001,0
3133,0.0001,1200
3134,0.0001,2100
3135,0.0001,1500
3136,0.0001,0
3137,0.0001,0
3138,0.0001,700
3139,0.0001,7030
3140,0.0001,3000
3141,0.0001,2250
3142,0.0001,0
3143,0.0001,0
3144,0.0001,0
3145,0.0001,1620
3146,0.0001,0
3147,0.0001,0
3148,0.0001,900
3149,0.0001,0
3150,0.0001,0
3151,0.0001,6930
3152,0.0001,0
3153,0.0001,1200
3154,0.0001,1500
3155,0.0001,720
3156,0.0001,0
3157,0.0001,1200
3158,0.0001,2250
3159,0.0001,400
3160,0.0001,6860
3161,0.0001,0
3162,0.0001,900
3163,0.0001,20880
3164,0.0001,2700
3165,0.0001,2000
3166,0.0001,1200
3167,0.0001,400
3168,0.0001,0
3169,0.0001,0
3170,0.0001,400
3171,0.0001,900
3172,0.0001,0
3173,0.0001,3900
3174,0.0001,0
3175,0.0001,0
3176,0.0001,0
3177,0.0001,300
3178,0.0001,0
3179,0.0001,900
3180,0.0001,2520
3181,0.0001,2100
3182,0.0001,0
3183,0.0001,1500
3184,0.0001,900
3185,0.0001,0
3186,0.0001,0
3187,0.0001,14400
3188,0.0001,0
3189,0.0001,0
3190,0.0001,300
3191,0.0001,0
3192,0.0001,900
3193,0.0001,0
3194,0.0001,0
3195,0.0001,0
3196,0.0001,0
3197,0.0001,0
3198,0.0001,6780
3199,0.0001,6980
3200,0.0001,0
3201,0.0001,0
3202,0.0001,800
3203,0.0001,900
3204,0.0001,600
3205,0.0001,800
3206,0.0001,0
3207,0.0001,400
3208,0.0001,850
3209,0.0001,500
3210,0.0001,1200
3211,0.0001,1650
3212,0.0001,300
3213,0.0001,900
3214,0.0001,0
3215,0.0001,900
3216,0.0001,1200
3217,0.0001,900
3218,0.0001,900
3219,0.0001,0
3220,0.0001,400
3221,0.0001,0
3222,0.0001,1350
3223,0.0001,300
3224,0.0001,500
3225,0.0001,0
3226,0.0001,800
3227,0.0001,9140
3228,0.0001,3000
3229,0.0001,6980
3230,0.0001,600
3231,0.0001,400
3232,0.0001,740
3233,0.0001,0
3234,0.0001,300
3235,0.0001,300
3236,0.0001,1500
3237,0.0001,900
3238,0.0001,1200
3239,0.0001,940
3240,0.0001,0
3241,0.0001,0
3242,0.0001,650
3243,0.0001,34400
3244,0.0001,1500
3245,0.0001,6980
3246,0.0001,500
3247,0.0001,840
3248,0.0001,0
3249,0.0001,1500
3250,0.0001,300
3251,0.0001,0
3252,0.0001,300
3253,0.0001,300
3254,0.0001,400
3255,0.0001,400
3256,0.0001,2700
3257,0.0001,0
3258,0.0001,500
3259,0.0001,940
3260,0.0001,900
3261,0.0001,300
3262,0.0001,0
3263,0.0001,2700
3264,0.0001,0
3265,0.0001,1200
3266,0.0001,300
3267,0.0001,900
3268,0.0001,1200
3269,0.0001,0
3270,0.0001,0
3271,0.0001,9450
3272,0.0001,900
3273,0.0001,5400
3274,0.0001,300
3275,0.0001,900
3276,0.0001,0
3277,0.0001,1500
3278,0.0001,1500
3279,0.0001,0
3280,0.0001,0
3281,0.0001,0
3282,0.0001,900
3283,0.0001,1500
3284,0.0001,600
3285,0.0001,0
3286,0.0001,300
3287,0.0001,0
3288,0.0001,900
3289,0.0001,500
3290,0.0001,1200
3291,0.0001,0
3292,0.0001,300
3293,0.0001,0
3294,0.0001,0
3295,0.0001,1600
3296,0.0001,0
3297,0.0001,300
3298,0.0001,940
3299,0.0001,0
3300,0.0001,7010
3301,0.0001,640
3302,0.0001,0
3303,0.0001,1800
3304,0.0001,300
3305,0.0001,600
3306,0.0001,0
3307,0.0001,1200
3308,0.0001,1800
3309,0.0001,700
3310,0.0001,2100
3311,0.0001,2100
3312,0.0001,20940
3313,0.0001,1200
3314,0.0001,0
3315,0.0001,1500
3316,0.0001,0
3317,0.0001,0
3318,0.0001,600
3319,0.0001,550
3320,0.0001,0
3321,0.0001,0
3322,0.0001,0
3323,0.0001,400
3324,0.0001,20940
3325,0.0001,9240
3326,0.0001,0
3327,0.0001,0
3328,0.0001,900
3329,0.0001,300
3330,0.0001,800
3331,0.0001,0
3332,0.0001,7080
3333,0.0001,0
3334,0.0001,0
3335,0.0001,1200
3336,0.0001,300
3337,0.0001,300
3338,0.0001,0
3339,0.0001,0
3340,0.0001,900
3341,0.0001,1200
3342,0.0001,500
3343,0.0001,0
3344,0.0001,300
3345,0.0001,900
3346,0.0001,2250
3347,0.0001,20340
3348,0.0001,1500
3349,0.0001,0
3350,0.0001,400
3351,0.0001,500
3352,0.0001,9090
3353,0.0001,600
3354,0.0001,500
3355,0.0001,0
3356,0.0001,900
3357,0.0001,1500
3358,0.0001,0
3359,0.0001,800
3360,0.0001,500
3361,0.0001,1200
3362,0.0001,0
3363,0.0001,0
3364,0.0001,600
3365,0.0001,3400
3366,0.0001,2000
3367,0.0001,0
3368,0.0001,2520
3369,0.0001,300
3370,0.0001,500
3371,0.0001,1620
3372,0.0001,0
3373,0.0001,900
3374,0.0001,990
3375,0.0001,1740
3376,0.0001,0
3377,0.0001,0
3378,0.0001,1620
3379,0.0001,0
3380,0.0001,300
3381,0.0001,900
3382,0.0001,800
3383,0.0001,300
3384,0.0001,0
3385,0.0001,1500
3386,0.0001,600
3387,0.0001,0
3388,0.0001,6880
3389,0.0001,700
3390,0.0001,0
3391,0.0001,0
3392,0.0001,1200
3393,0.0001,0
3394,0.0001,450
3395,0.0001,550
3396,0.0001,500
3397,0.0001,900
3398,0.0001,0
3399,0.0001,900
3400,0.0001,3640
3401,0.0001,0
3402,0.0001,2100
3403,0.0001,0
3404,0.0001,0
3405,0.0001,300
3406,0.0001,0
3407,0.0001,0
3408,0.0001,450
3409,0.0001,300
3410,0.0001,900
3411,0.0001,940
3412,0.0001,900
3413,0.0001,300
3414,0.0001,720
3415,0.0001,400
3416,0.0001,1500
3417,0.0001,1800
3418,0.0001,9000
3419,0.0001,3000
3420,0.0001,2000
3421,0.0001,800
3422,0.0001,750
3423,0.0001,0
3424,0.0001,1500
3425,0.0001,1650
3426,0.0001,7080
3427,0.0001,1500
3428,0.0001,0
3429,0.0001,700
3430,0.0001,4500
3431,0.0001,300
3432,0.0001,2520
3433,0.0001,300
3434,0.0001,900
3435,0.0001,0
3436,0.0001,300
3437,0.0001,0
3438,0.0001,0
3439,0.0001,600
3440,0.0001,1500
3441,0.0001,1500
3442,0.0001,2100
3443,0.0001,300
3444,0.0001,2520
3445,0.0001,0
3446,0.0001,0
3447,0.0001,0
3448,0.0001,20940
3449,0.0001,400
3450,0.0001,0
3451,0.0001,0
3452,0.0001,0
3453,0.0001,1800
3454,0.0001,0
3455,0.0001,150
3456,0.0001,0
3457,0.0001,0
3458,0.0001,300
3459,0.0001,300
3460,0.0001,300
3461,0.0001,400
3462,0.0001,1500
3463,0.0001,900
3464,0.0001,0
3465,0.0001,7280
3466,0.0001,1200
3467,0.0001,0
3468,0.0001,1200
3469,0.0001,0
3470,0.0001,6830
3471,0.0001,900
3472,0.0001,0
3473,0.0001,600
3474,0.0001,720
3475,0.0001,7980
3476,0.0001,3700
3477,0.0001,2100
3478,0.0001,0
3479,0.0001,0
3480,0.0001,0
3481,0.0001,700
3482,0.0001,3600
3483,0.0001,4900
3484,0.0001,0
3485,0.0001,0
3486,0.0001,500
3487,0.0001,600
3488,0.0001,1650
3489,0.0001,9120
3490,0.0001,2100
3491,0.0001,300
3492,0.0001,0
3493,0.0001,1200
3494,0.0001,1800
3495,0.0001,1800
3496,0.0001,300
3497,0.0001,7030
3498,0.0001,0
3499,0.0001,400
3500,0.0001,20940
3501,0.0001,900
3502,0.0001,650
3503,0.0001,300
3504,0.0001,0
3505,0.0001,1800
3506,0.0001,0
3507,0.0001,0
3508,0.0001,0
3509,0.0001,6960
3510,0.0001,300
3511,0.0001,7080
3512,0.0001,1800
3513,0.0001,300
3514,0.0001,0
3515,0.0001,7080
3516,0.0001,45200
3517,0.0001,0
3518,0.0001,300
3519,0.0001,0
3520,0.0001,6930
3521,0.0001,6930
3522,0.0001,400
3523,0.0001,400
3524,0.0001,1500
3525,0.0001,0
3526,0.0001,900
3527,0.0001,3000
3528,0.0001,300
3529,0.0001,1500
3530,0.0001,400
3531,0.0001,900
3532,0.0001,0
3533,0.0001,20490
3534,0.0001,300
3535,0.0001,900
3536,0.0001,0
3537,0.0001,900
3538,0.0001,0
3539,0.0001,900
3540,0.0001,0
3541,0.0001,0
3542,0.0001,2340
3543,0.0001,1500
3544,0.0001,300
3545,0.0001,7080
3546,0.0001,0
3547,0.0001,3000
3548,0.0001,0
3549,0.0001,400
3550,0.0001,0
3551,0.0001,750
3552,0.0001,600
3553,0.0001,600
3554,0.0001,300
3555,0.0001,0
3556,0.0001,500
3557,0.0001,300
3558,0.0001,500
3559,0.0001,0
3560,0.0001,0
3561,0.0001,750
3562,0.0001,0
3563,0.0001,0
3564,0.0001,3000
3565,0.0001,1200
3566,0.0001,940
3567,0.0001,300
3568,0.0001,0
3569,0.0001,300
3570,0.0001,600
3571,0.0001,450
3572,0.0001,400
3573,0.0001,500
3574,0.0001,900
3575,0.0001,900
3576,0.0001,300
3577,0.0001,900
3578,0.0001,20940
3579,0.0001,900
3580,0.0001,0
3581,0.0001,2100
3582,0.0001,0
3583,0.0001,400
3584,0.0001,0
3585,0.0001,0
3586,0.0001,0
3587,0.0001,0
3588,0.0001,900
3589,0.0001,300
3590,0.0001,0
3591,0.0001,0
3592,0.0001,6980
3593,0.0001,33900
3594,0.0001,3300
3595,0.0001,20790
3596,0.0001,1500
3597,0.0001,4500
3598,0.0001,300
3599,0.0001,400
3600,0.0001,0
3601,0.0001,1200
3602,0.0001,0
3603,0.0001,4820
3604,0.0001,1500
3605,0.0001,0
3606,0.0001,1500
3607,0.0001,9900
3608,0.0001,10620
3609,0.0001,500
3610,0.0001,21480
3611,0.0001,0
3612,0.0001,0
3613,0.0001,300
3614,0.0001,1350
3615,0.0001,1200
3616,0.0001,840
3617,0.0001,0
3618,0.0001,600
3619,0.0001,1800
3620,0.0001,0
3621,0.0001,4500
3622,0.0001,0
3623,0.0001,0
3624,0.0001,0
3625,0.0001,0
3626,0.0001,0
3627,0.0001,20940
3628,0.0001,700
3629,0.0001,5100
3630,0.0001,1800
3631,0.0001,1500
3632,0.0001,500
3633,0.0001,0
3634,0.0001,450
3635,0.0001,900
3636,0.0001,500
3637,0.0001,300
3638,0.0001,300
3639,0.0001,900
3640,0.0001,300
3641,0.0001,900
3642,0.0001,0
3643,0.0001,0
3644,0.0001,2520
3645,0.0001,1500
3646,0.0001,7430
3647,0.0001,9140
3648,0.0001,0
3649,0.0001,840
3650,0.0001,800
3651,0.0001,3000
3652,0.0001,0
3653,0.0001,0
3654,0.0001,1620
3655,0.0001,1500
3656,0.0001,0
3657,0.0001,1500
3658,0.0001,1500
3659,0.0001,400
3660,0.0001,400
3661,0.0001,900
3662,0.0001,550
3663,0.0001,300
3664,0.0001,3600
3665,0.0001,1500
3666,0.0001,3700
3667,0.0001,9240
3668,0.0001,0
3669,0.0001,0
3670,0.0001,300
3671,0.0001,1500
3672,0.0001,20940
3673,0.0001,0
3674,0.0001,500
3675,0.0001,0
3676,0.0001,0
3677,0.0001,7030
3678,0.0001,300
3679,0.0001,2520
3680,0.0001,1800
3681,0.0001,0
3682,0.0001,0
3683,0.0001,400
3684,0.0001,1500
3685,0.0001,0
3686,0.0001,600
3687,0.0001,700
3688,0.0001,0
3689,0.0001,900
3690,0.0001,600
3691,0.0001,1200
3692,0.0001,300
3693,0.0001,1500
3694,0.0001,0
3695,0.0001,3500
3696,0.0001,0
3697,0.0001,0
3698,0.0001,800
3699,0.0001,300
3700,0.0001,1200
3701,0.0001,1200
3702,0.0001,0
3703,0.0001,0
3704,0.0001,900
3705,0.0001,1200
3706,0.0001,0
3707,0.0001,0
3708,0.0001,0
3709,0.0001,500
3710,0.0001,2100
3711,0.0001,1200
3712,0.0001,0
3713,0.0001,600
3714,0.0001,940
3715,0.0001,400
3716,0.0001,1200
3717,0.0001,0
3718,0.0001,300
3719,0.0001,900
3720,0.0001,500
3721,0.0001,0
3722,0.0001,3300
3723,0.0001,0
3724,0.0001,0
3725,0.0001,1500
3726,0.0001,1200
3727,0.0001,0
3728,0.0001,0
3729,0.0001,400
3730,0.0001,900
3731,0.0001,0
3732,0.0001,900
3733,0.0001,500
3734,0.0001,0
3735,0.0001,1200
3736,0.0001,400
3737,0.0001,900
3738,0.0001,900
3739,0.0001,0
3740,0.0001,1800
3741,0.0001,400
3742,0.0001,300
3743,0.0001,500
3744,0.0001,900
3745,0.0001,7080
3746,0.0001,400
3747,0.0001,990
3748,0.0001,300
3749,0.0001,900
3750,0.0001,0
3751,0.0001,1200
3752,0.0001,0
3753,0.0001,0
3754,0.0001,0
3755,0.0001,0
3756,0.0001,0
3757,0.0001,0
3758,0.0001,34300
3759,0.0001,900
3760,0.0001,0
3761,0.0001,900
3762,0.0001,1500
3763,0.0001,6980
3764,0.0001,0
3765,0.0001,600
3766,0.0001,0
3767,0.0001,300
3768,0.0001,0
3769,0.0001,900
3770,0.0001,1500
3771,0.0001,0
3772,0.0001,0
3773,0.0001,0
3774,0.0001,0
3775,0.0001,400
3776,0.0001,900
3777,0.0001,700
3778,0.0001,900
3779,0.0001,1500
3780,0.0001,1800
3781,0.0001,2000
3782,0.0001,600
3783,0.0001,1500
3784,0.0001,1500
3785,0.0001,2100
3786,0.0001,0
3787,0.0001,300
3788,0.0001,0
3789,0.0001,1800
3790,0.0001,2100
3791,0.0001,9900
3792,0.0001,900
3793,0.0001,800
3794,0.0001,500
3795,0.0001,300
3796,0.0001,300
3797,0.0001,0
3798,0.0001,300
3799,0.0001,700
3800,0.0001,0
3801,0.0001,900
3802,0.0001,0
3803,0.0001,1500
3804,0.0001,400
3805,0.0001,0
3806,0.0001,0
3807,0.0001,900
3808,0.0001,2100
3809,0.0001,1200
3810,0.0001,940
3811,0.0001,0
3812,0.0001,700
3813,0.0001,500
3814,0.0001,0
3815,0.0001,0
3816,0.0001,0
3817,0.0001,650
3818,0.0001,0
3819,0.0001,0
3820,0.0001,900
3821,0.0001,0
3822,0.0001,0
3823,0.0001,1920
3824,0.0001,0
3825,0.0001,0
3826,0.0001,300
3827,0.0001,0
3828,0.0001,300
3829,0.0001,0
3830,0.0001,300
3831,0.0001,2100
3832,0.0001,2700
3833,0.0001,0
3834,0.0001,900
3835,0.0001,400
3836,0.0001,500
3837,0.0001,1800
3838,0.0001,400
3839,0.0001,0
3840,0.0001,0
3841,0.0001,0
3842,0.0001,400
3843,0.0001,300
3844,0.0001,900
3845,0.0001,0
3846,0.0001,400
3847,0.0001,0
3848,0.0001,700
3849,0.0001,850
3850,0.0001,0
3851,0.0001,2000
3852,0.0001,0
3853,0.0001,1800
3854,0.0001,400
3855,0.0001,0
3856,0.0001,900
3857,0.0001,300
3858,0.0001,750
3859,0.0001,400
3860,0.0001,6300
3861,0.0001,1500
3862,0.0001,990
3863,0.0001,6000
3864,0.0001,1200
3865,0.0001,0
3866,0.0001,900
3867,0.0001,0
3868,0.0001,1500
3869,0.0001,0
3870,0.0001,300
3871,0.0001,4350
3872,0.0001,1500
3873,0.0001,900
3874,0.0001,6980
3875,0.0001,1350
3876,0.0001,2250
3877,0.0001,0
3878,0.0001,0
3879,0.0001,1600
3880,0.0001,0
3881,0.0001,34150
3882,0.0001,0
3883,0.0001,20940
3884,0.0001,800
3885,0.0001,300
3886,0.0001,1800
3887,0.0001,700
3888,0.0001,3400
3889,0.0001,990
3890,0.0001,600
3891,0.0001,400
3892,0.0001,900
3893,0.0001,0
3894,0.0001,2100
3895,0.0001,300
3896,0.0001,9000
3897,0.0001,1800
3898,0.0001,0
3899,0.0001,0
3900,0.0001,900
3901,0.0001,2100
3902,0.0001,600
3903,0.0001,6860
3904,0.0001,940
3905,0.0001,0
3906,0.0001,900
3907,0.0001,1440
3908,0.0001,700
3909,0.0001,900
3910,0.0001,9140
3911,0.0001,800
3912,0.0001,15000
3913,0.0001,300
3914,0.0001,400
3915,0.0001,400
3916,0.0001,1500
3917,0.0001,300
3918,0.0001,0
3919,0.0001,0
3920,0.0001,0
3921,0.0001,0
3922,0.0001,0
3923,0.0001,6980
3924,0.0001,0
3925,0.0001,2100
3926,0.0001,400
3927,0.0001,0
3928,0.0001,0
3929,0.0001,400
3930,0.0001,0
3931,0.0001,400
3932,0.0001,0
3933,0.0001,640
3934,0.0001,0
3935,0.0001,2100
3936,0.0001,0
3937,0.0001,0
3938,0.0001,0
3939,0.0001,1200
3940,0.0001,0
3941,0.0001,400
3942,0.0001,20640
3943,0.0001,1500
3944,0.0001,0
3945,0.0001,300
3946,0.0001,0
3947,0.0001,400
3948,0.0001,2100
3949,0.0001,900
3950,0.0001,900
3951,0.0001,0
3952,0.0001,900
3953,0.0001,0
3954,0.0001,400
3955,0.0001,400
3956,0.0001,35400
3957,0.0001,0
3958,0.0001,2100
3959,0.0001,2000
3960,0.0001,2100
3961,0.0001,1500
3962,0.0001,6980
3963,0.0001,900
3964,0.0001,0
3965,0.0001,900
3966,0.0001,0
3967,0.0001,300
3968,0.0001,0
3969,0.0001,900
3970,0.0001,0
3971,0.0001,1650
3972,0.0001,0
3973,0.0001,0
3974,0.0001,500
3975,0.0001,500
3976,0.0001,0
3977,0.0001,1200
3978,0.0001,0
3979,0.0001,0
3980,0.0001,400
3981,0.0001,0
3982,0.0001,1200
3983,0.0001,1200
3984,0.0001,0
3985,0.0001,3600
3986,0.0001,800
3987,0.0001,300
3988,0.0001,1200
3989,0.0001,1500
3990,0.0001,900
3991,0.0001,900
3992,0.0001,0
3993,0.0001,400
3994,0.0001,9170
3995,0.0001,0
3996,0.0001,0
3997,0.0001,2000
3998,0.0001,0
3999,0.0001,900
4000,0.0001,900
4001,0.0001,500
4002,0.0001,850
4003,0.0001,2100
4004,0.0001,0
4005,0.0001,7080
4006,0.0001,400
4007,0.0001,2000
4008,0.0001,0
4009,0.0001,7230
4010,0.0001,900
4011,0.0001,300
4012,0.0001,0
4013,0.0001,0
4014,0.0001,0
4015,0.0001,0
4016,0.0001,900
4017,0.0001,0
4018,0.0001,300
4019,0.0001,0
4020,0.0001,0
4021,0.0001,500
4022,0.0001,0
4023,0.0001,0
4024,0.0001,900
4025,0.0001,0
4026,0.0001,0
4027,0.0001,1200
4028,0.0001,550
4029,0.0001,0
4030,0.0001,0
4031,0.0001,0
4032,0.0001,0
4033,0.0001,7060
4034,0.0001,3660
4035,0.0001,900
4036,0.0001,0
4037,0.0001,500
4038,0.0001,0
4039,0.0001,0
4040,0.0001,0
4041,0.0001,0
4042,0.0001,21540
4043,0.0001,400
4044,0.0001,300
4045,0.0001,500
4046,0.0001,6780
4047,0.0001,900
4048,0.0001,1620
4049,0.0001,900
4050,0.0001,2100
4051,0.0001,1800
4052,0.0001,0
4053,0.0001,900
4054,0.0001,0
4055,0.0001,2100
4056,0.0001,2250
4057,0.0001,0
4058,0.0001,2000
4059,0.0001,900
4060,0.0001,2100
4061,0.0001,300
4062,0.0001,500
4063,0.0001,0
4064,0.0001,2000
4065,0.0001,0
4066,0.0001,0
4067,0.0001,1200
4068,0.0001,640
4069,0.0001,1920
4070,0.0001,0
4071,0.0001,0
4072,0.0001,0
4073,0.0001,0
4074,0.0001,9720
4075,0.0001,900
4076,0.0001,700
4077,0.0001,300
4078,0.0001,900
4079,0.0001,1500
4080,0.0001,9000
4081,0.0001,34400
4082,0.0001,2100
4083,0.0001,300
4084,0.0001,900
4085,0.0001,0
4086,0.0001,0
4087,0.0001,0
4088,0.0001,300
4089,0.0001,6960
4090,0.0001,1500
4091,0.0001,0
4092,0.0001,3600
4093,0.0001,300
4094,0.0001,800
4095,0.0001,1620
4096,0.0001,500
4097,0.0001,400
4098,0.0001,300
4099,0.0001,20940
4100,0.0001,1600
4101,0.0001,1200
4102,0.0001,2100
4103,0.0001,20940
4104,0.0001,0
4105,0.0001,0
4106,0.0001,900
4107,0.0001,1200
4108,0.0001,20640
4109,0.0001,0
4110,0.0001,400
4111,0.0001,1800
4112,0.0001,300
4113,0.0001,400
4114,0.0001,400
4115,0.0001,400
4116,0.0001,0
4117,0.0001,1500
4118,0.0001,0
4119,0.0001,0
4120,0.0001,0
4121,0.0001,300
4122,0.0001,300
4123,0.0001,1200
4124,0.0001,1500
4125,0.0001,0
4126,0.0001,0
4127,0.0001,1500
4128,0.0001,500
4129,0.0001,0
4130,0.0001,2100
4131,0.0001,2100
4132,0.0001,900
4133,0.0001,0
4134,0.0001,0
4135,0.0001,0
4136,0.0001,800
4137,0.0001,1200
4138,0.0001,0
4139,0.0001,0
4140,0.0001,2520
4141,0.0001,900
4142,0.0001,300
4143,0.0001,1500
4144,0.0001,20940
4145,0.0001,1800
4146,0.0001,0
4147,0.0001,2000
4148,0.0001,0
4149,0.0001,0
4150,0.0001,1500
4151,0.0001,0
4152,0.0001,1800
4153,0.0001,0
4154,0.0001,840
4155,0.0001,0
4156,0.0001,900
4157,0.0001,0
4158,0.0001,7230
4159,0.0001,0
4160,0.0001,0
4161,0.0001,0
4162,0.0001,0
4163,0.0001,900
4164,0.0001,2100
4165,0.0001,400
4166,0.0001,0
4167,0.0001,400
4168,0.0001,900
4169,0.0001,0
4170,0.0001,300
4171,0.0001,0
4172,0.0001,9000
4173,0.0001,0
4174,0.0001,0
4175,0.0001,740
4176,0.0001,900
4177,0.0001,2250
4178,0.0001,800
4179,0.0001,0
4180,0.0001,1200
4181,0.0001,0
4182,0.0001,0
4183,0.0001,300
4184,0.0001,1200
4185,0.0001,12900
4186,0.0001,640
4187,0.0001,900
4188,0.0001,900
4189,0.0001,900
4190,0.0001,0
4191,0.0001,900
4192,0.0001,3000
4193,0.0001,900
4194,0.0001,0
4195,0.0001,300
4196,0.0001,6000
4197,0.0001,0
4198,0.0001,300
4199,0.0001,300
4200,0.0001,400
4201,0.0001,0
4202,0.0001,0
4203,0.0001,800
4204,0.0001,900
4205,0.0001,3640
4206,0.0001,300
4207,0.0001,0
4208,0.0001,0
4209,0.0001,900
4210,0.0001,0
4211,0.0001,900
4212,0.0001,300
4213,0.0001,1500
4214,0.0001,2340
4215,0.0001,300
4216,0.0001,700
4217,0.0001,0
4218,0.0001,900
4219,0.0001,900
4220,0.0001,500
4221,0.0001,600
4222,0.0001,0
4223,0.0001,0
4224,0.0001,0
4225,0.0001,0
4226,0.0001,300
4227,0.0001,0
4228,0.0001,720
4229,0.0001,0
4230,0.0001,1500
4231,0.0001,300
4232,0.0001,1200
4233,0.0001,0
4234,0.0001,1500
4235,0.0001,7480
4236,0.0001,0
4237,0.0001,1500
4238,0.0001,0
4239,0.0001,740
4240,0.0001,0
4241,0.0001,2700
4242,0.0001,900
4243,0.0001,0
4244,0.0001,300
4245,0.0001,0
4246,0.0001,300
4247,0.0001,6880
4248,0.0001,300
4249,0.0001,7030
4250,0.0001,0
4251,0.0001,0
4252,0.0001,0
4253,0.0001,2100
4254,0.0001,900
4255,0.0001,0
4256,0.0001,0
4257,0.0001,0
4258,0.0001,10200
4259,0.0001,1800
4260,0.0001,500
4261,0.0001,0
4262,0.0001,600
4263,0.0001,20940
4264,0.0001,700
4265,0.0001,6880
4266,0.0001,6120
4267,0.0001,0
4268,0.0001,400
4269,0.0001,300
4270,0.0001,0
4271,0.0001,2100
4272,0.0001,0
4273,0.0001,900
4274,0.0001,300
4275,0.0001,1800
4276,0.0001,0
4277,0.0001,300
4278,0.0001,1950
4279,0.0001,0
4280,0.0001,6960
4281,0.0001,2340
4282,0.0001,900
4283,0.0001,1300
4284,0.0001,400
4285,0.0001,400
4286,0.0001,900
4287,0.0001,1200
4288,0.0001,400
4289,0.0001,300
4290,0.0001,0
4291,0.0001,0
4292,0.0001,8100
4293,0.0001,2100
4294,0.0001,500
4295,0.0001,1500
4296,0.0001,400
4297,0.0001,600
4298,0.0001,0
4299,0.0001,7040
4300,0.0001,7080
4301,0.0001,300
4302,0.0001,7440
4303,0.0001,2100
4304,0.0001,0
4305,0.0001,900
4306,0.0001,0
4307,0.0001,1800
4308,0.0001,300
4309,0.0001,0
4310,0.0001,0
4311,0.0001,500
4312,0.0001,0
4313,0.0001,0
4314,0.0001,0
4315,0.0001,0
4316,0.0001,400
4317,0.0001,5850
4318,0.0001,1500
4319,0.0001,0
4320,0.0001,2250
4321,0.0001,500
4322,0.0001,400
4323,0.0001,900
4324,0.0001,0
4325,0.0001,1500
4326,0.0001,7880
4327,0.0001,5700
4328,0.0001,500
4329,0.0001,0
4330,0.0001,900
4331,0.0001,0
4332,0.0001,500
4333,0.0001,900
4334,0.0001,1200
4335,0.0001,7980
4336,0.0001,3000
4337,0.0001,0
4338,0.0001,550
4339,0.0001,500
4340,0.0001,690
4341,0.0001,0
4342,0.0001,0
4343,0.0001,0
4344,0.0001,800
4345,0.0001,300
4346,0.0001,0
4347,0.0001,1200
4348,0.0001,5700
4349,0.0001,7930
4350,0.0001,900
4351,0.0001,1500
4352,0.0001,2100
4353,0.0001,600
4354,0.0001,1200
4355,0.0001,0
4356,0.0001,0
4357,0.0001,1200
4358,0.0001,900
4359,0.0001,1200
4360,0.0001,7080
4361,0.0001,400
4362,0.0001,300
4363,0.0001,0
4364,0.0001,0
4365,0.0001,0
4366,0.0001,2520
4367,0.0001,1200
4368,0.0001,0
4369,0.0001,0
4370,0.0001,900
4371,0.0001,0
4372,0.0001,300
4373,0.0001,1200
4374,0.0001,0
4375,0.0001,400
4376,0.0001,300
4377,0.0001,640
4378,0.0001,900
4379,0.0001,600
4380,0.0001,2100
4381,0.0001,20940
4382,0.0001,900
4383,0.0001,300
4384,0.0001,1540
4385,0.0001,0
4386,0.0001,300
4387,0.0001,300
4388,0.0001,900
4389,0.0001,1200
4390,0.0001,0
4391,0.0001,600
4392,0.0001,0
4393,0.0001,700
4394,0.0001,1200
4395,0.0001,450
4396,0.0001,300
4397,0.0001,900
4398,0.0001,0
4399,0.0001,300
4400,0.0001,0
4401,0.0001,0
4402,0.0001,900
4403,0.0001,300
4404,0.0001,600
4405,0.0001,1500
4406,0.0001,900
4407,0.0001,1200
4408,0.0001,0
4409,0.0001,900
4410,0.0001,700
4411,0.0001,2100
4412,0.0001,900
4413,0.0001,900
4414,0.0001,0
4415,0.0001,0
4416,0.0001,0
4417,0.0001,1500
4418,0.0001,700
4419,0.0001,0
4420,0.0001,840
4421,0.0001,300
4422,0.0001,1200
4423,0.0001,20640
4424,0.0001,600
4425,0.0001,0
4426,0.0001,2520
4427,0.0001,300
4428,0.0001,720
4429,0.0001,900
4430,0.0001,1200
4431,0.0001,0
4432,0.0001,0
4433,0.0001,2100
4434,0.0001,1900
4435,0.0001,0
4436,0.0001,9240
4437,0.0001,0
4438,0.0001,0
4439,0.0001,0
4440,0.0001,1500
4441,0.0001,0
4442,0.0001,0
4443,0.0001,0
4444,0.0001,1200
4445,0.0001,20490
4446,0.0001,1200
4447,0.0001,0
4448,0.0001,300
4449,0.0001,7080
4450,0.0001,1920
4451,0.0001,300
4452,0.0001,400
4453,0.0001,1950
4454,0.0001,900
4455,0.0001,900
4456,0.0001,4950
4457,0.0001,2000
4458,0.0001,0
4459,0.0001,1200
4460,0.0001,300
4461,0.0001,0
4462,0.0001,0
4463,0.0001,0
4464,0.0001,900
4465,0.0001,0
4466,0.0001,1500
4467,0.0001,0
4468,0.0001,0
4469,0.0001,4500
4470,0.0001,0
4471,0.0001,1500
4472,0.0001,0
4473,0.0001,900
4474,0.0001,1500
4475,0.0001,12900
4476,0.0001,1200
4477,0.0001,0
4478,0.0001,6980
4479,0.0001,0
4480,0.0001,1500
4481,0.0001,1900
4482,0.0001,0
4483,0.0001,900
4484,0.0001,2700
4485,0.0001,0
4486,0.0001,640
4487,0.0001,3400
4488,0.0001,700
4489,0.0001,600
4490,0.0001,400
4491,0.0001,1500
4492,0.0001,0
4493,0.0001,0
4494,0.0001,2070
4495,0.0001,0
4496,0.0001,300
4497,0.0001,1500
4498,0.0001,7980
4499,0.0001,600
4500,0.0001,0
4501,0.0001,0
4502,0.0001,900
4503,0.0001,900
4504,0.0001,0
4505,0.0001,12600
4506,0.0001,600
4507,0.0001,900
4508,0.0001,400
4509,0.0001,0
4510,0.0001,300
4511,0.0001,900
4512,0.0001,0
4513,0.0001,1500
4514,0.0001,550
4515,0.0001,0
4516,0.0001,0
4517,0.0001,0
4518,0.0001,2000
4519,0.0001,0
4520,0.0001,0
4521,0.0001,1500
4522,0.0001,500
4523,0.0001,1200
4524,0.0001,0
4525,0.0001,2000
4526,0.0001,0
4527,0.0001,0
4528,0.0001,1500
4529,0.0001,4200
4530,0.0001,1200
4531,0.0001,300
4532,0.0001,700
4533,0.0001,1200
4534,0.0001,1800
4535,0.0001,0
4536,0.0001,0
4537,0.0001,0
4538,0.0001,1500
4539,0.0001,400
4540,0.0001,1200
4541,0.0001,3450
4542,0.0001,1500
4543,0.0001,0
4544,0.0001,20790
4545,0.0001,0
4546,0.0001,0
4547,0.0001,500
4548,0.0001,700
4549,0.0001,0
4550,0.0001,1800
4551,0.0001,0
4552,0.0001,6980
4553,0.0001,2000
4554,0.0001,840
4555,0.0001,750
4556,0.0001,1200
4557,0.0001,0
4558,0.0001,0
4559,0.0001,0
4560,0.0001,1500
4561,0.0001,400
4562,0.0001,0
4563,0.0001,0
4564,0.0001,7080
4565,0.0001,0
4566,0.0001,300
4567,0.0001,0
4568,0.0001,900
4569,0.0001,0
4570,0.0001,0
4571,0.0001,0
4572,0.0001,0
4573,0.0001,300
4574,0.0001,2100
4575,0.0001,900
4576,0.0001,1500
4577,0.0001,900
4578,0.0001,0
4579,0.0001,0
4580,0.0001,3600
4581,0.0001,2700
4582,0.0001,700
4583,0.0001,2100
4584,0.0001,700
4585,0.0001,2140
4586,0.0001,0
4587,0.0001,0
4588,0.0001,300
4589,0.0001,0
4590,0.0001,0
4591,0.0001,9900
4592,0.0001,7080
4593,0.0001,240
4594,0.0001,400
4595,0.0001,0
4596,0.0001,0
4597,0.0001,0
4598,0.0001,700
4599,0.0001,6880
4600,0.0001,0
4601,0.0001,0
4602,0.0001,1500
4603,0.0001,1500
4604,0.0001,0
4605,0.0001,1500
4606,0.0001,0
4607,0.0001,0
4608,0.0001,1500
4609,0.0001,400
4610,0.0001,1200
4611,0.0001,0
4612,0.0001,7380
4613,0.0001,0
4614,0.0001,1200
4615,0.0001,5700
4616,0.0001,0
4617,0.0001,300
4618,0.0001,600
4619,0.0001,300
4620,0.0001,400
4621,0.0001,0
4622,0.0001,0
4623,0.0001,0
4624,0.0001,400
4625,0.0001,0
4626,0.0001,0
4627,0.0001,450
4628,0.0001,1800
4629,0.0001,1800
4630,0.0001,1800
4631,0.0001,0
4632,0.0001,7380
4633,0.0001,300
4634,0.0001,0
4635,0.0001,600
4636,0.0001,1170
4637,0.0001,20880
4638,0.0001,0
4639,0.0001,1200
4640,0.0001,900
4641,0.0001,500
4642,0.0001,1620
4643,0.0001,0
4644,0.0001,300
4645,0.0001,0
4646,0.0001,1500
4647,0.0001,600
4648,0.0001,300
4649,0.0001,400
4650,0.0001,0
4651,0.0001,0
4652,0.0001,1350
4653,0.0001,650
4654,0.0001,0
4655,0.0001,2100
4656,0.0001,1500
4657,0.0001,9240
4658,0.0001,700
4659,0.0001,2000
4660,0.0001,5400
4661,0.0001,1800
4662,0.0001,700
4663,0.0001,790
4664,0.0001,11700
4665,0.0001,2100
4666,0.0001,0
4667,0.0001,0
4668,0.0001,900
4669,0.0001,0
4670,0.0001,1500
4671,0.0001,0
4672,0.0001,0
4673,0.0001,0
4674,0.0001,0
4675,0.0001,0
4676,0.0001,0
4677,0.0001,500
4678,0.0001,600
4679,0.0001,1200
4680,0.0001,1600
4681,0.0001,0
4682,0.0001,500
4683,0.0001,0
4684,0.0001,0
4685,0.0001,550
4686,0.0001,3000
4687,0.0001,900
4688,0.0001,0
4689,0.0001,7880
4690,0.0001,1500
4691,0.0001,0
4692,0.0001,0
4693,0.0001,400
4694,0.0001,300
4695,0.0001,1200
4696,0.0001,1200
4697,0.0001,0
4698,0.0001,2000
4699,0.0001,0
4700,0.0001,0
4701,0.0001,6980
4702,0.0001,0
4703,0.0001,0
4704,0.0001,1500
4705,0.0001,0
4706,0.0001,1740
4707,0.0001,0
4708,0.0001,300
4709,0.0001,400
4710,0.0001,2100
4711,0.0001,300
4712,0.0001,400
4713,0.0001,0
4714,0.0001,0
4715,0.0001,700
4716,0.0001,1200
4717,0.0001,0
4718,0.0001,500
4719,0.0001,0
4720,0.0001,0
4721,0.0001,400
4722,0.0001,1650
4723,0.0001,0
4724,0.0001,900
4725,0.0001,900
4726,0.0001,2100
4727,0.0001,900
4728,0.0001,0
4729,0.0001,500
4730,0.0001,5700
4731,0.0001,0
4732,0.0001,2100
4733,0.0001,0
4734,0.0001,3000
4735,0.0001,700
4736,0.0001,0
4737,0.0001,750
4738,0.0001,0
4739,0.0001,0
4740,0.0001,770
4741,0.0001,0
4742,0.0001,300
4743,0.0001,0
4744,0.0001,850
4745,0.0001,1200
4746,0.0001,0
4747,0.0001,1620
4748,0.0001,1800
4749,0.0001,0
4750,0.0001,0
4751,0.0001,600
4752,0.0001,900
4753,0.0001,0
4754,0.0001,1200
4755,0.0001,0
4756,0.0001,1800
4757,0.0001,0
4758,0.0001,900
4759,0.0001,0
4760,0.0001,900
4761,0.0001,300
4762,0.0001,0
4763,0.0001,0
4764,0.0001,900
4765,0.0001,900
4766,0.0001,2000
4767,0.0001,0
4768,0.0001,1200
4769,0.0001,400
4770,0.0001,0
4771,0.0001,0
4772,0.0001,900
4773,0.0001,0
4774,0.0001,500
4775,0.0001,1800
4776,0.0001,3000
4777,0.0001,0
4778,0.0001,13500
4779,0.0001,20880
4780,0.0001,0
4781,0.0001,400
4782,0.0001,0
4783,0.0001,800
4784,0.0001,0
4785,0.0001,0
4786,0.0001,0
4787,0.0001,500
4788,0.0001,940
4789,0.0001,0
4790,0.0001,1800
4791,0.0001,600
4792,0.0001,1200
4793,0.0001,2000
4794,0.0001,2000
4795,0.0001,300
4796,0.0001,0
4797,0.0001,940
4798,0.0001,0
4799,0.0001,5700
4800,0.0001,500
4801,0.0001,1650
4802,0.0001,900
4803,0.0001,1200
4804,0.0001,600
4805,0.0001,600
4806,0.0001,0
4807,0.0001,600
4808,0.0001,300
4809,0.0001,900
4810,0.0001,300
4811,0.0001,0
4812,0.0001,0
4813,0.0001,7010
4814,0.0001,0
4815,0.0001,0
4816,0.0001,300
4817,0.0001,900
4818,0.0001,21540
4819,0.0001,1170
4820,0.0001,6980
4821,0.0001,0
4822,0.0001,2100
4823,0.0001,300
4824,0.0001,9900
4825,0.0001,0
4826,0.0001,1920
4827,0.0001,0
4828,0.0001,400
4829,0.0001,300
4830,0.0001,0
4831,0.0001,0
4832,0.0001,6980
4833,0.0001,300
4834,0.0001,0
4835,0.0001,0
4836,0.0001,400
4837,0.0001,800
4838,0.0001,800
4839,0.0001,20940
4840,0.0001,0
4841,0.0001,300
4842,0.0001,0
4843,0.0001,1500
4844,0.0001,2000
4845,0.0001,0
4846,0.0001,0
4847,0.0001,0
4848,0.0001,5850
4849,0.0001,0
4850,0.0001,900
4851,0.0001,0
4852,0.0001,0
4853,0.0001,300
4854,0.0001,2100
4855,0.0001,400
4856,0.0001,900
4857,0.0001,900
4858,0.0001,0
4859,0.0001,700
4860,0.0001,900
4861,0.0001,900
4862,0.0001,0
4863,0.0001,10350
4864,0.0001,900
4865,0.0001,2000
4866,0.0001,600
4867,0.0001,0
4868,0.0001,3600
4869,0.0001,20340
4870,0.0001,900
4871,0.0001,0
4872,0.0001,900
4873,0.0001,0
4874,0.0001,900
4875,0.0001,400
4876,0.0001,1200
4877,0.0001,400
4878,0.0001,900
4879,0.0001,0
4880,0.0001,900
4881,0.0001,4500
4882,0.0001,1920
4883,0.0001,1200
4884,0.0001,34400
4885,0.0001,6450
4886,0.0001,500
4887,0.0001,0
4888,0.0001,0
4889,0.0001,0
4890,0.0001,11300
4891,0.0001,300
4892,0.0001,0
4893,0.0001,0
4894,0.0001,0
4895,0.0001,3000
4896,0.0001,1300
4897,0.0001,0
4898,0.0001,900
4899,0.0001,900
4900,0.0001,700
4901,0.0001,300
4902,0.0001,300
4903,0.0001,0
4904,0.0001,6980
4905,0.0001,2190
4906,0.0001,300
4907,0.0001,500
4908,0.0001,690
4909,0.0001,450
4910,0.0001,3400
4911,0.0001,0
4912,0.0001,1300
4913,0.0001,0
4914,0.0001,240
4915,0.0001,9240
4916,0.0001,0
4917,0.0001,1800
4918,0.0001,0
4919,0.0001,2000
4920,0.0001,400
4921,0.0001,700
4922,0.0001,20940
4923,0.0001,1200
4924,0.0001,2520
4925,0.0001,300
4926,0.0001,900
4927,0.0001,900
4928,0.0001,0
4929,0.0001,500
4930,0.0001,6980
4931,0.0001,7080
4932,0.0001,0
4933,0.0001,1680
4934,0.0001,0
4935,0.0001,7280
4936,0.0001,0
4937,0.0001,1200
4938,0.0001,300
4939,0.0001,6980
4940,0.0001,27420
4941,0.0001,600
4942,0.0001,0
4943,0.0001,900
4944,0.0001,0
4945,0.0001,0
4946,0.0001,1650
4947,0.0001,2100
4948,0.0001,600
4949,0.0001,300
4950,0.0001,0
4951,0.0001,900
4952,0.0001,0
4953,0.0001,300
4954,0.0001,0
4955,0.0001,3750
4956,0.0001,1500
4957,0.0001,0
4958,0.0001,600
4959,0.0001,0
4960,0.0001,550
4961,0.0001,1500
4962,0.0001,0
4963,0.0001,9900
4964,0.0001,840
4965,0.0001,500
4966,0.0001,300
4967,0.0001,0
4968,0.0001,790
4969,0.0001,0
4970,0.0001,300
4971,0.0001,1500
4972,0.0001,600
4973,0.0001,0
4974,0.0001,1350
4975,0.0001,2250
4976,0.0001,300
4977,0.0001,3000
4978,0.0001,0
4979,0.0001,400
4980,0.0001,800
4981,0.0001,0
4982,0.0001,7460
4983,0.0001,900
4984,0.0001,800
4985,0.0001,900
4986,0.0001,0
4987,0.0001,0
4988,0.0001,700
4989,0.0001,450
4990,0.0001,0
4991,0.0001,300
4992,0.0001,0
4993,0.0001,0
4994,0.0001,1500
4995,0.0001,0
4996,0.0001,500
4997,0.0001,300
4998,0.0001,500
4999,0.0001,0
5000,0.0001,0
5001,0.0001,900
5002,0.0001,2000
5003,0.0001,0
5004,0.0001,900
5005,0.0001,0
5006,0.0001,0
5007,0.0001,400
5008,0.0001,0
5009,0.0001,900
5010,0.0001,0
5011,0.0001,3000
5012,0.0001,300
5013,0.0001,0
5014,0.0001,0
5015,0.0001,300
5016,0.0001,6980
5017,0.0001,0
5018,0.0001,0
5019,0.0001,3600
5020,0.0001,2040
5021,0.0001,1500
5022,0.0001,0
5023,0.0001,0
5024,0.0001,0
5025,0.0001,0
5026,0.0001,0
5027,0.0001,0
5028,0.0001,700
5029,0.0001,1500
5030,0.0001,0
5031,0.0001,0
5032,0.0001,5850
5033,0.0001,1500
5034,0.0001,1200
5035,0.0001,0
5036,0.0001,700
5037,0.0001,400
5038,0.0001,1500
5039,0.0001,7030
5040,0.0001,600
5041,0.0001,0
5042,0.0001,1800
5043,0.0001,0
5044,0.0001,400
5045,0.0001,0
5046,0.0001,0
5047,0.0001,0
5048,0.0001,300
5049,0.0001,34400
5050,0.0001,0
5051,0.0001,900
5052,0.0001,34400
5053,0.0001,2100
5054,0.0001,1500
5055,0.0001,0
5056,0.0001,900
5057,0.0001,0
5058,0.0001,7030
5059,0.0001,1650
5060,0.0001,400
5061,0.0001,0
5062,0.0001,0
5063,0.0001,0
5064,0.0001,0
5065,0.0001,1500
5066,0.0001,1200
5067,0.0001,0
5068,0.0001,1500
5069,0.0001,2100
5070,0.0001,2100
5071,0.0001,900
5072,0.0001,0
5073,0.0001,0
5074,0.0001,7060
5075,0.0001,0
5076,0.0001,6830
5077,0.0001,0
5078,0.0001,0
5079,0.0001,1500
5080,0.0001,900
5081,0.0001,400
5082,0.0001,1800
5083,0.0001,1680
5084,0.0001,0
5085,0.0001,700
5086,0.0001,900
5087,0.0001,1500
5088,0.0001,0
5089,0.0001,6880
5090,0.0001,7080
5091,0.0001,500
5092,0.0001,400
5093,0.0001,300
5094,0.0001,0
5095,0.0001,1200
5096,0.0001,0
5097,0.0001,0
5098,0.0001,1620
5099,0.0001,900
5100,0.0001,1500
5101,0.0001,1350
5102,0.0001,300
5103,0.0001,2250
5104,0.0001,1200
5105,0.0001,400
5106,0.0001,700
5107,0.0001,0
5108,0.0001,0
5109,0.0001,0
5110,0.0001,300
5111,0.0001,3450
5112,0.0001,400
5113,0.0001,2000
5114,0.0001,1500
5115,0.0001,900
5116,0.0001,4500
5117,0.0001,6980
5118,0.0001,400
5119,0.0001,300
5120,0.0001,400
5121,0.0001,900
5122,0.0001,1800
5123,0.0001,400
5124,0.0001,0
5125,0.0001,4500
5126,0.0001,0
5127,0.0001,2250
5128,0.0001,400
5129,0.0001,0
5130,0.0001,0
5131,0.0001,0
5132,0.0001,1200
5133,0.0001,0
5134,0.0001,0
5135,0.0001,1200
5136,0.0001,0
5137,0.0001,0
5138,0.0001,0
5139,0.0001,9240
5140,0.0001,0
5141,0.0001,0
5142,0.0001,300
5143,0.0001,0
5144,0.0001,800
5145,0.0001,0
5146,0.0001,0
5147,0.0001,600
5148,0.0001,900
5149,0.0001,900
5150,0.0001,1350
5151,0.0001,0
5152,0.0001,900
5153,0.0001,7060
5154,0.0001,1200
5155,0.0001,0
5156,0.0001,3600
5157,0.0001,6980
5158,0.0001,600
5159,0.0001,0
5160,0.0001,600
5161,0.0001,0
5162,0.0001,1200
5163,0.0001,16500
5164,0.0001,900
5165,0.0001,300
5166,0.0001,1500
5167,0.0001,0
5168,0.0001,1800
5169,0.0001,0
5170,0.0001,500
5171,0.0001,0
5172,0.0001,9640
5173,0.0001,0
5174,0.0001,1200
5175,0.0001,300
5176,0.0001,0
5177,0.0001,2100
5178,0.0001,0
5179,0.0001,600
5180,0.0001,0
5181,0.0001,1800
5182,0.0001,400
5183,0.0001,1500
5184,0.0001,1500
5185,0.0001,1200
5186,0.0001,2200
5187,0.0001,500
5188,0.0001,1200
5189,0.0001,1500
5190,0.0001,0
5191,0.0001,300
5192,0.0001,540
5193,0.0001,0
5194,0.0001,7080
5195,0.0001,700
5196,0.0001,0
5197,0.0001,0
5198,0.0001,300
5199,0.0001,2100
5200,0.0001,2000
5201,0.0001,300
5202,0.0001,0
5203,0.0001,0
5204,0.0001,0
5205,0.0001,0
5206,0.0001,0
5207,0.0001,20790
5208,0.0001,0
5209,0.0001,0
5210,0.0001,0
5211,0.0001,0
5212,0.0001,1500
5213,0.0001,0
5214,0.0001,0
5215,0.0001,0
5216,0.0001,0
5217,0.0001,300
5218,0.0001,700
5219,0.0001,500
5220,0.0001,900
5221,0.0001,300
5222,0.0001,0
5223,0.0001,0
5224,0.0001,600
5225,0.0001,400
5226,0.0001,900
5227,0.0001,0
5228,0.0001,400
5229,0.0001,0
5230,0.0001,300
5231,0.0001,0
5232,0.0001,400
5233,0.0001,300
5234,0.0001,1920
5235,0.0001,1500
5236,0.0001,300
5237,0.0001,0
5238,0.0001,300
5239,0.0001,940
5240,0.0001,22140
5241,0.0001,2340
5242,0.0001,0
5243,0.0001,900
5244,0.0001,1500
5245,0.0001,300
5246,0.0001,0
5247,0.0001,1500
5248,0.0001,0
5249,0.0001,0
5250,0.0001,300
5251,0.0001,1800
5252,0.0001,7280
5253,0.0001,300
5254,0.0001,800
5255,0.0001,900
5256,0.0001,33900
5257,0.0001,0
5258,0.0001,1600
5259,0.0001,0
5260,0.0001,0
5261,0.0001,900
5262,0.0001,0
5263,0.0001,0
5264,0.0001,600
5265,0.0001,900
5266,0.0001,0
5267,0.0001,1500
5268,0.0001,900
5269,0.0001,0
5270,0.0001,600
5271,0.0001,1500
5272,0.0001,0
5273,0.0001,0
5274,0.0001,0
5275,0.0001,400
5276,0.0001,0
5277,0.0001,500
5278,0.0001,900
5279,0.0001,0
5280,0.0001,400
5281,0.0001,300
5282,0.0001,0
5283,0.0001,400
5284,0.0001,900
5285,0.0001,900
5286,0.0001,900
5287,0.0001,0
5288,0.0001,1200
5289,0.0001,0
5290,0.0001,14400
5291,0.0001,0
5292,0.0001,300
5293,0.0001,300
5294,0.0001,0
5295,0.0001,300
5296,0.0001,1500
5297,0.0001,6980
5298,0.0001,900
5299,0.0001,0
5300,0.0001,3400
5301,0.0001,0
5302,0.0001,1500
5303,0.0001,1540
5304,0.0001,700
5305,0.0001,1200
5306,0.0001,0
5307,0.0001,2100
5308,0.0001,400
5309,0.0001,600
5310,0.0001,33900
5311,0.0001,600
5312,0.0001,10350
5313,0.0001,1620
5314,0.0001,0
5315,0.0001,0
5316,0.0001,900
5317,0.0001,1920
5318,0.0001,750
5319,0.0001,640
5320,0.0001,900
5321,0.0001,0
5322,0.0001,1650
5323,0.0001,0
5324,0.0001,1500
5325,0.0001,0
5326,0.0001,0
5327,0.0001,900
5328,0.0001,0
5329,0.0001,300
5330,0.0001,900
5331,0.0001,300
5332,0.0001,28020
5333,0.0001,900
5334,0.0001,2700
5335,0.0001,2100
5336,0.0001,750
5337,0.0001,400
5338,0.0001,0
5339,0.0001,900
5340,0.0001,300
5341,0.0001,300
5342,0.0001,1500
5343,0.0001,300
5344,0.0001,0
5345,0.0001,6000
5346,0.0001,800
5347,0.0001,0
5348,0.0001,900
5349,0.0001,0
5350,0.0001,1200
5351,0.0001,300
5352,0.0001,400
5353,0.0001,0
5354,0.0001,0
5355,0.0001,0
5356,0.0001,1200
5357,0.0001,0
5358,0.0001,300
5359,0.0001,2100
5360,0.0001,400
5361,0.0001,7060
5362,0.0001,0
5363,0.0001,0
5364,0.0001,800
5365,0.0001,500
5366,0.0001,800
5367,0.0001,900
5368,0.0001,400
5369,0.0001,1500
5370,0.0001,1170
5371,0.0001,900
5372,0.0001,700
5373,0.0001,2100
5374,0.0001,0
5375,0.0001,3620
5376,0.0001,10800
5377,0.0001,0
5378,0.0001,900
5379,0.0001,0
5380,0.0001,0
5381,0.0001,0
5382,0.0001,900
5383,0.0001,0
5384,0.0001,0
5385,0.0001,1200
5386,0.0001,3000
5387,0.0001,7080
5388,0.0001,6980
5389,0.0001,0
5390,0.0001,20640
5391,0.0001,0
5392,0.0001,0
5393,0.0001,0
5394,0.0001,0
5395,0.0001,0
5396,0.0001,1800
5397,0.0001,20790
5398,0.0001,5850
5399,0.0001,3660
5400,0.0001,0
5401,0.0001,700
5402,0.0001,1200
5403,0.0001,1200
5404,0.0001,0
5405,0.0001,0
5406,0.0001,0
5407,0.0001,0
5408,0.0001,0
5409,0.0001,0
5410,0.0001,900
5411,0.0001,1500
5412,0.0001,0
5413,0.0001,0
5414,0.0001,240
5415,0.0001,1500
5416,0.0001,900
5417,0.0001,1540
5418,0.0001,300
5419,0.0001,0
5420,0.0001,0
5421,0.0001,400
5422,0.0001,0
5423,0.0001,7880
5424,0.0001,2100
5425,0.0001,2000
5426,0.0001,1800
5427,0.0001,700
5428,0.0001,1500
5429,0.0001,0
5430,0.0001,12600
5431,0.0001,1500
5432,0.0001,300
5433,0.0001,0
5434,0.0001,4500
5435,0.0001,0
5436,0.0001,10200
5437,0.0001,0
5438,0.0001,0
5439,0.0001,400
5440,0.0001,16500
5441,0.0001,700
5442,0.0001,0
5443,0.0001,0
5444,0.0001,6300
5445,0.0001,1500
5446,0.0001,7080
5447,0.0001,20940
5448,0.0001,300
5449,0.0001,1600
5450,0.0001,2100
5451,0.0001,0
5452,0.0001,0
5453,0.0001,1500
5454,0.0001,300
5455,0.0001,0
5456,0.0001,20640
5457,0.0001,550
5458,0.0001,0
5459,0.0001,1200
5460,0.0001,20340
5461,0.0001,900
5462,0.0001,0
5463,0.0001,0
5464,0.0001,1500
5465,0.0001,2050
5466,0.0001,7080
5467,0.0001,0
5468,0.0001,300
5469,0.0001,1920
5470,0.0001,0
5471,0.0001,300
5472,0.0001,3000
5473,0.0001,700
5474,0.0001,7180
5475,0.0001,1950
5476,0.0001,0
5477,0.0001,900
5478,0.0001,900
5479,0.0001,0
5480,0.0001,0
5481,0.0001,1500
5482,0.0001,0
5483,0.0001,3600
5484,0.0001,0
5485,0.0001,0
5486,0.0001,900
5487,0.0001,0
5488,0.0001,840
5489,0.0001,1500
5490,0.0001,300
5491,0.0001,0
5492,0.0001,450
5493,0.0001,300
5494,0.0001,800
5495,0.0001,640
5496,0.0001,750
5497,0.0001,900
5498,0.0001,0
5499,0.0001,0
5500,0.0001,900
5501,0.0001,300
5502,0.0001,300
5503,0.0001,0
5504,0.0001,0
5505,0.0001,300
5506,0.0001,1200
5507,0.0001,1500
5508,0.0001,0
5509,0.0001,0
5510,0.0001,0
5511,0.0001,800
5512,0.0001,640
5513,0.0001,9000
5514,0.0001,900
5515,0.0001,800
5516,0.0001,7500
5517,0.0001,900
5518,0.0001,900
5519,0.0001,0
5520,0.0001,400
5521,0.0001,0
5522,0.0001,7030
5523,0.0001,0
5524,0.0001,0
5525,0.0001,0
5526,0.0001,900
5527,0.0001,0
5528,0.0001,500
5529,0.0001,1500
5530,0.0001,0
5531,0.0001,400
5532,0.0001,2000
5533,0.0001,0
5534,0.0001,0
5535,0.0001,300
5536,0.0001,900
5537,0.0001,800
5538,0.0001,1200
5539,0.0001,900
5540,0.0001,2000
5541,0.0001,1500
5542,0.0001,0
5543,0.0001,0
5544,0.0001,2100
5545,0.0001,0
5546,0.0001,0
5547,0.0001,20640
5548,0.0001,20940
5549,0.0001,300
5550,0.0001,300
5551,0.0001,0
5552,0.0001,300
5553,0.0001,7060
5554,0.0001,1650
5555,0.0001,0
5556,0.0001,0
5557,0.0001,6980
5558,0.0001,20340
5559,0.0001,6300
5560,0.0001,900
5561,0.0001,6980
5562,0.0001,540
5563,0.0001,0
5564,0.0001,0
5565,0.0001,0
5566,0.0001,14400
5567,0.0001,900
5568,0.0001,900
5569,0.0001,1500
5570,0.0001,0
5571,0.0001,900
5572,0.0001,1650
5573,0.0001,300
5574,0.0001,1350
5575,0.0001,1200
5576,0.0001,0
5577,0.0001,1200
5578,0.0001,800
5579,0.0001,0
5580,0.0001,600
5581,0.0001,300
5582,0.0001,20340
5583,0.0001,2250
5584,0.0001,0
5585,0.0001,0
5586,0.0001,0
5587,0.0001,2800
5588,0.0001,600
5589,0.0001,0
5590,0.0001,0
5591,0.0001,0
5592,0.0001,2000
5593,0.0001,2000
5594,0.0001,5850
5595,0.0001,400
5596,0.0001,300
5597,0.0001,1350
5598,0.0001,800
5599,0.0001,0
5600,0.0001,8180
5601,0.0001,400
5602,0.0001,940
5603,0.0001,900
5604,0.0001,0
5605,0.0001,0
5606,0.0001,0
5607,0.0001,0
5608,0.0001,790
5609,0.0001,0
5610,0.0001,2100
5611,0.0001,700
5612,0.0001,7380
5613,0.0001,0
5614,0.0001,300
5615,0.0001,0
5616,0.0001,0
5617,0.0001,900
5618,0.0001,300
5619,0.0001,400
5620,0.0001,0
5621,0.0001,900
5622,0.0001,0
5623,0.0001,0
5624,0.0001,400
5625,0.0001,1500
5626,0.0001,0
5627,0.0001,900
5628,0.0001,900
5629,0.0001,600
5630,0.0001,2100
5631,0.0001,0
5632,0.0001,900
5633,0.0001,0
5634,0.0001,2100
5635,0.0001,0
5636,0.0001,300
5637,0.0001,700
5638,0.0001,700
5639,0.0001,7080
5640,0.0001,900
5641,0.0001,400
5642,0.0001,0
5643,0.0001,400
5644,0.0001,2520
5645,0.0001,1800
5646,0.0001,0
5647,0.0001,2100
5648,0.0001,0
5649,0.0001,900
5650,0.0001,700
5651,0.0001,0
5652,0.0001,0
5653,0.0001,0
5654,0.0001,2250
5655,0.0001,700
5656,0.0001,900
5657,0.0001,0
5658,0.0001,940
5659,0.0001,6980
5660,0.0001,0
5661,0.0001,0
5662,0.0001,900
5663,0.0001,700
5664,0.0001,900
5665,0.0001,300
5666,0.0001,0
5667,0.0001,0
5668,0.0001,0
5669,0.0001,0
5670,0.0001,300
5671,0.0001,3550
5672,0.0001,300
5673,0.0001,0
5674,0.0001,0
5675,0.0001,940
5676,0.0001,20640
5677,0.0001,6980
5678,0.0001,0
5679,0.0001,0
5680,0.0001,1800
5681,0.0001,0
5682,0.0001,900
5683,0.0001,300
5684,0.0001,0
5685,0.0001,0
5686,0.0001,0
5687,0.0001,7880
5688,0.0001,0
5689,0.0001,0
5690,0.0001,5700
5691,0.0001,300
5692,0.0001,0
5693,0.0001,1200
5694,0.0001,0
5695,0.0001,900
5696,0.0001,400
5697,0.0001,3000
5698,0.0001,0
5699,0.0001,2000
5700,0.0001,900
5701,0.0001,0
5702,0.0001,2250
5703,0.0001,900
5704,0.0001,20880
5705,0.0001,1800
5706,0.0001,300
5707,0.0001,0
5708,0.0001,20640
5709,0.0001,0
5710,0.0001,1200
5711,0.0001,9900
5712,0.0001,10620
5713,0.0001,0
5714,0.0001,7410
5715,0.0001,0
5716,0.0001,450
5717,0.0001,0
5718,0.0001,300
5719,0.0001,1200
5720,0.0001,0
5721,0.0001,20340
5722,0.0001,0
5723,0.0001,400
5724,0.0001,300
5725,0.0001,1300
5726,0.0001,1600
5727,0.0001,0
5728,0.0001,300
5729,0.0001,2100
5730,0.0001,0
5731,0.0001,400
5732,0.0001,300
5733,0.0001,4320
5734,0.0001,300
5735,0.0001,1500
5736,0.0001,400
5737,0.0001,400
5738,0.0001,0
5739,0.0001,0
5740,0.0001,800
5741,0.0001,500
5742,0.0001,1500
5743,0.0001,0
5744,0.0001,700
5745,0.0001,400
5746,0.0001,900
5747,0.0001,400
5748,0.0001,0
5749,0.0001,1200
5750,0.0001,900
5751,0.0001,0
5752,0.0001,20640
5753,0.0001,27270
5754,0.0001,900
5755,0.0001,1400
5756,0.0001,1800
5757,0.0001,900
5758,0.0001,0
5759,0.0001,0
5760,0.0001,300
5761,0.0001,0
5762,0.0001,940
5763,0.0001,0
5764,0.0001,1500
5765,0.0001,400
5766,0.0001,300
5767,0.0001,0
5768,0.0001,2640
5769,0.0001,1300
5770,0.0001,300
5771,0.0001,1500
5772,0.0001,5700
5773,0.0001,900
5774,0.0001,400
5775,0.0001,0
5776,0.0001,600
5777,0.0001,1740
5778,0.0001,300
5779,0.0001,300
5780,0.0001,1170
5781,0.0001,0
5782,0.0001,0
5783,0.0001,550
5784,0.0001,300
5785,0.0001,1620
5786,0.0001,0
5787,0.0001,400
5788,0.0001,400
5789,0.0001,1200
5790,0.0001,700
5791,0.0001,0
5792,0.0001,400
5793,0.0001,0
5794,0.0001,0
5795,0.0001,450
5796,0.0001,1200
5797,0.0001,0
5798,0.0001,940
5799,0.0001,0
5800,0.0001,0
5801,0.0001,0
5802,0.0001,1650
5803,0.0001,0
5804,0.0001,900
5805,0.0001,0
5806,0.0001,0
5807,0.0001,300
5808,0.0001,900
5809,0.0001,0
5810,0.0001,300
5811,0.0001,400
5812,0.0001,0
5813,0.0001,1800
5814,0.0001,900
5815,0.0001,300
5816,0.0001,600
5817,0.0001,0
5818,0.0001,0
5819,0.0001,1200
5820,0.0001,800
5821,0.0001,0
5822,0.0001,600
5823,0.0001,300
5824,0.0001,1950
5825,0.0001,0
5826,0.0001,900
5827,0.0001,2000
5828,0.0001,2340
5829,0.0001,900
5830,0.0001,6980
5831,0.0001,300
5832,0.0001,0
5833,0.0001,0
5834,0.0001,0
5835,0.0001,0
5836,0.0001,0
5837,0.0001,500
5838,0.0001,900
5839,0.0001,0
5840,0.0001,0
5841,0.0001,0
5842,0.0001,0
5843,0.0001,1200
5844,0.0001,0
5845,0.0001,0
5846,0.0001,2000
5847,0.0001,0
5848,0.0001,0
5849,0.0001,0
5850,0.0001,0
5851,0.0001,20880
5852,0.0001,2100
5853,0.0001,0
5854,0.0001,2520
5855,0.0001,2100
5856,0.0001,0
5857,0.0001,7080
5858,0.0001,2000
5859,0.0001,300
5860,0.0001,0
5861,0.0001,1500
5862,0.0001,0
5863,0.0001,300
5864,0.0001,1200
5865,0.0001,0
5866,0.0001,1800
5867,0.0001,300
5868,0.0001,1200
5869,0.0001,0
5870,0.0001,0
5871,0.0001,20940
5872,0.0001,0
5873,0.0001,900
5874,0.0001,0
5875,0.0001,6980
5876,0.0001,0
5877,0.0001,0
5878,0.0001,500
5879,0.0001,0
5880,0.0001,0
5881,0.0001,20640
5882,0.0001,900
5883,0.0001,7430
5884,0.0001,0
5885,0.0001,1800
5886,0.0001,900
5887,0.0001,20790
5888,0.0001,0
5889,0.0001,0
5890,0.0001,2100
5891,0.0001,300
5892,0.0001,0
5893,0.0001,1500
5894,0.0001,6120
5895,0.0001,400
5896,0.0001,0
5897,0.0001,400
5898,0.0001,2100
5899,0.0001,300
5900,0.0001,600
5901,0.0001,0
5902,0.0001,0
5903,0.0001,0
5904,0.0001,1500
5905,0.0001,2100
5906,0.0001,900
5907,0.0001,0
5908,0.0001,400
5909,0.0001,500
5910,0.0001,0
5911,0.0001,0
5912,0.0001,300
5913,0.0001,1920
5914,0.0001,300
5915,0.0001,900
5916,0.0001,750
5917,0.0001,600
5918,0.0001,15000
5919,0.0001,7060
5920,0.0001,0
5921,0.0001,300
5922,0.0001,7080
5923,0.0001,0
5924,0.0001,400
5925,0.0001,0
5926,0.0001,0
5927,0.0001,0
5928,0.0001,900
5929,0.0001,0
5930,0.0001,1500
5931,0.0001,2100
5932,0.0001,300
5933,0.0001,0
5934,0.0001,0
5935,0.0001,10350
5936,0.0001,900
5937,0.0001,0
5938,0.0001,700
5939,0.0001,1650
5940,0.0001,300
5941,0.0001,700
5942,0.0001,650
5943,0.0001,300
5944,0.0001,300
5945,0.0001,1200
5946,0.0001,34400
5947,0.0001,0
5948,0.0001,600
5949,0.0001,400
5950,0.0001,600
5951,0.0001,700
5952,0.0001,1600
5953,0.0001,0
5954,0.0001,640
5955,0.0001,22140
5956,0.0001,700
5957,0.0001,1200
5958,0.0001,300
5959,0.0001,750
5960,0.0001,0
5961,0.0001,1350
5962,0.0001,0
5963,0.0001,0
5964,0.0001,0
5965,0.0001,900
5966,0.0001,7180
5967,0.0001,0
5968,0.0001,300
5969,0.0001,0
5970,0.0001,10200
5971,0.0001,1200
5972,0.0001,500
5973,0.0001,5460
5974,0.0001,1500
5975,0.0001,0
5976,0.0001,300
5977,0.0001,900
5978,0.0001,300
5979,0.0001,0
5980,0.0001,0
5981,0.0001,900
5982,0.0001,1200
5983,0.0001,550
5984,0.0001,0
5985,0.0001,0
5986,0.0001,900
5987,0.0001,1500
5988,0.0001,21000
5989,0.0001,2000
5990,0.0001,7080
5991,0.0001,1200
5992,0.0001,900
5993,0.0001,900
5994,0.0001,300
5995,0.0001,540
5996,0.0001,300
5997,0.0001,600
5998,0.0001,900
5999,0.0001,300
6000,0.0001,0
6001,0.0001,20940
6002,0.0001,300
6003,0.0001,2000
6004,0.0001,9900
6005,0.0001,900
6006,0.0001,0
6007,0.0001,1500
6008,0.0001,400
6009,0.0001,7080
6010,0.0001,300
6011,0.0001,3540
6012,0.0001,850
6013,0.0001,900
6014,0.0001,900
6015,0.0001,2520
6016,0.0001,2520
6017,0.0001,300
6018,0.0001,3000
6019,0.0001,0
6020,0.0001,9140
6021,0.0001,9000
6022,0.0001,300
6023,0.0001,790
6024,0.0001,1300
6025,0.0001,4500
6026,0.0001,0
6027,0.0001,850
6028,0.0001,400
6029,0.0001,900
6030,0.0001,0
6031,0.0001,0
6032,0.0001,2100
6033,0.0001,300
6034,0.0001,600
6035,0.0001,0
6036,0.0001,0
6037,0.0001,1500
6038,0.0001,0
6039,0.0001,300
6040,0.0001,1800
6041,0.0001,0
6042,0.0001,6860
6043,0.0001,600
6044,0.0001,0
6045,0.0001,0
6046,0.0001,300
6047,0.0001,0
6048,0.0001,800
6049,0.0001,600
6050,0.0001,2100
6051,0.0001,300
6052,0.0001,300
6053,0.0001,900
6054,0.0001,500
6055,0.0001,0
6056,0.0001,0
6057,0.0001,3600
6058,0.0001,400
6059,0.0001,1200
6060,0.0001,1500
6061,0.0001,0
6062,0.0001,0
6063,0.0001,0
6064,0.0001,1200
6065,0.0001,1450
6066,0.0001,0
6067,0.0001,500
6068,0.0001,300
6069,0.0001,1800
6070,0.0001,650
6071,0.0001,0
6072,0.0001,0
6073,0.0001,900
6074,0.0001,400
6075,0.0001,1500
6076,0.0001,2520
6077,0.0001,900
6078,0.0001,600
6079,0.0001,0
6080,0.0001,0
6081,0.0001,300
6082,0.0001,900
6083,0.0001,0
6084,0.0001,300
6085,0.0001,0
6086,0.0001,1200
6087,0.0001,1800
6088,0.0001,2250
6089,0.0001,900
6090,0.0001,300
6091,0.0001,0
6092,0.0001,900
6093,0.0001,0
6094,0.0001,700
6095,0.0001,1200
6096,0.0001,0
6097,0.0001,1200
6098,0.0001,300
6099,0.0001,0
6100,0.0001,0
6101,0.0001,6880
6102,0.0001,0
6103,0.0001,0
6104,0.0001,1050
6105,0.0001,900
6106,0.0001,900
6107,0.0001,6980
6108,0.0001,300
6109,0.0001,0
6110,0.0001,0
6111,0.0001,800
6112,0.0001,0
6113,0.0001,500
6114,0.0001,20790
6115,0.0001,0
6116,0.0001,3620
6117,0.0001,0
6118,0.0001,0
6119,0.0001,1500
6120,0.0001,0
6121,0.0001,1500
6122,0.0001,2070
6123,0.0001,2100
6124,0.0001,940
6125,0.0001,500
6126,0.0001,0
6127,0.0001,1500
6128,0.0001,1620
6129,0.0001,0
6130,0.0001,1200
6131,0.0001,900
6132,0.0001,0
6133,0.0001,2100
6134,0.0001,600
6135,0.0001,0
6136,0.0001,400
6137,0.0001,1500
6138,0.0001,1200
6139,0.0001,4600
6140,0.0001,600
6141,0.0001,690
6142,0.0001,1200
6143,0.0001,1500
6144,0.0001,0
6145,0.0001,1200
6146,0.0001,21240
6147,0.0001,0
6148,0.0001,7980
6149,0.0001,1800
6150,0.0001,1200
6151,0.0001,23640
6152,0.0001,0
6153,0.0001,0
6154,0.0001,1650
6155,0.0001,1500
6156,0.0001,0
6157,0.0001,20880
6158,0.0001,0
6159,0.0001,0
6160,0.0001,0
6161,0.0001,1500
6162,0.0001,900
6163,0.0001,0
6164,0.0001,900
6165,0.0001,1860
6166,0.0001,1200
6167,0.0001,700
6168,0.0001,0
6169,0.0001,900
6170,0.0001,1350
6171,0.0001,2000
6172,0.0001,720
6173,0.0001,0
6174,0.0001,0
6175,0.0001,0
6176,0.0001,3600
6177,0.0001,0
6178,0.0001,21840
6179,0.0001,1200
6180,0.0001,0
6181,0.0001,1500
6182,0.0001,300
6183,0.0001,0
6184,0.0001,400
6185,0.0001,300
6186,0.0001,2000
6187,0.0001,600
6188,0.0001,0
6189,0.0001,20640
6190,0.0001,300
6191,0.0001,0
6192,0.0001,500
6193,0.0001,0
6194,0.0001,0
6195,0.0001,900
6196,0.0001,650
6197,0.0001,1800
6198,0.0001,0
6199,0.0001,0
6200,0.0001,900
6201,0.0001,20940
6202,0.0001,900
6203,0.0001,0
6204,0.0001,2000
6205,0.0001,0
6206,0.0001,300
6207,0.0001,0
6208,0.0001,900
6209,0.0001,3700
6210,0.0001,1540
6211,0.0001,7030
6212,0.0001,300
6213,0.0001,400
6214,0.0001,400
6215,0.0001,600
6216,0.0001,6980
6217,0.0001,750
6218,0.0001,22140
6219,0.0001,1800
6220,0.0001,700
6221,0.0001,900
6222,0.0001,0
6223,0.0001,9000
6224,0.0001,900
6225,0.0001,2100
6226,0.0001,600
6227,0.0001,1200
6228,0.0001,0
6229,0.0001,0
6230,0.0001,1500
6231,0.0001,300
6232,0.0001,0
6233,0.0001,900
6234,0.0001,900
6235,0.0001,300
6236,0.0001,6000
6237,0.0001,0
6238,0.0001,0
6239,0.0001,900
6240,0.0001,900
6241,0.0001,0
6242,0.0001,400
6243,0.0001,900
6244,0.0001,2100
6245,0.0001,0
6246,0.0001,0
6247,0.0001,0
6248,0.0001,0
6249,0.0001,1500
6250,0.0001,1200
6251,0.0001,0
6252,0.0001,300
6253,0.0001,400
6254,0.0001,900
6255,0.0001,900
6256,0.0001,0
6257,0.0001,20880
6258,0.0001,300
6259,0.0001,0
6260,0.0001,0
6261,0.0001,700
6262,0.0001,1740
6263,0.0001,0
6264,0.0001,1500
6265,0.0001,0
6266,0.0001,9240
6267,0.0001,300
6268,0.0001,300
6269,0.0001,900
6270,0.0001,0
6271,0.0001,0
6272,0.0001,0
6273,0.0001,0
6274,0.0001,1500
6275,0.0001,2070
6276,0.0001,900
6277,0.0001,0
6278,0.0001,0
6279,0.0001,7930
6280,0.0001,1500
6281,0.0001,0
6282,0.0001,300
6283,0.0001,0
6284,0.0001,1600
6285,0.0001,700
6286,0.0001,900
6287,0.0001,7080
6288,0.0001,0
6289,0.0001,0
6290,0.0001,0
6291,0.0001,500
6292,0.0001,27420
6293,0.0001,20940
6294,0.0001,0
6295,0.0001,300
6296,0.0001,0
6297,0.0001,300
6298,0.0001,0
6299,0.0001,0
6300,0.0001,400
6301,0.0001,0
6302,0.0001,0
6303,0.0001,0
6304,0.0001,0
6305,0.0001,150
6306,0.0001,1500
6307,0.0001,0
6308,0.0001,0
6309,0.0001,7080
6310,0.0001,300
6311,0.0001,0
6312,0.0001,0
6313,0.0001,0
6314,0.0001,900
6315,0.0001,0
6316,0.0001,0
6317,0.0001,1800
6318,0.0001,900
6319,0.0001,900
6320,0.0001,0
6321,0.0001,6120
6322,0.0001,0
6323,0.0001,900
6324,0.0001,0
6325,0.0001,1200
6326,0.0001,0
6327,0.0001,0
6328,0.0001,700
6329,0.0001,1800
6330,0.0001,0
6331,0.0001,900
6332,0.0001,300
6333,0.0001,600
6334,0.0001,800
6335,0.0001,700
6336,0.0001,0
6337,0.0001,0
6338,0.0001,900
6339,0.0001,0
6340,0.0001,0
6341,0.0001,0
6342,0.0001,1200
6343,0.0001,4500
6344,0.0001,0
6345,0.0001,900
6346,0.0001,240
6347,0.0001,900
6348,0.0001,6120
6349,0.0001,300
6350,0.0001,600
6351,0.0001,400
6352,0.0001,600
6353,0.0001,600
6354,0.0001,0
6355,0.0001,900
6356,0.0001,3500
6357,0.0001,0
6358,0.0001,900
6359,0.0001,0
6360,0.0001,0
6361,0.0001,20580
6362,0.0001,0
6363,0.0001,1200
6364,0.0001,0
6365,0.0001,1200
6366,0.0001,3000
6367,0.0001,0
6368,0.0001,1500
6369,0.0001,0
6370,0.0001,900
6371,0.0001,600
6372,0.0001,0
6373,0.0001,0
6374,0.0001,2250
6375,0.0001,0
6376,0.0001,800
6377,0.0001,4900
6378,0.0001,900
6379,0.0001,300
6380,0.0001,900
6381,0.0001,900
6382,0.0001,0
6383,0.0001,1500
6384,0.0001,300
6385,0.0001,300
6386,0.0001,0
6387,0.0001,0
6388,0.0001,900
6389,0.0001,2100
6390,0.0001,600
6391,0.0001,1500
6392,0.0001,900
6393,0.0001,0
6394,0.0001,700
6395,0.0001,0
6396,0.0001,0
6397,0.0001,0
6398,0.0001,1500
6399,0.0001,5700
6400,0.0001,1620
6401,0.0001,400
6402,0.0001,300
6403,0.0001,0
6404,0.0001,9040
6405,0.0001,7180
6406,0.0001,0
6407,0.0001,1500
6408,0.0001,0
6409,0.0001,700
6410,0.0001,900
6411,0.0001,0
6412,0.0001,2100
6413,0.0001,600
6414,0.0001,300
6415,0.0001,0
6416,0.0001,300
6417,0.0001,0
6418,0.0001,27420
6419,0.0001,0
6420,0.0001,700
6421,0.0001,9390
6422,0.0001,0
6423,0.0001,1500
6424,0.0001,0
6425,0.0001,0
6426,0.0001,1200
6427,0.0001,0
6428,0.0001,500
6429,0.0001,0
6430,0.0001,0
6431,0.0001,900
6432,0.0001,700
6433,0.0001,2100
6434,0.0001,0
6435,0.0001,400
6436,0.0001,1200
6437,0.0001,1500
6438,0.0001,0
6439,0.0001,900
6440,0.0001,700
6441,0.0001,0
6442,0.0001,6980
6443,0.0001,7500
6444,0.0001,0
6445,0.0001,0
6446,0.0001,0
6447,0.0001,4540
6448,0.0001,7180
6449,0.0001,300
6450,0.0001,600
6451,0.0001,300
6452,0.0001,900
6453,0.0001,0
6454,0.0001,0
6455,0.0001,300
6456,0.0001,900
6457,0.0001,0
6458,0.0001,7030
6459,0.0001,0
6460,0.0001,20940
6461,0.0001,400
6462,0.0001,0
6463,0.0001,400
6464,0.0001,300
6465,0.0001,900
6466,0.0001,850
6467,0.0001,300
6468,0.0001,2100
6469,0.0001,0
6470,0.0001,7980
6471,0.0001,0
6472,0.0001,8380
6473,0.0001,1200
6474,0.0001,700
6475,0.0001,1500
6476,0.0001,0
6477,0.0001,2800
6478,0.0001,3000
6479,0.0001,0
6480,0.0001,2040
6481,0.0001,0
6482,0.0001,0
6483,0.0001,6960
6484,0.0001,900
6485,0.0001,300
6486,0.0001,940
6487,0.0001,900
6488,0.0001,900
6489,0.0001,900
6490,0.0001,0
6491,0.0001,0
6492,0.0001,500
6493,0.0001,2100
6494,0.0001,550
6495,0.0001,0
6496,0.0001,0
6497,0.0001,600
6498,0.0001,2000
6499,0.0001,0
6500,0.0001,300
6501,0.0001,0
6502,0.0001,750
6503,0.0001,0
6504,0.0001,550
6505,0.0001,300
6506,0.0001,2250
6507,0.0001,0
6508,0.0001,0
6509,0.0001,2700
6510,0.0001,900
6511,0.0001,0
6512,0.0001,1800
6513,0.0001,0
6514,0.0001,0
6515,0.0001,900
6516,0.0001,300
6517,0.0001,0
6518,0.0001,0
6519,0.0001,300
6520,0.0001,3000
6521,0.0001,0
6522,0.0001,840
6523,0.0001,0
6524,0.0001,1800
6525,0.0001,20340
6526,0.0001,700
6527,0.0001,900
6528,0.0001,550
6529,0.0001,0
6530,0.0001,900
6531,0.0001,0
6532,0.0001,940
6533,0.0001,900
6534,0.0001,300
6535,0.0001,0
6536,0.0001,1200
6537,0.0001,0
6538,0.0001,6980
6539,0.0001,0
6540,0.0001,0
6541,0.0001,6880
6542,0.0001,3300
6543,0.0001,1500
6544,0.0001,0
6545,0.0001,900
6546,0.0001,400
6547,0.0001,1200
6548,0.0001,1500
6549,0.0001,0
6550,0.0001,0
6551,0.0001,0
6552,0.0001,300
6553,0.0001,0
6554,0.0001,300
6555,0.0001,0
6556,0.0001,1200
6557,0.0001,400
6558,0.0001,300
6559,0.0001,900
6560,0.0001,0
6561,0.0001,0
6562,0.0001,2100
6563,0.0001,20940
6564,0.0001,900
6565,0.0001,1200
6566,0.0001,1500
6567,0.0001,0
6568,0.0001,400
6569,0.0001,2250
6570,0.0001,20940
6571,0.0001,700
6572,0.0001,1450
6573,0.0001,300
6574,0.0001,400
6575,0.0001,900
6576,0.0001,400
6577,0.0001,0
6578,0.0001,300
6579,0.0001,0
6580,0.0001,2120
6581,0.0001,900
6582,0.0001,0
6583,0.0001,500
6584,0.0001,300
6585,0.0001,3400
6586,0.0001,0
6587,0.0001,0
6588,0.0001,850
6589,0.0001,400
6590,0.0001,0
6591,0.0001,0
6592,0.0001,0
6593,0.0001,900
6594,0.0001,400
6595,0.0001,2100
6596,0.0001,1200
6597,0.0001,300
6598,0.0001,0
6599,0.0001,0
6600,0.0001,1200
6601,0.0001,0
6602,0.0001,0
6603,0.0001,900
6604,0.0001,300
6605,0.0001,0
6606,0.0001,1200
6607,0.0001,1800
6608,0.0001,790
6609,0.0001,1500
6610,0.0001,640
6611,0.0001,300
6612,0.0001,20940
6613,0.0001,400
6614,0.0001,1540
6615,0.0001,0
6616,0.0001,2100
6617,0.0001,0
6618,0.0001,0
6619,0.0001,400
6620,0.0001,1500
6621,0.0001,0
6622,0.0001,0
6623,0.0001,0
6624,0.0001,0
6625,0.0001,300
6626,0.0001,750
6627,0.0001,0
6628,0.0001,1500
6629,0.0001,800
6630,0.0001,0
6631,0.0001,0
6632,0.0001,940
6633,0.0001,0
6634,0.0001,900
6635,0.0001,300
6636,0.0001,1200
6637,0.0001,0
6638,0.0001,7930
6639,0.0001,800
6640,0.0001,400
6641,0.0001,500
6642,0.0001,400
6643,0.0001,1500
6644,0.0001,700
6645,0.0001,900
6646,0.0001,6980
6647,0.0001,900
6648,0.0001,500
6649,0.0001,1200
6650,0.0001,0
6651,0.0001,9240
6652,0.0001,900
6653,0.0001,300
6654,0.0001,5700
6655,0.0001,0
6656,0.0001,2000
6657,0.0001,400
6658,0.0001,0
6659,0.0001,0
6660,0.0001,0
6661,0.0001,600
6662,0.0001,900
6663,0.0001,400
6664,0.0001,600
6665,0.0001,900
6666,0.0001,0
6667,0.0001,0
6668,0.0001,3900
6669,0.0001,6000
6670,0.0001,300
6671,0.0001,900
6672,0.0001,0
6673,0.0001,300
6674,0.0001,600
6675,0.0001,740
6676,0.0001,600
6677,0.0001,1800
6678,0.0001,0
6679,0.0001,900
6680,0.0001,0
6681,0.0001,600
6682,0.0001,0
6683,0.0001,0
6684,0.0001,20940
6685,0.0001,1200
6686,0.0001,1800
6687,0.0001,1500
6688,0.0001,0
6689,0.0001,7040
6690,0.0001,300
6691,0.0001,400
6692,0.0001,0
6693,0.0001,7480
6694,0.0001,0
6695,0.0001,690
6696,0.0001,400
6697,0.0001,600
6698,0.0001,0
6699,0.0001,1200
6700,0.0001,1800
6701,0.0001,0
6702,0.0001,0
6703,0.0001,700
6704,0.0001,500
6705,0.0001,550
6706,0.0001,1500
6707,0.0001,900
6708,0.0001,0
6709,0.0001,0
6710,0.0001,0
6711,0.0001,1500
6712,0.0001,0
6713,0.0001,900
6714,0.0001,0
6715,0.0001,0
6716,0.0001,300
6717,0.0001,400
6718,0.0001,400
6719,0.0001,0
6720,0.0001,7980
6721,0.0001,0
6722,0.0001,0
6723,0.0001,500
6724,0.0001,0
6725,0.0001,0
6726,0.0001,300
6727,0.0001,600
6728,0.0001,0
6729,0.0001,0
6730,0.0001,900
6731,0.0001,900
6732,0.0001,6980
6733,0.0001,0
6734,0.0001,7430
6735,0.0001,900
6736,0.0001,300
6737,0.0001,0
6738,0.0001,0
6739,0.0001,0
6740,0.0001,6980
6741,0.0001,2000
6742,0.0001,0
6743,0.0001,2000
6744,0.0001,0
6745,0.0001,0
6746,0.0001,0
6747,0.0001,0
6748,0.0001,300
6749,0.0001,7980
6750,0.0001,400
6751,0.0001,1500
6752,0.0001,900
6753,0.0001,20790
6754,0.0001,0
6755,0.0001,300
6756,0.0001,300
6757,0.0001,900
6758,0.0001,0
6759,0.0001,640
6760,0.0001,3000
6761,0.0001,300
6762,0.0001,900
6763,0.0001,0
6764,0.0001,600
6765,0.0001,750
6766,0.0001,500
6767,0.0001,900
6768,0.0001,1200
6769,0.0001,0
6770,0.0001,0
6771,0.0001,0
6772,0.0001,0
6773,0.0001,400
6774,0.0001,1620
6775,0.0001,900
6776,0.0001,16500
6777,0.0001,1200
6778,0.0001,300
6779,0.0001,0
6780,0.0001,300
6781,0.0001,300
6782,0.0001,1200
6783,0.0001,900
6784,0.0001,300
6785,0.0001,0
6786,0.0001,900
6787,0.0001,400
6788,0.0001,0
6789,0.0001,0
6790,0.0001,1500
6791,0.0001,1500
6792,0.0001,500
6793,0.0001,0
6794,0.0001,1200
6795,0.0001,0
6796,0.0001,400
6797,0.0001,0
6798,0.0001,0
6799,0.0001,750
6800,0.0001,0
6801,0.0001,0
6802,0.0001,0
6803,0.0001,600
6804,0.0001,450
6805,0.0001,0
6806,0.0001,400
6807,0.0001,900
6808,0.0001,600
6809,0.0001,900
6810,0.0001,0
6811,0.0001,1800
6812,0.0001,0
6813,0.0001,900
6814,0.0001,0
6815,0.0001,9000
6816,0.0001,0
6817,0.0001,300
6818,0.0001,2520
6819,0.0001,4050
6820,0.0001,300
6821,0.0001,300
6822,0.0001,900
6823,0.0001,1920
6824,0.0001,2000
6825,0.0001,7080
6826,0.0001,400
6827,0.0001,7080
6828,0.0001,300
6829,0.0001,300
6830,0.0001,900
6831,0.0001,2000
6832,0.0001,450
6833,0.0001,0
6834,0.0001,900
6835,0.0001,0
6836,0.0001,0
6837,0.0001,0
6838,0.0001,400
6839,0.0001,0
6840,0.0001,1200
6841,0.0001,1500
6842,0.0001,300
6843,0.0001,0
6844,0.0001,300
6845,0.0001,300
6846,0.0001,2100
6847,0.0001,0
6848,0.0001,0
6849,0.0001,3700
6850,0.0001,0
6851,0.0001,0
6852,0.0001,6780
6853,0.0001,1300
6854,0.0001,0
6855,0.0001,1500
6856,0.0001,0
6857,0.0001,900
6858,0.0001,300
6859,0.0001,0
6860,0.0001,4320
6861,0.0001,1600
6862,0.0001,0
6863,0.0001,940
6864,0.0001,2000
6865,0.0001,300
6866,0.0001,200
6867,0.0001,500
6868,0.0001,0
6869,0.0001,900
6870,0.0001,3000
6871,0.0001,940
6872,0.0001,0
6873,0.0001,0
6874,0.0001,0
6875,0.0001,0
6876,0.0001,900
6877,0.0001,500
6878,0.0001,1200
6879,0.0001,1500
6880,0.0001,0
6881,0.0001,0
6882,0.0001,0
6883,0.0001,1200
6884,0.0001,1200
6885,0.0001,0
6886,0.0001,900
6887,0.0001,3450
6888,0.0001,2100
6889,0.0001,0
6890,0.0001,1200
6891,0.0001,450
6892,0.0001,900
6893,0.0001,1500
6894,0.0001,6930
6895,0.0001,1200
6896,0.0001,1200
6897,0.0001,400
6898,0.0001,300
6899,0.0001,1740
6900,0.0001,0
6901,0.0001,3840
6902,0.0001,0
6903,0.0001,0
6904,0.0001,0
6905,0.0001,0
6906,0.0001,0
6907,0.0001,0
6908,0.0001,0
6909,0.0001,0
6910,0.0001,1800
6911,0.0001,900
6912,0.0001,700
6913,0.0001,0
6914,0.0001,500
6915,0.0001,0
6916,0.0001,2200
6917,0.0001,2200
6918,0.0001,1350
6919,0.0001,300
6920,0.0001,0
6921,0.0001,850
6922,0.0001,500
6923,0.0001,2340
6924,0.0001,0
6925,0.0001,1500
6926,0.0001,700
6927,0.0001,0
6928,0.0001,2070
6929,0.0001,0
6930,0.0001,500
6931,0.0001,0
6932,0.0001,0
6933,0.0001,0
6934,0.0001,300
6935,0.0001,0
6936,0.0001,1400
6937,0.0001,450
6938,0.0001,0
6939,0.0001,400
6940,0.0001,300
6941,0.0001,0
6942,0.0001,0
6943,0.0001,5300
6944,0.0001,6980
6945,0.0001,0
6946,0.0001,940
6947,0.0001,800
6948,0.0001,2000
6949,0.0001,3000
6950,0.0001,900
6951,0.0001,900
6952,0.0001,640
6953,0.0001,6980
6954,0.0001,900
6955,0.0001,0
6956,0.0001,900
6957,0.0001,0
6958,0.0001,1950
6959,0.0001,400
6960,0.0001,0
6961,0.0001,300
6962,0.0001,6980
6963,0.0001,750
6964,0.0001,300
6965,0.0001,2050
6966,0.0001,0
6967,0.0001,300
6968,0.0001,400
6969,0.0001,900
6970,0.0001,2100
6971,0.0001,0
6972,0.0001,400
6973,0.0001,0
6974,0.0001,9000
6975,0.0001,0
6976,0.0001,0
6977,0.0001,1500
6978,0.0001,900
6979,0.0001,0
6980,0.0001,0
6981,0.0001,0
6982,0.0001,1500
6983,0.0001,2520
6984,0.0001,1200
6985,0.0001,1200
6986,0.0001,0
6987,0.0001,0
6988,0.0001,0
6989,0.0001,600
6990,0.0001,300
6991,0.0001,1200
6992,0.0001,0
6993,0.0001,900
6994,0.0001,2100
6995,0.0001,0
6996,0.0001,300
6997,0.0001,1200
6998,0.0001,400
6999,0.0001,2000
7000,0.0001,3500
7001,0.0001,0
7002,0.0001,1200
7003,0.0001,300
7004,0.0001,1500
7005,0.0001,1500
7006,0.0001,10200
7007,0.0001,1500
7008,0.0001,700
7009,0.0001,0
7010,0.0001,1200
7011,0.0001,7880
7012,0.0001,0
7013,0.0001,0
7014,0.0001,20940
7015,0.0001,0
7016,0.0001,0
7017,0.0001,1350
7018,0.0001,4350
7019,0.0001,1200
7020,0.0001,0
7021,0.0001,0
7022,0.0001,900
7023,0.0001,0
7024,0.0001,900
7025,0.0001,0
7026,0.0001,0
7027,0.0001,400
7028,0.0001,2000
7029,0.0001,0
7030,0.0001,0
7031,0.0001,0
7032,0.0001,900
7033,0.0001,300
7034,0.0001,1500
7035,0.0001,600
7036,0.0001,1500
7037,0.0001,2100
7038,0.0001,2100
7039,0.0001,240
7040,0.0001,300
7041,0.0001,300
7042,0.0001,4950
7043,0.0001,600
7044,0.0001,0
7045,0.0001,3000
7046,0.0001,1920
7047,0.0001,0
7048,0.0001,0
7049,0.0001,0
7050,0.0001,0
7051,0.0001,6980
7052,0.0001,0
7053,0.0001,900
7054,0.0001,300
7055,0.0001,840
7056,0.0001,1500
7057,0.0001,0
7058,0.0001,0
7059,0.0001,0
7060,0.0001,1650
7061,0.0001,300
7062,0.0001,0
7063,0.0001,300
7064,0.0001,400
7065,0.0001,900
7066,0.0001,0
7067,0.0001,0
7068,0.0001,0
7069,0.0001,0
7070,0.0001,900
7071,0.0001,0
7072,0.0001,0
7073,0.0001,1200
7074,0.0001,2100
7075,0.0001,0
7076,0.0001,900
7077,0.0001,0
7078,0.0001,400
7079,0.0001,6980
7080,0.0001,1200
7081,0.0001,2100
7082,0.0001,400
7083,0.0001,0
7084,0.0001,2700
7085,0.0001,400
7086,0.0001,900
7087,0.0001,1500
7088,0.0001,0
7089,0.0001,300
7090,0.0001,800
7091,0.0001,1800
7092,0.0001,940
7093,0.0001,300
7094,0.0001,600
7095,0.0001,300
7096,0.0001,700
7097,0.0001,0
7098,0.0001,0
7099,0.0001,0
7100,0.0001,7030
7101,0.0001,0
7102,0.0001,7380
7103,0.0001,0
7104,0.0001,0
7105,0.0001,0
7106,0.0001,900
7107,0.0001,300
7108,0.0001,300
7109,0.0001,300
7110,0.0001,1200
7111,0.0001,0
7112,0.0001,900
7113,0.0001,1200
7114,0.0001,1200
7115,0.0001,1200
7116,0.0001,0
7117,0.0001,2250
7118,0.0001,900
7119,0.0001,0
7120,0.0001,600
7121,0.0001,1800
7122,0.0001,10200
7123,0.0001,900
7124,0.0001,640
7125,0.0001,1300
7126,0.0001,900
7127,0.0001,240
7128,0.0001,0
7129,0.0001,720
7130,0.0001,500
7131,0.0001,720
7132,0.0001,1350
7133,0.0001,0
7134,0.0001,740
7135,0.0001,0
7136,0.0001,0
7137,0.0001,1800
7138,0.0001,0
7139,0.0001,600
7140,0.0001,1500
7141,0.0001,900
7142,0.0001,720
7143,0.0001,0
7144,0.0001,1200
7145,0.0001,900
7146,0.0001,300
7147,0.0001,300
7148,0.0001,0
7149,0.0001,1500
7150,0.0001,0
7151,0.0001,900
7152,0.0001,0
7153,0.0001,0
7154,0.0001,0
7155,0.0001,0
7156,0.0001,300
7157,0.0001,7080
7158,0.0001,1200
7159,0.0001,500
7160,0.0001,850
7161,0.0001,400
7162,0.0001,600
7163,0.0001,1200
7164,0.0001,900
7165,0.0001,300
7166,0.0001,1200
7167,0.0001,0
7168,0.0001,0
7169,0.0001,400
7170,0.0001,0
7171,0.0001,0
7172,0.0001,690
7173,0.0001,300
7174,0.0001,1350
7175,0.0001,20940
7176,0.0001,0
7177,0.0001,0
7178,0.0001,900
7179,0.0001,300
7180,0.0001,1500
7181,0.0001,0
7182,0.0001,0
7183,0.0001,300
7184,0.0001,1650
7185,0.0001,0
7186,0.0001,900
7187,0.0001,1500
7188,0.0001,0
7189,0.0001,0
7190,0.0001,300
7191,0.0001,900
7192,0.0001,7280
7193,0.0001,940
7194,0.0001,0
7195,0.0001,390
7196,0.0001,900
7197,0.0001,300
7198,0.0001,300
7199,0.0001,0
7200,0.0001,0
7201,0.0001,300
7202,0.0001,0
7203,0.0001,600
7204,0.0001,0
7205,0.0001,0
7206,0.0001,0
7207,0.0001,600
7208,0.0001,0
7209,0.0001,20940
7210,0.0001,0
7211,0.0001,800
7212,0.0001,300
7213,0.0001,900
7214,0.0001,750
7215,0.0001,1500
7216,0.0001,0
7217,0.0001,0
7218,0.0001,640
7219,0.0001,0
7220,0.0001,1500
7221,0.0001,0
7222,0.0001,450
7223,0.0001,0
7224,0.0001,0
7225,0.0001,900
7226,0.0001,0
7227,0.0001,300
7228,0.0001,300
7229,0.0001,2700
7230,0.0001,1800
7231,0.0001,900
7232,0.0001,1800
7233,0.0001,2000
7234,0.0001,0
7235,0.0001,0
7236,0.0001,540
7237,0.0001,300
7238,0.0001,1500
7239,0.0001,300
7240,0.0001,400
7241,0.0001,1500
7242,0.0001,0
7243,0.0001,1350
7244,0.0001,1800
7245,0.0001,2100
7246,0.0001,940
7247,0.0001,300
7248,0.0001,900
7249,0.0001,0
7250,0.0001,0
7251,0.0001,900
7252,0.0001,300
7253,0.0001,0
7254,0.0001,900
7255,0.0001,900
7256,0.0001,840
7257,0.0001,1500
7258,0.0001,600
7259,0.0001,0
7260,0.0001,900
7261,0.0001,1500
7262,0.0001,0
7263,0.0001,300
7264,0.0001,400
7265,0.0001,0
7266,0.0001,800
7267,0.0001,1500
7268,0.0001,900
7269,0.0001,1350
7270,0.0001,400
7271,0.0001,1500
7272,0.0001,900
7273,0.0001,2000
7274,0.0001,5100
7275,0.0001,0
7276,0.0001,0
7277,0.0001,0
7278,0.0001,6860
7279,0.0001,400
7280,0.0001,300
7281,0.0001,400
7282,0.0001,3000
7283,0.0001,3600
7284,0.0001,2340
7285,0.0001,0
7286,0.0001,0
7287,0.0001,0
7288,0.0001,1200
7289,0.0001,6300
7290,0.0001,1800
7291,0.0001,2100
7292,0.0001,600
7293,0.0001,900
7294,0.0001,20940
7295,0.0001,650
7296,0.0001,2100
7297,0.0001,300
7298,0.0001,300
7299,0.0001,0
7300,0.0001,2520
7301,0.0001,0
7302,0.0001,300
7303,0.0001,600
7304,0.0001,5400
7305,0.0001,1650
7306,0.0001,0
7307,0.0001,300
7308,0.0001,400
7309,0.0001,300
7310,0.0001,300
7311,0.0001,34300
7312,0.0001,0
7313,0.0001,1200
7314,0.0001,0
7315,0.0001,23640
7316,0.0001,0
7317,0.0001,900
7318,0.0001,1500
7319,0.0001,850
7320,0.0001,4050
7321,0.0001,450
7322,0.0001,30120
7323,0.0001,0
7324,0.0001,300
7325,0.0001,0
7326,0.0001,0
7327,0.0001,2250
7328,0.0001,0
7329,0.0001,400
7330,0.0001,7030
7331,0.0001,0
7332,0.0001,400
7333,0.0001,900
7334,0.0001,300
7335,0.0001,0
7336,0.0001,600
7337,0.0001,300
7338,0.0001,0
7339,0.0001,20640
7340,0.0001,300
7341,0.0001,0
7342,0.0001,900
7343,0.0001,300
7344,0.0001,1900
7345,0.0001,0
7346,0.0001,0
7347,0.0001,300
7348,0.0001,1440
7349,0.0001,0
7350,0.0001,400
7351,0.0001,1200
7352,0.0001,600
7353,0.0001,900
7354,0.0001,33900
7355,0.0001,2100
7356,0.0001,300
7357,0.0001,1500
7358,0.0001,640
7359,0.0001,720
7360,0.0001,1800
7361,0.0001,600
7362,0.0001,0
7363,0.0001,0
7364,0.0001,0
7365,0.0001,0
7366,0.0001,0
7367,0.0001,1200
7368,0.0001,450
7369,0.0001,2250
7370,0.0001,0
7371,0.0001,700
7372,0.0001,9000
7373,0.0001,0
7374,0.0001,500
7375,0.0001,400
7376,0.0001,400
7377,0.0001,0
7378,0.0001,0
7379,0.0001,1200
7380,0.0001,0
7381,0.0001,0
7382,0.0001,900
7383,0.0001,600
7384,0.0001,0
7385,0.0001,400
7386,0.0001,2250
7387,0.0001,800
7388,0.0001,2250
7389,0.0001,6980
7390,0.0001,7180
7391,0.0001,1500
7392,0.0001,0
7393,0.0001,0
7394,0.0001,0
7395,0.0001,800
7396,0.0001,0
7397,0.0001,400
7398,0.0001,300
7399,0.0001,8100
7400,0.0001,900
7401,0.0001,300
7402,0.0001,1500
7403,0.0001,0
7404,0.0001,1950
7405,0.0001,900
7406,0.0001,400
7407,0.0001,0
7408,0.0001,0
7409,0.0001,0
7410,0.0001,700
7411,0.0001,900
7412,0.0001,0
7413,0.0001,0
7414,0.0001,900
7415,0.0001,0
7416,0.0001,7080
7417,0.0001,0
7418,0.0001,900
7419,0.0001,3900
7420,0.0001,300
7421,0.0001,27420
7422,0.0001,1800
7423,0.0001,700
7424,0.0001,0
7425,0.0001,0
7426,0.0001,0
7427,0.0001,500
7428,0.0001,6930
7429,0.0001,1500
7430,0.0001,1500
7431,0.0001,1500
7432,0.0001,0
7433,0.0001,0
7434,0.0001,0
7435,0.0001,900
7436,0.0001,0
7437,0.0001,2100
7438,0.0001,1200
7439,0.0001,1500
7440,0.0001,0
7441,0.0001,1500
7442,0.0001,2100
7443,0.0001,0
7444,0.0001,0
7445,0.0001,1500
7446,0.0001,0
7447,0.0001,300
7448,0.0001,900
7449,0.0001,0
7450,0.0001,600
7451,0.0001,1920
7452,0.0001,900
7453,0.0001,900
7454,0.0001,800
7455,0.0001,34400
7456,0.0001,0
7457,0.0001,400
7458,0.0001,12600
7459,0.0001,0
7460,0.0001,0
7461,0.0001,900
7462,0.0001,0
7463,0.0001,700
7464,0.0001,600
7465,0.0001,400
7466,0.0001,900
7467,0.0001,300
7468,0.0001,300
7469,0.0001,4050
7470,0.0001,300
7471,0.0001,0
7472,0.0001,0
7473,0.0001,0
7474,0.0001,1680
7475,0.0001,900
7476,0.0001,3000
7477,0.0001,400
7478,0.0001,640
7479,0.0001,1800
7480,0.0001,600
7481,0.0001,300
7482,0.0001,300
7483,0.0001,0
7484,0.0001,1500
7485,0.0001,2340
7486,0.0001,900
7487,0.0001,1500
7488,0.0001,750
7489,0.0001,2520
7490,0.0001,1500
7491,0.0001,0
7492,0.0001,0
7493,0.0001,7060
7494,0.0001,0
7495,0.0001,3000
7496,0.0001,400
7497,0.0001,9220
7498,0.0001,0
7499,0.0001,0
7500,0.0001,0
7501,0.0001,600
7502,0.0001,300
7503,0.0001,500
7504,0.0001,1500
7505,0.0001,900
7506,0.0001,0
7507,0.0001,300
7508,0.0001,300
7509,0.0001,900
7510,0.0001,0
7511,0.0001,0
7512,0.0001,1500
7513,0.0001,900
7514,0.0001,1500
7515,0.0001,600
7516,0.0001,2700
7517,0.0001,0
7518,0.0001,240
7519,0.0001,0
7520,0.0001,7980
7521,0.0001,1500
7522,0.0001,0
7523,0.0001,0
7524,0.0001,900
7525,0.0001,400
7526,0.0001,9170
7527,0.0001,0
7528,0.0001,900
7529,0.0001,0
7530,0.0001,1200
7531,0.0001,300
7532,0.0001,940
7533,0.0001,900
7534,0.0001,0
7535,0.0001,0
7536,0.0001,3000
7537,0.0001,0
7538,0.0001,1200
7539,0.0001,640
7540,0.0001,400
7541,0.0001,1800
7542,0.0001,0
7543,0.0001,300
7544,0.0001,800
7545,0.0001,300
7546,0.0001,900
7547,0.0001,3700
7548,0.0001,400
7549,0.0001,900
7550,0.0001,2100
7551,0.0001,0
7552,0.0001,0
7553,0.0001,1600
7554,0.0001,0
7555,0.0001,0
7556,0.0001,0
7557,0.0001,300
7558,0.0001,900
7559,0.0001,0
7560,0.0001,0
7561,0.0001,0
7562,0.0001,2340
7563,0.0001,800
7564,0.0001,0
7565,0.0001,0
7566,0.0001,1440
7567,0.0001,700
7568,0.0001,900
7569,0.0001,2100
7570,0.0001,400
7571,0.0001,0
7572,0.0001,400
7573,0.0001,2100
7574,0.0001,0
7575,0.0001,900
7576,0.0001,0
7577,0.0001,900
7578,0.0001,900
7579,0.0001,300
7580,0.0001,1200
7581,0.0001,0
7582,0.0001,0
7583,0.0001,1950
7584,0.0001,0
7585,0.0001,0
7586,0.0001,900
7587,0.0001,1500
7588,0.0001,1500
7589,0.0001,900
7590,0.0001,0
7591,0.0001,0
7592,0.0001,0
7593,0.0001,850
7594,0.0001,400
7595,0.0001,2100
7596,0.0001,900
7597,0.0001,3500
7598,0.0001,0
7599,0.0001,0
7600,0.0001,9090
7601,0.0001,300
7602,0.0001,4500
7603,0.0001,900
7604,0.0001,1800
7605,0.0001,700
7606,0.0001,900
7607,0.0001,0
7608,0.0001,0
7609,0.0001,900
7610,0.0001,0
7611,0.0001,900
7612,0.0001,900
7613,0.0001,14400
7614,0.0001,27420
7615,0.0001,500
7616,0.0001,0
7617,0.0001,0
7618,0.0001,1500
7619,0.0001,0
7620,0.0001,900
7621,0.0001,1900
7622,0.0001,300
7623,0.0001,300
7624,0.0001,3420
7625,0.0001,1500
7626,0.0001,7030
7627,0.0001,0
7628,0.0001,0
7629,0.0001,0
7630,0.0001,1500
7631,0.0001,400
7632,0.0001,3840
7633,0.0001,34400
7634,0.0001,0
7635,0.0001,2850
7636,0.0001,300
7637,0.0001,300
7638,0.0001,900
7639,0.0001,300
7640,0.0001,0
7641,0.0001,0
7642,0.0001,690
7643,0.0001,1650
7644,0.0001,0
7645,0.0001,900
7646,0.0001,0
7647,0.0001,6980
7648,0.0001,2000
7649,0.0001,2100
7650,0.0001,400
7651,0.0001,1200
7652,0.0001,0
7653,0.0001,400
7654,0.0001,0
7655,0.0001,0
7656,0.0001,0
7657,0.0001,0
7658,0.0001,0
7659,0.0001,850
7660,0.0001,1500
7661,0.0001,300
7662,0.0001,300
7663,0.0001,0
7664,0.0001,0
7665,0.0001,700
7666,0.0001,1500
7667,0.0001,0
7668,0.0001,20940
7669,0.0001,3400
7670,0.0001,0
7671,0.0001,0
7672,0.0001,2250
7673,0.0001,0
7674,0.0001,0
7675,0.0001,1500
7676,0.0001,1500
7677,0.0001,1500
7678,0.0001,300
7679,0.0001,1350
7680,0.0001,20940
7681,0.0001,900
7682,0.0001,900
7683,0.0001,800
7684,0.0001,700
7685,0.0001,1500
7686,0.0001,0
7687,0.0001,0
7688,0.0001,1500
7689,0.0001,300
7690,0.0001,700
7691,0.0001,0
7692,0.0001,0
7693,0.0001,300
7694,0.0001,0
7695,0.0001,0
7696,0.0001,1200
7697,0.0001,2100
7698,0.0001,3000
7699,0.0001,0
7700,0.0001,0
7701,0.0001,1500
7702,0.0001,700
7703,0.0001,0
7704,0.0001,300
7705,0.0001,300
7706,0.0001,1620
7707,0.0001,300
7708,0.0001,0
7709,0.0001,600
7710,0.0001,10350
7711,0.0001,900
7712,0.0001,900
7713,0.0001,900
7714,0.0001,900
7715,0.0001,0
7716,0.0001,600
7717,0.0001,1800
7718,0.0001,300
7719,0.0001,300
7720,0.0001,1200
7721,0.0001,1500
7722,0.0001,500
7723,0.0001,1200
7724,0.0001,1200
7725,0.0001,1500
7726,0.0001,900
7727,0.0001,700
7728,0.0001,0
7729,0.0001,0
7730,0.0001,0
7731,0.0001,900
7732,0.0001,2100
7733,0.0001,0
7734,0.0001,0
7735,0.0001,0
7736,0.0001,0
7737,0.0001,7080
7738,0.0001,0
7739,0.0001,0
7740,0.0001,33900
7741,0.0001,0
7742,0.0001,900
7743,0.0001,500
7744,0.0001,1200
7745,0.0001,0
7746,0.0001,900
7747,0.0001,1200
7748,0.0001,0
7749,0.0001,850
7750,0.0001,0
7751,0.0001,0
7752,0.0001,0
7753,0.0001,2000
7754,0.0001,1800
7755,0.0001,1860
7756,0.0001,300
7757,0.0001,34400
7758,0.0001,300
7759,0.0001,0
7760,0.0001,3400
7761,0.0001,800
7762,0.0001,900
7763,0.0001,900
7764,0.0001,600
7765,0.0001,1200
7766,0.0001,0
7767,0.0001,600
7768,0.0001,1500
7769,0.0001,900
7770,0.0001,1620
7771,0.0001,1500
7772,0.0001,150
7773,0.0001,1920
7774,0.0001,400
7775,0.0001,0
7776,0.0001,3000
7777,0.0001,1200
7778,0.0001,400
7779,0.0001,0
7780,0.0001,1800
7781,0.0001,900
7782,0.0001,1500
7783,0.0001,0
7784,0.0001,0
7785,0.0001,47460
7786,0.0001,700
7787,0.0001,1920
7788,0.0001,540
7789,0.0001,1200
7790,0.0001,1200
7791,0.0001,1800
7792,0.0001,900
7793,0.0001,1200
7794,0.0001,600
7795,0.0001,0
7796,0.0001,9240
7797,0.0001,2250
7798,0.0001,700
7799,0.0001,1500
7800,0.0001,0
7801,0.0001,0
7802,0.0001,850
7803,0.0001,1200
7804,0.0001,6980
7805,0.0001,1800
7806,0.0001,300
7807,0.0001,1500
7808,0.0001,300
7809,0.0001,6980
7810,0.0001,800
7811,0.0001,0
7812,0.0001,1500
7813,0.0001,600
7814,0.0001,400
7815,0.0001,0
7816,0.0001,300
7817,0.0001,0
7818,0.0001,840
7819,0.0001,20940
7820,0.0001,0
7821,0.0001,300
7822,0.0001,0
7823,0.0001,7080
7824,0.0001,0
7825,0.0001,400
7826,0.0001,0
7827,0.0001,0
7828,0.0001,0
7829,0.0001,21540
7830,0.0001,0
7831,0.0001,1500
7832,0.0001,3300
7833,0.0001,600
7834,0.0001,1500
7835,0.0001,1200
7836,0.0001,1200
7837,0.0001,0
7838,0.0001,0
7839,0.0001,900
7840,0.0001,400
7841,0.0001,940
7842,0.0001,840
7843,0.0001,0
7844,0.0001,2000
7845,0.0001,300
7846,0.0001,0
7847,0.0001,300
7848,0.0001,6980
7849,0.0001,900
7850,0.0001,400
7851,0.0001,900
7852,0.0001,0
7853,0.0001,0
7854,0.0001,1800
7855,0.0001,0
7856,0.0001,3700
7857,0.0001,0
7858,0.0001,7080
7859,0.0001,0
7860,0.0001,6880
7861,0.0001,1200
7862,0.0001,2100
7863,0.0001,450
7864,0.0001,1200
7865,0.0001,900
7866,0.0001,0
7867,0.0001,900
7868,0.0001,2100
7869,0.0001,500
7870,0.0001,0
7871,0.0001,0
7872,0.0001,0
7873,0.0001,900
7874,0.0001,300
7875,0.0001,33900
7876,0.0001,500
7877,0.0001,0
7878,0.0001,0
7879,0.0001,900
7880,0.0001,0
7881,0.0001,0
7882,0.0001,0
7883,0.0001,1200
7884,0.0001,300
7885,0.0001,900
7886,0.0001,1300
7887,0.0001,1200
7888,0.0001,0
7889,0.0001,0
7890,0.0001,900
7891,0.0001,1680
7892,0.0001,800
7893,0.0001,400
7894,0.0001,0
7895,0.0001,900
7896,0.0001,0
7897,0.0001,0
7898,0.0001,0
7899,0.0001,1200
7900,0.0001,20790
7901,0.0001,500
7902,0.0001,900
7903,0.0001,0
7904,0.0001,0
7905,0.0001,840
7906,0.0001,300
7907,0.0001,900
7908,0.0001,1200
7909,0.0001,0
7910,0.0001,0
7911,0.0001,0
7912,0.0001,1200
7913,0.0001,0
7914,0.0001,0
7915,0.0001,300
7916,0.0001,800
7917,0.0001,0
7918,0.0001,900
7919,0.0001,0
7920,0.0001,1500
7921,0.0001,0
7922,0.0001,1200
7923,0.0001,0
7924,0.0001,400
7925,0.0001,450
7926,0.0001,900
7927,0.0001,0
7928,0.0001,2100
7929,0.0001,1200
7930,0.0001,0
7931,0.0001,0
7932,0.0001,900
7933,0.0001,900
7934,0.0001,400
7935,0.0001,0
7936,0.0001,1800
7937,0.0001,5400
7938,0.0001,0
7939,0.0001,0
7940,0.0001,0
7941,0.0001,2100
7942,0.0001,6960
7943,0.0001,1200
7944,0.0001,240
7945,0.0001,0
7946,0.0001,0
7947,0.0001,34400
7948,0.0001,0
7949,0.0001,900
7950,0.0001,2000
7951,0.0001,0
7952,0.0001,1500
7953,0.0001,10200
7954,0.0001,0
7955,0.0001,0
7956,0.0001,0
7957,0.0001,7080
7958,0.0001,0
7959,0.0001,700
7960,0.0001,900
7961,0.0001,0
7962,0.0001,6000
7963,0.0001,1200
7964,0.0001,1500
7965,0.0001,4500
7966,0.0001,1620
7967,0.0001,20940
7968,0.0001,3400
7969,0.0001,0
7970,0.0001,0
7971,0.0001,1500
7972,0.0001,0
7973,0.0001,2000
7974,0.0001,0
7975,0.0001,900
7976,0.0001,0
7977,0.0001,1920
7978,0.0001,2100
7979,0.0001,7180
7980,0.0001,2100
7981,0.0001,5400
7982,0.0001,0
7983,0.0001,1200
7984,0.0001,400
7985,0.0001,300
7986,0.0001,6980
7987,0.0001,500
7988,0.0001,2250
7989,0.0001,300
7990,0.0001,450
7991,0.0001,900
7992,0.0001,940
7993,0.0001,400
7994,0.0001,1800
7995,0.0001,0
7996,0.0001,900
7997,0.0001,0
7998,0.0001,2000
7999,0.0001,300
8000,0.0001,900
8001,0.0001,700
8002,0.0001,300
8003,0.0001,1200
8004,0.0001,1500
8005,0.0001,2100
8006,0.0001,0
8007,0.0001,0
8008,0.0001,900
8009,0.0001,900
8010,0.0001,300
8011,0.0001,0
8012,0.0001,300
8013,0.0001,700
8014,0.0001,0
8015,0.0001,0
8016,0.0001,300
8017,0.0001,4300
8018,0.0001,0
8019,0.0001,300
8020,0.0001,900
8021,0.0001,0
8022,0.0001,400
8023,0.0001,1500
8024,0.0001,8380
8025,0.0001,1500
8026,0.0001,0
8027,0.0001,300
8028,0.0001,900
8029,0.0001,0
8030,0.0001,900
8031,0.0001,0
8032,0.0001,0
8033,0.0001,2700
8034,0.0001,900
8035,0.0001,10350
8036,0.0001,0
8037,0.0001,0
8038,0.0001,0
8039,0.0001,930
8040,0.0001,400
8041,0.0001,0
8042,0.0001,3600
8043,0.0001,900
8044,0.0001,0
8045,0.0001,7080
8046,0.0001,0
8047,0.0001,900
8048,0.0001,3500
8049,0.0001,3500
8050,0.0001,7060
8051,0.0001,2100
8052,0.0001,450
8053,0.0001,300
8054,0.0001,600
8055,0.0001,0
8056,0.0001,0
8057,0.0001,1500
8058,0.0001,1500
8059,0.0001,1200
8060,0.0001,0
8061,0.0001,1500
8062,0.0001,300
8063,0.0001,1800
8064,0.0001,0
8065,0.0001,850
8066,0.0001,400
8067,0.0001,0
8068,0.0001,400
8069,0.0001,400
8070,0.0001,900
8071,0.0001,0
8072,0.0001,900
8073,0.0001,0
8074,0.0001,10800
8075,0.0001,300
8076,0.0001,900
8077,0.0001,500
8078,0.0001,0
8079,0.0001,900
8080,0.0001,0
8081,0.0001,9640
8082,0.0001,300
8083,0.0001,7480
8084,0.0001,0
8085,0.0001,400
8086,0.0001,900
8087,0.0001,0
8088,0.0001,990
8089,0.0001,1500
8090,0.0001,600
8091,0.0001,2520
8092,0.0001,300
8093,0.0001,0
8094,0.0001,1200
8095,0.0001,900
8096,0.0001,1500
8097,0.0001,0
8098,0.0001,0
8099,0.0001,1200
8100,0.0001,2000
8101,0.0001,0
8102,0.0001,2040
8103,0.0001,0
8104,0.0001,0
8105,0.0001,400
8106,0.0001,400
8107,0.0001,0
8108,0.0001,800
8109,0.0001,0
8110,0.0001,300
8111,0.0001,900
8112,0.0001,1500
8113,0.0001,1500
8114,0.0001,0
8115,0.0001,1200
8116,0.0001,850
8117,0.0001,1920
8118,0.0001,900
8119,0.0001,0
8120,0.0001,0
8121,0.0001,400
8122,0.0001,1500
8123,0.0001,1200
8124,0.0001,2050
8125,0.0001,400
8126,0.0001,1200
8127,0.0001,900
8128,0.0001,900
8129,0.0001,3900
8130,0.0001,0
8131,0.0001,2700
8132,0.0001,300
8133,0.0001,7360
8134,0.0001,750
8135,0.0001,850
8136,0.0001,0
8137,0.0001,0
8138,0.0001,450
8139,0.0001,0
8140,0.0001,0
8141,0.0001,2040
8142,0.0001,0
8143,0.0001,0
8144,0.0001,0
8145,0.0001,34150
8146,0.0001,600
8147,0.0001,0
8148,0.0001,300
8149,0.0001,300
8150,0.0001,0
8151,0.0001,600
8152,0.0001,400
8153,0.0001,0
8154,0.0001,2520
8155,0.0001,0
8156,0.0001,0
8157,0.0001,0
8158,0.0001,0
8159,0.0001,1650
8160,0.0001,0
8161,0.0001,1200
8162,0.0001,800
8163,0.0001,300
8164,0.0001,0
8165,0.0001,0
8166,0.0001,0
8167,0.0001,900
8168,0.0001,450
8169,0.0001,2070
8170,0.0001,6960
8171,0.0001,0
8172,0.0001,0
8173,0.0001,0
8174,0.0001,550
8175,0.0001,300
8176,0.0001,900
8177,0.0001,0
8178,0.0001,900
8179,0.0001,300
8180,0.0001,0
8181,0.0001,400
8182,0.0001,0
8183,0.0001,850
8184,0.0001,700
8185,0.0001,2100
8186,0.0001,400
8187,0.0001,1200
8188,0.0001,7480
8189,0.0001,20880
8190,0.0001,0
8191,0.0001,900
8192,0.0001,1800
8193,0.0001,0
8194,0.0001,0
8195,0.0001,0
8196,0.0001,900
8197,0.0001,900
8198,0.0001,0
8199,0.0001,600
8200,0.0001,0
8201,0.0001,900
8202,0.0001,0
8203,0.0001,900
8204,0.0001,500
8205,0.0001,0
8206,0.0001,300
8207,0.0001,700
8208,0.0001,1200
8209,0.0001,0
8210,0.0001,500
8211,0.0001,2100
8212,0.0001,10620
8213,0.0001,2200
8214,0.0001,400
8215,0.0001,0
8216,0.0001,1350
8217,0.0001,700
8218,0.0001,900
8219,0.0001,600
8220,0.0001,0
8221,0.0001,0
8222,0.0001,300
8223,0.0001,600
8224,0.0001,0
8225,0.0001,16500
8226,0.0001,0
8227,0.0001,300
8228,0.0001,0
8229,0.0001,300
8230,0.0001,1200
8231,0.0001,0
8232,0.0001,400
8233,0.0001,0
8234,0.0001,2100
8235,0.0001,10200
8236,0.0001,300
8237,0.0001,2700
8238,0.0001,0
8239,0.0001,1500
8240,0.0001,0
8241,0.0001,300
8242,0.0001,0
8243,0.0001,0
8244,0.0001,400
8245,0.0001,7480
8246,0.0001,900
8247,0.0001,1200
8248,0.0001,900
8249,0.0001,7030
8250,0.0001,0
8251,0.0001,600
8252,0.0001,0
8253,0.0001,0
8254,0.0001,800
8255,0.0001,0
8256,0.0001,850
8257,0.0001,0
8258,0.0001,300
8259,0.0001,3600
8260,0.0001,0
8261,0.0001,400
8262,0.0001,990
8263,0.0001,1500
8264,0.0001,400
8265,0.0001,0
8266,0.0001,0
8267,0.0001,0
8268,0.0001,0
8269,0.0001,0
8270,0.0001,0
8271,0.0001,1500
8272,0.0001,1200
8273,0.0001,0
8274,0.0001,7980
8275,0.0001,720
8276,0.0001,600
8277,0.0001,300
8278,0.0001,0
8279,0.0001,300
8280,0.0001,1800
8281,0.0001,300
8282,0.0001,0
8283,0.0001,2100
8284,0.0001,300
8285,0.0001,0
8286,0.0001,550
8287,0.0001,300
8288,0.0001,0
8289,0.0001,1200
8290,0.0001,600
8291,0.0001,1500
8292,0.0001,850
8293,0.0001,0
8294,0.0001,900
8295,0.0001,900
8296,0.0001,900
8297,0.0001,0
8298,0.0001,940
8299,0.0001,0
8300,0.0001,2700
8301,0.0001,0
8302,0.0001,0
8303,0.0001,0
8304,0.0001,1500
8305,0.0001,1500
8306,0.0001,0
8307,0.0001,1500
8308,0.0001,0
8309,0.0001,780
8310,0.0001,400
8311,0.0001,700
8312,0.0001,300
8313,0.0001,0
8314,0.0001,0
8315,0.0001,300
8316,0.0001,3450
8317,0.0001,0
8318,0.0001,0
8319,0.0001,2100
8320,0.0001,900
8321,0.0001,0
8322,0.0001,900
8323,0.0001,640
8324,0.0001,700
8325,0.0001,0
8326,0.0001,6980
8327,0.0001,500
8328,0.0001,900
8329,0.0001,1500
8330,0.0001,0
8331,0.0001,1800
8332,0.0001,900
8333,0.0001,600
8334,0.0001,1200
8335,0.0001,0
8336,0.0001,1800
8337,0.0001,300
8338,0.0001,0
8339,0.0001,900
8340,0.0001,900
8341,0.0001,1200
8342,0.0001,1500
8343,0.0001,300
8344,0.0001,700
8345,0.0001,0
8346,0.0001,1200
8347,0.0001,0
8348,0.0001,300
8349,0.0001,1500
8350,0.0001,900
8351,0.0001,0
8352,0.0001,300
8353,0.0001,0
8354,0.0001,1500
8355,0.0001,400
8356,0.0001,700
8357,0.0001,900
8358,0.0001,600
8359,0.0001,900
8360,0.0001,0
8361,0.0001,2700
8362,0.0001,0
8363,0.0001,2100
8364,0.0001,9240
8365,0.0001,500
8366,0.0001,2000
8367,0.0001,300
8368,0.0001,900
8369,0.0001,0
8370,0.0001,2100
8371,0.0001,900
8372,0.0001,6980
8373,0.0001,1200
8374,0.0001,900
8375,0.0001,8280
8376,0.0001,900
8377,0.0001,0
8378,0.0001,1800
8379,0.0001,0
8380,0.0001,900
8381,0.0001,1200
8382,0.0001,0
8383,0.0001,0
8384,0.0001,400
8385,0.0001,900
8386,0.0001,20640
8387,0.0001,9000
8388,0.0001,300
8389,0.0001,900
8390,0.0001,1500
8391,0.0001,1200
8392,0.0001,900
8393,0.0001,0
8394,0.0001,0
8395,0.0001,0
8396,0.0001,2100
8397,0.0001,0
8398,0.0001,0
8399,0.0001,0
8400,0.0001,0
8401,0.0001,0
8402,0.0001,0
8403,0.0001,0
8404,0.0001,900
8405,0.0001,0
8406,0.0001,400
8407,0.0001,0
8408,0.0001,500
8409,0.0001,6980
8410,0.0001,300
8411,0.0001,0
8412,0.0001,1500
8413,0.0001,20790
8414,0.0001,400
8415,0.0001,900
8416,0.0001,0
8417,0.0001,0
8418,0.0001,300
8419,0.0001,20880
8420,0.0001,20790
8421,0.0001,600
8422,0.0001,400
8423,0.0001,0
8424,0.0001,0
8425,0.0001,9390
8426,0.0001,300
8427,0.0001,0
8428,0.0001,700
8429,0.0001,1200
8430,0.0001,0
8431,0.0001,1650
8432,0.0001,0
8433,0.0001,1200
8434,0.0001,900
8435,0.0001,2000
8436,0.0001,0
8437,0.0001,0
8438,0.0001,400
8439,0.0001,5400
8440,0.0001,7060
8441,0.0001,0
8442,0.0001,400
8443,0.0001,1500
8444,0.0001,1200
8445,0.0001,400
8446,0.0001,0
8447,0.0001,0
8448,0.0001,0
8449,0.0001,7030
8450,0.0001,7200
8451,0.0001,400
8452,0.0001,1800
8453,0.0001,900
8454,0.0001,400
8455,0.0001,7040
8456,0.0001,300
8457,0.0001,300
8458,0.0001,300
8459,0.0001,3600
8460,0.0001,500
8461,0.0001,7030
8462,0.0001,500
8463,0.0001,0
8464,0.0001,400
8465,0.0001,0
8466,0.0001,300
8467,0.0001,20940
8468,0.0001,900
8469,0.0001,400
8470,0.0001,900
8471,0.0001,300
8472,0.0001,0
8473,0.0001,500
8474,0.0001,6300
8475,0.0001,640
8476,0.0001,300
8477,0.0001,7980
8478,0.0001,1200
8479,0.0001,0
8480,0.0001,1500
8481,0.0001,1500
8482,0.0001,0
8483,0.0001,400
8484,0.0001,750
8485,0.0001,7080
8486,0.0001,0
8487,0.0001,900
8488,0.0001,0
8489,0.0001,0
8490,0.0001,11400
8491,0.0001,0
8492,0.0001,0
8493,0.0001,750
8494,0.0001,400
8495,0.0001,900
8496,0.0001,900
8497,0.0001,2800
8498,0.0001,0
8499,0.0001,900
8500,0.0001,9440
8501,0.0001,1800
8502,0.0001,3500
8503,0.0001,20640
8504,0.0001,0
8505,0.0001,600
8506,0.0001,500
8507,0.0001,34400
8508,0.0001,0
8509,0.0001,1500
8510,0.0001,540
8511,0.0001,0
8512,0.0001,800
8513,0.0001,0
8514,0.0001,300
8515,0.0001,2100
8516,0.0001,0
8517,0.0001,1200
8518,0.0001,750
8519,0.0001,0
8520,0.0001,0
8521,0.0001,1200
8522,0.0001,1500
8523,0.0001,20940
8524,0.0001,900
8525,0.0001,0
8526,0.0001,2100
8527,0.0001,0
8528,0.0001,1200
8529,0.0001,300
8530,0.0001,0
8531,0.0001,1500
8532,0.0001,3000
8533,0.0001,5700
8534,0.0001,700
8535,0.0001,0
8536,0.0001,900
8537,0.0001,900
8538,0.0001,300
8539,0.0001,300
8540,0.0001,0
8541,0.0001,0
8542,0.0001,850
8543,0.0001,900
8544,0.0001,900
8545,0.0001,300
8546,0.0001,400
8547,0.0001,0
8548,0.0001,0
8549,0.0001,7030
8550,0.0001,0
8551,0.0001,0
8552,0.0001,900
8553,0.0001,900
8554,0.0001,400
8555,0.0001,1000
8556,0.0001,0
8557,0.0001,990
8558,0.0001,1500
8559,0.0001,300
8560,0.0001,500
8561,0.0001,1800
8562,0.0001,800
8563,0.0001,15000
8564,0.0001,300
8565,0.0001,1500
8566,0.0001,800
8567,0.0001,900
8568,0.0001,550
8569,0.0001,720
8570,0.0001,900
8571,0.0001,500
8572,0.0001,0
8573,0.0001,600
8574,0.0001,900
8575,0.0001,1800
8576,0.0001,500
8577,0.0001,600
8578,0.0001,0
8579,0.0001,9240
8580,0.0001,1200
8581,0.0001,6980
8582,0.0001,9900
8583,0.0001,400
8584,0.0001,900
8585,0.0001,850
8586,0.0001,300
8587,0.0001,400
8588,0.0001,400
8589,0.0001,700
8590,0.0001,900
8591,0.0001,0
8592,0.0001,600
8593,0.0001,400
8594,0.0001,900
8595,0.0001,900
8596,0.0001,0
8597,0.0001,0
8598,0.0001,300
8599,0.0001,0
8600,0.0001,1500
8601,0.0001,1500
8602,0.0001,0
8603,0.0001,2520
8604,0.0001,7080
8605,0.0001,900
8606,0.0001,2600
8607,0.0001,0
8608,0.0001,0
8609,0.0001,300
8610,0.0001,9240
8611,0.0001,0
8612,0.0001,0
8613,0.0001,900
8614,0.0001,7080
8615,0.0001,0
8616,0.0001,0
8617,0.0001,0
8618,0.0001,1200
8619,0.0001,1200
8620,0.0001,0
8621,0.0001,600
8622,0.0001,0
8623,0.0001,940
8624,0.0001,2100
8625,0.0001,0
8626,0.0001,780
8627,0.0001,0
8628,0.0001,2100
8629,0.0001,400
8630,0.0001,0
8631,0.0001,0
8632,0.0001,900
8633,0.0001,2100
8634,0.0001,1500
8635,0.0001,900
8636,0.0001,500
8637,0.0001,0
8638,0.0001,600
8639,0.0001,300
8640,0.0001,0
8641,0.0001,300
8642,0.0001,1500
8643,0.0001,0
8644,0.0001,1200
8645,0.0001,900
8646,0.0001,2140
8647,0.0001,0
8648,0.0001,20940
8649,0.0001,2140
8650,0.0001,900
8651,0.0001,1800
8652,0.0001,1800
8653,0.0001,0
8654,0.0001,700
8655,0.0001,0
8656,0.0001,0
8657,0.0001,300
8658,0.0001,0
8659,0.0001,600
8660,0.0001,1200
8661,0.0001,5700
8662,0.0001,940
8663,0.0001,1650
8664,0.0001,400
8665,0.0001,9000
8666,0.0001,0
8667,0.0001,400
8668,0.0001,300
8669,0.0001,0
8670,0.0001,300
8671,0.0001,0
8672,0.0001,0
8673,0.0001,0
8674,0.0001,1500
8675,0.0001,600
8676,0.0001,0
8677,0.0001,0
8678,0.0001,0
8679,0.0001,1500
8680,0.0001,7080
8681,0.0001,1500
8682,0.0001,1500
8683,0.0001,0
8684,0.0001,1500
8685,0.0001,300
8686,0.0001,0
8687,0.0001,3000
8688,0.0001,0
8689,0.0001,900
8690,0.0001,1200
8691,0.0001,1500
8692,0.0001,0
8693,0.0001,400
8694,0.0001,1500
8695,0.0001,0
8696,0.0001,9240
8697,0.0001,0
8698,0.0001,1500
8699,0.0001,500
8700,0.0001,20640
8701,0.0001,0
8702,0.0001,1200
8703,0.0001,0
8704,0.0001,0
8705,0.0001,3300
8706,0.0001,0
8707,0.0001,7880
8708,0.0001,0
8709,0.0001,38900
8710,0.0001,0
8711,0.0001,1500
8712,0.0001,0
8713,0.0001,2700
8714,0.0001,300
8715,0.0001,20940
8716,0.0001,1200
8717,0.0001,1500
8718,0.0001,900
8719,0.0001,900
8720,0.0001,1500
8721,0.0001,0
8722,0.0001,0
8723,0.0001,400
8724,0.0001,700
8725,0.0001,0
8726,0.0001,0
8727,0.0001,0
8728,0.0001,0
8729,0.0001,300
8730,0.0001,0
8731,0.0001,900
8732,0.0001,900
8733,0.0001,1500
8734,0.0001,2100
8735,0.0001,1500
8736,0.0001,0
8737,0.0001,6980
8738,0.0001,1500
8739,0.0001,700
8740,0.0001,300
8741,0.0001,0
8742,0.0001,800
8743,0.0001,700
8744,0.0001,10200
8745,0.0001,1500
8746,0.0001,20940
8747,0.0001,300
8748,0.0001,400
8749,0.0001,0
8750,0.0001,700
8751,0.0001,700
8752,0.0001,1800
8753,0.0001,0
8754,0.0001,900
8755,0.0001,400
8756,0.0001,600
8757,0.0001,300
8758,0.0001,0
8759,0.0001,0
8760,0.0001,1500
8761,0.0001,0
8762,0.0001,900
8763,0.0001,0
8764,0.0001,900
8765,0.0001,0
8766,0.0001,7030
8767,0.0001,300
8768,0.0001,900
8769,0.0001,2070
8770,0.0001,500
8771,0.0001,800
8772,0.0001,900
8773,0.0001,650
8774,0.0001,7080
8775,0.0001,1350
8776,0.0001,0
8777,0.0001,0
8778,0.0001,300
8779,0.0001,2100
8780,0.0001,600
8781,0.0001,0
8782,0.0001,0
8783,0.0001,300
8784,0.0001,400
8785,0.0001,0
8786,0.0001,2000
8787,0.0001,2100
8788,0.0001,0
8789,0.0001,7080
8790,0.0001,900
8791,0.0001,0
8792,0.0001,150
8793,0.0001,0
8794,0.0001,900
8795,0.0001,0
8796,0.0001,0
8797,0.0001,300
8798,0.0001,900
8799,0.0001,500
8800,0.0001,0
8801,0.0001,900
8802,0.0001,0
8803,0.0001,0
8804,0.0001,1500
8805,0.0001,900
8806,0.0001,20640
8807,0.0001,900
8808,0.0001,300
8809,0.0001,300
8810,0.0001,10800
8811,0.0001,500
8812,0.0001,22140
8813,0.0001,700
8814,0.0001,300
8815,0.0001,1500
8816,0.0001,900
8817,0.0001,7030
8818,0.0001,0
8819,0.0001,500
8820,0.0001,300
8821,0.0001,500
8822,0.0001,1800
8823,0.0001,300
8824,0.0001,0
8825,0.0001,300
8826,0.0001,1400
8827,0.0001,1500
8828,0.0001,0
8829,0.0001,0
8830,0.0001,0
8831,0.0001,0
8832,0.0001,0
8833,0.0001,0
8834,0.0001,10800
8835,0.0001,2100
8836,0.0001,0
8837,0.0001,300
8838,0.0001,900
8839,0.0001,240
8840,0.0001,850
8841,0.0001,900
8842,0.0001,7080
8843,0.0001,1500
8844,0.0001,2050
8845,0.0001,0
8846,0.0001,400
8847,0.0001,1800
8848,0.0001,0
8849,0.0001,1800
8850,0.0001,900
8851,0.0001,6980
8852,0.0001,0
8853,0.0001,0
8854,0.0001,900
8855,0.0001,300
8856,0.0001,1500
8857,0.0001,650
8858,0.0001,0
8859,0.0001,1200
8860,0.0001,600
8861,0.0001,300
8862,0.0001,13500
8863,0.0001,0
8864,0.0001,900
8865,0.0001,0
8866,0.0001,900
8867,0.0001,0
8868,0.0001,900
8869,0.0001,500
8870,0.0001,0
8871,0.0001,0
8872,0.0001,900
8873,0.0001,20940
8874,0.0001,0
8875,0.0001,9040
8876,0.0001,0
8877,0.0001,300
8878,0.0001,700
8879,0.0001,1500
8880,0.0001,400
8881,0.0001,0
8882,0.0001,400
8883,0.0001,600
8884,0.0001,900
8885,0.0001,0
8886,0.0001,0
8887,0.0001,0
8888,0.0001,740
8889,0.0001,300
8890,0.0001,0
8891,0.0001,0
8892,0.0001,900
8893,0.0001,900
8894,0.0001,1050
8895,0.0001,0
8896,0.0001,300
8897,0.0001,300
8898,0.0001,0
8899,0.0001,1200
8900,0.0001,1200
8901,0.0001,0
8902,0.0001,1500
8903,0.0001,150
8904,0.0001,20940
8905,0.0001,900
8906,0.0001,500
8907,0.0001,3000
8908,0.0001,0
8909,0.0001,600
8910,0.0001,600
8911,0.0001,33900
8912,0.0001,3000
8913,0.0001,1200
8914,0.0001,0
8915,0.0001,1620
8916,0.0001,0
8917,0.0001,900
8918,0.0001,300
8919,0.0001,300
8920,0.0001,0
8921,0.0001,900
8922,0.0001,900
8923,0.0001,900
8924,0.0001,300
8925,0.0001,300
8926,0.0001,700
8927,0.0001,1800
8928,0.0001,0
8929,0.0001,0
8930,0.0001,400
8931,0.0001,300
8932,0.0001,0
8933,0.0001,1200
8934,0.0001,700
8935,0.0001,740
8936,0.0001,900
8937,0.0001,3000
8938,0.0001,2100
8939,0.0001,0
8940,0.0001,400
8941,0.0001,7080
8942,0.0001,0
8943,0.0001,0
8944,0.0001,0
8945,0.0001,400
8946,0.0001,0
8947,0.0001,640
8948,0.0001,0
8949,0.0001,1200
8950,0.0001,0
8951,0.0001,1500
8952,0.0001,1200
8953,0.0001,9000
8954,0.0001,0
8955,0.0001,900
8956,0.0001,0
8957,0.0001,900
8958,0.0001,300
8959,0.0001,800
8960,0.0001,1500
8961,0.0001,400
8962,0.0001,700
8963,0.0001,0
8964,0.0001,6980
8965,0.0001,0
8966,0.0001,0
8967,0.0001,900
8968,0.0001,0
8969,0.0001,840
8970,0.0001,400
8971,0.0001,0
8972,0.0001,300
8973,0.0001,0
8974,0.0001,0
8975,0.0001,0
8976,0.0001,0
8977,0.0001,900
8978,0.0001,900
8979,0.0001,0
8980,0.0001,0
8981,0.0001,620
8982,0.0001,300
8983,0.0001,0
8984,0.0001,1500
8985,0.0001,900
8986,0.0001,900
8987,0.0001,0
8988,0.0001,1800
8989,0.0001,27420
8990,0.0001,0
8991,0.0001,20940
8992,0.0001,3550
8993,0.0001,6880
8994,0.0001,600
8995,0.0001,0
8996,0.0001,700
8997,0.0001,2800
8998,0.0001,1800
8999,0.0001,1500
9000,0.0001,900
9001,0.0001,900
9002,0.0001,900
9003,0.0001,900
9004,0.0001,0
9005,0.0001,1200
9006,0.0001,500
9007,0.0001,0
9008,0.0001,0
9009,0.0001,300
9010,0.0001,0
9011,0.0001,0
9012,0.0001,0
9013,0.0001,1200
9014,0.0001,400
9015,0.0001,0
9016,0.0001,600
9017,0.0001,0
9018,0.0001,300
9019,0.0001,0
9020,0.0001,1500
9021,0.0001,4500
9022,0.0001,1200
9023,0.0001,2100
9024,0.0001,1200
9025,0.0001,600
9026,0.0001,1650
9027,0.0001,700
9028,0.0001,0
9029,0.0001,0
9030,0.0001,600
9031,0.0001,1620
9032,0.0001,0
9033,0.0001,7080
9034,0.0001,0
9035,0.0001,0
9036,0.0001,400
9037,0.0001,500
9038,0.0001,0
9039,0.0001,300
9040,0.0001,1500
9041,0.0001,0
9042,0.0001,600
9043,0.0001,0
9044,0.0001,300
9045,0.0001,1200
9046,0.0001,0
9047,0.0001,300
9048,0.0001,0
9049,0.0001,0
9050,0.0001,750
9051,0.0001,450
9052,0.0001,0
9053,0.0001,1200
9054,0.0001,0
9055,0.0001,300
9056,0.0001,600
9057,0.0001,400
9058,0.0001,0
9059,0.0001,20880
9060,0.0001,300
9061,0.0001,600
9062,0.0001,1500
9063,0.0001,0
9064,0.0001,0
9065,0.0001,300
9066,0.0001,0
9067,0.0001,300
9068,0.0001,0
9069,0.0001,1500
9070,0.0001,0
9071,0.0001,1500
9072,0.0001,1350
9073,0.0001,500
9074,0.0001,400
9075,0.0001,450
9076,0.0001,1800
9077,0.0001,0
9078,0.0001,450
9079,0.0001,600
9080,0.0001,1200
9081,0.0001,9000
9082,0.0001,900
9083,0.0001,0
9084,0.0001,1500
9085,0.0001,1800
9086,0.0001,0
9087,0.0001,0
9088,0.0001,0
9089,0.0001,0
9090,0.0001,300
9091,0.0001,0
9092,0.0001,300
9093,0.0001,300
9094,0.0001,1200
9095,0.0001,0
9096,0.0001,7360
9097,0.0001,300
9098,0.0001,300
9099,0.0001,1200
9100,0.0001,400
9101,0.0001,2000
9102,0.0001,900
9103,0.0001,900
9104,0.0001,0
9105,0.0001,750
9106,0.0001,6980
9107,0.0001,6300
9108,0.0001,0
9109,0.0001,1200
9110,0.0001,1500
9111,0.0001,550
9112,0.0001,0
9113,0.0001,300
9114,0.0001,850
9115,0.0001,20940
9116,0.0001,0
9117,0.0001,1200
9118,0.0001,0
9119,0.0001,3000
9120,0.0001,0
9121,0.0001,1500
9122,0.0001,700
9123,0.0001,900
9124,0.0001,2190
9125,0.0001,900
9126,0.0001,20640
9127,0.0001,900
9128,0.0001,1500
9129,0.0001,0
9130,0.0001,2100
9131,0.0001,0
9132,0.0001,450
9133,0.0001,1500
9134,0.0001,0
9135,0.0001,0
9136,0.0001,900
9137,0.0001,0
9138,0.0001,300
9139,0.0001,900
9140,0.0001,900
9141,0.0001,300
9142,0.0001,2100
9143,0.0001,0
9144,0.0001,1620
9145,0.0001,0
9146,0.0001,2700
9147,0.0001,400
9148,0.0001,500
9149,0.0001,640
9150,0.0001,900
9151,0.0001,450
9152,0.0001,2100
9153,0.0001,1500
9154,0.0001,400
9155,0.0001,1500
9156,0.0001,0
9157,0.0001,1200
9158,0.0001,600
9159,0.0001,1200
9160,0.0001,0
9161,0.0001,600
9162,0.0001,0
9163,0.0001,150
9164,0.0001,2100
9165,0.0001,0
9166,0.0001,6980
9167,0.0001,0
9168,0.0001,400
9169,0.0001,0
9170,0.0001,2100
9171,0.0001,0
9172,0.0001,400
9173,0.0001,0
9174,0.0001,0
9175,0.0001,4500
9176,0.0001,0
9177,0.0001,2700
9178,0.0001,0
9179,0.0001,300
9180,0.0001,0
9181,0.0001,0
9182,0.0001,0
9183,0.0001,0
9184,0.0001,0
9185,0.0001,0
9186,0.0001,900
9187,0.0001,33900
9188,0.0001,900
9189,0.0001,300
9190,0.0001,0
9191,0.0001,900
9192,0.0001,850
9193,0.0001,900
9194,0.0001,900
9195,0.0001,0
9196,0.0001,1800
9197,0.0001,1200
9198,0.0001,0
9199,0.0001,0
9200,0.0001,1500
9201,0.0001,1350
9202,0.0001,0
9203,0.0001,1500
9204,0.0001,3750
9205,0.0001,0
9206,0.0001,400
9207,0.0001,0
9208,0.0001,300
9209,0.0001,0
9210,0.0001,0
9211,0.0001,0
9212,0.0001,7230
9213,0.0001,0
9214,0.0001,1800
9215,0.0001,0
9216,0.0001,1600
9217,0.0001,300
9218,0.0001,1200
9219,0.0001,900
9220,0.0001,0
9221,0.0001,900
9222,0.0001,0
9223,0.0001,0
9224,0.0001,650
9225,0.0001,2000
9226,0.0001,850
9227,0.0001,20940
9228,0.0001,0
9229,0.0001,7880
9230,0.0001,300
9231,0.0001,300
9232,0.0001,0
9233,0.0001,1200
9234,0.0001,900
9235,0.0001,900
9236,0.0001,0
9237,0.0001,1200
9238,0.0001,840
9239,0.0001,3540
9240,0.0001,6880
9241,0.0001,16500
9242,0.0001,0
9243,0.0001,750
9244,0.0001,900
9245,0.0001,300
9246,0.0001,0
9247,0.0001,300
9248,0.0001,300
9249,0.0001,0
9250,0.0001,400
9251,0.0001,6300
9252,0.0001,1500
9253,0.0001,1350
9254,0.0001,1950
9255,0.0001,1200
9256,0.0001,0
9257,0.0001,900
9258,0.0001,1500
9259,0.0001,20490
9260,0.0001,0
9261,0.0001,300
9262,0.0001,0
9263,0.0001,800
9264,0.0001,600
9265,0.0001,0
9266,0.0001,0
9267,0.0001,3000
9268,0.0001,0
9269,0.0001,900
9270,0.0001,550
9271,0.0001,300
9272,0.0001,700
9273,0.0001,1200
9274,0.0001,5700
9275,0.0001,1500
9276,0.0001,900
9277,0.0001,900
9278,0.0001,900
9279,0.0001,900
9280,0.0001,800
9281,0.0001,0
9282,0.0001,6300
9283,0.0001,0
9284,0.0001,400
9285,0.0001,300
9286,0.0001,20640
9287,0.0001,900
9288,0.0001,1500
9289,0.0001,0
9290,0.0001,990
9291,0.0001,0
9292,0.0001,0
9293,0.0001,20790
9294,0.0001,0
9295,0.0001,0
9296,0.0001,0
9297,0.0001,1200
9298,0.0001,20580
9299,0.0001,400
9300,0.0001,0
9301,0.0001,900
9302,0.0001,1200
9303,0.0001,0
9304,0.0001,0
9305,0.0001,400
9306,0.0001,0
9307,0.0001,0
9308,0.0001,300
9309,0.0001,0
9310,0.0001,300
9311,0.0001,1500
9312,0.0001,0
9313,0.0001,0
9314,0.0001,0
9315,0.0001,400
9316,0.0001,400
9317,0.0001,0
9318,0.0001,400
9319,0.0001,400
9320,0.0001,1500
9321,0.0001,690
9322,0.0001,1200
9323,0.0001,600
9324,0.0001,0
9325,0.0001,300
9326,0.0001,300
9327,0.0001,720
9328,0.0001,0
9329,0.0001,0
9330,0.0001,1500
9331,0.0001,0
9332,0.0001,1650
9333,0.0001,0
9334,0.0001,0
9335,0.0001,1400
9336,0.0001,300
9337,0.0001,2100
9338,0.0001,300
9339,0.0001,1300
9340,0.0001,0
9341,0.0001,3500
9342,0.0001,0
9343,0.0001,2100
9344,0.0001,0
9345,0.0001,1200
9346,0.0001,0
9347,0.0001,0
9348,0.0001,900
9349,0.0001,1200
9350,0.0001,0
9351,0.0001,0
9352,0.0001,900
9353,0.0001,1200
9354,0.0001,0
9355,0.0001,1500
9356,0.0001,1500
9357,0.0001,400
9358,0.0001,1500
9359,0.0001,900
9360,0.0001,0
9361,0.0001,0
9362,0.0001,0
9363,0.0001,0
9364,0.0001,0
9365,0.0001,300
9366,0.0001,0
9367,0.0001,1200
9368,0.0001,0
9369,0.0001,0
9370,0.0001,0
9371,0.0001,0
9372,0.0001,0
9373,0.0001,400
9374,0.0001,900
9375,0.0001,300
9376,0.0001,300
9377,0.0001,0
9378,0.0001,150
9379,0.0001,1200
9380,0.0001,7030
9381,0.0001,0
9382,0.0001,400
9383,0.0001,2000
9384,0.0001,400
9385,0.0001,400
9386,0.0001,9000
9387,0.0001,1920
9388,0.0001,400
9389,0.0001,9900
9390,0.0001,34400
9391,0.0001,1200
9392,0.0001,0
9393,0.0001,1200
9394,0.0001,300
9395,0.0001,400
9396,0.0001,900
9397,0.0001,0
9398,0.0001,1200
9399,0.0001,1650
9400,0.0001,800
9401,0.0001,900
9402,0.0001,1200
9403,0.0001,34400
9404,0.0001,900
9405,0.0001,0
9406,0.0001,27420
9407,0.0001,400
9408,0.0001,9000
9409,0.0001,2250
9410,0.0001,0
9411,0.0001,27270
9412,0.0001,0
9413,0.0001,900
9414,0.0001,20640
9415,0.0001,300
9416,0.0001,0
9417,0.0001,1500
9418,0.0001,0
9419,0.0001,1500
9420,0.0001,900
9421,0.0001,0
9422,0.0001,900
9423,0.0001,1800
9424,0.0001,300
9425,0.0001,1800
9426,0.0001,900
9427,0.0001,400
9428,0.0001,300
9429,0.0001,900
9430,0.0001,0
9431,0.0001,1620
9432,0.0001,1200
9433,0.0001,0
9434,0.0001,0
9435,0.0001,600
9436,0.0001,27120
9437,0.0001,1200
9438,0.0001,300
9439,0.0001,400
9440,0.0001,21840
9441,0.0001,0
9442,0.0001,0
9443,0.0001,0
9444,0.0001,0
9445,0.0001,700
9446,0.0001,0
9447,0.0001,850
9448,0.0001,0
9449,0.0001,400
9450,0.0001,0
9451,0.0001,0
9452,0.0001,0
9453,0.0001,1200
9454,0.0001,650
9455,0.0001,0
9456,0.0001,1590
9457,0.0001,1500
9458,0.0001,1500
9459,0.0001,700
9460,0.0001,0
9461,0.0001,300
9462,0.0001,7480
9463,0.0001,540
9464,0.0001,0
9465,0.0001,940
9466,0.0001,1500
9467,0.0001,0
9468,0.0001,0
9469,0.0001,7930
9470,0.0001,0
9471,0.0001,6880
9472,0.0001,0
9473,0.0001,1500
9474,0.0001,3400
9475,0.0001,750
9476,0.0001,900
9477,0.0001,1500
9478,0.0001,800
9479,0.0001,2000
9480,0.0001,0
9481,0.0001,300
9482,0.0001,0
9483,0.0001,0
9484,0.0001,6780
9485,0.0001,0
9486,0.0001,1500
9487,0.0001,2700
9488,0.0001,300
9489,0.0001,21480
9490,0.0001,1800
9491,0.0001,3600
9492,0.0001,900
9493,0.0001,20640
9494,0.0001,750
9495,0.0001,300
9496,0.0001,300
9497,0.0001,900
9498,0.0001,500
9499,0.0001,500
9500,0.0001,0
9501,0.0001,1500
9502,0.0001,300
9503,0.0001,1800
9504,0.0001,900
9505,0.0001,900
9506,0.0001,2700
9507,0.0001,2000
9508,0.0001,1500
9509,0.0001,1500
9510,0.0001,300
9511,0.0001,900
9512,0.0001,0
9513,0.0001,400
9514,0.0001,0
9515,0.0001,0
9516,0.0001,6780
9517,0.0001,740
9518,0.0001,300
9519,0.0001,400
9520,0.0001,1500
9521,0.0001,300
9522,0.0001,0
9523,0.0001,0
9524,0.0001,1600
9525,0.0001,0
9526,0.0001,0
9527,0.0001,20940
9528,0.0001,0
9529,0.0001,900
9530,0.0001,0
9531,0.0001,900
9532,0.0001,1200
9533,0.0001,600
9534,0.0001,34400
9535,0.0001,0
9536,0.0001,0
9537,0.0001,400
9538,0.0001,20640
9539,0.0001,900
9540,0.0001,900
9541,0.0001,300
9542,0.0001,800
9543,0.0001,300
9544,0.0001,0
9545,0.0001,300
9546,0.0001,900
9547,0.0001,600
9548,0.0001,300
9549,0.0001,300
9550,0.0001,0
9551,0.0001,0
9552,0.0001,0
9553,0.0001,0
9554,0.0001,0
9555,0.0001,400
9556,0.0001,900
9557,0.0001,0
9558,0.0001,900
9559,0.0001,1500
9560,0.0001,800
9561,0.0001,900
9562,0.0001,0
9563,0.0001,0
9564,0.0001,1200
9565,0.0001,1200
9566,0.0001,0
9567,0.0001,300
9568,0.0001,0
9569,0.0001,2100
9570,0.0001,1540
9571,0.0001,1200
9572,0.0001,2940
9573,0.0001,1500
9574,0.0001,0
9575,0.0001,0
9576,0.0001,900
9577,0.0001,700
9578,0.0001,0
9579,0.0001,500
9580,0.0001,900
9581,0.0001,1600
9582,0.0001,0
9583,0.0001,2000
9584,0.0001,300
9585,0.0001,300
9586,0.0001,400
9587,0.0001,1500
9588,0.0001,7030
9589,0.0001,20640
9590,0.0001,400
9591,0.0001,500
9592,0.0001,1200
9593,0.0001,0
9594,0.0001,0
9595,0.0001,0
9596,0.0001,500
9597,0.0001,2100
9598,0.0001,400
9599,0.0001,300
9600,0.0001,1600
9601,0.0001,600
9602,0.0001,0
9603,0.0001,0
9604,0.0001,0
9605,0.0001,850
9606,0.0001,0
9607,0.0001,1350
9608,0.0001,300
9609,0.0001,780
9610,0.0001,5400
9611,0.0001,3870
9612,0.0001,800
9613,0.0001,7030
9614,0.0001,800
9615,0.0001,300
9616,0.0001,300
9617,0.0001,900
9618,0.0001,0
9619,0.0001,300
9620,0.0001,850
9621,0.0001,850
9622,0.0001,1500
9623,0.0001,900
9624,0.0001,1500
9625,0.0001,740
9626,0.0001,400
9627,0.0001,1800
9628,0.0001,400
9629,0.0001,1800
9630,0.0001,0
9631,0.0001,1200
9632,0.0001,0
9633,0.0001,300
9634,0.0001,0
9635,0.0001,900
9636,0.0001,2100
9637,0.0001,400
9638,0.0001,0
9639,0.0001,2100
9640,0.0001,0
9641,0.0001,300
9642,0.0001,400
9643,0.0001,900
9644,0.0001,400
9645,0.0001,0
9646,0.0001,300
9647,0.0001,300
9648,0.0001,300
9649,0.0001,0
9650,0.0001,0
9651,0.0001,0
9652,0.0001,1600
9653,0.0001,300
9654,0.0001,4500
9655,0.0001,0
9656,0.0001,0
9657,0.0001,900
9658,0.0001,0
9659,0.0001,300
9660,0.0001,0
9661,0.0001,1500
9662,0.0001,600
9663,0.0001,0
9664,0.0001,0
9665,0.0001,5400
9666,0.0001,0
9667,0.0001,300
9668,0.0001,600
9669,0.0001,1200
9670,0.0001,0
9671,0.0001,600
9672,0.0001,0
9673,0.0001,500
9674,0.0001,1500
9675,0.0001,850
9676,0.0001,1200
9677,0.0001,4200
9678,0.0001,0
9679,0.0001,1200
9680,0.0001,900
9681,0.0001,900
9682,0.0001,34400
9683,0.0001,7030
9684,0.0001,0
9685,0.0001,0
9686,0.0001,700
9687,0.0001,1650
9688,0.0001,400
9689,0.0001,0
9690,0.0001,400
9691,0.0001,2520
9692,0.0001,0
9693,0.0001,2100
9694,0.0001,900
9695,0.0001,0
9696,0.0001,10200
9697,0.0001,0
9698,0.0001,2000
9699,0.0001,700
9700,0.0001,400
9701,0.0001,0
9702,0.0001,450
9703,0.0001,0
9704,0.0001,0
9705,0.0001,540
9706,0.0001,1800
9707,0.0001,0
9708,0.0001,0
9709,0.0001,0
9710,0.0001,6930
9711,0.0001,0
9712,0.0001,450
9713,0.0001,900
9714,0.0001,3600
9715,0.0001,300
9716,0.0001,940
9717,0.0001,0
9718,0.0001,0
9719,0.0001,20940
9720,0.0001,0
9721,0.0001,6980
9722,0.0001,0
9723,0.0001,0
9724,0.0001,2000
9725,0.0001,900
9726,0.0001,0
9727,0.0001,6940
9728,0.0001,300
9729,0.0001,1500
9730,0.0001,2000
9731,0.0001,10200
9732,0.0001,300
9733,0.0001,0
9734,0.0001,0
9735,0.0001,700
9736,0.0001,0
9737,0.0001,0
9738,0.0001,900
9739,0.0001,900
9740,0.0001,650
9741,0.0001,400
9742,0.0001,1500
9743,0.0001,2100
9744,0.0001,300
9745,0.0001,9900
9746,0.0001,300
9747,0.0001,900
9748,0.0001,300
9749,0.0001,600
9750,0.0001,0
9751,0.0001,0
9752,0.0001,1500
9753,0.0001,22140
9754,0.0001,0
9755,0.0001,0
9756,0.0001,0
9757,0.0001,0
9758,0.0001,0
9759,0.0001,3400
9760,0.0001,450
9761,0.0001,1500
9762,0.0001,0
9763,0.0001,9900
9764,0.0001,4500
9765,0.0001,900
9766,0.0001,400
9767,0.0001,300
9768,0.0001,0
9769,0.0001,500
9770,0.0001,900
9771,0.0001,300
9772,0.0001,900
9773,0.0001,0
9774,0.0001,1200
9775,0.0001,300
9776,0.0001,0
9777,0.0001,300
9778,0.0001,300
9779,0.0001,2250
9780,0.0001,0
9781,0.0001,0
9782,0.0001,20940
9783,0.0001,1950
9784,0.0001,900
9785,0.0001,1500
9786,0.0001,850
9787,0.0001,7080
9788,0.0001,0
9789,0.0001,0
9790,0.0001,700
9791,0.0001,400
9792,0.0001,0
9793,0.0001,27420
9794,0.0001,300
9795,0.0001,900
9796,0.0001,7960
9797,0.0001,1600
9798,0.0001,5700
9799,0.0001,300
9800,0.0001,900
9801,0.0001,2000
9802,0.0001,0
9803,0.0001,1800
9804,0.0001,900
9805,0.0001,2100
9806,0.0001,0
9807,0.0001,0
9808,0.0001,0
9809,0.0001,0
9810,0.0001,600
9811,0.0001,10800
9812,0.0001,12900
9813,0.0001,6980
9814,0.0001,0
9815,0.0001,7380
9816,0.0001,1200
9817,0.0001,0
9818,0.0001,3400
9819,0.0001,900
9820,0.0001,0
9821,0.0001,500
9822,0.0001,900
9823,0.0001,900
9824,0.0001,400
9825,0.0001,1200
9826,0.0001,7060
9827,0.0001,900
9828,0.0001,2100
9829,0.0001,0
9830,0.0001,0
9831,0.0001,300
9832,0.0001,900
9833,0.0001,0
9834,0.0001,0
9835,0.0001,450
9836,0.0001,1200
9837,0.0001,1200
9838,0.0001,10200
9839,0.0001,0
9840,0.0001,0
9841,0.0001,400
9842,0.0001,900
9843,0.0001,640
9844,0.0001,9240
9845,0.0001,900
9846,0.0001,150
9847,0.0001,400
9848,0.0001,300
9849,0.0001,300
9850,0.0001,900
9851,0.0001,0
9852,0.0001,0
9853,0.0001,0
9854,0.0001,3600
9855,0.0001,0
9856,0.0001,1500
9857,0.0001,800
9858,0.0001,20640
9859,0.0001,1350
9860,0.0001,0
9861,0.0001,600
9862,0.0001,0
9863,0.0001,9900
9864,0.0001,2250
9865,0.0001,800
9866,0.0001,900
9867,0.0001,1500
9868,0.0001,900
9869,0.0001,0
9870,0.0001,900
9871,0.0001,400
9872,0.0001,300
9873,0.0001,840
9874,0.0001,0
9875,0.0001,0
9876,0.0001,20940
9877,0.0001,300
9878,0.0001,0
9879,0.0001,0
9880,0.0001,400
9881,0.0001,0
9882,0.0001,300
9883,0.0001,0
9884,0.0001,300
9885,0.0001,0
9886,0.0001,1500
9887,0.0001,0
9888,0.0001,1350
9889,0.0001,1800
9890,0.0001,900
9891,0.0001,4500
9892,0.0001,0
9893,0.0001,0
9894,0.0001,1500
9895,0.0001,300
9896,0.0001,900
9897,0.0001,300
9898,0.0001,0
9899,0.0001,1200
9900,0.0001,0
9901,0.0001,750
9902,0.0001,2000
9903,0.0001,2200
9904,0.0001,2250
9905,0.0001,0
9906,0.0001,300
9907,0.0001,1500
9908,0.0001,900
9909,0.0001,20940
9910,0.0001,900
9911,0.0001,400
9912,0.0001,0
9913,0.0001,0
9914,0.0001,0
9915,0.0001,0
9916,0.0001,600
9917,0.0001,2250
9918,0.0001,900
9919,0.0001,2400
9920,0.0001,500
9921,0.0001,2300
9922,0.0001,900
9923,0.0001,600
9924,0.0001,0
9925,0.0001,0
9926,0.0001,300
9927,0.0001,2100
9928,0.0001,0
9929,0.0001,0
9930,0.0001,1800
9931,0.0001,0
9932,0.0001,300
9933,0.0001,650
9934,0.0001,0
9935,0.0001,0
9936,0.0001,0
9937,0.0001,300
9938,0.0001,5850
9939,0.0001,300
9940,0.0001,1350
9941,0.0001,400
9942,0.0001,300
9943,0.0001,900
9944,0.0001,0
9945,0.0001,1800
9946,0.0001,0
9947,0.0001,0
9948,0.0001,0
9949,0.0001,400
9950,0.0001,3150
9951,0.0001,1500
9952,0.0001,1800
9953,0.0001,0
9954,0.0001,600
9955,0.0001,300
9956,0.0001,300
9957,0.0001,900
9958,0.0001,0
9959,0.0001,0
9960,0.0001,400
9961,0.0001,1500
9962,0.0001,850
9963,0.0001,2100
9964,0.0001,0
9965,0.0001,540
9966,0.0001,300
9967,0.0001,600
9968,0.0001,1200
9969,0.0001,1200
9970,0.0001,0
9971,0.0001,900
9972,0.0001,720
9973,0.0001,9720
9974,0.0001,0
9975,0.0001,1500
9976,0.0001,20640
9977,0.0001,500
9978,0.0001,300
9979,0.0001,0
9980,0.0001,1500
9981,0.0001,700
9982,0.0001,0
9983,0.0001,20940
9984,0.0001,0
9985,0.0001,0
9986,0.0001,450
9987,0.0001,0
9988,0.0001,900
9989,0.0001,6960
9990,0.0001,0
9991,0.0001,1200
9992,0.0001,300
9993,0.0001,0
9994,0.0001,0
9995,0.0001,900
9996,0.0001,850
9997,0.0001,0
9998,0.0001,1350
9999,0.0001,0
