simulation_id,probability,payoutMultiplier
0,0.0001,1320
1,0.0001,262
2,0.0001,116
3,0.0001,108
4,0.0001,1642
5,0.0001,1033
6,0.0001,108
7,0.0001,853
8,0.0001,47
9,0.0001,154
10,0.0001,126
11,0.0001,1593
12,0.0001,227
13,0.0001,1095
14,0.0001,0
15,0.0001,782
16,0.0001,2248
17,0.0001,2583
18,0.0001,1494
19,0.0001,93
20,0.0001,858
21,0.0001,185
22,0.0001,191
23,0.0001,758
24,0.0001,171
25,0.0001,2437
26,0.0001,804
27,0.0001,2456
28,0.0001,108
29,0.0001,4326
30,0.0001,62
31,0.0001,0
32,0.0001,3064
33,0.0001,93
34,0.0001,614
35,0.0001,117
36,0.0001,31
37,0.0001,162
38,0.0001,123
39,0.0001,247
40,0.0001,4576
41,0.0001,619
42,0.0001,0
43,0.0001,94
44,0.0001,903
45,0.0001,697
46,0.0001,1166
47,0.0001,2158
48,0.0001,46
49,0.0001,928
50,0.0001,101
51,0.0001,103
52,0.0001,1197
53,0.0001,1672
54,0.0001,241
55,0.0001,62
56,0.0001,171
57,0.0001,85
58,0.0001,92
59,0.0001,768
60,0.0001,795
61,0.0001,2195
62,0.0001,930
63,0.0001,824
64,0.0001,1447
65,0.0001,102
66,0.0001,722
67,0.0001,950
68,0.0001,123
69,0.0001,1773
70,0.0001,1223
71,0.0001,16
72,0.0001,1204
73,0.0001,195
74,0.0001,1254
75,0.0001,753
76,0.0001,63
77,0.0001,2305
78,0.0001,70
79,0.0001,170
80,0.0001,845
81,0.0001,78
82,0.0001,963
83,0.0001,770
84,0.0001,196
85,0.0001,706
86,0.0001,864
87,0.0001,770
88,0.0001,3374
89,0.0001,31
90,0.0001,807
91,0.0001,819
92,0.0001,62
93,0.0001,123
94,0.0001,83
95,0.0001,62
96,0.0001,154
97,0.0001,126
98,0.0001,3247
99,0.0001,798
100,0.0001,616
101,0.0001,62
102,0.0001,2444
103,0.0001,93
104,0.0001,123
105,0.0001,31
106,0.0001,917
107,0.0001,46
108,0.0001,31
109,0.0001,124
110,0.0001,1060
111,0.0001,92
112,0.0001,252
113,0.0001,1567
114,0.0001,105
115,0.0001,707
116,0.0001,206
117,0.0001,715
118,0.0001,684
119,0.0001,283
120,0.0001,1842
121,0.0001,676
122,0.0001,1151
123,0.0001,310
124,0.0001,78
125,0.0001,207
126,0.0001,123
127,0.0001,218
128,0.0001,889
129,0.0001,139
130,0.0001,116
131,0.0001,31
132,0.0001,1449
133,0.0001,201
134,0.0001,112
135,0.0001,1721
136,0.0001,1922
137,0.0001,0
138,0.0001,748
139,0.0001,954
140,0.0001,108
141,0.0001,123
142,0.0001,1603
143,0.0001,108
144,0.0001,62
145,0.0001,817
146,0.0001,907
147,0.0001,809
148,0.0001,1834
149,0.0001,947
150,0.0001,47
151,0.0001,1603
152,0.0001,21
153,0.0001,62
154,0.0001,193
155,0.0001,162
156,0.0001,1239
157,0.0001,2356
158,0.0001,171
159,0.0001,109
160,0.0001,31
161,0.0001,183
162,0.0001,1608
163,0.0001,951
164,0.0001,854
165,0.0001,190
166,0.0001,78
167,0.0001,108
168,0.0001,62
169,0.0001,32
170,0.0001,140
171,0.0001,47
172,0.0001,2220
173,0.0001,62
174,0.0001,3455
175,0.0001,140
176,0.0001,822
177,0.0001,1759
178,0.0001,1948
179,0.0001,1724
180,0.0001,145
181,0.0001,0
182,0.0001,4010
183,0.0001,140
184,0.0001,2337
185,0.0001,2406
186,0.0001,94
187,0.0001,276
188,0.0001,0
189,0.0001,635
190,0.0001,0
191,0.0001,1229
192,0.0001,47
193,0.0001,1417
194,0.0001,47
195,0.0001,1600
196,0.0001,839
197,0.0001,108
198,0.0001,799
199,0.0001,63
200,0.0001,284
201,0.0001,949
202,0.0001,801
203,0.0001,860
204,0.0001,23
205,0.0001,262
206,0.0001,0
207,0.0001,280
208,0.0001,63
209,0.0001,1743
210,0.0001,135
211,0.0001,177
212,0.0001,1015
213,0.0001,841
214,0.0001,103
215,0.0001,93
216,0.0001,100
217,0.0001,46
218,0.0001,88
219,0.0001,94
220,0.0001,5934
221,0.0001,1421
222,0.0001,3945
223,0.0001,655
224,0.0001,204
225,0.0001,139
226,0.0001,234
227,0.0001,735
228,0.0001,47
229,0.0001,125
230,0.0001,269
231,0.0001,876
232,0.0001,643
233,0.0001,231
234,0.0001,1701
235,0.0001,64
236,0.0001,879
237,0.0001,94
238,0.0001,208
239,0.0001,1462
240,0.0001,99
241,0.0001,3199
242,0.0001,735
243,0.0001,47
244,0.0001,3788
245,0.0001,108
246,0.0001,674
247,0.0001,858
248,0.0001,77
249,0.0001,1531
250,0.0001,925
251,0.0001,85
252,0.0001,824
253,0.0001,674
254,0.0001,1659
255,0.0001,299
256,0.0001,1731
257,0.0001,108
258,0.0001,1608
259,0.0001,2165
260,0.0001,894
261,0.0001,39
262,0.0001,240
263,0.0001,2397
264,0.0001,46
265,0.0001,108
266,0.0001,185
267,0.0001,814
268,0.0001,863
269,0.0001,3930
270,0.0001,1050
271,0.0001,1024
272,0.0001,124
273,0.0001,728
274,0.0001,761
275,0.0001,1591
276,0.0001,3976
277,0.0001,1445
278,0.0001,742
279,0.0001,1731
280,0.0001,42
281,0.0001,0
282,0.0001,125
283,0.0001,155
284,0.0001,950
285,0.0001,31
286,0.0001,1479
287,0.0001,1716
288,0.0001,735
289,0.0001,780
290,0.0001,616
291,0.0001,832
292,0.0001,739
293,0.0001,926
294,0.0001,104
295,0.0001,99
296,0.0001,0
297,0.0001,82
298,0.0001,114
299,0.0001,124
300,0.0001,172
301,0.0001,0
302,0.0001,1598
303,0.0001,0
304,0.0001,108
305,0.0001,72
306,0.0001,0
307,0.0001,959
308,0.0001,910
309,0.0001,2254
310,0.0001,93
311,0.0001,62
312,0.0001,62
313,0.0001,154
314,0.0001,175
315,0.0001,1580
316,0.0001,0
317,0.0001,3142
318,0.0001,0
319,0.0001,689
320,0.0001,2116
321,0.0001,2578
322,0.0001,0
323,0.0001,1574
324,0.0001,176
325,0.0001,62
326,0.0001,171
327,0.0001,47
328,0.0001,121
329,0.0001,676
330,0.0001,62
331,0.0001,1575
332,0.0001,4096
333,0.0001,46
334,0.0001,31
335,0.0001,1565
336,0.0001,170
337,0.0001,867
338,0.0001,3844
339,0.0001,1481
340,0.0001,965
341,0.0001,140
342,0.0001,724
343,0.0001,16
344,0.0001,124
345,0.0001,830
346,0.0001,1539
347,0.0001,260
348,0.0001,139
349,0.0001,124
350,0.0001,3199
351,0.0001,760
352,0.0001,124
353,0.0001,2322
354,0.0001,2256
355,0.0001,770
356,0.0001,2333
357,0.0001,843
358,0.0001,108
359,0.0001,116
360,0.0001,316
361,0.0001,707
362,0.0001,782
363,0.0001,1082
364,0.0001,786
365,0.0001,46
366,0.0001,210
367,0.0001,208
368,0.0001,885
369,0.0001,86
370,0.0001,166
371,0.0001,973
372,0.0001,1058
373,0.0001,866
374,0.0001,100
375,0.0001,145
376,0.0001,2227
377,0.0001,16
378,0.0001,240
379,0.0001,62
380,0.0001,154
381,0.0001,835
382,0.0001,924
383,0.0001,148
384,0.0001,3170
385,0.0001,3178
386,0.0001,154
387,0.0001,125
388,0.0001,0
389,0.0001,183
390,0.0001,830
391,0.0001,31
392,0.0001,733
393,0.0001,1726
394,0.0001,116
395,0.0001,200
396,0.0001,31
397,0.0001,39
398,0.0001,898
399,0.0001,131
400,0.0001,653
401,0.0001,287
402,0.0001,92
403,0.0001,1393
404,0.0001,78
405,0.0001,616
406,0.0001,62
407,0.0001,1275
408,0.0001,62
409,0.0001,3188
410,0.0001,16
411,0.0001,262
412,0.0001,108
413,0.0001,0
414,0.0001,31
415,0.0001,1220
416,0.0001,62
417,0.0001,225
418,0.0001,129
419,0.0001,41
420,0.0001,1004
421,0.0001,31
422,0.0001,853
423,0.0001,239
424,0.0001,109
425,0.0001,833
426,0.0001,255
427,0.0001,0
428,0.0001,93
429,0.0001,335
430,0.0001,891
431,0.0001,680
432,0.0001,147
433,0.0001,837
434,0.0001,966
435,0.0001,726
436,0.0001,799
437,0.0001,285
438,0.0001,1575
439,0.0001,192
440,0.0001,65
441,0.0001,795
442,0.0001,77
443,0.0001,46
444,0.0001,144
445,0.0001,1003
446,0.0001,797
447,0.0001,139
448,0.0001,1326
449,0.0001,93
450,0.0001,140
451,0.0001,907
452,0.0001,850
453,0.0001,910
454,0.0001,193
455,0.0001,750
456,0.0001,1622
457,0.0001,915
458,0.0001,193
459,0.0001,154
460,0.0001,876
461,0.0001,848
462,0.0001,0
463,0.0001,124
464,0.0001,933
465,0.0001,0
466,0.0001,809
467,0.0001,92
468,0.0001,876
469,0.0001,132
470,0.0001,912
471,0.0001,92
472,0.0001,16
473,0.0001,116
474,0.0001,132
475,0.0001,0
476,0.0001,82
477,0.0001,82
478,0.0001,135
479,0.0001,739
480,0.0001,62
481,0.0001,129
482,0.0001,916
483,0.0001,678
484,0.0001,858
485,0.0001,773
486,0.0001,209
487,0.0001,109
488,0.0001,62
489,0.0001,645
490,0.0001,674
491,0.0001,3452
492,0.0001,1368
493,0.0001,1522
494,0.0001,148
495,0.0001,822
496,0.0001,962
497,0.0001,1729
498,0.0001,1519
499,0.0001,242
500,0.0001,955
501,0.0001,185
502,0.0001,175
503,0.0001,2432
504,0.0001,854
505,0.0001,85
506,0.0001,283
507,0.0001,872
508,0.0001,93
509,0.0001,82
510,0.0001,1739
511,0.0001,170
512,0.0001,763
513,0.0001,926
514,0.0001,776
515,0.0001,861
516,0.0001,863
517,0.0001,1329
518,0.0001,46
519,0.0001,46
520,0.0001,117
521,0.0001,2302
522,0.0001,123
523,0.0001,294
524,0.0001,99
525,0.0001,0
526,0.0001,109
527,0.0001,2366
528,0.0001,124
529,0.0001,147
530,0.0001,3416
531,0.0001,1454
532,0.0001,956
533,0.0001,714
534,0.0001,3288
535,0.0001,742
536,0.0001,876
537,0.0001,837
538,0.0001,31
539,0.0001,832
540,0.0001,116
541,0.0001,1636
542,0.0001,832
543,0.0001,139
544,0.0001,706
545,0.0001,101
546,0.0001,3965
547,0.0001,124
548,0.0001,979
549,0.0001,805
550,0.0001,155
551,0.0001,108
552,0.0001,190
553,0.0001,144
554,0.0001,1853
555,0.0001,1821
556,0.0001,0
557,0.0001,735
558,0.0001,31
559,0.0001,108
560,0.0001,869
561,0.0001,818
562,0.0001,1741
563,0.0001,938
564,0.0001,41
565,0.0001,1529
566,0.0001,116
567,0.0001,123
568,0.0001,93
569,0.0001,212
570,0.0001,614
571,0.0001,1792
572,0.0001,1607
573,0.0001,805
574,0.0001,192
575,0.0001,47
576,0.0001,54
577,0.0001,170
578,0.0001,189
579,0.0001,1619
580,0.0001,31
581,0.0001,0
582,0.0001,782
583,0.0001,684
584,0.0001,1731
585,0.0001,2564
586,0.0001,1442
587,0.0001,145
588,0.0001,93
589,0.0001,1526
590,0.0001,46
591,0.0001,218
592,0.0001,1421
593,0.0001,232
594,0.0001,968
595,0.0001,62
596,0.0001,62
597,0.0001,768
598,0.0001,970
599,0.0001,31
600,0.0001,85
601,0.0001,704
602,0.0001,707
603,0.0001,123
604,0.0001,62
605,0.0001,4194
606,0.0001,1434
607,0.0001,3365
608,0.0001,109
609,0.0001,845
610,0.0001,62
611,0.0001,2421
612,0.0001,909
613,0.0001,88
614,0.0001,85
615,0.0001,832
616,0.0001,0
617,0.0001,843
618,0.0001,210
619,0.0001,216
620,0.0001,1845
621,0.0001,1777
622,0.0001,108
623,0.0001,31
624,0.0001,3069
625,0.0001,0
626,0.0001,1788
627,0.0001,63
628,0.0001,845
629,0.0001,904
630,0.0001,62
631,0.0001,244
632,0.0001,1457
633,0.0001,154
634,0.0001,902
635,0.0001,1526
636,0.0001,62
637,0.0001,54
638,0.0001,1929
639,0.0001,1781
640,0.0001,46
641,0.0001,1170
642,0.0001,635
643,0.0001,1209
644,0.0001,144
645,0.0001,226
646,0.0001,897
647,0.0001,31
648,0.0001,224
649,0.0001,62
650,0.0001,819
651,0.0001,3814
652,0.0001,47
653,0.0001,146
654,0.0001,0
655,0.0001,62
656,0.0001,892
657,0.0001,907
658,0.0001,79
659,0.0001,46
660,0.0001,969
661,0.0001,123
662,0.0001,77
663,0.0001,123
664,0.0001,62
665,0.0001,93
666,0.0001,187
667,0.0001,959
668,0.0001,92
669,0.0001,32
670,0.0001,246
671,0.0001,848
672,0.0001,77
673,0.0001,2466
674,0.0001,868
675,0.0001,3480
676,0.0001,337
677,0.0001,923
678,0.0001,0
679,0.0001,54
680,0.0001,799
681,0.0001,838
682,0.0001,787
683,0.0001,1171
684,0.0001,3534
685,0.0001,47
686,0.0001,922
687,0.0001,830
688,0.0001,186
689,0.0001,689
690,0.0001,113
691,0.0001,201
692,0.0001,31
693,0.0001,131
694,0.0001,124
695,0.0001,917
696,0.0001,239
697,0.0001,62
698,0.0001,62
699,0.0001,3599
700,0.0001,0
701,0.0001,16
702,0.0001,108
703,0.0001,1757
704,0.0001,900
705,0.0001,793
706,0.0001,955
707,0.0001,881
708,0.0001,185
709,0.0001,1429
710,0.0001,866
711,0.0001,303
712,0.0001,0
713,0.0001,622
714,0.0001,46
715,0.0001,1638
716,0.0001,850
717,0.0001,23
718,0.0001,16
719,0.0001,1903
720,0.0001,2590
721,0.0001,1677
722,0.0001,116
723,0.0001,939
724,0.0001,3592
725,0.0001,146
726,0.0001,851
727,0.0001,662
728,0.0001,109
729,0.0001,704
730,0.0001,284
731,0.0001,306
732,0.0001,16
733,0.0001,193
734,0.0001,1692
735,0.0001,1457
736,0.0001,805
737,0.0001,83
738,0.0001,62
739,0.0001,192
740,0.0001,62
741,0.0001,77
742,0.0001,4810
743,0.0001,31
744,0.0001,5930
745,0.0001,1027
746,0.0001,0
747,0.0001,124
748,0.0001,186
749,0.0001,171
750,0.0001,962
751,0.0001,62
752,0.0001,170
753,0.0001,47
754,0.0001,68
755,0.0001,149
756,0.0001,4082
757,0.0001,942
758,0.0001,96
759,0.0001,23
760,0.0001,154
761,0.0001,219
762,0.0001,645
763,0.0001,46
764,0.0001,201
765,0.0001,3340
766,0.0001,797
767,0.0001,248
768,0.0001,70
769,0.0001,93
770,0.0001,129
771,0.0001,114
772,0.0001,132
773,0.0001,764
774,0.0001,23
775,0.0001,23
776,0.0001,47
777,0.0001,62
778,0.0001,1658
779,0.0001,62
780,0.0001,947
781,0.0001,57
782,0.0001,203
783,0.0001,705
784,0.0001,62
785,0.0001,171
786,0.0001,123
787,0.0001,807
788,0.0001,756
789,0.0001,782
790,0.0001,876
791,0.0001,70
792,0.0001,1157
793,0.0001,130
794,0.0001,229
795,0.0001,70
796,0.0001,124
797,0.0001,47
798,0.0001,4175
799,0.0001,108
800,0.0001,93
801,0.0001,1229
802,0.0001,780
803,0.0001,2394
804,0.0001,54
805,0.0001,154
806,0.0001,886
807,0.0001,711
808,0.0001,185
809,0.0001,2412
810,0.0001,62
811,0.0001,799
812,0.0001,741
813,0.0001,1651
814,0.0001,1030
815,0.0001,249
816,0.0001,1454
817,0.0001,674
818,0.0001,961
819,0.0001,1176
820,0.0001,46
821,0.0001,824
822,0.0001,77
823,0.0001,70
824,0.0001,108
825,0.0001,1392
826,0.0001,110
827,0.0001,3080
828,0.0001,169
829,0.0001,809
830,0.0001,249
831,0.0001,47
832,0.0001,202
833,0.0001,693
834,0.0001,242
835,0.0001,1636
836,0.0001,179
837,0.0001,100
838,0.0001,185
839,0.0001,190
840,0.0001,798
841,0.0001,1552
842,0.0001,863
843,0.0001,131
844,0.0001,62
845,0.0001,23
846,0.0001,922
847,0.0001,123
848,0.0001,62
849,0.0001,685
850,0.0001,62
851,0.0001,1009
852,0.0001,803
853,0.0001,31
854,0.0001,251
855,0.0001,93
856,0.0001,1659
857,0.0001,886
858,0.0001,3310
859,0.0001,141
860,0.0001,93
861,0.0001,93
862,0.0001,975
863,0.0001,124
864,0.0001,744
865,0.0001,100
866,0.0001,1594
867,0.0001,164
868,0.0001,124
869,0.0001,209
870,0.0001,54
871,0.0001,3203
872,0.0001,3974
873,0.0001,732
874,0.0001,156
875,0.0001,93
876,0.0001,194
877,0.0001,16
878,0.0001,23
879,0.0001,694
880,0.0001,62
881,0.0001,863
882,0.0001,1015
883,0.0001,2484
884,0.0001,1151
885,0.0001,1745
886,0.0001,193
887,0.0001,0
888,0.0001,108
889,0.0001,1582
890,0.0001,1889
891,0.0001,93
892,0.0001,82
893,0.0001,149
894,0.0001,841
895,0.0001,674
896,0.0001,86
897,0.0001,77
898,0.0001,4683
899,0.0001,791
900,0.0001,676
901,0.0001,162
902,0.0001,0
903,0.0001,62
904,0.0001,930
905,0.0001,674
906,0.0001,1605
907,0.0001,1130
908,0.0001,171
909,0.0001,94
910,0.0001,23
911,0.0001,822
912,0.0001,3132
913,0.0001,1618
914,0.0001,181
915,0.0001,54
916,0.0001,930
917,0.0001,1670
918,0.0001,77
919,0.0001,1617
920,0.0001,0
921,0.0001,879
922,0.0001,93
923,0.0001,155
924,0.0001,830
925,0.0001,46
926,0.0001,62
927,0.0001,1581
928,0.0001,293
929,0.0001,200
930,0.0001,1274
931,0.0001,109
932,0.0001,226
933,0.0001,697
934,0.0001,171
935,0.0001,109
936,0.0001,62
937,0.0001,2284
938,0.0001,976
939,0.0001,46
940,0.0001,92
941,0.0001,953
942,0.0001,86
943,0.0001,270
944,0.0001,3235
945,0.0001,226
946,0.0001,768
947,0.0001,108
948,0.0001,2279
949,0.0001,78
950,0.0001,0
951,0.0001,773
952,0.0001,46
953,0.0001,175
954,0.0001,39
955,0.0001,198
956,0.0001,804
957,0.0001,3021
958,0.0001,139
959,0.0001,129
960,0.0001,2461
961,0.0001,1601
962,0.0001,110
963,0.0001,185
964,0.0001,62
965,0.0001,47
966,0.0001,1370
967,0.0001,833
968,0.0001,1477
969,0.0001,1015
970,0.0001,809
971,0.0001,62
972,0.0001,139
973,0.0001,830
974,0.0001,0
975,0.0001,82
976,0.0001,262
977,0.0001,1203
978,0.0001,868
979,0.0001,332
980,0.0001,108
981,0.0001,271
982,0.0001,62
983,0.0001,108
984,0.0001,169
985,0.0001,31
986,0.0001,276
987,0.0001,628
988,0.0001,751
989,0.0001,201
990,0.0001,163
991,0.0001,148
992,0.0001,108
993,0.0001,0
994,0.0001,94
995,0.0001,0
996,0.0001,124
997,0.0001,108
998,0.0001,1562
999,0.0001,1798
1000,0.0001,124
1001,0.0001,31
1002,0.0001,23
1003,0.0001,140
1004,0.0001,93
1005,0.0001,777
1006,0.0001,0
1007,0.0001,171
1008,0.0001,2640
1009,0.0001,1681
1010,0.0001,31
1011,0.0001,46
1012,0.0001,1589
1013,0.0001,31
1014,0.0001,124
1015,0.0001,63
1016,0.0001,3148
1017,0.0001,103
1018,0.0001,162
1019,0.0001,152
1020,0.0001,861
1021,0.0001,202
1022,0.0001,4241
1023,0.0001,200
1024,0.0001,728
1025,0.0001,936
1026,0.0001,46
1027,0.0001,3269
1028,0.0001,1869
1029,0.0001,3501
1030,0.0001,124
1031,0.0001,4152
1032,0.0001,3201
1033,0.0001,92
1034,0.0001,819
1035,0.0001,155
1036,0.0001,1101
1037,0.0001,1146
1038,0.0001,186
1039,0.0001,880
1040,0.0001,62
1041,0.0001,1587
1042,0.0001,172
1043,0.0001,738
1044,0.0001,154
1045,0.0001,62
1046,0.0001,925
1047,0.0001,1754
1048,0.0001,1355
1049,0.0001,69
1050,0.0001,113
1051,0.0001,67
1052,0.0001,201
1053,0.0001,78
1054,0.0001,3890
1055,0.0001,139
1056,0.0001,209
1057,0.0001,32
1058,0.0001,1683
1059,0.0001,31
1060,0.0001,62
1061,0.0001,845
1062,0.0001,929
1063,0.0001,3220
1064,0.0001,815
1065,0.0001,1613
1066,0.0001,189
1067,0.0001,830
1068,0.0001,971
1069,0.0001,1203
1070,0.0001,1644
1071,0.0001,295
1072,0.0001,886
1073,0.0001,145
1074,0.0001,77
1075,0.0001,108
1076,0.0001,109
1077,0.0001,108
1078,0.0001,16
1079,0.0001,612
1080,0.0001,31
1081,0.0001,1653
1082,0.0001,62
1083,0.0001,864
1084,0.0001,2451
1085,0.0001,62
1086,0.0001,262
1087,0.0001,124
1088,0.0001,722
1089,0.0001,131
1090,0.0001,203
1091,0.0001,1565
1092,0.0001,0
1093,0.0001,78
1094,0.0001,62
1095,0.0001,191
1096,0.0001,953
1097,0.0001,147
1098,0.0001,77
1099,0.0001,3977
1100,0.0001,70
1101,0.0001,1163
1102,0.0001,902
1103,0.0001,869
1104,0.0001,108
1105,0.0001,879
1106,0.0001,91
1107,0.0001,109
1108,0.0001,306
1109,0.0001,247
1110,0.0001,162
1111,0.0001,925
1112,0.0001,935
1113,0.0001,175
1114,0.0001,837
1115,0.0001,155
1116,0.0001,3509
1117,0.0001,2225
1118,0.0001,216
1119,0.0001,219
1120,0.0001,62
1121,0.0001,98
1122,0.0001,111
1123,0.0001,31
1124,0.0001,23
1125,0.0001,232
1126,0.0001,41
1127,0.0001,171
1128,0.0001,829
1129,0.0001,822
1130,0.0001,1513
1131,0.0001,1592
1132,0.0001,785
1133,0.0001,818
1134,0.0001,1137
1135,0.0001,195
1136,0.0001,2433
1137,0.0001,116
1138,0.0001,1128
1139,0.0001,755
1140,0.0001,225
1141,0.0001,1010
1142,0.0001,1946
1143,0.0001,658
1144,0.0001,0
1145,0.0001,797
1146,0.0001,109
1147,0.0001,77
1148,0.0001,31
1149,0.0001,31
1150,0.0001,92
1151,0.0001,699
1152,0.0001,125
1153,0.0001,1035
1154,0.0001,2221
1155,0.0001,1707
1156,0.0001,252
1157,0.0001,124
1158,0.0001,77
1159,0.0001,1655
1160,0.0001,203
1161,0.0001,16
1162,0.0001,1484
1163,0.0001,145
1164,0.0001,0
1165,0.0001,0
1166,0.0001,738
1167,0.0001,178
1168,0.0001,269
1169,0.0001,1550
1170,0.0001,21
1171,0.0001,93
1172,0.0001,833
1173,0.0001,78
1174,0.0001,70
1175,0.0001,1479
1176,0.0001,62
1177,0.0001,901
1178,0.0001,163
1179,0.0001,1557
1180,0.0001,69
1181,0.0001,783
1182,0.0001,979
1183,0.0001,108
1184,0.0001,23
1185,0.0001,78
1186,0.0001,862
1187,0.0001,3239
1188,0.0001,124
1189,0.0001,979
1190,0.0001,3129
1191,0.0001,907
1192,0.0001,147
1193,0.0001,1541
1194,0.0001,771
1195,0.0001,77
1196,0.0001,738
1197,0.0001,1602
1198,0.0001,93
1199,0.0001,93
1200,0.0001,1562
1201,0.0001,108
1202,0.0001,85
1203,0.0001,171
1204,0.0001,857
1205,0.0001,2964
1206,0.0001,139
1207,0.0001,260
1208,0.0001,41
1209,0.0001,689
1210,0.0001,1466
1211,0.0001,3149
1212,0.0001,2973
1213,0.0001,832
1214,0.0001,899
1215,0.0001,830
1216,0.0001,118
1217,0.0001,85
1218,0.0001,62
1219,0.0001,234
1220,0.0001,62
1221,0.0001,1508
1222,0.0001,93
1223,0.0001,828
1224,0.0001,124
1225,0.0001,77
1226,0.0001,647
1227,0.0001,163
1228,0.0001,840
1229,0.0001,347
1230,0.0001,117
1231,0.0001,958
1232,0.0001,180
1233,0.0001,637
1234,0.0001,618
1235,0.0001,755
1236,0.0001,155
1237,0.0001,62
1238,0.0001,3289
1239,0.0001,8263
1240,0.0001,205
1241,0.0001,0
1242,0.0001,154
1243,0.0001,300
1244,0.0001,1104
1245,0.0001,1089
1246,0.0001,109
1247,0.0001,722
1248,0.0001,255
1249,0.0001,1447
1250,0.0001,961
1251,0.0001,16
1252,0.0001,1471
1253,0.0001,31
1254,0.0001,832
1255,0.0001,31
1256,0.0001,722
1257,0.0001,77
1258,0.0001,847
1259,0.0001,136
1260,0.0001,165
1261,0.0001,62
1262,0.0001,1118
1263,0.0001,2505
1264,0.0001,817
1265,0.0001,0
1266,0.0001,876
1267,0.0001,155
1268,0.0001,248
1269,0.0001,160
1270,0.0001,1942
1271,0.0001,310
1272,0.0001,62
1273,0.0001,170
1274,0.0001,332
1275,0.0001,78
1276,0.0001,85
1277,0.0001,1009
1278,0.0001,16
1279,0.0001,1741
1280,0.0001,1400
1281,0.0001,1151
1282,0.0001,78
1283,0.0001,830
1284,0.0001,190
1285,0.0001,4118
1286,0.0001,139
1287,0.0001,3679
1288,0.0001,1428
1289,0.0001,67
1290,0.0001,85
1291,0.0001,1171
1292,0.0001,48
1293,0.0001,0
1294,0.0001,770
1295,0.0001,174
1296,0.0001,154
1297,0.0001,1827
1298,0.0001,31
1299,0.0001,1667
1300,0.0001,1704
1301,0.0001,196
1302,0.0001,84
1303,0.0001,47
1304,0.0001,878
1305,0.0001,810
1306,0.0001,185
1307,0.0001,0
1308,0.0001,109
1309,0.0001,950
1310,0.0001,194
1311,0.0001,908
1312,0.0001,62
1313,0.0001,108
1314,0.0001,69
1315,0.0001,165
1316,0.0001,1543
1317,0.0001,3544
1318,0.0001,123
1319,0.0001,856
1320,0.0001,1233
1321,0.0001,985
1322,0.0001,2485
1323,0.0001,924
1324,0.0001,69
1325,0.0001,185
1326,0.0001,1147
1327,0.0001,109
1328,0.0001,327
1329,0.0001,31
1330,0.0001,1054
1331,0.0001,731
1332,0.0001,141
1333,0.0001,801
1334,0.0001,1550
1335,0.0001,154
1336,0.0001,628
1337,0.0001,714
1338,0.0001,873
1339,0.0001,159
1340,0.0001,1143
1341,0.0001,46
1342,0.0001,0
1343,0.0001,62
1344,0.0001,139
1345,0.0001,172
1346,0.0001,707
1347,0.0001,3243
1348,0.0001,904
1349,0.0001,178
1350,0.0001,175
1351,0.0001,47
1352,0.0001,62
1353,0.0001,85
1354,0.0001,46
1355,0.0001,1627
1356,0.0001,4279
1357,0.0001,116
1358,0.0001,775
1359,0.0001,124
1360,0.0001,737
1361,0.0001,782
1362,0.0001,616
1363,0.0001,202
1364,0.0001,93
1365,0.0001,139
1366,0.0001,836
1367,0.0001,1686
1368,0.0001,1502
1369,0.0001,200
1370,0.0001,175
1371,0.0001,31
1372,0.0001,2669
1373,0.0001,1473
1374,0.0001,1408
1375,0.0001,2157
1376,0.0001,811
1377,0.0001,2467
1378,0.0001,186
1379,0.0001,154
1380,0.0001,779
1381,0.0001,915
1382,0.0001,881
1383,0.0001,160
1384,0.0001,698
1385,0.0001,1114
1386,0.0001,31
1387,0.0001,54
1388,0.0001,187
1389,0.0001,886
1390,0.0001,832
1391,0.0001,2425
1392,0.0001,93
1393,0.0001,880
1394,0.0001,131
1395,0.0001,830
1396,0.0001,92
1397,0.0001,1178
1398,0.0001,1797
1399,0.0001,63
1400,0.0001,222
1401,0.0001,943
1402,0.0001,2155
1403,0.0001,1648
1404,0.0001,873
1405,0.0001,85
1406,0.0001,5693
1407,0.0001,154
1408,0.0001,54
1409,0.0001,999
1410,0.0001,144
1411,0.0001,1492
1412,0.0001,252
1413,0.0001,819
1414,0.0001,16
1415,0.0001,179
1416,0.0001,154
1417,0.0001,77
1418,0.0001,2288
1419,0.0001,3228
1420,0.0001,124
1421,0.0001,62
1422,0.0001,189
1423,0.0001,850
1424,0.0001,780
1425,0.0001,162
1426,0.0001,1623
1427,0.0001,148
1428,0.0001,1580
1429,0.0001,16
1430,0.0001,216
1431,0.0001,0
1432,0.0001,171
1433,0.0001,54
1434,0.0001,3155
1435,0.0001,160
1436,0.0001,660
1437,0.0001,31
1438,0.0001,1633
1439,0.0001,103
1440,0.0001,31
1441,0.0001,186
1442,0.0001,894
1443,0.0001,922
1444,0.0001,832
1445,0.0001,1049
1446,0.0001,150
1447,0.0001,231
1448,0.0001,78
1449,0.0001,1025
1450,0.0001,758
1451,0.0001,0
1452,0.0001,109
1453,0.0001,0
1454,0.0001,3512
1455,0.0001,139
1456,0.0001,251
1457,0.0001,1561
1458,0.0001,46
1459,0.0001,3196
1460,0.0001,850
1461,0.0001,23
1462,0.0001,977
1463,0.0001,248
1464,0.0001,914
1465,0.0001,217
1466,0.0001,192
1467,0.0001,680
1468,0.0001,118
1469,0.0001,156
1470,0.0001,108
1471,0.0001,795
1472,0.0001,232
1473,0.0001,834
1474,0.0001,2398
1475,0.0001,62
1476,0.0001,725
1477,0.0001,868
1478,0.0001,951
1479,0.0001,822
1480,0.0001,976
1481,0.0001,85
1482,0.0001,2381
1483,0.0001,199
1484,0.0001,967
1485,0.0001,278
1486,0.0001,108
1487,0.0001,77
1488,0.0001,676
1489,0.0001,47
1490,0.0001,185
1491,0.0001,89
1492,0.0001,109
1493,0.0001,698
1494,0.0001,1571
1495,0.0001,46
1496,0.0001,1606
1497,0.0001,206
1498,0.0001,914
1499,0.0001,2466
1500,0.0001,3902
1501,0.0001,616
1502,0.0001,239
1503,0.0001,47
1504,0.0001,170
1505,0.0001,62
1506,0.0001,285
1507,0.0001,4919
1508,0.0001,77
1509,0.0001,2243
1510,0.0001,197
1511,0.0001,94
1512,0.0001,123
1513,0.0001,64
1514,0.0001,804
1515,0.0001,956
1516,0.0001,0
1517,0.0001,77
1518,0.0001,247
1519,0.0001,618
1520,0.0001,3988
1521,0.0001,31
1522,0.0001,827
1523,0.0001,131
1524,0.0001,55
1525,0.0001,57
1526,0.0001,2636
1527,0.0001,0
1528,0.0001,1604
1529,0.0001,139
1530,0.0001,178
1531,0.0001,190
1532,0.0001,93
1533,0.0001,113
1534,0.0001,1847
1535,0.0001,819
1536,0.0001,868
1537,0.0001,62
1538,0.0001,831
1539,0.0001,1749
1540,0.0001,154
1541,0.0001,878
1542,0.0001,0
1543,0.0001,936
1544,0.0001,108
1545,0.0001,161
1546,0.0001,876
1547,0.0001,92
1548,0.0001,77
1549,0.0001,109
1550,0.0001,23
1551,0.0001,70
1552,0.0001,272
1553,0.0001,851
1554,0.0001,70
1555,0.0001,23
1556,0.0001,1465
1557,0.0001,369
1558,0.0001,899
1559,0.0001,3917
1560,0.0001,93
1561,0.0001,1969
1562,0.0001,82
1563,0.0001,62
1564,0.0001,1585
1565,0.0001,1951
1566,0.0001,1466
1567,0.0001,124
1568,0.0001,217
1569,0.0001,169
1570,0.0001,2468
1571,0.0001,139
1572,0.0001,3166
1573,0.0001,46
1574,0.0001,1080
1575,0.0001,0
1576,0.0001,691
1577,0.0001,108
1578,0.0001,69
1579,0.0001,832
1580,0.0001,786
1581,0.0001,216
1582,0.0001,77
1583,0.0001,124
1584,0.0001,131
1585,0.0001,139
1586,0.0001,85
1587,0.0001,720
1588,0.0001,62
1589,0.0001,125
1590,0.0001,2532
1591,0.0001,186
1592,0.0001,1761
1593,0.0001,691
1594,0.0001,3034
1595,0.0001,1002
1596,0.0001,46
1597,0.0001,123
1598,0.0001,1565
1599,0.0001,41
1600,0.0001,41
1601,0.0001,104
1602,0.0001,768
1603,0.0001,105
1604,0.0001,1444
1605,0.0001,989
1606,0.0001,1673
1607,0.0001,679
1608,0.0001,861
1609,0.0001,140
1610,0.0001,2482
1611,0.0001,0
1612,0.0001,47
1613,0.0001,1157
1614,0.0001,108
1615,0.0001,144
1616,0.0001,126
1617,0.0001,1758
1618,0.0001,92
1619,0.0001,213
1620,0.0001,31
1621,0.0001,69
1622,0.0001,1614
1623,0.0001,124
1624,0.0001,31
1625,0.0001,1617
1626,0.0001,1943
1627,0.0001,1003
1628,0.0001,860
1629,0.0001,2232
1630,0.0001,32
1631,0.0001,3221
1632,0.0001,139
1633,0.0001,2273
1634,0.0001,150
1635,0.0001,193
1636,0.0001,768
1637,0.0001,93
1638,0.0001,1165
1639,0.0001,2591
1640,0.0001,1615
1641,0.0001,883
1642,0.0001,186
1643,0.0001,704
1644,0.0001,168
1645,0.0001,93
1646,0.0001,62
1647,0.0001,127
1648,0.0001,1462
1649,0.0001,116
1650,0.0001,93
1651,0.0001,864
1652,0.0001,185
1653,0.0001,223
1654,0.0001,77
1655,0.0001,217
1656,0.0001,192
1657,0.0001,0
1658,0.0001,2515
1659,0.0001,1027
1660,0.0001,93
1661,0.0001,1099
1662,0.0001,913
1663,0.0001,2618
1664,0.0001,231
1665,0.0001,2211
1666,0.0001,3553
1667,0.0001,722
1668,0.0001,1580
1669,0.0001,108
1670,0.0001,62
1671,0.0001,778
1672,0.0001,1567
1673,0.0001,0
1674,0.0001,119
1675,0.0001,23
1676,0.0001,720
1677,0.0001,324
1678,0.0001,370
1679,0.0001,1440
1680,0.0001,278
1681,0.0001,62
1682,0.0001,1190
1683,0.0001,3435
1684,0.0001,725
1685,0.0001,760
1686,0.0001,809
1687,0.0001,140
1688,0.0001,155
1689,0.0001,729
1690,0.0001,674
1691,0.0001,837
1692,0.0001,1049
1693,0.0001,1051
1694,0.0001,1674
1695,0.0001,62
1696,0.0001,0
1697,0.0001,232
1698,0.0001,114
1699,0.0001,737
1700,0.0001,1679
1701,0.0001,1524
1702,0.0001,252
1703,0.0001,177
1704,0.0001,154
1705,0.0001,139
1706,0.0001,108
1707,0.0001,4727
1708,0.0001,1165
1709,0.0001,131
1710,0.0001,705
1711,0.0001,231
1712,0.0001,108
1713,0.0001,736
1714,0.0001,208
1715,0.0001,85
1716,0.0001,1457
1717,0.0001,706
1718,0.0001,103
1719,0.0001,3217
1720,0.0001,3683
1721,0.0001,2379
1722,0.0001,62
1723,0.0001,0
1724,0.0001,4101
1725,0.0001,1488
1726,0.0001,1719
1727,0.0001,190
1728,0.0001,77
1729,0.0001,93
1730,0.0001,234
1731,0.0001,31
1732,0.0001,612
1733,0.0001,1440
1734,0.0001,828
1735,0.0001,154
1736,0.0001,135
1737,0.0001,0
1738,0.0001,46
1739,0.0001,156
1740,0.0001,845
1741,0.0001,69
1742,0.0001,1619
1743,0.0001,140
1744,0.0001,193
1745,0.0001,31
1746,0.0001,1158
1747,0.0001,791
1748,0.0001,873
1749,0.0001,2123
1750,0.0001,155
1751,0.0001,224
1752,0.0001,1496
1753,0.0001,46
1754,0.0001,1498
1755,0.0001,21
1756,0.0001,2414
1757,0.0001,103
1758,0.0001,185
1759,0.0001,1638
1760,0.0001,85
1761,0.0001,87
1762,0.0001,1240
1763,0.0001,108
1764,0.0001,820
1765,0.0001,776
1766,0.0001,616
1767,0.0001,736
1768,0.0001,214
1769,0.0001,1061
1770,0.0001,154
1771,0.0001,728
1772,0.0001,171
1773,0.0001,16
1774,0.0001,730
1775,0.0001,705
1776,0.0001,912
1777,0.0001,31
1778,0.0001,62
1779,0.0001,1522
1780,0.0001,3110
1781,0.0001,130
1782,0.0001,154
1783,0.0001,657
1784,0.0001,964
1785,0.0001,247
1786,0.0001,1706
1787,0.0001,732
1788,0.0001,149
1789,0.0001,891
1790,0.0001,52
1791,0.0001,0
1792,0.0001,171
1793,0.0001,1005
1794,0.0001,131
1795,0.0001,705
1796,0.0001,824
1797,0.0001,112
1798,0.0001,46
1799,0.0001,173
1800,0.0001,1577
1801,0.0001,46
1802,0.0001,933
1803,0.0001,95
1804,0.0001,812
1805,0.0001,123
1806,0.0001,853
1807,0.0001,5313
1808,0.0001,79
1809,0.0001,0
1810,0.0001,62
1811,0.0001,901
1812,0.0001,31
1813,0.0001,1055
1814,0.0001,3415
1815,0.0001,1634
1816,0.0001,866
1817,0.0001,884
1818,0.0001,155
1819,0.0001,726
1820,0.0001,93
1821,0.0001,93
1822,0.0001,85
1823,0.0001,125
1824,0.0001,0
1825,0.0001,925
1826,0.0001,2414
1827,0.0001,273
1828,0.0001,877
1829,0.0001,273
1830,0.0001,92
1831,0.0001,154
1832,0.0001,645
1833,0.0001,0
1834,0.0001,93
1835,0.0001,116
1836,0.0001,3498
1837,0.0001,355
1838,0.0001,77
1839,0.0001,154
1840,0.0001,885
1841,0.0001,146
1842,0.0001,24
1843,0.0001,704
1844,0.0001,804
1845,0.0001,799
1846,0.0001,758
1847,0.0001,2092
1848,0.0001,108
1849,0.0001,1606
1850,0.0001,46
1851,0.0001,157
1852,0.0001,807
1853,0.0001,830
1854,0.0001,216
1855,0.0001,1355
1856,0.0001,0
1857,0.0001,787
1858,0.0001,148
1859,0.0001,31
1860,0.0001,789
1861,0.0001,23
1862,0.0001,116
1863,0.0001,78
1864,0.0001,46
1865,0.0001,62
1866,0.0001,115
1867,0.0001,62
1868,0.0001,131
1869,0.0001,973
1870,0.0001,916
1871,0.0001,1494
1872,0.0001,819
1873,0.0001,157
1874,0.0001,166
1875,0.0001,170
1876,0.0001,125
1877,0.0001,116
1878,0.0001,147
1879,0.0001,691
1880,0.0001,109
1881,0.0001,1567
1882,0.0001,3113
1883,0.0001,912
1884,0.0001,92
1885,0.0001,3741
1886,0.0001,676
1887,0.0001,639
1888,0.0001,919
1889,0.0001,77
1890,0.0001,645
1891,0.0001,109
1892,0.0001,132
1893,0.0001,39
1894,0.0001,778
1895,0.0001,3012
1896,0.0001,1595
1897,0.0001,969
1898,0.0001,163
1899,0.0001,1040
1900,0.0001,47
1901,0.0001,3385
1902,0.0001,46
1903,0.0001,0
1904,0.0001,322
1905,0.0001,1697
1906,0.0001,31
1907,0.0001,2468
1908,0.0001,0
1909,0.0001,123
1910,0.0001,85
1911,0.0001,1628
1912,0.0001,98
1913,0.0001,3098
1914,0.0001,71
1915,0.0001,282
1916,0.0001,207
1917,0.0001,891
1918,0.0001,285
1919,0.0001,1218
1920,0.0001,93
1921,0.0001,140
1922,0.0001,173
1923,0.0001,1065
1924,0.0001,1016
1925,0.0001,31
1926,0.0001,129
1927,0.0001,306
1928,0.0001,16
1929,0.0001,226
1930,0.0001,93
1931,0.0001,871
1932,0.0001,2430
1933,0.0001,1614
1934,0.0001,1023
1935,0.0001,62
1936,0.0001,0
1937,0.0001,861
1938,0.0001,186
1939,0.0001,720
1940,0.0001,1677
1941,0.0001,1565
1942,0.0001,126
1943,0.0001,217
1944,0.0001,1697
1945,0.0001,1889
1946,0.0001,1546
1947,0.0001,778
1948,0.0001,178
1949,0.0001,109
1950,0.0001,46
1951,0.0001,894
1952,0.0001,46
1953,0.0001,108
1954,0.0001,1116
1955,0.0001,3418
1956,0.0001,155
1957,0.0001,101
1958,0.0001,163
1959,0.0001,1474
1960,0.0001,740
1961,0.0001,0
1962,0.0001,46
1963,0.0001,93
1964,0.0001,4085
1965,0.0001,774
1966,0.0001,1181
1967,0.0001,77
1968,0.0001,1325
1969,0.0001,873
1970,0.0001,155
1971,0.0001,231
1972,0.0001,77
1973,0.0001,3587
1974,0.0001,129
1975,0.0001,69
1976,0.0001,880
1977,0.0001,118
1978,0.0001,891
1979,0.0001,94
1980,0.0001,16
1981,0.0001,924
1982,0.0001,253
1983,0.0001,60
1984,0.0001,3264
1985,0.0001,223
1986,0.0001,124
1987,0.0001,940
1988,0.0001,927
1989,0.0001,894
1990,0.0001,830
1991,0.0001,1380
1992,0.0001,680
1993,0.0001,927
1994,0.0001,169
1995,0.0001,108
1996,0.0001,889
1997,0.0001,170
1998,0.0001,85
1999,0.0001,4855
2000,0.0001,0
2001,0.0001,1629
2002,0.0001,3496
2003,0.0001,1742
2004,0.0001,77
2005,0.0001,1744
2006,0.0001,2312
2007,0.0001,91
2008,0.0001,108
2009,0.0001,31
2010,0.0001,77
2011,0.0001,677
2012,0.0001,1459
2013,0.0001,909
2014,0.0001,108
2015,0.0001,382
2016,0.0001,98
2017,0.0001,879
2018,0.0001,922
2019,0.0001,0
2020,0.0001,237
2021,0.0001,16
2022,0.0001,398
2023,0.0001,1649
2024,0.0001,352
2025,0.0001,0
2026,0.0001,4215
2027,0.0001,735
2028,0.0001,2487
2029,0.0001,62
2030,0.0001,3757
2031,0.0001,1570
2032,0.0001,829
2033,0.0001,175
2034,0.0001,147
2035,0.0001,699
2036,0.0001,1575
2037,0.0001,23
2038,0.0001,837
2039,0.0001,153
2040,0.0001,147
2041,0.0001,833
2042,0.0001,1860
2043,0.0001,1033
2044,0.0001,170
2045,0.0001,969
2046,0.0001,1688
2047,0.0001,94
2048,0.0001,814
2049,0.0001,155
2050,0.0001,62
2051,0.0001,119
2052,0.0001,78
2053,0.0001,0
2054,0.0001,46
2055,0.0001,4179
2056,0.0001,2212
2057,0.0001,754
2058,0.0001,0
2059,0.0001,1024
2060,0.0001,722
2061,0.0001,830
2062,0.0001,987
2063,0.0001,31
2064,0.0001,63
2065,0.0001,162
2066,0.0001,844
2067,0.0001,720
2068,0.0001,684
2069,0.0001,110
2070,0.0001,32
2071,0.0001,77
2072,0.0001,2952
2073,0.0001,77
2074,0.0001,124
2075,0.0001,845
2076,0.0001,331
2077,0.0001,0
2078,0.0001,649
2079,0.0001,838
2080,0.0001,1845
2081,0.0001,46
2082,0.0001,70
2083,0.0001,46
2084,0.0001,969
2085,0.0001,131
2086,0.0001,0
2087,0.0001,23
2088,0.0001,147
2089,0.0001,1541
2090,0.0001,62
2091,0.0001,880
2092,0.0001,3322
2093,0.0001,159
2094,0.0001,46
2095,0.0001,835
2096,0.0001,46
2097,0.0001,23
2098,0.0001,47
2099,0.0001,704
2100,0.0001,144
2101,0.0001,190
2102,0.0001,848
2103,0.0001,1577
2104,0.0001,763
2105,0.0001,3842
2106,0.0001,645
2107,0.0001,140
2108,0.0001,1697
2109,0.0001,0
2110,0.0001,3012
2111,0.0001,773
2112,0.0001,201
2113,0.0001,124
2114,0.0001,897
2115,0.0001,99
2116,0.0001,241
2117,0.0001,63
2118,0.0001,830
2119,0.0001,1498
2120,0.0001,1700
2121,0.0001,24
2122,0.0001,78
2123,0.0001,98
2124,0.0001,78
2125,0.0001,648
2126,0.0001,62
2127,0.0001,46
2128,0.0001,62
2129,0.0001,46
2130,0.0001,154
2131,0.0001,94
2132,0.0001,2306
2133,0.0001,139
2134,0.0001,193
2135,0.0001,1662
2136,0.0001,232
2137,0.0001,109
2138,0.0001,1744
2139,0.0001,3305
2140,0.0001,754
2141,0.0001,227
2142,0.0001,120
2143,0.0001,215
2144,0.0001,125
2145,0.0001,3204
2146,0.0001,62
2147,0.0001,3195
2148,0.0001,163
2149,0.0001,109
2150,0.0001,323
2151,0.0001,212
2152,0.0001,4186
2153,0.0001,1037
2154,0.0001,154
2155,0.0001,101
2156,0.0001,892
2157,0.0001,897
2158,0.0001,947
2159,0.0001,160
2160,0.0001,85
2161,0.0001,1089
2162,0.0001,172
2163,0.0001,1805
2164,0.0001,777
2165,0.0001,124
2166,0.0001,265
2167,0.0001,93
2168,0.0001,4133
2169,0.0001,789
2170,0.0001,209
2171,0.0001,253
2172,0.0001,2722
2173,0.0001,861
2174,0.0001,0
2175,0.0001,47
2176,0.0001,861
2177,0.0001,1570
2178,0.0001,0
2179,0.0001,1814
2180,0.0001,868
2181,0.0001,0
2182,0.0001,92
2183,0.0001,932
2184,0.0001,1080
2185,0.0001,94
2186,0.0001,1652
2187,0.0001,62
2188,0.0001,895
2189,0.0001,1650
2190,0.0001,87
2191,0.0001,910
2192,0.0001,705
2193,0.0001,971
2194,0.0001,0
2195,0.0001,761
2196,0.0001,191
2197,0.0001,54
2198,0.0001,132
2199,0.0001,914
2200,0.0001,983
2201,0.0001,689
2202,0.0001,32
2203,0.0001,0
2204,0.0001,62
2205,0.0001,47
2206,0.0001,892
2207,0.0001,2288
2208,0.0001,162
2209,0.0001,31
2210,0.0001,77
2211,0.0001,1001
2212,0.0001,124
2213,0.0001,869
2214,0.0001,945
2215,0.0001,1508
2216,0.0001,856
2217,0.0001,31
2218,0.0001,180
2219,0.0001,616
2220,0.0001,1559
2221,0.0001,1703
2222,0.0001,2071
2223,0.0001,185
2224,0.0001,1690
2225,0.0001,21
2226,0.0001,31
2227,0.0001,46
2228,0.0001,123
2229,0.0001,800
2230,0.0001,1481
2231,0.0001,62
2232,0.0001,169
2233,0.0001,149
2234,0.0001,1534
2235,0.0001,249
2236,0.0001,146
2237,0.0001,773
2238,0.0001,876
2239,0.0001,287
2240,0.0001,0
2241,0.0001,62
2242,0.0001,139
2243,0.0001,2379
2244,0.0001,3693
2245,0.0001,774
2246,0.0001,707
2247,0.0001,140
2248,0.0001,0
2249,0.0001,5017
2250,0.0001,691
2251,0.0001,1839
2252,0.0001,124
2253,0.0001,46
2254,0.0001,1169
2255,0.0001,208
2256,0.0001,108
2257,0.0001,235
2258,0.0001,1747
2259,0.0001,276
2260,0.0001,72
2261,0.0001,31
2262,0.0001,93
2263,0.0001,3213
2264,0.0001,2505
2265,0.0001,155
2266,0.0001,894
2267,0.0001,1002
2268,0.0001,943
2269,0.0001,3134
2270,0.0001,996
2271,0.0001,2291
2272,0.0001,894
2273,0.0001,1043
2274,0.0001,93
2275,0.0001,46
2276,0.0001,776
2277,0.0001,707
2278,0.0001,2297
2279,0.0001,1086
2280,0.0001,147
2281,0.0001,1708
2282,0.0001,114
2283,0.0001,3007
2284,0.0001,1145
2285,0.0001,877
2286,0.0001,1043
2287,0.0001,814
2288,0.0001,113
2289,0.0001,134
2290,0.0001,93
2291,0.0001,46
2292,0.0001,103
2293,0.0001,5817
2294,0.0001,185
2295,0.0001,881
2296,0.0001,181
2297,0.0001,3003
2298,0.0001,94
2299,0.0001,3406
2300,0.0001,1701
2301,0.0001,92
2302,0.0001,186
2303,0.0001,77
2304,0.0001,207
2305,0.0001,2339
2306,0.0001,1220
2307,0.0001,876
2308,0.0001,1096
2309,0.0001,830
2310,0.0001,147
2311,0.0001,1561
2312,0.0001,216
2313,0.0001,1701
2314,0.0001,848
2315,0.0001,109
2316,0.0001,185
2317,0.0001,0
2318,0.0001,3948
2319,0.0001,817
2320,0.0001,2950
2321,0.0001,858
2322,0.0001,1027
2323,0.0001,16
2324,0.0001,63
2325,0.0001,109
2326,0.0001,1654
2327,0.0001,63
2328,0.0001,863
2329,0.0001,1120
2330,0.0001,1721
2331,0.0001,1372
2332,0.0001,3756
2333,0.0001,54
2334,0.0001,185
2335,0.0001,779
2336,0.0001,52
2337,0.0001,279
2338,0.0001,85
2339,0.0001,140
2340,0.0001,256
2341,0.0001,4390
2342,0.0001,62
2343,0.0001,36
2344,0.0001,1668
2345,0.0001,1092
2346,0.0001,46
2347,0.0001,837
2348,0.0001,171
2349,0.0001,930
2350,0.0001,786
2351,0.0001,2397
2352,0.0001,1040
2353,0.0001,134
2354,0.0001,1250
2355,0.0001,101
2356,0.0001,1478
2357,0.0001,1024
2358,0.0001,39
2359,0.0001,941
2360,0.0001,1058
2361,0.0001,193
2362,0.0001,185
2363,0.0001,93
2364,0.0001,229
2365,0.0001,223
2366,0.0001,1540
2367,0.0001,1850
2368,0.0001,2245
2369,0.0001,1265
2370,0.0001,1582
2371,0.0001,773
2372,0.0001,273
2373,0.0001,1544
2374,0.0001,850
2375,0.0001,953
2376,0.0001,62
2377,0.0001,299
2378,0.0001,209
2379,0.0001,156
2380,0.0001,46
2381,0.0001,925
2382,0.0001,1099
2383,0.0001,830
2384,0.0001,116
2385,0.0001,1973
2386,0.0001,94
2387,0.0001,1552
2388,0.0001,2272
2389,0.0001,109
2390,0.0001,113
2391,0.0001,885
2392,0.0001,116
2393,0.0001,78
2394,0.0001,101
2395,0.0001,662
2396,0.0001,1528
2397,0.0001,194
2398,0.0001,3171
2399,0.0001,1386
2400,0.0001,170
2401,0.0001,126
2402,0.0001,935
2403,0.0001,5073
2404,0.0001,185
2405,0.0001,47
2406,0.0001,1541
2407,0.0001,996
2408,0.0001,1473
2409,0.0001,77
2410,0.0001,845
2411,0.0001,191
2412,0.0001,93
2413,0.0001,726
2414,0.0001,1323
2415,0.0001,101
2416,0.0001,1556
2417,0.0001,139
2418,0.0001,847
2419,0.0001,200
2420,0.0001,940
2421,0.0001,124
2422,0.0001,77
2423,0.0001,46
2424,0.0001,85
2425,0.0001,205
2426,0.0001,846
2427,0.0001,814
2428,0.0001,2471
2429,0.0001,108
2430,0.0001,92
2431,0.0001,219
2432,0.0001,804
2433,0.0001,1935
2434,0.0001,1553
2435,0.0001,16
2436,0.0001,54
2437,0.0001,70
2438,0.0001,92
2439,0.0001,971
2440,0.0001,85
2441,0.0001,1061
2442,0.0001,93
2443,0.0001,93
2444,0.0001,85
2445,0.0001,740
2446,0.0001,155
2447,0.0001,643
2448,0.0001,82
2449,0.0001,139
2450,0.0001,785
2451,0.0001,766
2452,0.0001,876
2453,0.0001,47
2454,0.0001,1022
2455,0.0001,4426
2456,0.0001,117
2457,0.0001,178
2458,0.0001,3750
2459,0.0001,1566
2460,0.0001,1091
2461,0.0001,755
2462,0.0001,249
2463,0.0001,663
2464,0.0001,946
2465,0.0001,850
2466,0.0001,85
2467,0.0001,2101
2468,0.0001,768
2469,0.0001,222
2470,0.0001,139
2471,0.0001,117
2472,0.0001,990
2473,0.0001,0
2474,0.0001,23
2475,0.0001,907
2476,0.0001,113
2477,0.0001,3568
2478,0.0001,753
2479,0.0001,3217
2480,0.0001,1005
2481,0.0001,0
2482,0.0001,70
2483,0.0001,876
2484,0.0001,152
2485,0.0001,47
2486,0.0001,1055
2487,0.0001,139
2488,0.0001,154
2489,0.0001,78
2490,0.0001,254
2491,0.0001,113
2492,0.0001,773
2493,0.0001,221
2494,0.0001,2381
2495,0.0001,2947
2496,0.0001,1541
2497,0.0001,767
2498,0.0001,150
2499,0.0001,171
2500,0.0001,653
2501,0.0001,116
2502,0.0001,2244
2503,0.0001,4763
2504,0.0001,108
2505,0.0001,2074
2506,0.0001,182
2507,0.0001,1442
2508,0.0001,72
2509,0.0001,1602
2510,0.0001,170
2511,0.0001,1710
2512,0.0001,62
2513,0.0001,1813
2514,0.0001,94
2515,0.0001,77
2516,0.0001,881
2517,0.0001,799
2518,0.0001,147
2519,0.0001,758
2520,0.0001,1056
2521,0.0001,0
2522,0.0001,817
2523,0.0001,116
2524,0.0001,124
2525,0.0001,887
2526,0.0001,93
2527,0.0001,109
2528,0.0001,62
2529,0.0001,174
2530,0.0001,0
2531,0.0001,850
2532,0.0001,290
2533,0.0001,63
2534,0.0001,93
2535,0.0001,1621
2536,0.0001,1288
2537,0.0001,834
2538,0.0001,781
2539,0.0001,147
2540,0.0001,62
2541,0.0001,133
2542,0.0001,147
2543,0.0001,806
2544,0.0001,150
2545,0.0001,2479
2546,0.0001,78
2547,0.0001,7179
2548,0.0001,169
2549,0.0001,1700
2550,0.0001,3534
2551,0.0001,892
2552,0.0001,696
2553,0.0001,0
2554,0.0001,0
2555,0.0001,645
2556,0.0001,62
2557,0.0001,31
2558,0.0001,31
2559,0.0001,673
2560,0.0001,62
2561,0.0001,0
2562,0.0001,46
2563,0.0001,39
2564,0.0001,715
2565,0.0001,0
2566,0.0001,63
2567,0.0001,31
2568,0.0001,923
2569,0.0001,1049
2570,0.0001,829
2571,0.0001,262
2572,0.0001,155
2573,0.0001,108
2574,0.0001,659
2575,0.0001,1242
2576,0.0001,1765
2577,0.0001,217
2578,0.0001,850
2579,0.0001,784
2580,0.0001,1629
2581,0.0001,892
2582,0.0001,238
2583,0.0001,62
2584,0.0001,370
2585,0.0001,775
2586,0.0001,787
2587,0.0001,160
2588,0.0001,735
2589,0.0001,1616
2590,0.0001,165
2591,0.0001,2219
2592,0.0001,1621
2593,0.0001,1817
2594,0.0001,62
2595,0.0001,1567
2596,0.0001,1379
2597,0.0001,850
2598,0.0001,46
2599,0.0001,217
2600,0.0001,944
2601,0.0001,971
2602,0.0001,961
2603,0.0001,0
2604,0.0001,1621
2605,0.0001,164
2606,0.0001,1695
2607,0.0001,658
2608,0.0001,93
2609,0.0001,31
2610,0.0001,962
2611,0.0001,108
2612,0.0001,281
2613,0.0001,23
2614,0.0001,62
2615,0.0001,0
2616,0.0001,793
2617,0.0001,62
2618,0.0001,1099
2619,0.0001,912
2620,0.0001,1724
2621,0.0001,312
2622,0.0001,815
2623,0.0001,1495
2624,0.0001,77
2625,0.0001,1500
2626,0.0001,782
2627,0.0001,746
2628,0.0001,817
2629,0.0001,0
2630,0.0001,3560
2631,0.0001,185
2632,0.0001,170
2633,0.0001,0
2634,0.0001,1806
2635,0.0001,682
2636,0.0001,154
2637,0.0001,966
2638,0.0001,1795
2639,0.0001,3775
2640,0.0001,614
2641,0.0001,47
2642,0.0001,1640
2643,0.0001,1093
2644,0.0001,0
2645,0.0001,329
2646,0.0001,150
2647,0.0001,31
2648,0.0001,612
2649,0.0001,228
2650,0.0001,0
2651,0.0001,46
2652,0.0001,868
2653,0.0001,2320
2654,0.0001,93
2655,0.0001,109
2656,0.0001,114
2657,0.0001,99
2658,0.0001,101
2659,0.0001,907
2660,0.0001,108
2661,0.0001,93
2662,0.0001,738
2663,0.0001,959
2664,0.0001,169
2665,0.0001,70
2666,0.0001,1602
2667,0.0001,894
2668,0.0001,139
2669,0.0001,891
2670,0.0001,63
2671,0.0001,943
2672,0.0001,891
2673,0.0001,77
2674,0.0001,222
2675,0.0001,791
2676,0.0001,835
2677,0.0001,3905
2678,0.0001,979
2679,0.0001,859
2680,0.0001,116
2681,0.0001,63
2682,0.0001,39
2683,0.0001,101
2684,0.0001,912
2685,0.0001,4454
2686,0.0001,0
2687,0.0001,209
2688,0.0001,866
2689,0.0001,222
2690,0.0001,1578
2691,0.0001,154
2692,0.0001,750
2693,0.0001,800
2694,0.0001,823
2695,0.0001,917
2696,0.0001,976
2697,0.0001,2211
2698,0.0001,47
2699,0.0001,959
2700,0.0001,47
2701,0.0001,822
2702,0.0001,46
2703,0.0001,702
2704,0.0001,62
2705,0.0001,953
2706,0.0001,62
2707,0.0001,1819
2708,0.0001,62
2709,0.0001,108
2710,0.0001,204
2711,0.0001,1692
2712,0.0001,116
2713,0.0001,1967
2714,0.0001,255
2715,0.0001,881
2716,0.0001,1778
2717,0.0001,1731
2718,0.0001,62
2719,0.0001,917
2720,0.0001,1548
2721,0.0001,969
2722,0.0001,894
2723,0.0001,1829
2724,0.0001,1663
2725,0.0001,77
2726,0.0001,23
2727,0.0001,221
2728,0.0001,287
2729,0.0001,1411
2730,0.0001,201
2731,0.0001,2224
2732,0.0001,2440
2733,0.0001,3314
2734,0.0001,162
2735,0.0001,16
2736,0.0001,1523
2737,0.0001,46
2738,0.0001,63
2739,0.0001,262
2740,0.0001,200
2741,0.0001,123
2742,0.0001,1237
2743,0.0001,93
2744,0.0001,809
2745,0.0001,92
2746,0.0001,31
2747,0.0001,2423
2748,0.0001,1613
2749,0.0001,1500
2750,0.0001,41
2751,0.0001,44
2752,0.0001,2069
2753,0.0001,1715
2754,0.0001,46
2755,0.0001,85
2756,0.0001,31
2757,0.0001,31
2758,0.0001,876
2759,0.0001,155
2760,0.0001,139
2761,0.0001,899
2762,0.0001,77
2763,0.0001,2907
2764,0.0001,116
2765,0.0001,154
2766,0.0001,743
2767,0.0001,807
2768,0.0001,701
2769,0.0001,85
2770,0.0001,1031
2771,0.0001,202
2772,0.0001,738
2773,0.0001,70
2774,0.0001,894
2775,0.0001,871
2776,0.0001,82
2777,0.0001,1126
2778,0.0001,46
2779,0.0001,85
2780,0.0001,47
2781,0.0001,108
2782,0.0001,1706
2783,0.0001,1698
2784,0.0001,154
2785,0.0001,801
2786,0.0001,78
2787,0.0001,953
2788,0.0001,972
2789,0.0001,193
2790,0.0001,1260
2791,0.0001,878
2792,0.0001,115
2793,0.0001,1049
2794,0.0001,108
2795,0.0001,879
2796,0.0001,1507
2797,0.0001,185
2798,0.0001,2301
2799,0.0001,177
2800,0.0001,109
2801,0.0001,70
2802,0.0001,784
2803,0.0001,200
2804,0.0001,2199
2805,0.0001,925
2806,0.0001,925
2807,0.0001,46
2808,0.0001,193
2809,0.0001,1870
2810,0.0001,93
2811,0.0001,770
2812,0.0001,2613
2813,0.0001,915
2814,0.0001,139
2815,0.0001,1380
2816,0.0001,109
2817,0.0001,1590
2818,0.0001,167
2819,0.0001,1105
2820,0.0001,0
2821,0.0001,0
2822,0.0001,1832
2823,0.0001,62
2824,0.0001,262
2825,0.0001,265
2826,0.0001,109
2827,0.0001,676
2828,0.0001,1646
2829,0.0001,63
2830,0.0001,1019
2831,0.0001,833
2832,0.0001,216
2833,0.0001,3164
2834,0.0001,16
2835,0.0001,62
2836,0.0001,16
2837,0.0001,1564
2838,0.0001,2342
2839,0.0001,63
2840,0.0001,190
2841,0.0001,0
2842,0.0001,1721
2843,0.0001,0
2844,0.0001,2423
2845,0.0001,154
2846,0.0001,31
2847,0.0001,812
2848,0.0001,1678
2849,0.0001,1492
2850,0.0001,1654
2851,0.0001,240
2852,0.0001,16
2853,0.0001,221
2854,0.0001,886
2855,0.0001,155
2856,0.0001,108
2857,0.0001,77
2858,0.0001,93
2859,0.0001,62
2860,0.0001,1705
2861,0.0001,154
2862,0.0001,891
2863,0.0001,1817
2864,0.0001,95
2865,0.0001,865
2866,0.0001,94
2867,0.0001,144
2868,0.0001,92
2869,0.0001,892
2870,0.0001,63
2871,0.0001,1579
2872,0.0001,2091
2873,0.0001,23
2874,0.0001,160
2875,0.0001,1639
2876,0.0001,1016
2877,0.0001,86
2878,0.0001,16
2879,0.0001,108
2880,0.0001,171
2881,0.0001,861
2882,0.0001,849
2883,0.0001,176
2884,0.0001,843
2885,0.0001,940
2886,0.0001,1604
2887,0.0001,984
2888,0.0001,146
2889,0.0001,174
2890,0.0001,108
2891,0.0001,148
2892,0.0001,139
2893,0.0001,62
2894,0.0001,23
2895,0.0001,879
2896,0.0001,925
2897,0.0001,0
2898,0.0001,93
2899,0.0001,1526
2900,0.0001,662
2901,0.0001,970
2902,0.0001,16
2903,0.0001,1221
2904,0.0001,93
2905,0.0001,93
2906,0.0001,113
2907,0.0001,1497
2908,0.0001,295
2909,0.0001,2566
2910,0.0001,87
2911,0.0001,3605
2912,0.0001,902
2913,0.0001,168
2914,0.0001,1048
2915,0.0001,129
2916,0.0001,705
2917,0.0001,217
2918,0.0001,192
2919,0.0001,2920
2920,0.0001,93
2921,0.0001,221
2922,0.0001,1649
2923,0.0001,125
2924,0.0001,1226
2925,0.0001,78
2926,0.0001,167
2927,0.0001,93
2928,0.0001,3647
2929,0.0001,940
2930,0.0001,126
2931,0.0001,0
2932,0.0001,132
2933,0.0001,280
2934,0.0001,612
2935,0.0001,771
2936,0.0001,263
2937,0.0001,645
2938,0.0001,86
2939,0.0001,1022
2940,0.0001,958
2941,0.0001,154
2942,0.0001,902
2943,0.0001,139
2944,0.0001,165
2945,0.0001,784
2946,0.0001,71
2947,0.0001,1996
2948,0.0001,93
2949,0.0001,171
2950,0.0001,106
2951,0.0001,848
2952,0.0001,148
2953,0.0001,219
2954,0.0001,848
2955,0.0001,47
2956,0.0001,206
2957,0.0001,783
2958,0.0001,915
2959,0.0001,92
2960,0.0001,1411
2961,0.0001,1670
2962,0.0001,63
2963,0.0001,93
2964,0.0001,108
2965,0.0001,116
2966,0.0001,773
2967,0.0001,182
2968,0.0001,694
2969,0.0001,202
2970,0.0001,3805
2971,0.0001,727
2972,0.0001,31
2973,0.0001,139
2974,0.0001,855
2975,0.0001,46
2976,0.0001,1555
2977,0.0001,1439
2978,0.0001,99
2979,0.0001,977
2980,0.0001,232
2981,0.0001,254
2982,0.0001,109
2983,0.0001,165
2984,0.0001,2185
2985,0.0001,2422
2986,0.0001,161
2987,0.0001,215
2988,0.0001,31
2989,0.0001,31
2990,0.0001,109
2991,0.0001,62
2992,0.0001,1079
2993,0.0001,897
2994,0.0001,2992
2995,0.0001,263
2996,0.0001,689
2997,0.0001,831
2998,0.0001,614
2999,0.0001,0
3000,0.0001,46
3001,0.0001,95
3002,0.0001,1587
3003,0.0001,54
3004,0.0001,1488
3005,0.0001,82
3006,0.0001,801
3007,0.0001,200
3008,0.0001,4667
3009,0.0001,16
3010,0.0001,124
3011,0.0001,108
3012,0.0001,1053
3013,0.0001,155
3014,0.0001,869
3015,0.0001,62
3016,0.0001,93
3017,0.0001,283
3018,0.0001,31
3019,0.0001,614
3020,0.0001,815
3021,0.0001,78
3022,0.0001,92
3023,0.0001,1649
3024,0.0001,806
3025,0.0001,62
3026,0.0001,78
3027,0.0001,770
3028,0.0001,894
3029,0.0001,852
3030,0.0001,645
3031,0.0001,2417
3032,0.0001,16
3033,0.0001,1487
3034,0.0001,62
3035,0.0001,31
3036,0.0001,41
3037,0.0001,140
3038,0.0001,0
3039,0.0001,77
3040,0.0001,792
3041,0.0001,190
3042,0.0001,904
3043,0.0001,1646
3044,0.0001,46
3045,0.0001,124
3046,0.0001,976
3047,0.0001,77
3048,0.0001,828
3049,0.0001,255
3050,0.0001,678
3051,0.0001,830
3052,0.0001,170
3053,0.0001,912
3054,0.0001,679
3055,0.0001,88
3056,0.0001,1645
3057,0.0001,1017
3058,0.0001,3305
3059,0.0001,62
3060,0.0001,758
3061,0.0001,16
3062,0.0001,47
3063,0.0001,93
3064,0.0001,645
3065,0.0001,167
3066,0.0001,62
3067,0.0001,70
3068,0.0001,1587
3069,0.0001,283
3070,0.0001,1713
3071,0.0001,1550
3072,0.0001,922
3073,0.0001,78
3074,0.0001,980
3075,0.0001,70
3076,0.0001,830
3077,0.0001,668
3078,0.0001,916
3079,0.0001,694
3080,0.0001,901
3081,0.0001,92
3082,0.0001,1033
3083,0.0001,2437
3084,0.0001,31
3085,0.0001,1488
3086,0.0001,31
3087,0.0001,760
3088,0.0001,93
3089,0.0001,109
3090,0.0001,16
3091,0.0001,109
3092,0.0001,1513
3093,0.0001,65
3094,0.0001,114
3095,0.0001,984
3096,0.0001,194
3097,0.0001,876
3098,0.0001,0
3099,0.0001,101
3100,0.0001,712
3101,0.0001,624
3102,0.0001,635
3103,0.0001,109
3104,0.0001,105
3105,0.0001,62
3106,0.0001,1798
3107,0.0001,39
3108,0.0001,864
3109,0.0001,243
3110,0.0001,4850
3111,0.0001,0
3112,0.0001,190
3113,0.0001,0
3114,0.0001,313
3115,0.0001,947
3116,0.0001,192
3117,0.0001,271
3118,0.0001,92
3119,0.0001,1659
3120,0.0001,155
3121,0.0001,62
3122,0.0001,221
3123,0.0001,186
3124,0.0001,4042
3125,0.0001,46
3126,0.0001,100
3127,0.0001,216
3128,0.0001,77
3129,0.0001,100
3130,0.0001,3429
3131,0.0001,82
3132,0.0001,761
3133,0.0001,211
3134,0.0001,126
3135,0.0001,16
3136,0.0001,263
3137,0.0001,616
3138,0.0001,46
3139,0.0001,784
3140,0.0001,71
3141,0.0001,799
3142,0.0001,154
3143,0.0001,23
3144,0.0001,111
3145,0.0001,923
3146,0.0001,1014
3147,0.0001,0
3148,0.0001,753
3149,0.0001,843
3150,0.0001,217
3151,0.0001,727
3152,0.0001,93
3153,0.0001,180
3154,0.0001,887
3155,0.0001,85
3156,0.0001,705
3157,0.0001,818
3158,0.0001,1855
3159,0.0001,31
3160,0.0001,3479
3161,0.0001,47
3162,0.0001,786
3163,0.0001,1953
3164,0.0001,325
3165,0.0001,78
3166,0.0001,115
3167,0.0001,1685
3168,0.0001,47
3169,0.0001,1742
3170,0.0001,157
3171,0.0001,1622
3172,0.0001,881
3173,0.0001,0
3174,0.0001,209
3175,0.0001,898
3176,0.0001,211
3177,0.0001,676
3178,0.0001,794
3179,0.0001,253
3180,0.0001,758
3181,0.0001,46
3182,0.0001,1501
3183,0.0001,242
3184,0.0001,62
3185,0.0001,784
3186,0.0001,192
3187,0.0001,101
3188,0.0001,200
3189,0.0001,108
3190,0.0001,93
3191,0.0001,1603
3192,0.0001,1535
3193,0.0001,93
3194,0.0001,41
3195,0.0001,142
3196,0.0001,1023
3197,0.0001,0
3198,0.0001,406
3199,0.0001,4259
3200,0.0001,46
3201,0.0001,830
3202,0.0001,1628
3203,0.0001,161
3204,0.0001,32
3205,0.0001,753
3206,0.0001,726
3207,0.0001,1606
3208,0.0001,108
3209,0.0001,212
3210,0.0001,733
3211,0.0001,123
3212,0.0001,1040
3213,0.0001,54
3214,0.0001,197
3215,0.0001,845
3216,0.0001,172
3217,0.0001,822
3218,0.0001,923
3219,0.0001,232
3220,0.0001,23
3221,0.0001,2468
3222,0.0001,195
3223,0.0001,0
3224,0.0001,2990
3225,0.0001,1575
3226,0.0001,942
3227,0.0001,1717
3228,0.0001,2561
3229,0.0001,884
3230,0.0001,111
3231,0.0001,783
3232,0.0001,62
3233,0.0001,2884
3234,0.0001,46
3235,0.0001,139
3236,0.0001,817
3237,0.0001,149
3238,0.0001,31
3239,0.0001,0
3240,0.0001,62
3241,0.0001,3172
3242,0.0001,157
3243,0.0001,891
3244,0.0001,93
3245,0.0001,709
3246,0.0001,1755
3247,0.0001,167
3248,0.0001,169
3249,0.0001,132
3250,0.0001,892
3251,0.0001,249
3252,0.0001,2447
3253,0.0001,172
3254,0.0001,1017
3255,0.0001,924
3256,0.0001,211
3257,0.0001,77
3258,0.0001,39
3259,0.0001,16
3260,0.0001,162
3261,0.0001,77
3262,0.0001,88
3263,0.0001,77
3264,0.0001,69
3265,0.0001,62
3266,0.0001,165
3267,0.0001,241
3268,0.0001,1570
3269,0.0001,3068
3270,0.0001,79
3271,0.0001,1488
3272,0.0001,982
3273,0.0001,46
3274,0.0001,1771
3275,0.0001,92
3276,0.0001,139
3277,0.0001,62
3278,0.0001,813
3279,0.0001,108
3280,0.0001,93
3281,0.0001,77
3282,0.0001,77
3283,0.0001,1315
3284,0.0001,889
3285,0.0001,46
3286,0.0001,164
3287,0.0001,229
3288,0.0001,170
3289,0.0001,1555
3290,0.0001,198
3291,0.0001,2707
3292,0.0001,856
3293,0.0001,116
3294,0.0001,21
3295,0.0001,308
3296,0.0001,134
3297,0.0001,3621
3298,0.0001,185
3299,0.0001,237
3300,0.0001,137
3301,0.0001,728
3302,0.0001,148
3303,0.0001,4257
3304,0.0001,1682
3305,0.0001,93
3306,0.0001,31
3307,0.0001,793
3308,0.0001,762
3309,0.0001,1888
3310,0.0001,108
3311,0.0001,228
3312,0.0001,905
3313,0.0001,108
3314,0.0001,170
3315,0.0001,163
3316,0.0001,2204
3317,0.0001,70
3318,0.0001,614
3319,0.0001,47
3320,0.0001,0
3321,0.0001,123
3322,0.0001,955
3323,0.0001,876
3324,0.0001,1664
3325,0.0001,820
3326,0.0001,753
3327,0.0001,193
3328,0.0001,2428
3329,0.0001,108
3330,0.0001,832
3331,0.0001,188
3332,0.0001,0
3333,0.0001,855
3334,0.0001,3356
3335,0.0001,62
3336,0.0001,891
3337,0.0001,868
3338,0.0001,77
3339,0.0001,784
3340,0.0001,176
3341,0.0001,674
3342,0.0001,1708
3343,0.0001,256
3344,0.0001,1729
3345,0.0001,863
3346,0.0001,144
3347,0.0001,211
3348,0.0001,1534
3349,0.0001,210
3350,0.0001,93
3351,0.0001,720
3352,0.0001,802
3353,0.0001,62
3354,0.0001,186
3355,0.0001,3373
3356,0.0001,1055
3357,0.0001,738
3358,0.0001,32
3359,0.0001,163
3360,0.0001,190
3361,0.0001,1477
3362,0.0001,78
3363,0.0001,801
3364,0.0001,858
3365,0.0001,864
3366,0.0001,240
3367,0.0001,41
3368,0.0001,910
3369,0.0001,661
3370,0.0001,161
3371,0.0001,3031
3372,0.0001,922
3373,0.0001,1386
3374,0.0001,160
3375,0.0001,193
3376,0.0001,114
3377,0.0001,912
3378,0.0001,921
3379,0.0001,971
3380,0.0001,1058
3381,0.0001,154
3382,0.0001,2684
3383,0.0001,1669
3384,0.0001,93
3385,0.0001,802
3386,0.0001,768
3387,0.0001,163
3388,0.0001,177
3389,0.0001,124
3390,0.0001,46
3391,0.0001,123
3392,0.0001,255
3393,0.0001,113
3394,0.0001,187
3395,0.0001,770
3396,0.0001,150
3397,0.0001,16
3398,0.0001,196
3399,0.0001,931
3400,0.0001,154
3401,0.0001,1069
3402,0.0001,31
3403,0.0001,196
3404,0.0001,3016
3405,0.0001,2605
3406,0.0001,124
3407,0.0001,23
3408,0.0001,1475
3409,0.0001,1040
3410,0.0001,78
3411,0.0001,0
3412,0.0001,154
3413,0.0001,5026
3414,0.0001,2282
3415,0.0001,843
3416,0.0001,183
3417,0.0001,848
3418,0.0001,46
3419,0.0001,16
3420,0.0001,3765
3421,0.0001,1946
3422,0.0001,99
3423,0.0001,923
3424,0.0001,119
3425,0.0001,618
3426,0.0001,93
3427,0.0001,722
3428,0.0001,968
3429,0.0001,93
3430,0.0001,674
3431,0.0001,109
3432,0.0001,83
3433,0.0001,814
3434,0.0001,0
3435,0.0001,62
3436,0.0001,832
3437,0.0001,0
3438,0.0001,868
3439,0.0001,77
3440,0.0001,3960
3441,0.0001,905
3442,0.0001,92
3443,0.0001,92
3444,0.0001,1680
3445,0.0001,206
3446,0.0001,713
3447,0.0001,191
3448,0.0001,812
3449,0.0001,64
3450,0.0001,120
3451,0.0001,1427
3452,0.0001,1002
3453,0.0001,834
3454,0.0001,1581
3455,0.0001,1561
3456,0.0001,124
3457,0.0001,944
3458,0.0001,1189
3459,0.0001,612
3460,0.0001,123
3461,0.0001,98
3462,0.0001,119
3463,0.0001,123
3464,0.0001,335
3465,0.0001,31
3466,0.0001,108
3467,0.0001,1442
3468,0.0001,948
3469,0.0001,915
3470,0.0001,0
3471,0.0001,2064
3472,0.0001,2346
3473,0.0001,1384
3474,0.0001,876
3475,0.0001,768
3476,0.0001,31
3477,0.0001,133
3478,0.0001,47
3479,0.0001,69
3480,0.0001,714
3481,0.0001,93
3482,0.0001,887
3483,0.0001,840
3484,0.0001,70
3485,0.0001,1597
3486,0.0001,801
3487,0.0001,7095
3488,0.0001,123
3489,0.0001,144
3490,0.0001,319
3491,0.0001,108
3492,0.0001,1623
3493,0.0001,164
3494,0.0001,62
3495,0.0001,1081
3496,0.0001,155
3497,0.0001,70
3498,0.0001,738
3499,0.0001,155
3500,0.0001,881
3501,0.0001,263
3502,0.0001,878
3503,0.0001,939
3504,0.0001,200
3505,0.0001,155
3506,0.0001,70
3507,0.0001,47
3508,0.0001,845
3509,0.0001,240
3510,0.0001,1463
3511,0.0001,46
3512,0.0001,635
3513,0.0001,77
3514,0.0001,865
3515,0.0001,0
3516,0.0001,658
3517,0.0001,186
3518,0.0001,745
3519,0.0001,147
3520,0.0001,62
3521,0.0001,1582
3522,0.0001,139
3523,0.0001,0
3524,0.0001,46
3525,0.0001,737
3526,0.0001,1713
3527,0.0001,63
3528,0.0001,0
3529,0.0001,1751
3530,0.0001,889
3531,0.0001,124
3532,0.0001,1062
3533,0.0001,3188
3534,0.0001,4486
3535,0.0001,3815
3536,0.0001,88
3537,0.0001,139
3538,0.0001,1974
3539,0.0001,331
3540,0.0001,336
3541,0.0001,982
3542,0.0001,188
3543,0.0001,1814
3544,0.0001,768
3545,0.0001,123
3546,0.0001,139
3547,0.0001,134
3548,0.0001,2335
3549,0.0001,216
3550,0.0001,746
3551,0.0001,785
3552,0.0001,903
3553,0.0001,707
3554,0.0001,875
3555,0.0001,93
3556,0.0001,1536
3557,0.0001,298
3558,0.0001,1351
3559,0.0001,1526
3560,0.0001,62
3561,0.0001,250
3562,0.0001,676
3563,0.0001,1038
3564,0.0001,93
3565,0.0001,3922
3566,0.0001,16
3567,0.0001,770
3568,0.0001,46
3569,0.0001,637
3570,0.0001,62
3571,0.0001,46
3572,0.0001,201
3573,0.0001,117
3574,0.0001,93
3575,0.0001,73
3576,0.0001,787
3577,0.0001,137
3578,0.0001,46
3579,0.0001,148
3580,0.0001,155
3581,0.0001,1093
3582,0.0001,123
3583,0.0001,31
3584,0.0001,283
3585,0.0001,224
3586,0.0001,93
3587,0.0001,3217
3588,0.0001,799
3589,0.0001,892
3590,0.0001,323
3591,0.0001,78
3592,0.0001,287
3593,0.0001,82
3594,0.0001,83
3595,0.0001,77
3596,0.0001,748
3597,0.0001,909
3598,0.0001,763
3599,0.0001,1517
3600,0.0001,1896
3601,0.0001,185
3602,0.0001,1675
3603,0.0001,247
3604,0.0001,805
3605,0.0001,962
3606,0.0001,175
3607,0.0001,0
3608,0.0001,125
3609,0.0001,92
3610,0.0001,774
3611,0.0001,24
3612,0.0001,5006
3613,0.0001,31
3614,0.0001,4399
3615,0.0001,62
3616,0.0001,1511
3617,0.0001,46
3618,0.0001,23
3619,0.0001,123
3620,0.0001,139
3621,0.0001,1698
3622,0.0001,62
3623,0.0001,645
3624,0.0001,139
3625,0.0001,170
3626,0.0001,177
3627,0.0001,140
3628,0.0001,62
3629,0.0001,804
3630,0.0001,85
3631,0.0001,834
3632,0.0001,101
3633,0.0001,4049
3634,0.0001,46
3635,0.0001,0
3636,0.0001,170
3637,0.0001,995
3638,0.0001,832
3639,0.0001,1549
3640,0.0001,923
3641,0.0001,1906
3642,0.0001,191
3643,0.0001,62
3644,0.0001,182
3645,0.0001,125
3646,0.0001,1144
3647,0.0001,185
3648,0.0001,211
3649,0.0001,1539
3650,0.0001,156
3651,0.0001,0
3652,0.0001,77
3653,0.0001,701
3654,0.0001,78
3655,0.0001,62
3656,0.0001,2276
3657,0.0001,242
3658,0.0001,832
3659,0.0001,1638
3660,0.0001,1185
3661,0.0001,915
3662,0.0001,789
3663,0.0001,131
3664,0.0001,676
3665,0.0001,3221
3666,0.0001,957
3667,0.0001,1117
3668,0.0001,1661
3669,0.0001,742
3670,0.0001,770
3671,0.0001,202
3672,0.0001,132
3673,0.0001,250
3674,0.0001,77
3675,0.0001,139
3676,0.0001,897
3677,0.0001,237
3678,0.0001,815
3679,0.0001,206
3680,0.0001,85
3681,0.0001,0
3682,0.0001,153
3683,0.0001,1140
3684,0.0001,878
3685,0.0001,103
3686,0.0001,2559
3687,0.0001,747
3688,0.0001,177
3689,0.0001,124
3690,0.0001,935
3691,0.0001,737
3692,0.0001,132
3693,0.0001,709
3694,0.0001,953
3695,0.0001,63
3696,0.0001,1677
3697,0.0001,100
3698,0.0001,791
3699,0.0001,848
3700,0.0001,2468
3701,0.0001,938
3702,0.0001,46
3703,0.0001,1077
3704,0.0001,175
3705,0.0001,155
3706,0.0001,721
3707,0.0001,88
3708,0.0001,186
3709,0.0001,270
3710,0.0001,1683
3711,0.0001,745
3712,0.0001,1460
3713,0.0001,220
3714,0.0001,46
3715,0.0001,87
3716,0.0001,0
3717,0.0001,148
3718,0.0001,3298
3719,0.0001,31
3720,0.0001,247
3721,0.0001,175
3722,0.0001,77
3723,0.0001,181
3724,0.0001,690
3725,0.0001,134
3726,0.0001,124
3727,0.0001,191
3728,0.0001,949
3729,0.0001,0
3730,0.0001,23
3731,0.0001,728
3732,0.0001,2924
3733,0.0001,2882
3734,0.0001,167
3735,0.0001,2383
3736,0.0001,678
3737,0.0001,840
3738,0.0001,108
3739,0.0001,31
3740,0.0001,23
3741,0.0001,213
3742,0.0001,108
3743,0.0001,1019
3744,0.0001,207
3745,0.0001,2472
3746,0.0001,47
3747,0.0001,110
3748,0.0001,2255
3749,0.0001,77
3750,0.0001,674
3751,0.0001,123
3752,0.0001,198
3753,0.0001,93
3754,0.0001,802
3755,0.0001,885
3756,0.0001,1824
3757,0.0001,46
3758,0.0001,47
3759,0.0001,639
3760,0.0001,93
3761,0.0001,23
3762,0.0001,123
3763,0.0001,996
3764,0.0001,62
3765,0.0001,879
3766,0.0001,835
3767,0.0001,178
3768,0.0001,46
3769,0.0001,103
3770,0.0001,62
3771,0.0001,2832
3772,0.0001,3140
3773,0.0001,877
3774,0.0001,93
3775,0.0001,63
3776,0.0001,869
3777,0.0001,676
3778,0.0001,860
3779,0.0001,2568
3780,0.0001,46
3781,0.0001,62
3782,0.0001,616
3783,0.0001,1390
3784,0.0001,139
3785,0.0001,1195
3786,0.0001,2539
3787,0.0001,875
3788,0.0001,1943
3789,0.0001,231
3790,0.0001,78
3791,0.0001,254
3792,0.0001,1690
3793,0.0001,156
3794,0.0001,62
3795,0.0001,155
3796,0.0001,178
3797,0.0001,108
3798,0.0001,967
3799,0.0001,200
3800,0.0001,1349
3801,0.0001,711
3802,0.0001,78
3803,0.0001,1608
3804,0.0001,139
3805,0.0001,811
3806,0.0001,171
3807,0.0001,63
3808,0.0001,2876
3809,0.0001,1132
3810,0.0001,768
3811,0.0001,1559
3812,0.0001,2306
3813,0.0001,768
3814,0.0001,1668
3815,0.0001,666
3816,0.0001,967
3817,0.0001,817
3818,0.0001,0
3819,0.0001,1593
3820,0.0001,612
3821,0.0001,82
3822,0.0001,885
3823,0.0001,1047
3824,0.0001,82
3825,0.0001,3378
3826,0.0001,913
3827,0.0001,240
3828,0.0001,124
3829,0.0001,1554
3830,0.0001,1170
3831,0.0001,749
3832,0.0001,139
3833,0.0001,1505
3834,0.0001,1599
3835,0.0001,183
3836,0.0001,84
3837,0.0001,633
3838,0.0001,945
3839,0.0001,113
3840,0.0001,41
3841,0.0001,46
3842,0.0001,738
3843,0.0001,278
3844,0.0001,0
3845,0.0001,116
3846,0.0001,115
3847,0.0001,294
3848,0.0001,1120
3849,0.0001,1009
3850,0.0001,52
3851,0.0001,0
3852,0.0001,31
3853,0.0001,1613
3854,0.0001,770
3855,0.0001,179
3856,0.0001,2131
3857,0.0001,92
3858,0.0001,1539
3859,0.0001,705
3860,0.0001,959
3861,0.0001,842
3862,0.0001,877
3863,0.0001,2241
3864,0.0001,1749
3865,0.0001,1684
3866,0.0001,62
3867,0.0001,132
3868,0.0001,1198
3869,0.0001,889
3870,0.0001,47
3871,0.0001,1500
3872,0.0001,103
3873,0.0001,231
3874,0.0001,123
3875,0.0001,709
3876,0.0001,1880
3877,0.0001,1144
3878,0.0001,155
3879,0.0001,956
3880,0.0001,101
3881,0.0001,178
3882,0.0001,16
3883,0.0001,139
3884,0.0001,95
3885,0.0001,78
3886,0.0001,1752
3887,0.0001,1204
3888,0.0001,878
3889,0.0001,108
3890,0.0001,62
3891,0.0001,208
3892,0.0001,270
3893,0.0001,1607
3894,0.0001,224
3895,0.0001,1752
3896,0.0001,288
3897,0.0001,840
3898,0.0001,92
3899,0.0001,2410
3900,0.0001,862
3901,0.0001,2450
3902,0.0001,179
3903,0.0001,165
3904,0.0001,162
3905,0.0001,1523
3906,0.0001,42
3907,0.0001,3114
3908,0.0001,186
3909,0.0001,247
3910,0.0001,124
3911,0.0001,723
3912,0.0001,46
3913,0.0001,873
3914,0.0001,139
3915,0.0001,16
3916,0.0001,953
3917,0.0001,132
3918,0.0001,1444
3919,0.0001,155
3920,0.0001,83
3921,0.0001,62
3922,0.0001,3938
3923,0.0001,1739
3924,0.0001,78
3925,0.0001,191
3926,0.0001,125
3927,0.0001,16
3928,0.0001,31
3929,0.0001,838
3930,0.0001,62
3931,0.0001,923
3932,0.0001,16
3933,0.0001,753
3934,0.0001,722
3935,0.0001,801
3936,0.0001,3487
3937,0.0001,1021
3938,0.0001,999
3939,0.0001,126
3940,0.0001,738
3941,0.0001,1867
3942,0.0001,906
3943,0.0001,313
3944,0.0001,691
3945,0.0001,187
3946,0.0001,999
3947,0.0001,925
3948,0.0001,927
3949,0.0001,82
3950,0.0001,0
3951,0.0001,62
3952,0.0001,791
3953,0.0001,88
3954,0.0001,163
3955,0.0001,977
3956,0.0001,31
3957,0.0001,93
3958,0.0001,21
3959,0.0001,757
3960,0.0001,170
3961,0.0001,1607
3962,0.0001,124
3963,0.0001,1617
3964,0.0001,101
3965,0.0001,247
3966,0.0001,139
3967,0.0001,840
3968,0.0001,128
3969,0.0001,1665
3970,0.0001,907
3971,0.0001,770
3972,0.0001,647
3973,0.0001,876
3974,0.0001,680
3975,0.0001,155
3976,0.0001,101
3977,0.0001,268
3978,0.0001,170
3979,0.0001,879
3980,0.0001,788
3981,0.0001,86
3982,0.0001,62
3983,0.0001,0
3984,0.0001,123
3985,0.0001,31
3986,0.0001,689
3987,0.0001,1464
3988,0.0001,777
3989,0.0001,155
3990,0.0001,1673
3991,0.0001,215
3992,0.0001,2010
3993,0.0001,62
3994,0.0001,85
3995,0.0001,77
3996,0.0001,1030
3997,0.0001,124
3998,0.0001,109
3999,0.0001,4325
4000,0.0001,340
4001,0.0001,125
4002,0.0001,3268
4003,0.0001,237
4004,0.0001,101
4005,0.0001,1627
4006,0.0001,726
4007,0.0001,155
4008,0.0001,114
4009,0.0001,16
4010,0.0001,189
4011,0.0001,861
4012,0.0001,1777
4013,0.0001,77
4014,0.0001,2456
4015,0.0001,129
4016,0.0001,0
4017,0.0001,78
4018,0.0001,2069
4019,0.0001,2304
4020,0.0001,867
4021,0.0001,1565
4022,0.0001,104
4023,0.0001,78
4024,0.0001,0
4025,0.0001,1099
4026,0.0001,862
4027,0.0001,100
4028,0.0001,800
4029,0.0001,31
4030,0.0001,1450
4031,0.0001,79
4032,0.0001,145
4033,0.0001,837
4034,0.0001,1646
4035,0.0001,124
4036,0.0001,150
4037,0.0001,976
4038,0.0001,965
4039,0.0001,264
4040,0.0001,156
4041,0.0001,1166
4042,0.0001,1653
4043,0.0001,757
4044,0.0001,123
4045,0.0001,2171
4046,0.0001,84
4047,0.0001,1509
4048,0.0001,202
4049,0.0001,3695
4050,0.0001,1024
4051,0.0001,872
4052,0.0001,218
4053,0.0001,0
4054,0.0001,0
4055,0.0001,129
4056,0.0001,838
4057,0.0001,1913
4058,0.0001,155
4059,0.0001,847
4060,0.0001,109
4061,0.0001,1547
4062,0.0001,891
4063,0.0001,742
4064,0.0001,1493
4065,0.0001,951
4066,0.0001,655
4067,0.0001,95
4068,0.0001,54
4069,0.0001,102
4070,0.0001,1076
4071,0.0001,815
4072,0.0001,876
4073,0.0001,3077
4074,0.0001,633
4075,0.0001,134
4076,0.0001,109
4077,0.0001,804
4078,0.0001,702
4079,0.0001,85
4080,0.0001,1041
4081,0.0001,171
4082,0.0001,16
4083,0.0001,124
4084,0.0001,1542
4085,0.0001,31
4086,0.0001,1526
4087,0.0001,941
4088,0.0001,234
4089,0.0001,160
4090,0.0001,715
4091,0.0001,3142
4092,0.0001,2524
4093,0.0001,31
4094,0.0001,108
4095,0.0001,782
4096,0.0001,1363
4097,0.0001,152
4098,0.0001,1619
4099,0.0001,62
4100,0.0001,973
4101,0.0001,0
4102,0.0001,1608
4103,0.0001,219
4104,0.0001,140
4105,0.0001,848
4106,0.0001,216
4107,0.0001,0
4108,0.0001,149
4109,0.0001,147
4110,0.0001,860
4111,0.0001,62
4112,0.0001,628
4113,0.0001,101
4114,0.0001,814
4115,0.0001,796
4116,0.0001,129
4117,0.0001,31
4118,0.0001,1721
4119,0.0001,1897
4120,0.0001,0
4121,0.0001,281
4122,0.0001,144
4123,0.0001,768
4124,0.0001,3463
4125,0.0001,637
4126,0.0001,1737
4127,0.0001,2707
4128,0.0001,123
4129,0.0001,62
4130,0.0001,895
4131,0.0001,77
4132,0.0001,963
4133,0.0001,963
4134,0.0001,62
4135,0.0001,3082
4136,0.0001,907
4137,0.0001,1109
4138,0.0001,360
4139,0.0001,780
4140,0.0001,125
4141,0.0001,891
4142,0.0001,2226
4143,0.0001,125
4144,0.0001,818
4145,0.0001,2471
4146,0.0001,1842
4147,0.0001,31
4148,0.0001,47
4149,0.0001,830
4150,0.0001,1548
4151,0.0001,2114
4152,0.0001,0
4153,0.0001,4089
4154,0.0001,1518
4155,0.0001,16
4156,0.0001,1642
4157,0.0001,1695
4158,0.0001,31
4159,0.0001,0
4160,0.0001,768
4161,0.0001,2372
4162,0.0001,1116
4163,0.0001,804
4164,0.0001,63
4165,0.0001,4156
4166,0.0001,78
4167,0.0001,860
4168,0.0001,86
4169,0.0001,108
4170,0.0001,923
4171,0.0001,47
4172,0.0001,31
4173,0.0001,832
4174,0.0001,885
4175,0.0001,57
4176,0.0001,853
4177,0.0001,676
4178,0.0001,922
4179,0.0001,915
4180,0.0001,912
4181,0.0001,876
4182,0.0001,63
4183,0.0001,4898
4184,0.0001,2289
4185,0.0001,138
4186,0.0001,1226
4187,0.0001,915
4188,0.0001,705
4189,0.0001,2717
4190,0.0001,93
4191,0.0001,2853
4192,0.0001,1863
4193,0.0001,260
4194,0.0001,185
4195,0.0001,807
4196,0.0001,751
4197,0.0001,1429
4198,0.0001,93
4199,0.0001,100
4200,0.0001,0
4201,0.0001,285
4202,0.0001,62
4203,0.0001,1569
4204,0.0001,31
4205,0.0001,720
4206,0.0001,85
4207,0.0001,853
4208,0.0001,62
4209,0.0001,925
4210,0.0001,0
4211,0.0001,921
4212,0.0001,908
4213,0.0001,1123
4214,0.0001,1849
4215,0.0001,115
4216,0.0001,108
4217,0.0001,47
4218,0.0001,809
4219,0.0001,868
4220,0.0001,1534
4221,0.0001,3348
4222,0.0001,3434
4223,0.0001,171
4224,0.0001,46
4225,0.0001,1635
4226,0.0001,0
4227,0.0001,277
4228,0.0001,77
4229,0.0001,139
4230,0.0001,111
4231,0.0001,1016
4232,0.0001,801
4233,0.0001,866
4234,0.0001,907
4235,0.0001,1053
4236,0.0001,782
4237,0.0001,724
4238,0.0001,261
4239,0.0001,78
4240,0.0001,2024
4241,0.0001,46
4242,0.0001,1768
4243,0.0001,745
4244,0.0001,1830
4245,0.0001,761
4246,0.0001,136
4247,0.0001,155
4248,0.0001,2266
4249,0.0001,46
4250,0.0001,0
4251,0.0001,41
4252,0.0001,868
4253,0.0001,4246
4254,0.0001,132
4255,0.0001,1555
4256,0.0001,92
4257,0.0001,724
4258,0.0001,0
4259,0.0001,710
4260,0.0001,0
4261,0.0001,922
4262,0.0001,83
4263,0.0001,77
4264,0.0001,62
4265,0.0001,98
4266,0.0001,288
4267,0.0001,123
4268,0.0001,689
4269,0.0001,108
4270,0.0001,0
4271,0.0001,124
4272,0.0001,664
4273,0.0001,124
4274,0.0001,1136
4275,0.0001,47
4276,0.0001,160
4277,0.0001,47
4278,0.0001,85
4279,0.0001,231
4280,0.0001,1433
4281,0.0001,93
4282,0.0001,137
4283,0.0001,4682
4284,0.0001,909
4285,0.0001,171
4286,0.0001,54
4287,0.0001,160
4288,0.0001,16
4289,0.0001,62
4290,0.0001,193
4291,0.0001,16
4292,0.0001,1380
4293,0.0001,1025
4294,0.0001,1623
4295,0.0001,824
4296,0.0001,945
4297,0.0001,843
4298,0.0001,1056
4299,0.0001,200
4300,0.0001,93
4301,0.0001,154
4302,0.0001,78
4303,0.0001,217
4304,0.0001,1722
4305,0.0001,863
4306,0.0001,108
4307,0.0001,118
4308,0.0001,62
4309,0.0001,123
4310,0.0001,16
4311,0.0001,784
4312,0.0001,874
4313,0.0001,3149
4314,0.0001,108
4315,0.0001,94
4316,0.0001,2323
4317,0.0001,92
4318,0.0001,103
4319,0.0001,192
4320,0.0001,23
4321,0.0001,1516
4322,0.0001,1644
4323,0.0001,147
4324,0.0001,903
4325,0.0001,951
4326,0.0001,1011
4327,0.0001,707
4328,0.0001,1100
4329,0.0001,0
4330,0.0001,1480
4331,0.0001,108
4332,0.0001,840
4333,0.0001,139
4334,0.0001,93
4335,0.0001,3291
4336,0.0001,3956
4337,0.0001,78
4338,0.0001,0
4339,0.0001,775
4340,0.0001,232
4341,0.0001,981
4342,0.0001,1619
4343,0.0001,807
4344,0.0001,93
4345,0.0001,0
4346,0.0001,124
4347,0.0001,681
4348,0.0001,169
4349,0.0001,2565
4350,0.0001,93
4351,0.0001,131
4352,0.0001,932
4353,0.0001,735
4354,0.0001,31
4355,0.0001,1604
4356,0.0001,4776
4357,0.0001,869
4358,0.0001,1629
4359,0.0001,3083
4360,0.0001,31
4361,0.0001,335
4362,0.0001,100
4363,0.0001,146
4364,0.0001,1086
4365,0.0001,2310
4366,0.0001,1618
4367,0.0001,2185
4368,0.0001,123
4369,0.0001,131
4370,0.0001,689
4371,0.0001,814
4372,0.0001,32
4373,0.0001,677
4374,0.0001,2553
4375,0.0001,4189
4376,0.0001,62
4377,0.0001,62
4378,0.0001,2461
4379,0.0001,1702
4380,0.0001,175
4381,0.0001,3994
4382,0.0001,863
4383,0.0001,915
4384,0.0001,976
4385,0.0001,124
4386,0.0001,145
4387,0.0001,1207
4388,0.0001,47
4389,0.0001,977
4390,0.0001,799
4391,0.0001,139
4392,0.0001,768
4393,0.0001,835
4394,0.0001,31
4395,0.0001,894
4396,0.0001,619
4397,0.0001,1102
4398,0.0001,157
4399,0.0001,202
4400,0.0001,62
4401,0.0001,2268
4402,0.0001,2237
4403,0.0001,2299
4404,0.0001,136
4405,0.0001,1457
4406,0.0001,152
4407,0.0001,1217
4408,0.0001,85
4409,0.0001,4103
4410,0.0001,78
4411,0.0001,91
4412,0.0001,923
4413,0.0001,814
4414,0.0001,147
4415,0.0001,833
4416,0.0001,775
4417,0.0001,131
4418,0.0001,54
4419,0.0001,162
4420,0.0001,1003
4421,0.0001,31
4422,0.0001,0
4423,0.0001,0
4424,0.0001,62
4425,0.0001,0
4426,0.0001,894
4427,0.0001,208
4428,0.0001,1751
4429,0.0001,1562
4430,0.0001,0
4431,0.0001,921
4432,0.0001,1606
4433,0.0001,830
4434,0.0001,209
4435,0.0001,62
4436,0.0001,676
4437,0.0001,1505
4438,0.0001,62
4439,0.0001,1271
4440,0.0001,879
4441,0.0001,994
4442,0.0001,1181
4443,0.0001,109
4444,0.0001,54
4445,0.0001,148
4446,0.0001,240
4447,0.0001,1425
4448,0.0001,0
4449,0.0001,124
4450,0.0001,47
4451,0.0001,94
4452,0.0001,108
4453,0.0001,941
4454,0.0001,238
4455,0.0001,156
4456,0.0001,812
4457,0.0001,207
4458,0.0001,46
4459,0.0001,0
4460,0.0001,1698
4461,0.0001,1722
4462,0.0001,299
4463,0.0001,2389
4464,0.0001,799
4465,0.0001,94
4466,0.0001,144
4467,0.0001,775
4468,0.0001,46
4469,0.0001,847
4470,0.0001,711
4471,0.0001,3363
4472,0.0001,121
4473,0.0001,62
4474,0.0001,826
4475,0.0001,801
4476,0.0001,797
4477,0.0001,108
4478,0.0001,201
4479,0.0001,278
4480,0.0001,100
4481,0.0001,77
4482,0.0001,31
4483,0.0001,62
4484,0.0001,1872
4485,0.0001,186
4486,0.0001,148
4487,0.0001,85
4488,0.0001,725
4489,0.0001,31
4490,0.0001,16
4491,0.0001,77
4492,0.0001,658
4493,0.0001,919
4494,0.0001,93
4495,0.0001,805
4496,0.0001,2196
4497,0.0001,0
4498,0.0001,144
4499,0.0001,1659
4500,0.0001,1224
4501,0.0001,108
4502,0.0001,106
4503,0.0001,155
4504,0.0001,62
4505,0.0001,160
4506,0.0001,1047
4507,0.0001,1639
4508,0.0001,3989
4509,0.0001,645
4510,0.0001,764
4511,0.0001,62
4512,0.0001,39
4513,0.0001,926
4514,0.0001,1598
4515,0.0001,856
4516,0.0001,2601
4517,0.0001,806
4518,0.0001,820
4519,0.0001,2317
4520,0.0001,46
4521,0.0001,140
4522,0.0001,206
4523,0.0001,254
4524,0.0001,176
4525,0.0001,162
4526,0.0001,175
4527,0.0001,830
4528,0.0001,814
4529,0.0001,846
4530,0.0001,147
4531,0.0001,78
4532,0.0001,93
4533,0.0001,833
4534,0.0001,961
4535,0.0001,178
4536,0.0001,129
4537,0.0001,957
4538,0.0001,748
4539,0.0001,781
4540,0.0001,3882
4541,0.0001,139
4542,0.0001,925
4543,0.0001,141
4544,0.0001,114
4545,0.0001,2353
4546,0.0001,922
4547,0.0001,185
4548,0.0001,1847
4549,0.0001,300
4550,0.0001,116
4551,0.0001,133
4552,0.0001,139
4553,0.0001,83
4554,0.0001,861
4555,0.0001,200
4556,0.0001,1908
4557,0.0001,125
4558,0.0001,46
4559,0.0001,1428
4560,0.0001,2489
4561,0.0001,952
4562,0.0001,851
4563,0.0001,47
4564,0.0001,834
4565,0.0001,255
4566,0.0001,93
4567,0.0001,93
4568,0.0001,773
4569,0.0001,78
4570,0.0001,1882
4571,0.0001,210
4572,0.0001,2269
4573,0.0001,735
4574,0.0001,69
4575,0.0001,93
4576,0.0001,185
4577,0.0001,1669
4578,0.0001,109
4579,0.0001,144
4580,0.0001,62
4581,0.0001,101
4582,0.0001,830
4583,0.0001,0
4584,0.0001,16
4585,0.0001,773
4586,0.0001,2174
4587,0.0001,147
4588,0.0001,674
4589,0.0001,240
4590,0.0001,62
4591,0.0001,46
4592,0.0001,123
4593,0.0001,16
4594,0.0001,82
4595,0.0001,2658
4596,0.0001,62
4597,0.0001,658
4598,0.0001,799
4599,0.0001,255
4600,0.0001,189
4601,0.0001,1247
4602,0.0001,0
4603,0.0001,1075
4604,0.0001,670
4605,0.0001,768
4606,0.0001,187
4607,0.0001,766
4608,0.0001,947
4609,0.0001,812
4610,0.0001,1220
4611,0.0001,124
4612,0.0001,62
4613,0.0001,0
4614,0.0001,16
4615,0.0001,202
4616,0.0001,832
4617,0.0001,101
4618,0.0001,2320
4619,0.0001,62
4620,0.0001,0
4621,0.0001,923
4622,0.0001,3408
4623,0.0001,835
4624,0.0001,85
4625,0.0001,62
4626,0.0001,1024
4627,0.0001,818
4628,0.0001,62
4629,0.0001,1610
4630,0.0001,1552
4631,0.0001,1608
4632,0.0001,216
4633,0.0001,0
4634,0.0001,0
4635,0.0001,0
4636,0.0001,800
4637,0.0001,959
4638,0.0001,2467
4639,0.0001,146
4640,0.0001,2009
4641,0.0001,2467
4642,0.0001,170
4643,0.0001,720
4644,0.0001,770
4645,0.0001,931
4646,0.0001,85
4647,0.0001,3706
4648,0.0001,110
4649,0.0001,264
4650,0.0001,0
4651,0.0001,273
4652,0.0001,695
4653,0.0001,701
4654,0.0001,201
4655,0.0001,55
4656,0.0001,124
4657,0.0001,139
4658,0.0001,751
4659,0.0001,1168
4660,0.0001,5214
4661,0.0001,224
4662,0.0001,129
4663,0.0001,156
4664,0.0001,817
4665,0.0001,690
4666,0.0001,851
4667,0.0001,108
4668,0.0001,3405
4669,0.0001,62
4670,0.0001,185
4671,0.0001,1660
4672,0.0001,2501
4673,0.0001,62
4674,0.0001,93
4675,0.0001,796
4676,0.0001,216
4677,0.0001,1028
4678,0.0001,142
4679,0.0001,3756
4680,0.0001,154
4681,0.0001,747
4682,0.0001,2484
4683,0.0001,283
4684,0.0001,154
4685,0.0001,93
4686,0.0001,54
4687,0.0001,52
4688,0.0001,0
4689,0.0001,3114
4690,0.0001,1705
4691,0.0001,756
4692,0.0001,1669
4693,0.0001,93
4694,0.0001,342
4695,0.0001,6707
4696,0.0001,154
4697,0.0001,116
4698,0.0001,108
4699,0.0001,751
4700,0.0001,4397
4701,0.0001,2351
4702,0.0001,907
4703,0.0001,137
4704,0.0001,1531
4705,0.0001,94
4706,0.0001,93
4707,0.0001,77
4708,0.0001,889
4709,0.0001,202
4710,0.0001,0
4711,0.0001,258
4712,0.0001,1471
4713,0.0001,86
4714,0.0001,1732
4715,0.0001,187
4716,0.0001,141
4717,0.0001,101
4718,0.0001,0
4719,0.0001,231
4720,0.0001,2588
4721,0.0001,47
4722,0.0001,121
4723,0.0001,93
4724,0.0001,1182
4725,0.0001,1446
4726,0.0001,155
4727,0.0001,62
4728,0.0001,809
4729,0.0001,209
4730,0.0001,2673
4731,0.0001,78
4732,0.0001,766
4733,0.0001,1470
4734,0.0001,162
4735,0.0001,62
4736,0.0001,31
4737,0.0001,82
4738,0.0001,259
4739,0.0001,100
4740,0.0001,264
4741,0.0001,922
4742,0.0001,31
4743,0.0001,109
4744,0.0001,211
4745,0.0001,2148
4746,0.0001,100
4747,0.0001,228
4748,0.0001,3671
4749,0.0001,915
4750,0.0001,88
4751,0.0001,1041
4752,0.0001,63
4753,0.0001,62
4754,0.0001,83
4755,0.0001,1541
4756,0.0001,47
4757,0.0001,737
4758,0.0001,725
4759,0.0001,1616
4760,0.0001,187
4761,0.0001,889
4762,0.0001,1472
4763,0.0001,706
4764,0.0001,1780
4765,0.0001,848
4766,0.0001,93
4767,0.0001,124
4768,0.0001,1377
4769,0.0001,854
4770,0.0001,3161
4771,0.0001,93
4772,0.0001,100
4773,0.0001,108
4774,0.0001,85
4775,0.0001,1151
4776,0.0001,4431
4777,0.0001,1695
4778,0.0001,46
4779,0.0001,2442
4780,0.0001,23
4781,0.0001,62
4782,0.0001,93
4783,0.0001,860
4784,0.0001,829
4785,0.0001,956
4786,0.0001,62
4787,0.0001,224
4788,0.0001,2992
4789,0.0001,3261
4790,0.0001,62
4791,0.0001,728
4792,0.0001,54
4793,0.0001,804
4794,0.0001,77
4795,0.0001,915
4796,0.0001,1079
4797,0.0001,8448
4798,0.0001,154
4799,0.0001,786
4800,0.0001,168
4801,0.0001,1827
4802,0.0001,753
4803,0.0001,1503
4804,0.0001,207
4805,0.0001,77
4806,0.0001,878
4807,0.0001,125
4808,0.0001,3727
4809,0.0001,170
4810,0.0001,1024
4811,0.0001,178
4812,0.0001,830
4813,0.0001,866
4814,0.0001,187
4815,0.0001,881
4816,0.0001,892
4817,0.0001,768
4818,0.0001,871
4819,0.0001,1438
4820,0.0001,910
4821,0.0001,201
4822,0.0001,3698
4823,0.0001,3091
4824,0.0001,1767
4825,0.0001,185
4826,0.0001,101
4827,0.0001,169
4828,0.0001,201
4829,0.0001,73
4830,0.0001,837
4831,0.0001,2247
4832,0.0001,614
4833,0.0001,751
4834,0.0001,1711
4835,0.0001,614
4836,0.0001,185
4837,0.0001,46
4838,0.0001,85
4839,0.0001,163
4840,0.0001,78
4841,0.0001,140
4842,0.0001,62
4843,0.0001,2503
4844,0.0001,786
4845,0.0001,802
4846,0.0001,144
4847,0.0001,1096
4848,0.0001,194
4849,0.0001,806
4850,0.0001,1666
4851,0.0001,123
4852,0.0001,124
4853,0.0001,263
4854,0.0001,310
4855,0.0001,31
4856,0.0001,981
4857,0.0001,852
4858,0.0001,16
4859,0.0001,3195
4860,0.0001,799
4861,0.0001,200
4862,0.0001,154
4863,0.0001,169
4864,0.0001,139
4865,0.0001,44
4866,0.0001,845
4867,0.0001,842
4868,0.0001,777
4869,0.0001,93
4870,0.0001,116
4871,0.0001,31
4872,0.0001,860
4873,0.0001,31
4874,0.0001,1025
4875,0.0001,923
4876,0.0001,108
4877,0.0001,173
4878,0.0001,47
4879,0.0001,3257
4880,0.0001,85
4881,0.0001,116
4882,0.0001,765
4883,0.0001,2547
4884,0.0001,904
4885,0.0001,62
4886,0.0001,1888
4887,0.0001,134
4888,0.0001,242
4889,0.0001,919
4890,0.0001,689
4891,0.0001,1038
4892,0.0001,113
4893,0.0001,728
4894,0.0001,895
4895,0.0001,220
4896,0.0001,1086
4897,0.0001,209
4898,0.0001,94
4899,0.0001,170
4900,0.0001,85
4901,0.0001,941
4902,0.0001,1693
4903,0.0001,674
4904,0.0001,47
4905,0.0001,2714
4906,0.0001,62
4907,0.0001,715
4908,0.0001,108
4909,0.0001,77
4910,0.0001,165
4911,0.0001,201
4912,0.0001,1685
4913,0.0001,818
4914,0.0001,1859
4915,0.0001,940
4916,0.0001,1019
4917,0.0001,0
4918,0.0001,952
4919,0.0001,63
4920,0.0001,1552
4921,0.0001,23
4922,0.0001,2045
4923,0.0001,46
4924,0.0001,62
4925,0.0001,31
4926,0.0001,938
4927,0.0001,31
4928,0.0001,125
4929,0.0001,1529
4930,0.0001,191
4931,0.0001,0
4932,0.0001,1633
4933,0.0001,23
4934,0.0001,140
4935,0.0001,108
4936,0.0001,139
4937,0.0001,125
4938,0.0001,738
4939,0.0001,62
4940,0.0001,2258
4941,0.0001,1135
4942,0.0001,1975
4943,0.0001,47
4944,0.0001,770
4945,0.0001,139
4946,0.0001,62
4947,0.0001,188
4948,0.0001,4139
4949,0.0001,612
4950,0.0001,1673
4951,0.0001,2537
4952,0.0001,170
4953,0.0001,339
4954,0.0001,1061
4955,0.0001,104
4956,0.0001,880
4957,0.0001,1296
4958,0.0001,178
4959,0.0001,824
4960,0.0001,23
4961,0.0001,907
4962,0.0001,109
4963,0.0001,799
4964,0.0001,77
4965,0.0001,78
4966,0.0001,31
4967,0.0001,109
4968,0.0001,1550
4969,0.0001,2343
4970,0.0001,1142
4971,0.0001,2934
4972,0.0001,145
4973,0.0001,897
4974,0.0001,2390
4975,0.0001,235
4976,0.0001,110
4977,0.0001,2121
4978,0.0001,2060
4979,0.0001,190
4980,0.0001,2171
4981,0.0001,2334
4982,0.0001,3652
4983,0.0001,787
4984,0.0001,79
4985,0.0001,186
4986,0.0001,101
4987,0.0001,674
4988,0.0001,1471
4989,0.0001,147
4990,0.0001,139
4991,0.0001,209
4992,0.0001,1461
4993,0.0001,146
4994,0.0001,3951
4995,0.0001,1024
4996,0.0001,145
4997,0.0001,117
4998,0.0001,54
4999,0.0001,0
5000,0.0001,62
5001,0.0001,198
5002,0.0001,923
5003,0.0001,177
5004,0.0001,3299
5005,0.0001,717
5006,0.0001,119
5007,0.0001,62
5008,0.0001,864
5009,0.0001,816
5010,0.0001,0
5011,0.0001,169
5012,0.0001,832
5013,0.0001,971
5014,0.0001,62
5015,0.0001,853
5016,0.0001,154
5017,0.0001,173
5018,0.0001,0
5019,0.0001,3195
5020,0.0001,768
5021,0.0001,16
5022,0.0001,1698
5023,0.0001,47
5024,0.0001,46
5025,0.0001,154
5026,0.0001,919
5027,0.0001,108
5028,0.0001,2698
5029,0.0001,52
5030,0.0001,999
5031,0.0001,185
5032,0.0001,16
5033,0.0001,31
5034,0.0001,87
5035,0.0001,725
5036,0.0001,2774
5037,0.0001,1721
5038,0.0001,878
5039,0.0001,93
5040,0.0001,859
5041,0.0001,16
5042,0.0001,244
5043,0.0001,4712
5044,0.0001,750
5045,0.0001,70
5046,0.0001,3186
5047,0.0001,62
5048,0.0001,236
5049,0.0001,1645
5050,0.0001,215
5051,0.0001,100
5052,0.0001,118
5053,0.0001,930
5054,0.0001,3156
5055,0.0001,973
5056,0.0001,1814
5057,0.0001,660
5058,0.0001,1556
5059,0.0001,1436
5060,0.0001,31
5061,0.0001,1880
5062,0.0001,814
5063,0.0001,1104
5064,0.0001,101
5065,0.0001,124
5066,0.0001,879
5067,0.0001,883
5068,0.0001,156
5069,0.0001,132
5070,0.0001,902
5071,0.0001,109
5072,0.0001,1617
5073,0.0001,62
5074,0.0001,876
5075,0.0001,875
5076,0.0001,77
5077,0.0001,154
5078,0.0001,1473
5079,0.0001,101
5080,0.0001,154
5081,0.0001,36
5082,0.0001,664
5083,0.0001,1541
5084,0.0001,678
5085,0.0001,689
5086,0.0001,953
5087,0.0001,1634
5088,0.0001,2301
5089,0.0001,1444
5090,0.0001,866
5091,0.0001,93
5092,0.0001,116
5093,0.0001,1449
5094,0.0001,46
5095,0.0001,692
5096,0.0001,376
5097,0.0001,154
5098,0.0001,664
5099,0.0001,93
5100,0.0001,813
5101,0.0001,884
5102,0.0001,932
5103,0.0001,123
5104,0.0001,686
5105,0.0001,3234
5106,0.0001,89
5107,0.0001,129
5108,0.0001,103
5109,0.0001,109
5110,0.0001,922
5111,0.0001,938
5112,0.0001,47
5113,0.0001,3578
5114,0.0001,187
5115,0.0001,62
5116,0.0001,191
5117,0.0001,853
5118,0.0001,269
5119,0.0001,78
5120,0.0001,1738
5121,0.0001,198
5122,0.0001,155
5123,0.0001,48
5124,0.0001,916
5125,0.0001,863
5126,0.0001,907
5127,0.0001,190
5128,0.0001,825
5129,0.0001,193
5130,0.0001,208
5131,0.0001,92
5132,0.0001,46
5133,0.0001,0
5134,0.0001,1567
5135,0.0001,774
5136,0.0001,917
5137,0.0001,3772
5138,0.0001,934
5139,0.0001,720
5140,0.0001,2361
5141,0.0001,1313
5142,0.0001,155
5143,0.0001,693
5144,0.0001,299
5145,0.0001,907
5146,0.0001,57
5147,0.0001,126
5148,0.0001,116
5149,0.0001,905
5150,0.0001,907
5151,0.0001,31
5152,0.0001,2013
5153,0.0001,2150
5154,0.0001,0
5155,0.0001,209
5156,0.0001,891
5157,0.0001,1448
5158,0.0001,62
5159,0.0001,1562
5160,0.0001,927
5161,0.0001,294
5162,0.0001,793
5163,0.0001,853
5164,0.0001,770
5165,0.0001,1193
5166,0.0001,144
5167,0.0001,124
5168,0.0001,819
5169,0.0001,0
5170,0.0001,5427
5171,0.0001,134
5172,0.0001,722
5173,0.0001,886
5174,0.0001,0
5175,0.0001,123
5176,0.0001,1608
5177,0.0001,104
5178,0.0001,2353
5179,0.0001,46
5180,0.0001,124
5181,0.0001,93
5182,0.0001,77
5183,0.0001,0
5184,0.0001,255
5185,0.0001,1434
5186,0.0001,310
5187,0.0001,170
5188,0.0001,214
5189,0.0001,0
5190,0.0001,5549
5191,0.0001,0
5192,0.0001,796
5193,0.0001,201
5194,0.0001,115
5195,0.0001,233
5196,0.0001,310
5197,0.0001,103
5198,0.0001,837
5199,0.0001,0
5200,0.0001,338
5201,0.0001,92
5202,0.0001,773
5203,0.0001,916
5204,0.0001,784
5205,0.0001,228
5206,0.0001,124
5207,0.0001,6011
5208,0.0001,751
5209,0.0001,662
5210,0.0001,31
5211,0.0001,147
5212,0.0001,62
5213,0.0001,853
5214,0.0001,39
5215,0.0001,102
5216,0.0001,147
5217,0.0001,195
5218,0.0001,1636
5219,0.0001,171
5220,0.0001,109
5221,0.0001,98
5222,0.0001,86
5223,0.0001,79
5224,0.0001,113
5225,0.0001,1780
5226,0.0001,915
5227,0.0001,62
5228,0.0001,62
5229,0.0001,978
5230,0.0001,131
5231,0.0001,4026
5232,0.0001,155
5233,0.0001,3788
5234,0.0001,0
5235,0.0001,822
5236,0.0001,1566
5237,0.0001,852
5238,0.0001,47
5239,0.0001,1200
5240,0.0001,899
5241,0.0001,270
5242,0.0001,196
5243,0.0001,863
5244,0.0001,70
5245,0.0001,0
5246,0.0001,16
5247,0.0001,3938
5248,0.0001,121
5249,0.0001,300
5250,0.0001,347
5251,0.0001,148
5252,0.0001,2397
5253,0.0001,155
5254,0.0001,1605
5255,0.0001,229
5256,0.0001,612
5257,0.0001,103
5258,0.0001,0
5259,0.0001,133
5260,0.0001,927
5261,0.0001,800
5262,0.0001,85
5263,0.0001,262
5264,0.0001,3170
5265,0.0001,935
5266,0.0001,1151
5267,0.0001,1603
5268,0.0001,1795
5269,0.0001,3385
5270,0.0001,1434
5271,0.0001,829
5272,0.0001,1488
5273,0.0001,155
5274,0.0001,1795
5275,0.0001,46
5276,0.0001,1540
5277,0.0001,0
5278,0.0001,832
5279,0.0001,63
5280,0.0001,850
5281,0.0001,1634
5282,0.0001,31
5283,0.0001,254
5284,0.0001,687
5285,0.0001,773
5286,0.0001,1639
5287,0.0001,3012
5288,0.0001,785
5289,0.0001,1286
5290,0.0001,0
5291,0.0001,720
5292,0.0001,807
5293,0.0001,961
5294,0.0001,1595
5295,0.0001,1539
5296,0.0001,3365
5297,0.0001,109
5298,0.0001,228
5299,0.0001,1380
5300,0.0001,1729
5301,0.0001,79
5302,0.0001,82
5303,0.0001,843
5304,0.0001,1559
5305,0.0001,93
5306,0.0001,55
5307,0.0001,31
5308,0.0001,809
5309,0.0001,711
5310,0.0001,216
5311,0.0001,927
5312,0.0001,4042
5313,0.0001,77
5314,0.0001,662
5315,0.0001,1506
5316,0.0001,110
5317,0.0001,888
5318,0.0001,92
5319,0.0001,100
5320,0.0001,200
5321,0.0001,129
5322,0.0001,78
5323,0.0001,881
5324,0.0001,201
5325,0.0001,0
5326,0.0001,153
5327,0.0001,170
5328,0.0001,2455
5329,0.0001,693
5330,0.0001,1128
5331,0.0001,169
5332,0.0001,1124
5333,0.0001,826
5334,0.0001,247
5335,0.0001,789
5336,0.0001,3416
5337,0.0001,250
5338,0.0001,3241
5339,0.0001,927
5340,0.0001,990
5341,0.0001,647
5342,0.0001,1068
5343,0.0001,941
5344,0.0001,876
5345,0.0001,186
5346,0.0001,3130
5347,0.0001,651
5348,0.0001,188
5349,0.0001,905
5350,0.0001,1442
5351,0.0001,907
5352,0.0001,0
5353,0.0001,907
5354,0.0001,2422
5355,0.0001,658
5356,0.0001,217
5357,0.0001,2608
5358,0.0001,123
5359,0.0001,47
5360,0.0001,255
5361,0.0001,1834
5362,0.0001,41
5363,0.0001,54
5364,0.0001,62
5365,0.0001,0
5366,0.0001,31
5367,0.0001,233
5368,0.0001,1655
5369,0.0001,46
5370,0.0001,3217
5371,0.0001,216
5372,0.0001,674
5373,0.0001,0
5374,0.0001,720
5375,0.0001,660
5376,0.0001,155
5377,0.0001,139
5378,0.0001,47
5379,0.0001,3478
5380,0.0001,0
5381,0.0001,62
5382,0.0001,935
5383,0.0001,1013
5384,0.0001,2318
5385,0.0001,92
5386,0.0001,62
5387,0.0001,54
5388,0.0001,704
5389,0.0001,170
5390,0.0001,294
5391,0.0001,660
5392,0.0001,1015
5393,0.0001,41
5394,0.0001,657
5395,0.0001,44
5396,0.0001,662
5397,0.0001,851
5398,0.0001,901
5399,0.0001,884
5400,0.0001,1310
5401,0.0001,4449
5402,0.0001,0
5403,0.0001,171
5404,0.0001,3157
5405,0.0001,86
5406,0.0001,411
5407,0.0001,1472
5408,0.0001,311
5409,0.0001,93
5410,0.0001,83
5411,0.0001,753
5412,0.0001,93
5413,0.0001,42
5414,0.0001,1334
5415,0.0001,744
5416,0.0001,956
5417,0.0001,71
5418,0.0001,258
5419,0.0001,3196
5420,0.0001,1611
5421,0.0001,891
5422,0.0001,340
5423,0.0001,123
5424,0.0001,16
5425,0.0001,891
5426,0.0001,736
5427,0.0001,70
5428,0.0001,92
5429,0.0001,256
5430,0.0001,1359
5431,0.0001,1814
5432,0.0001,145
5433,0.0001,2221
5434,0.0001,1652
5435,0.0001,722
5436,0.0001,2176
5437,0.0001,170
5438,0.0001,114
5439,0.0001,925
5440,0.0001,47
5441,0.0001,151
5442,0.0001,1263
5443,0.0001,216
5444,0.0001,67
5445,0.0001,267
5446,0.0001,738
5447,0.0001,780
5448,0.0001,0
5449,0.0001,902
5450,0.0001,1538
5451,0.0001,47
5452,0.0001,0
5453,0.0001,3058
5454,0.0001,16
5455,0.0001,782
5456,0.0001,3795
5457,0.0001,123
5458,0.0001,31
5459,0.0001,47
5460,0.0001,93
5461,0.0001,82
5462,0.0001,708
5463,0.0001,190
5464,0.0001,46
5465,0.0001,124
5466,0.0001,1484
5467,0.0001,77
5468,0.0001,720
5469,0.0001,63
5470,0.0001,2330
5471,0.0001,674
5472,0.0001,232
5473,0.0001,145
5474,0.0001,169
5475,0.0001,797
5476,0.0001,258
5477,0.0001,123
5478,0.0001,193
5479,0.0001,994
5480,0.0001,2385
5481,0.0001,147
5482,0.0001,878
5483,0.0001,136
5484,0.0001,114
5485,0.0001,3160
5486,0.0001,31
5487,0.0001,910
5488,0.0001,676
5489,0.0001,205
5490,0.0001,140
5491,0.0001,817
5492,0.0001,90
5493,0.0001,78
5494,0.0001,0
5495,0.0001,55
5496,0.0001,863
5497,0.0001,992
5498,0.0001,62
5499,0.0001,963
5500,0.0001,194
5501,0.0001,89
5502,0.0001,3165
5503,0.0001,302
5504,0.0001,0
5505,0.0001,224
5506,0.0001,946
5507,0.0001,2424
5508,0.0001,704
5509,0.0001,1421
5510,0.0001,139
5511,0.0001,31
5512,0.0001,62
5513,0.0001,902
5514,0.0001,1741
5515,0.0001,1647
5516,0.0001,0
5517,0.0001,984
5518,0.0001,62
5519,0.0001,184
5520,0.0001,231
5521,0.0001,677
5522,0.0001,1663
5523,0.0001,206
5524,0.0001,996
5525,0.0001,2556
5526,0.0001,1641
5527,0.0001,152
5528,0.0001,4364
5529,0.0001,175
5530,0.0001,132
5531,0.0001,1413
5532,0.0001,1492
5533,0.0001,118
5534,0.0001,2151
5535,0.0001,830
5536,0.0001,77
5537,0.0001,1029
5538,0.0001,85
5539,0.0001,252
5540,0.0001,1760
5541,0.0001,801
5542,0.0001,23
5543,0.0001,6283
5544,0.0001,170
5545,0.0001,250
5546,0.0001,141
5547,0.0001,204
5548,0.0001,737
5549,0.0001,2472
5550,0.0001,123
5551,0.0001,54
5552,0.0001,31
5553,0.0001,692
5554,0.0001,758
5555,0.0001,2385
5556,0.0001,1760
5557,0.0001,23
5558,0.0001,612
5559,0.0001,0
5560,0.0001,825
5561,0.0001,758
5562,0.0001,279
5563,0.0001,155
5564,0.0001,88
5565,0.0001,1179
5566,0.0001,1767
5567,0.0001,878
5568,0.0001,1601
5569,0.0001,2828
5570,0.0001,891
5571,0.0001,109
5572,0.0001,0
5573,0.0001,888
5574,0.0001,1405
5575,0.0001,871
5576,0.0001,277
5577,0.0001,804
5578,0.0001,179
5579,0.0001,724
5580,0.0001,849
5581,0.0001,31
5582,0.0001,857
5583,0.0001,987
5584,0.0001,1086
5585,0.0001,46
5586,0.0001,201
5587,0.0001,148
5588,0.0001,54
5589,0.0001,108
5590,0.0001,3354
5591,0.0001,69
5592,0.0001,0
5593,0.0001,272
5594,0.0001,243
5595,0.0001,46
5596,0.0001,1546
5597,0.0001,658
5598,0.0001,193
5599,0.0001,1015
5600,0.0001,109
5601,0.0001,124
5602,0.0001,0
5603,0.0001,887
5604,0.0001,1531
5605,0.0001,3472
5606,0.0001,1613
5607,0.0001,46
5608,0.0001,62
5609,0.0001,840
5610,0.0001,226
5611,0.0001,1695
5612,0.0001,185
5613,0.0001,119
5614,0.0001,393
5615,0.0001,85
5616,0.0001,105
5617,0.0001,674
5618,0.0001,202
5619,0.0001,85
5620,0.0001,873
5621,0.0001,1488
5622,0.0001,2515
5623,0.0001,999
5624,0.0001,784
5625,0.0001,673
5626,0.0001,62
5627,0.0001,2361
5628,0.0001,682
5629,0.0001,1431
5630,0.0001,645
5631,0.0001,31
5632,0.0001,1593
5633,0.0001,85
5634,0.0001,765
5635,0.0001,62
5636,0.0001,228
5637,0.0001,46
5638,0.0001,270
5639,0.0001,84
5640,0.0001,3076
5641,0.0001,1050
5642,0.0001,93
5643,0.0001,176
5644,0.0001,845
5645,0.0001,31
5646,0.0001,1567
5647,0.0001,1559
5648,0.0001,108
5649,0.0001,1569
5650,0.0001,844
5651,0.0001,743
5652,0.0001,643
5653,0.0001,1686
5654,0.0001,85
5655,0.0001,85
5656,0.0001,768
5657,0.0001,3298
5658,0.0001,837
5659,0.0001,1001
5660,0.0001,31
5661,0.0001,54
5662,0.0001,3207
5663,0.0001,54
5664,0.0001,704
5665,0.0001,887
5666,0.0001,660
5667,0.0001,124
5668,0.0001,240
5669,0.0001,123
5670,0.0001,116
5671,0.0001,46
5672,0.0001,155
5673,0.0001,210
5674,0.0001,2419
5675,0.0001,628
5676,0.0001,46
5677,0.0001,766
5678,0.0001,108
5679,0.0001,3958
5680,0.0001,817
5681,0.0001,892
5682,0.0001,3529
5683,0.0001,955
5684,0.0001,829
5685,0.0001,975
5686,0.0001,39
5687,0.0001,83
5688,0.0001,239
5689,0.0001,62
5690,0.0001,216
5691,0.0001,77
5692,0.0001,47
5693,0.0001,130
5694,0.0001,69
5695,0.0001,786
5696,0.0001,0
5697,0.0001,837
5698,0.0001,624
5699,0.0001,920
5700,0.0001,77
5701,0.0001,85
5702,0.0001,1430
5703,0.0001,1496
5704,0.0001,664
5705,0.0001,169
5706,0.0001,860
5707,0.0001,157
5708,0.0001,1788
5709,0.0001,0
5710,0.0001,1585
5711,0.0001,3483
5712,0.0001,137
5713,0.0001,832
5714,0.0001,108
5715,0.0001,1723
5716,0.0001,246
5717,0.0001,1716
5718,0.0001,883
5719,0.0001,200
5720,0.0001,78
5721,0.0001,643
5722,0.0001,633
5723,0.0001,2444
5724,0.0001,93
5725,0.0001,31
5726,0.0001,62
5727,0.0001,85
5728,0.0001,891
5729,0.0001,876
5730,0.0001,41
5731,0.0001,986
5732,0.0001,86
5733,0.0001,674
5734,0.0001,801
5735,0.0001,1088
5736,0.0001,47
5737,0.0001,231
5738,0.0001,761
5739,0.0001,3087
5740,0.0001,976
5741,0.0001,3355
5742,0.0001,124
5743,0.0001,114
5744,0.0001,92
5745,0.0001,3247
5746,0.0001,1532
5747,0.0001,1446
5748,0.0001,54
5749,0.0001,743
5750,0.0001,16
5751,0.0001,94
5752,0.0001,768
5753,0.0001,155
5754,0.0001,3259
5755,0.0001,132
5756,0.0001,2866
5757,0.0001,31
5758,0.0001,123
5759,0.0001,46
5760,0.0001,876
5761,0.0001,1722
5762,0.0001,188
5763,0.0001,77
5764,0.0001,108
5765,0.0001,209
5766,0.0001,16
5767,0.0001,170
5768,0.0001,93
5769,0.0001,2537
5770,0.0001,450
5771,0.0001,4601
5772,0.0001,46
5773,0.0001,75
5774,0.0001,186
5775,0.0001,1452
5776,0.0001,1421
5777,0.0001,774
5778,0.0001,227
5779,0.0001,221
5780,0.0001,751
5781,0.0001,1555
5782,0.0001,701
5783,0.0001,46
5784,0.0001,46
5785,0.0001,768
5786,0.0001,781
5787,0.0001,110
5788,0.0001,358
5789,0.0001,155
5790,0.0001,2195
5791,0.0001,82
5792,0.0001,31
5793,0.0001,170
5794,0.0001,77
5795,0.0001,3072
5796,0.0001,224
5797,0.0001,114
5798,0.0001,46
5799,0.0001,1485
5800,0.0001,0
5801,0.0001,1286
5802,0.0001,192
5803,0.0001,216
5804,0.0001,139
5805,0.0001,78
5806,0.0001,178
5807,0.0001,275
5808,0.0001,675
5809,0.0001,31
5810,0.0001,323
5811,0.0001,140
5812,0.0001,199
5813,0.0001,47
5814,0.0001,953
5815,0.0001,47
5816,0.0001,46
5817,0.0001,2203
5818,0.0001,0
5819,0.0001,184
5820,0.0001,131
5821,0.0001,248
5822,0.0001,0
5823,0.0001,70
5824,0.0001,31
5825,0.0001,1001
5826,0.0001,2384
5827,0.0001,653
5828,0.0001,207
5829,0.0001,236
5830,0.0001,865
5831,0.0001,3748
5832,0.0001,874
5833,0.0001,62
5834,0.0001,830
5835,0.0001,1037
5836,0.0001,1542
5837,0.0001,263
5838,0.0001,85
5839,0.0001,108
5840,0.0001,39
5841,0.0001,1435
5842,0.0001,874
5843,0.0001,32
5844,0.0001,200
5845,0.0001,0
5846,0.0001,156
5847,0.0001,1838
5848,0.0001,185
5849,0.0001,216
5850,0.0001,135
5851,0.0001,54
5852,0.0001,778
5853,0.0001,185
5854,0.0001,100
5855,0.0001,77
5856,0.0001,124
5857,0.0001,3254
5858,0.0001,104
5859,0.0001,233
5860,0.0001,144
5861,0.0001,1413
5862,0.0001,0
5863,0.0001,109
5864,0.0001,140
5865,0.0001,162
5866,0.0001,647
5867,0.0001,101
5868,0.0001,88
5869,0.0001,296
5870,0.0001,56
5871,0.0001,614
5872,0.0001,93
5873,0.0001,163
5874,0.0001,1644
5875,0.0001,0
5876,0.0001,124
5877,0.0001,1384
5878,0.0001,46
5879,0.0001,817
5880,0.0001,23
5881,0.0001,31
5882,0.0001,2211
5883,0.0001,833
5884,0.0001,850
5885,0.0001,933
5886,0.0001,939
5887,0.0001,616
5888,0.0001,109
5889,0.0001,720
5890,0.0001,86
5891,0.0001,2253
5892,0.0001,768
5893,0.0001,1148
5894,0.0001,1542
5895,0.0001,47
5896,0.0001,792
5897,0.0001,16
5898,0.0001,2347
5899,0.0001,1743
5900,0.0001,175
5901,0.0001,787
5902,0.0001,31
5903,0.0001,1661
5904,0.0001,85
5905,0.0001,1850
5906,0.0001,94
5907,0.0001,0
5908,0.0001,1571
5909,0.0001,864
5910,0.0001,154
5911,0.0001,774
5912,0.0001,2411
5913,0.0001,752
5914,0.0001,257
5915,0.0001,3742
5916,0.0001,131
5917,0.0001,1937
5918,0.0001,754
5919,0.0001,929
5920,0.0001,47
5921,0.0001,659
5922,0.0001,139
5923,0.0001,171
5924,0.0001,47
5925,0.0001,63
5926,0.0001,2051
5927,0.0001,31
5928,0.0001,0
5929,0.0001,978
5930,0.0001,1526
5931,0.0001,177
5932,0.0001,39
5933,0.0001,1384
5934,0.0001,46
5935,0.0001,155
5936,0.0001,39
5937,0.0001,0
5938,0.0001,2374
5939,0.0001,46
5940,0.0001,123
5941,0.0001,109
5942,0.0001,139
5943,0.0001,1700
5944,0.0001,939
5945,0.0001,3643
5946,0.0001,0
5947,0.0001,691
5948,0.0001,635
5949,0.0001,0
5950,0.0001,355
5951,0.0001,1421
5952,0.0001,1641
5953,0.0001,1696
5954,0.0001,770
5955,0.0001,131
5956,0.0001,72
5957,0.0001,116
5958,0.0001,205
5959,0.0001,78
5960,0.0001,0
5961,0.0001,1578
5962,0.0001,31
5963,0.0001,1024
5964,0.0001,31
5965,0.0001,1816
5966,0.0001,125
5967,0.0001,47
5968,0.0001,162
5969,0.0001,62
5970,0.0001,886
5971,0.0001,1585
5972,0.0001,62
5973,0.0001,1048
5974,0.0001,295
5975,0.0001,4346
5976,0.0001,2533
5977,0.0001,85
5978,0.0001,693
5979,0.0001,62
5980,0.0001,706
5981,0.0001,32
5982,0.0001,612
5983,0.0001,974
5984,0.0001,163
5985,0.0001,83
5986,0.0001,931
5987,0.0001,734
5988,0.0001,1095
5989,0.0001,162
5990,0.0001,0
5991,0.0001,1047
5992,0.0001,162
5993,0.0001,2799
5994,0.0001,1693
5995,0.0001,824
5996,0.0001,689
5997,0.0001,875
5998,0.0001,1438
5999,0.0001,159
6000,0.0001,767
6001,0.0001,101
6002,0.0001,259
6003,0.0001,69
6004,0.0001,93
6005,0.0001,0
6006,0.0001,995
6007,0.0001,881
6008,0.0001,850
6009,0.0001,876
6010,0.0001,0
6011,0.0001,222
6012,0.0001,939
6013,0.0001,946
6014,0.0001,62
6015,0.0001,2415
6016,0.0001,1231
6017,0.0001,1159
6018,0.0001,77
6019,0.0001,809
6020,0.0001,1559
6021,0.0001,876
6022,0.0001,98
6023,0.0001,1459
6024,0.0001,233
6025,0.0001,82
6026,0.0001,2536
6027,0.0001,1495
6028,0.0001,3385
6029,0.0001,2272
6030,0.0001,188
6031,0.0001,16
6032,0.0001,897
6033,0.0001,131
6034,0.0001,109
6035,0.0001,146
6036,0.0001,100
6037,0.0001,756
6038,0.0001,327
6039,0.0001,733
6040,0.0001,945
6041,0.0001,154
6042,0.0001,855
6043,0.0001,1435
6044,0.0001,2863
6045,0.0001,139
6046,0.0001,830
6047,0.0001,915
6048,0.0001,944
6049,0.0001,896
6050,0.0001,70
6051,0.0001,3654
6052,0.0001,1675
6053,0.0001,204
6054,0.0001,938
6055,0.0001,126
6056,0.0001,244
6057,0.0001,926
6058,0.0001,238
6059,0.0001,677
6060,0.0001,109
6061,0.0001,1099
6062,0.0001,1790
6063,0.0001,23
6064,0.0001,855
6065,0.0001,768
6066,0.0001,108
6067,0.0001,843
6068,0.0001,108
6069,0.0001,78
6070,0.0001,1554
6071,0.0001,245
6072,0.0001,1002
6073,0.0001,3994
6074,0.0001,721
6075,0.0001,1041
6076,0.0001,93
6077,0.0001,155
6078,0.0001,914
6079,0.0001,62
6080,0.0001,1369
6081,0.0001,714
6082,0.0001,155
6083,0.0001,1024
6084,0.0001,31
6085,0.0001,123
6086,0.0001,140
6087,0.0001,116
6088,0.0001,2206
6089,0.0001,1716
6090,0.0001,139
6091,0.0001,23
6092,0.0001,31
6093,0.0001,4647
6094,0.0001,116
6095,0.0001,144
6096,0.0001,62
6097,0.0001,47
6098,0.0001,62
6099,0.0001,1811
6100,0.0001,23
6101,0.0001,62
6102,0.0001,814
6103,0.0001,1429
6104,0.0001,170
6105,0.0001,23
6106,0.0001,2165
6107,0.0001,139
6108,0.0001,41
6109,0.0001,47
6110,0.0001,1634
6111,0.0001,680
6112,0.0001,139
6113,0.0001,727
6114,0.0001,0
6115,0.0001,46
6116,0.0001,1502
6117,0.0001,974
6118,0.0001,1411
6119,0.0001,974
6120,0.0001,1454
6121,0.0001,116
6122,0.0001,46
6123,0.0001,1270
6124,0.0001,176
6125,0.0001,180
6126,0.0001,1017
6127,0.0001,1558
6128,0.0001,879
6129,0.0001,154
6130,0.0001,31
6131,0.0001,23
6132,0.0001,123
6133,0.0001,198
6134,0.0001,178
6135,0.0001,3500
6136,0.0001,147
6137,0.0001,31
6138,0.0001,147
6139,0.0001,70
6140,0.0001,0
6141,0.0001,1321
6142,0.0001,46
6143,0.0001,162
6144,0.0001,130
6145,0.0001,1514
6146,0.0001,892
6147,0.0001,2413
6148,0.0001,799
6149,0.0001,132
6150,0.0001,1158
6151,0.0001,46
6152,0.0001,57
6153,0.0001,1224
6154,0.0001,92
6155,0.0001,930
6156,0.0001,956
6157,0.0001,62
6158,0.0001,872
6159,0.0001,0
6160,0.0001,77
6161,0.0001,62
6162,0.0001,108
6163,0.0001,207
6164,0.0001,1801
6165,0.0001,31
6166,0.0001,3257
6167,0.0001,1659
6168,0.0001,294
6169,0.0001,809
6170,0.0001,2439
6171,0.0001,146
6172,0.0001,1405
6173,0.0001,784
6174,0.0001,985
6175,0.0001,31
6176,0.0001,1489
6177,0.0001,948
6178,0.0001,1484
6179,0.0001,175
6180,0.0001,1133
6181,0.0001,845
6182,0.0001,923
6183,0.0001,154
6184,0.0001,170
6185,0.0001,729
6186,0.0001,23
6187,0.0001,878
6188,0.0001,170
6189,0.0001,819
6190,0.0001,115
6191,0.0001,1389
6192,0.0001,1652
6193,0.0001,85
6194,0.0001,62
6195,0.0001,93
6196,0.0001,46
6197,0.0001,31
6198,0.0001,233
6199,0.0001,1772
6200,0.0001,47
6201,0.0001,77
6202,0.0001,822
6203,0.0001,139
6204,0.0001,4208
6205,0.0001,145
6206,0.0001,31
6207,0.0001,2396
6208,0.0001,159
6209,0.0001,31
6210,0.0001,93
6211,0.0001,159
6212,0.0001,1472
6213,0.0001,752
6214,0.0001,206
6215,0.0001,4820
6216,0.0001,200
6217,0.0001,0
6218,0.0001,863
6219,0.0001,124
6220,0.0001,889
6221,0.0001,1335
6222,0.0001,62
6223,0.0001,614
6224,0.0001,169
6225,0.0001,883
6226,0.0001,150
6227,0.0001,1558
6228,0.0001,247
6229,0.0001,1590
6230,0.0001,54
6231,0.0001,31
6232,0.0001,108
6233,0.0001,109
6234,0.0001,62
6235,0.0001,145
6236,0.0001,1600
6237,0.0001,1493
6238,0.0001,139
6239,0.0001,77
6240,0.0001,62
6241,0.0001,62
6242,0.0001,108
6243,0.0001,1767
6244,0.0001,247
6245,0.0001,240
6246,0.0001,1715
6247,0.0001,2435
6248,0.0001,108
6249,0.0001,1082
6250,0.0001,986
6251,0.0001,0
6252,0.0001,3880
6253,0.0001,62
6254,0.0001,121
6255,0.0001,1619
6256,0.0001,762
6257,0.0001,177
6258,0.0001,711
6259,0.0001,128
6260,0.0001,886
6261,0.0001,865
6262,0.0001,93
6263,0.0001,0
6264,0.0001,1752
6265,0.0001,140
6266,0.0001,145
6267,0.0001,725
6268,0.0001,218
6269,0.0001,643
6270,0.0001,154
6271,0.0001,1370
6272,0.0001,78
6273,0.0001,912
6274,0.0001,157
6275,0.0001,830
6276,0.0001,185
6277,0.0001,62
6278,0.0001,929
6279,0.0001,909
6280,0.0001,108
6281,0.0001,31
6282,0.0001,123
6283,0.0001,93
6284,0.0001,1317
6285,0.0001,930
6286,0.0001,155
6287,0.0001,0
6288,0.0001,109
6289,0.0001,676
6290,0.0001,684
6291,0.0001,16
6292,0.0001,62
6293,0.0001,1565
6294,0.0001,1649
6295,0.0001,131
6296,0.0001,694
6297,0.0001,704
6298,0.0001,295
6299,0.0001,994
6300,0.0001,616
6301,0.0001,47
6302,0.0001,156
6303,0.0001,92
6304,0.0001,1716
6305,0.0001,1388
6306,0.0001,855
6307,0.0001,876
6308,0.0001,751
6309,0.0001,170
6310,0.0001,1450
6311,0.0001,203
6312,0.0001,63
6313,0.0001,1180
6314,0.0001,116
6315,0.0001,1555
6316,0.0001,677
6317,0.0001,16
6318,0.0001,0
6319,0.0001,132
6320,0.0001,39
6321,0.0001,170
6322,0.0001,26
6323,0.0001,169
6324,0.0001,62
6325,0.0001,1457
6326,0.0001,222
6327,0.0001,1504
6328,0.0001,70
6329,0.0001,1664
6330,0.0001,23
6331,0.0001,2374
6332,0.0001,124
6333,0.0001,149
6334,0.0001,200
6335,0.0001,108
6336,0.0001,77
6337,0.0001,220
6338,0.0001,3282
6339,0.0001,2078
6340,0.0001,1716
6341,0.0001,2407
6342,0.0001,82
6343,0.0001,936
6344,0.0001,790
6345,0.0001,697
6346,0.0001,47
6347,0.0001,4978
6348,0.0001,23
6349,0.0001,197
6350,0.0001,0
6351,0.0001,154
6352,0.0001,156
6353,0.0001,62
6354,0.0001,788
6355,0.0001,3574
6356,0.0001,262
6357,0.0001,46
6358,0.0001,140
6359,0.0001,925
6360,0.0001,141
6361,0.0001,740
6362,0.0001,31
6363,0.0001,52
6364,0.0001,0
6365,0.0001,774
6366,0.0001,108
6367,0.0001,758
6368,0.0001,814
6369,0.0001,105
6370,0.0001,781
6371,0.0001,1202
6372,0.0001,160
6373,0.0001,1714
6374,0.0001,612
6375,0.0001,170
6376,0.0001,1623
6377,0.0001,3142
6378,0.0001,46
6379,0.0001,199
6380,0.0001,283
6381,0.0001,0
6382,0.0001,62
6383,0.0001,1595
6384,0.0001,902
6385,0.0001,62
6386,0.0001,705
6387,0.0001,31
6388,0.0001,925
6389,0.0001,858
6390,0.0001,64
6391,0.0001,93
6392,0.0001,0
6393,0.0001,789
6394,0.0001,1478
6395,0.0001,63
6396,0.0001,251
6397,0.0001,1455
6398,0.0001,4474
6399,0.0001,736
6400,0.0001,1763
6401,0.0001,46
6402,0.0001,3397
6403,0.0001,62
6404,0.0001,1567
6405,0.0001,155
6406,0.0001,93
6407,0.0001,155
6408,0.0001,1486
6409,0.0001,908
6410,0.0001,697
6411,0.0001,1149
6412,0.0001,62
6413,0.0001,147
6414,0.0001,191
6415,0.0001,140
6416,0.0001,46
6417,0.0001,62
6418,0.0001,62
6419,0.0001,850
6420,0.0001,2509
6421,0.0001,1073
6422,0.0001,1002
6423,0.0001,2574
6424,0.0001,882
6425,0.0001,1725
6426,0.0001,1069
6427,0.0001,1716
6428,0.0001,1666
6429,0.0001,956
6430,0.0001,920
6431,0.0001,140
6432,0.0001,202
6433,0.0001,148
6434,0.0001,16
6435,0.0001,799
6436,0.0001,666
6437,0.0001,861
6438,0.0001,797
6439,0.0001,1149
6440,0.0001,832
6441,0.0001,124
6442,0.0001,124
6443,0.0001,47
6444,0.0001,4037
6445,0.0001,100
6446,0.0001,848
6447,0.0001,31
6448,0.0001,247
6449,0.0001,720
6450,0.0001,139
6451,0.0001,878
6452,0.0001,124
6453,0.0001,62
6454,0.0001,957
6455,0.0001,156
6456,0.0001,123
6457,0.0001,31
6458,0.0001,78
6459,0.0001,758
6460,0.0001,62
6461,0.0001,824
6462,0.0001,866
6463,0.0001,193
6464,0.0001,1555
6465,0.0001,145
6466,0.0001,215
6467,0.0001,103
6468,0.0001,1546
6469,0.0001,1024
6470,0.0001,31
6471,0.0001,47
6472,0.0001,768
6473,0.0001,173
6474,0.0001,46
6475,0.0001,737
6476,0.0001,187
6477,0.0001,5732
6478,0.0001,140
6479,0.0001,222
6480,0.0001,628
6481,0.0001,690
6482,0.0001,861
6483,0.0001,31
6484,0.0001,23
6485,0.0001,1602
6486,0.0001,733
6487,0.0001,93
6488,0.0001,4012
6489,0.0001,1826
6490,0.0001,859
6491,0.0001,63
6492,0.0001,910
6493,0.0001,161
6494,0.0001,46
6495,0.0001,62
6496,0.0001,47
6497,0.0001,232
6498,0.0001,0
6499,0.0001,1801
6500,0.0001,201
6501,0.0001,77
6502,0.0001,62
6503,0.0001,496
6504,0.0001,1612
6505,0.0001,920
6506,0.0001,201
6507,0.0001,966
6508,0.0001,130
6509,0.0001,157
6510,0.0001,124
6511,0.0001,2157
6512,0.0001,884
6513,0.0001,1442
6514,0.0001,1097
6515,0.0001,2273
6516,0.0001,23
6517,0.0001,1758
6518,0.0001,31
6519,0.0001,1507
6520,0.0001,206
6521,0.0001,612
6522,0.0001,251
6523,0.0001,0
6524,0.0001,46
6525,0.0001,738
6526,0.0001,720
6527,0.0001,101
6528,0.0001,1536
6529,0.0001,47
6530,0.0001,819
6531,0.0001,821
6532,0.0001,23
6533,0.0001,173
6534,0.0001,364
6535,0.0001,46
6536,0.0001,62
6537,0.0001,94
6538,0.0001,3207
6539,0.0001,850
6540,0.0001,2509
6541,0.0001,162
6542,0.0001,93
6543,0.0001,129
6544,0.0001,78
6545,0.0001,956
6546,0.0001,70
6547,0.0001,201
6548,0.0001,947
6549,0.0001,805
6550,0.0001,2395
6551,0.0001,62
6552,0.0001,132
6553,0.0001,691
6554,0.0001,205
6555,0.0001,117
6556,0.0001,0
6557,0.0001,194
6558,0.0001,786
6559,0.0001,759
6560,0.0001,282
6561,0.0001,111
6562,0.0001,272
6563,0.0001,2399
6564,0.0001,1662
6565,0.0001,894
6566,0.0001,797
6567,0.0001,139
6568,0.0001,54
6569,0.0001,860
6570,0.0001,0
6571,0.0001,786
6572,0.0001,238
6573,0.0001,86
6574,0.0001,871
6575,0.0001,2705
6576,0.0001,31
6577,0.0001,189
6578,0.0001,958
6579,0.0001,2355
6580,0.0001,295
6581,0.0001,815
6582,0.0001,807
6583,0.0001,92
6584,0.0001,1523
6585,0.0001,329
6586,0.0001,132
6587,0.0001,1268
6588,0.0001,1675
6589,0.0001,78
6590,0.0001,31
6591,0.0001,0
6592,0.0001,0
6593,0.0001,845
6594,0.0001,977
6595,0.0001,139
6596,0.0001,2328
6597,0.0001,217
6598,0.0001,92
6599,0.0001,93
6600,0.0001,4193
6601,0.0001,62
6602,0.0001,0
6603,0.0001,31
6604,0.0001,904
6605,0.0001,108
6606,0.0001,278
6607,0.0001,280
6608,0.0001,909
6609,0.0001,857
6610,0.0001,168
6611,0.0001,93
6612,0.0001,2281
6613,0.0001,1508
6614,0.0001,1654
6615,0.0001,1023
6616,0.0001,23
6617,0.0001,913
6618,0.0001,674
6619,0.0001,0
6620,0.0001,62
6621,0.0001,813
6622,0.0001,0
6623,0.0001,31
6624,0.0001,1272
6625,0.0001,944
6626,0.0001,85
6627,0.0001,883
6628,0.0001,270
6629,0.0001,2372
6630,0.0001,2189
6631,0.0001,244
6632,0.0001,93
6633,0.0001,167
6634,0.0001,147
6635,0.0001,93
6636,0.0001,724
6637,0.0001,177
6638,0.0001,227
6639,0.0001,63
6640,0.0001,78
6641,0.0001,1781
6642,0.0001,612
6643,0.0001,1706
6644,0.0001,23
6645,0.0001,735
6646,0.0001,987
6647,0.0001,1600
6648,0.0001,46
6649,0.0001,47
6650,0.0001,54
6651,0.0001,943
6652,0.0001,738
6653,0.0001,1731
6654,0.0001,31
6655,0.0001,210
6656,0.0001,803
6657,0.0001,856
6658,0.0001,926
6659,0.0001,0
6660,0.0001,855
6661,0.0001,98
6662,0.0001,124
6663,0.0001,2366
6664,0.0001,132
6665,0.0001,16
6666,0.0001,915
6667,0.0001,1283
6668,0.0001,844
6669,0.0001,62
6670,0.0001,31
6671,0.0001,915
6672,0.0001,825
6673,0.0001,1798
6674,0.0001,1639
6675,0.0001,0
6676,0.0001,16
6677,0.0001,1393
6678,0.0001,43
6679,0.0001,808
6680,0.0001,0
6681,0.0001,116
6682,0.0001,141
6683,0.0001,93
6684,0.0001,109
6685,0.0001,135
6686,0.0001,0
6687,0.0001,85
6688,0.0001,3244
6689,0.0001,62
6690,0.0001,0
6691,0.0001,31
6692,0.0001,5292
6693,0.0001,1769
6694,0.0001,198
6695,0.0001,779
6696,0.0001,890
6697,0.0001,69
6698,0.0001,744
6699,0.0001,2631
6700,0.0001,2383
6701,0.0001,229
6702,0.0001,63
6703,0.0001,845
6704,0.0001,2423
6705,0.0001,3437
6706,0.0001,1347
6707,0.0001,869
6708,0.0001,146
6709,0.0001,202
6710,0.0001,92
6711,0.0001,364
6712,0.0001,16
6713,0.0001,619
6714,0.0001,2506
6715,0.0001,178
6716,0.0001,82
6717,0.0001,23
6718,0.0001,1024
6719,0.0001,901
6720,0.0001,891
6721,0.0001,771
6722,0.0001,85
6723,0.0001,949
6724,0.0001,139
6725,0.0001,161
6726,0.0001,1175
6727,0.0001,1840
6728,0.0001,1340
6729,0.0001,70
6730,0.0001,211
6731,0.0001,39
6732,0.0001,616
6733,0.0001,270
6734,0.0001,124
6735,0.0001,206
6736,0.0001,889
6737,0.0001,1452
6738,0.0001,31
6739,0.0001,0
6740,0.0001,262
6741,0.0001,865
6742,0.0001,766
6743,0.0001,46
6744,0.0001,77
6745,0.0001,62
6746,0.0001,154
6747,0.0001,324
6748,0.0001,0
6749,0.0001,899
6750,0.0001,3720
6751,0.0001,92
6752,0.0001,62
6753,0.0001,39
6754,0.0001,4102
6755,0.0001,293
6756,0.0001,123
6757,0.0001,31
6758,0.0001,109
6759,0.0001,93
6760,0.0001,153
6761,0.0001,952
6762,0.0001,1026
6763,0.0001,2046
6764,0.0001,239
6765,0.0001,943
6766,0.0001,177
6767,0.0001,886
6768,0.0001,21
6769,0.0001,140
6770,0.0001,124
6771,0.0001,957
6772,0.0001,2181
6773,0.0001,1745
6774,0.0001,31
6775,0.0001,3030
6776,0.0001,139
6777,0.0001,1808
6778,0.0001,31
6779,0.0001,722
6780,0.0001,735
6781,0.0001,108
6782,0.0001,39
6783,0.0001,0
6784,0.0001,756
6785,0.0001,124
6786,0.0001,273
6787,0.0001,904
6788,0.0001,2202
6789,0.0001,0
6790,0.0001,1598
6791,0.0001,817
6792,0.0001,814
6793,0.0001,132
6794,0.0001,2699
6795,0.0001,614
6796,0.0001,1588
6797,0.0001,995
6798,0.0001,2386
6799,0.0001,740
6800,0.0001,125
6801,0.0001,62
6802,0.0001,124
6803,0.0001,62
6804,0.0001,47
6805,0.0001,62
6806,0.0001,243
6807,0.0001,2542
6808,0.0001,882
6809,0.0001,162
6810,0.0001,728
6811,0.0001,3207
6812,0.0001,154
6813,0.0001,109
6814,0.0001,62
6815,0.0001,1834
6816,0.0001,809
6817,0.0001,31
6818,0.0001,69
6819,0.0001,193
6820,0.0001,0
6821,0.0001,773
6822,0.0001,202
6823,0.0001,62
6824,0.0001,108
6825,0.0001,1166
6826,0.0001,868
6827,0.0001,135
6828,0.0001,93
6829,0.0001,108
6830,0.0001,216
6831,0.0001,697
6832,0.0001,0
6833,0.0001,292
6834,0.0001,2932
6835,0.0001,69
6836,0.0001,712
6837,0.0001,1732
6838,0.0001,933
6839,0.0001,3741
6840,0.0001,1435
6841,0.0001,878
6842,0.0001,1902
6843,0.0001,145
6844,0.0001,720
6845,0.0001,768
6846,0.0001,31
6847,0.0001,108
6848,0.0001,801
6849,0.0001,101
6850,0.0001,164
6851,0.0001,272
6852,0.0001,860
6853,0.0001,93
6854,0.0001,900
6855,0.0001,943
6856,0.0001,0
6857,0.0001,1462
6858,0.0001,186
6859,0.0001,116
6860,0.0001,822
6861,0.0001,695
6862,0.0001,0
6863,0.0001,247
6864,0.0001,1571
6865,0.0001,202
6866,0.0001,46
6867,0.0001,147
6868,0.0001,1754
6869,0.0001,16
6870,0.0001,0
6871,0.0001,2387
6872,0.0001,1801
6873,0.0001,208
6874,0.0001,31
6875,0.0001,4751
6876,0.0001,1296
6877,0.0001,0
6878,0.0001,118
6879,0.0001,1550
6880,0.0001,0
6881,0.0001,163
6882,0.0001,0
6883,0.0001,874
6884,0.0001,820
6885,0.0001,858
6886,0.0001,1829
6887,0.0001,742
6888,0.0001,31
6889,0.0001,163
6890,0.0001,46
6891,0.0001,1508
6892,0.0001,0
6893,0.0001,233
6894,0.0001,635
6895,0.0001,110
6896,0.0001,2401
6897,0.0001,740
6898,0.0001,31
6899,0.0001,152
6900,0.0001,887
6901,0.0001,100
6902,0.0001,720
6903,0.0001,23
6904,0.0001,46
6905,0.0001,23
6906,0.0001,77
6907,0.0001,932
6908,0.0001,205
6909,0.0001,201
6910,0.0001,830
6911,0.0001,1649
6912,0.0001,46
6913,0.0001,1486
6914,0.0001,720
6915,0.0001,817
6916,0.0001,2217
6917,0.0001,0
6918,0.0001,154
6919,0.0001,1538
6920,0.0001,185
6921,0.0001,1541
6922,0.0001,128
6923,0.0001,815
6924,0.0001,894
6925,0.0001,78
6926,0.0001,367
6927,0.0001,889
6928,0.0001,862
6929,0.0001,953
6930,0.0001,46
6931,0.0001,288
6932,0.0001,1132
6933,0.0001,124
6934,0.0001,950
6935,0.0001,231
6936,0.0001,144
6937,0.0001,898
6938,0.0001,2068
6939,0.0001,703
6940,0.0001,57
6941,0.0001,735
6942,0.0001,31
6943,0.0001,712
6944,0.0001,32
6945,0.0001,1600
6946,0.0001,0
6947,0.0001,129
6948,0.0001,108
6949,0.0001,1167
6950,0.0001,24
6951,0.0001,31
6952,0.0001,134
6953,0.0001,85
6954,0.0001,869
6955,0.0001,330
6956,0.0001,155
6957,0.0001,850
6958,0.0001,4007
6959,0.0001,62
6960,0.0001,941
6961,0.0001,100
6962,0.0001,783
6963,0.0001,2372
6964,0.0001,3165
6965,0.0001,16
6966,0.0001,968
6967,0.0001,62
6968,0.0001,921
6969,0.0001,1428
6970,0.0001,3278
6971,0.0001,113
6972,0.0001,62
6973,0.0001,806
6974,0.0001,2741
6975,0.0001,125
6976,0.0001,1117
6977,0.0001,0
6978,0.0001,108
6979,0.0001,102
6980,0.0001,907
6981,0.0001,62
6982,0.0001,0
6983,0.0001,102
6984,0.0001,46
6985,0.0001,789
6986,0.0001,1446
6987,0.0001,1544
6988,0.0001,93
6989,0.0001,705
6990,0.0001,265
6991,0.0001,201
6992,0.0001,46
6993,0.0001,935
6994,0.0001,1117
6995,0.0001,109
6996,0.0001,612
6997,0.0001,857
6998,0.0001,817
6999,0.0001,1993
7000,0.0001,123
7001,0.0001,171
7002,0.0001,317
7003,0.0001,0
7004,0.0001,712
7005,0.0001,1388
7006,0.0001,1390
7007,0.0001,191
7008,0.0001,16
7009,0.0001,0
7010,0.0001,154
7011,0.0001,862
7012,0.0001,62
7013,0.0001,196
7014,0.0001,1048
7015,0.0001,1657
7016,0.0001,170
7017,0.0001,830
7018,0.0001,1123
7019,0.0001,46
7020,0.0001,871
7021,0.0001,102
7022,0.0001,2573
7023,0.0001,309
7024,0.0001,93
7025,0.0001,192
7026,0.0001,82
7027,0.0001,213
7028,0.0001,978
7029,0.0001,1106
7030,0.0001,0
7031,0.0001,722
7032,0.0001,931
7033,0.0001,54
7034,0.0001,1668
7035,0.0001,2506
7036,0.0001,62
7037,0.0001,3306
7038,0.0001,1686
7039,0.0001,93
7040,0.0001,834
7041,0.0001,349
7042,0.0001,1431
7043,0.0001,77
7044,0.0001,23
7045,0.0001,892
7046,0.0001,0
7047,0.0001,47
7048,0.0001,860
7049,0.0001,892
7050,0.0001,201
7051,0.0001,3699
7052,0.0001,125
7053,0.0001,2475
7054,0.0001,31
7055,0.0001,93
7056,0.0001,1163
7057,0.0001,790
7058,0.0001,186
7059,0.0001,1720
7060,0.0001,93
7061,0.0001,3109
7062,0.0001,170
7063,0.0001,2438
7064,0.0001,159
7065,0.0001,2483
7066,0.0001,77
7067,0.0001,221
7068,0.0001,3611
7069,0.0001,102
7070,0.0001,47
7071,0.0001,139
7072,0.0001,201
7073,0.0001,1574
7074,0.0001,31
7075,0.0001,1566
7076,0.0001,47
7077,0.0001,77
7078,0.0001,101
7079,0.0001,85
7080,0.0001,1727
7081,0.0001,806
7082,0.0001,901
7083,0.0001,0
7084,0.0001,154
7085,0.0001,210
7086,0.0001,665
7087,0.0001,123
7088,0.0001,1685
7089,0.0001,784
7090,0.0001,31
7091,0.0001,678
7092,0.0001,832
7093,0.0001,129
7094,0.0001,0
7095,0.0001,2529
7096,0.0001,233
7097,0.0001,124
7098,0.0001,1752
7099,0.0001,1574
7100,0.0001,294
7101,0.0001,78
7102,0.0001,834
7103,0.0001,4774
7104,0.0001,224
7105,0.0001,674
7106,0.0001,147
7107,0.0001,773
7108,0.0001,1586
7109,0.0001,1788
7110,0.0001,62
7111,0.0001,1529
7112,0.0001,186
7113,0.0001,193
7114,0.0001,1705
7115,0.0001,140
7116,0.0001,140
7117,0.0001,3003
7118,0.0001,3268
7119,0.0001,768
7120,0.0001,31
7121,0.0001,82
7122,0.0001,979
7123,0.0001,0
7124,0.0001,149
7125,0.0001,116
7126,0.0001,156
7127,0.0001,31
7128,0.0001,141
7129,0.0001,99
7130,0.0001,2445
7131,0.0001,1341
7132,0.0001,226
7133,0.0001,3263
7134,0.0001,909
7135,0.0001,232
7136,0.0001,1303
7137,0.0001,881
7138,0.0001,47
7139,0.0001,778
7140,0.0001,1086
7141,0.0001,1849
7142,0.0001,124
7143,0.0001,628
7144,0.0001,3109
7145,0.0001,3344
7146,0.0001,830
7147,0.0001,31
7148,0.0001,1667
7149,0.0001,93
7150,0.0001,1661
7151,0.0001,1651
7152,0.0001,301
7153,0.0001,836
7154,0.0001,137
7155,0.0001,3360
7156,0.0001,77
7157,0.0001,936
7158,0.0001,155
7159,0.0001,894
7160,0.0001,1562
7161,0.0001,1695
7162,0.0001,3356
7163,0.0001,1382
7164,0.0001,78
7165,0.0001,782
7166,0.0001,4197
7167,0.0001,861
7168,0.0001,2391
7169,0.0001,31
7170,0.0001,31
7171,0.0001,1721
7172,0.0001,881
7173,0.0001,123
7174,0.0001,242
7175,0.0001,94
7176,0.0001,331
7177,0.0001,1647
7178,0.0001,3220
7179,0.0001,1476
7180,0.0001,0
7181,0.0001,39
7182,0.0001,1649
7183,0.0001,109
7184,0.0001,2251
7185,0.0001,255
7186,0.0001,845
7187,0.0001,1585
7188,0.0001,999
7189,0.0001,917
7190,0.0001,1046
7191,0.0001,0
7192,0.0001,720
7193,0.0001,1591
7194,0.0001,1086
7195,0.0001,1176
7196,0.0001,807
7197,0.0001,46
7198,0.0001,614
7199,0.0001,905
7200,0.0001,2144
7201,0.0001,4074
7202,0.0001,54
7203,0.0001,0
7204,0.0001,915
7205,0.0001,735
7206,0.0001,201
7207,0.0001,41
7208,0.0001,31
7209,0.0001,31
7210,0.0001,3189
7211,0.0001,876
7212,0.0001,0
7213,0.0001,643
7214,0.0001,1461
7215,0.0001,141
7216,0.0001,144
7217,0.0001,807
7218,0.0001,814
7219,0.0001,283
7220,0.0001,658
7221,0.0001,853
7222,0.0001,109
7223,0.0001,177
7224,0.0001,4065
7225,0.0001,3566
7226,0.0001,108
7227,0.0001,680
7228,0.0001,781
7229,0.0001,54
7230,0.0001,31
7231,0.0001,231
7232,0.0001,1030
7233,0.0001,263
7234,0.0001,2339
7235,0.0001,2455
7236,0.0001,1644
7237,0.0001,92
7238,0.0001,786
7239,0.0001,1526
7240,0.0001,5644
7241,0.0001,46
7242,0.0001,1716
7243,0.0001,882
7244,0.0001,819
7245,0.0001,124
7246,0.0001,0
7247,0.0001,140
7248,0.0001,1951
7249,0.0001,2419
7250,0.0001,1821
7251,0.0001,0
7252,0.0001,85
7253,0.0001,201
7254,0.0001,751
7255,0.0001,973
7256,0.0001,171
7257,0.0001,243
7258,0.0001,159
7259,0.0001,223
7260,0.0001,814
7261,0.0001,1571
7262,0.0001,236
7263,0.0001,46
7264,0.0001,752
7265,0.0001,62
7266,0.0001,3477
7267,0.0001,1593
7268,0.0001,734
7269,0.0001,0
7270,0.0001,93
7271,0.0001,2232
7272,0.0001,46
7273,0.0001,190
7274,0.0001,95
7275,0.0001,147
7276,0.0001,958
7277,0.0001,755
7278,0.0001,178
7279,0.0001,0
7280,0.0001,987
7281,0.0001,1538
7282,0.0001,814
7283,0.0001,132
7284,0.0001,85
7285,0.0001,1064
7286,0.0001,770
7287,0.0001,139
7288,0.0001,123
7289,0.0001,838
7290,0.0001,952
7291,0.0001,1163
7292,0.0001,62
7293,0.0001,770
7294,0.0001,2378
7295,0.0001,155
7296,0.0001,761
7297,0.0001,863
7298,0.0001,78
7299,0.0001,77
7300,0.0001,1569
7301,0.0001,2373
7302,0.0001,144
7303,0.0001,814
7304,0.0001,62
7305,0.0001,807
7306,0.0001,614
7307,0.0001,331
7308,0.0001,131
7309,0.0001,114
7310,0.0001,889
7311,0.0001,183
7312,0.0001,0
7313,0.0001,871
7314,0.0001,62
7315,0.0001,880
7316,0.0001,907
7317,0.0001,207
7318,0.0001,698
7319,0.0001,2475
7320,0.0001,2205
7321,0.0001,184
7322,0.0001,847
7323,0.0001,105
7324,0.0001,105
7325,0.0001,1262
7326,0.0001,109
7327,0.0001,185
7328,0.0001,155
7329,0.0001,201
7330,0.0001,914
7331,0.0001,770
7332,0.0001,178
7333,0.0001,92
7334,0.0001,1201
7335,0.0001,46
7336,0.0001,624
7337,0.0001,948
7338,0.0001,295
7339,0.0001,918
7340,0.0001,838
7341,0.0001,47
7342,0.0001,1750
7343,0.0001,0
7344,0.0001,31
7345,0.0001,87
7346,0.0001,47
7347,0.0001,935
7348,0.0001,0
7349,0.0001,789
7350,0.0001,47
7351,0.0001,762
7352,0.0001,194
7353,0.0001,1401
7354,0.0001,31
7355,0.0001,152
7356,0.0001,23
7357,0.0001,162
7358,0.0001,3183
7359,0.0001,88
7360,0.0001,943
7361,0.0001,3308
7362,0.0001,144
7363,0.0001,740
7364,0.0001,168
7365,0.0001,0
7366,0.0001,83
7367,0.0001,4853
7368,0.0001,2182
7369,0.0001,822
7370,0.0001,785
7371,0.0001,52
7372,0.0001,1677
7373,0.0001,134
7374,0.0001,46
7375,0.0001,943
7376,0.0001,39
7377,0.0001,850
7378,0.0001,1450
7379,0.0001,877
7380,0.0001,902
7381,0.0001,897
7382,0.0001,77
7383,0.0001,876
7384,0.0001,139
7385,0.0001,1544
7386,0.0001,77
7387,0.0001,664
7388,0.0001,0
7389,0.0001,2235
7390,0.0001,907
7391,0.0001,928
7392,0.0001,2525
7393,0.0001,3311
7394,0.0001,140
7395,0.0001,983
7396,0.0001,225
7397,0.0001,108
7398,0.0001,3410
7399,0.0001,904
7400,0.0001,1797
7401,0.0001,62
7402,0.0001,2461
7403,0.0001,1609
7404,0.0001,899
7405,0.0001,1471
7406,0.0001,23
7407,0.0001,77
7408,0.0001,1475
7409,0.0001,296
7410,0.0001,797
7411,0.0001,164
7412,0.0001,1430
7413,0.0001,0
7414,0.0001,103
7415,0.0001,4008
7416,0.0001,144
7417,0.0001,205
7418,0.0001,206
7419,0.0001,295
7420,0.0001,62
7421,0.0001,244
7422,0.0001,3961
7423,0.0001,93
7424,0.0001,863
7425,0.0001,170
7426,0.0001,85
7427,0.0001,915
7428,0.0001,62
7429,0.0001,231
7430,0.0001,1249
7431,0.0001,31
7432,0.0001,85
7433,0.0001,154
7434,0.0001,4739
7435,0.0001,187
7436,0.0001,109
7437,0.0001,32
7438,0.0001,94
7439,0.0001,46
7440,0.0001,77
7441,0.0001,881
7442,0.0001,99
7443,0.0001,47
7444,0.0001,837
7445,0.0001,62
7446,0.0001,799
7447,0.0001,54
7448,0.0001,62
7449,0.0001,267
7450,0.0001,855
7451,0.0001,649
7452,0.0001,317
7453,0.0001,89
7454,0.0001,41
7455,0.0001,1004
7456,0.0001,152
7457,0.0001,885
7458,0.0001,194
7459,0.0001,887
7460,0.0001,62
7461,0.0001,0
7462,0.0001,124
7463,0.0001,2195
7464,0.0001,46
7465,0.0001,93
7466,0.0001,1484
7467,0.0001,86
7468,0.0001,1764
7469,0.0001,727
7470,0.0001,70
7471,0.0001,796
7472,0.0001,147
7473,0.0001,2381
7474,0.0001,2247
7475,0.0001,139
7476,0.0001,1874
7477,0.0001,983
7478,0.0001,103
7479,0.0001,21
7480,0.0001,748
7481,0.0001,162
7482,0.0001,157
7483,0.0001,832
7484,0.0001,897
7485,0.0001,2233
7486,0.0001,1582
7487,0.0001,117
7488,0.0001,858
7489,0.0001,2284
7490,0.0001,3262
7491,0.0001,139
7492,0.0001,1688
7493,0.0001,868
7494,0.0001,77
7495,0.0001,853
7496,0.0001,155
7497,0.0001,255
7498,0.0001,154
7499,0.0001,865
7500,0.0001,347
7501,0.0001,828
7502,0.0001,62
7503,0.0001,0
7504,0.0001,109
7505,0.0001,0
7506,0.0001,169
7507,0.0001,2495
7508,0.0001,108
7509,0.0001,964
7510,0.0001,818
7511,0.0001,70
7512,0.0001,1577
7513,0.0001,1692
7514,0.0001,753
7515,0.0001,216
7516,0.0001,999
7517,0.0001,128
7518,0.0001,147
7519,0.0001,148
7520,0.0001,62
7521,0.0001,92
7522,0.0001,82
7523,0.0001,78
7524,0.0001,1666
7525,0.0001,179
7526,0.0001,139
7527,0.0001,16
7528,0.0001,1176
7529,0.0001,767
7530,0.0001,286
7531,0.0001,186
7532,0.0001,905
7533,0.0001,88
7534,0.0001,152
7535,0.0001,979
7536,0.0001,170
7537,0.0001,612
7538,0.0001,1271
7539,0.0001,1531
7540,0.0001,108
7541,0.0001,93
7542,0.0001,2278
7543,0.0001,863
7544,0.0001,686
7545,0.0001,108
7546,0.0001,4262
7547,0.0001,666
7548,0.0001,861
7549,0.0001,108
7550,0.0001,1360
7551,0.0001,62
7552,0.0001,799
7553,0.0001,868
7554,0.0001,0
7555,0.0001,209
7556,0.0001,125
7557,0.0001,154
7558,0.0001,62
7559,0.0001,110
7560,0.0001,1844
7561,0.0001,109
7562,0.0001,233
7563,0.0001,82
7564,0.0001,108
7565,0.0001,162
7566,0.0001,0
7567,0.0001,201
7568,0.0001,54
7569,0.0001,784
7570,0.0001,177
7571,0.0001,3171
7572,0.0001,64
7573,0.0001,3200
7574,0.0001,1178
7575,0.0001,751
7576,0.0001,820
7577,0.0001,163
7578,0.0001,683
7579,0.0001,1092
7580,0.0001,208
7581,0.0001,1633
7582,0.0001,2359
7583,0.0001,847
7584,0.0001,884
7585,0.0001,814
7586,0.0001,155
7587,0.0001,757
7588,0.0001,1488
7589,0.0001,86
7590,0.0001,170
7591,0.0001,719
7592,0.0001,1231
7593,0.0001,3211
7594,0.0001,109
7595,0.0001,674
7596,0.0001,0
7597,0.0001,758
7598,0.0001,52
7599,0.0001,62
7600,0.0001,899
7601,0.0001,616
7602,0.0001,684
7603,0.0001,1682
7604,0.0001,903
7605,0.0001,2192
7606,0.0001,878
7607,0.0001,3122
7608,0.0001,190
7609,0.0001,858
7610,0.0001,371
7611,0.0001,1739
7612,0.0001,845
7613,0.0001,1481
7614,0.0001,70
7615,0.0001,105
7616,0.0001,740
7617,0.0001,1619
7618,0.0001,280
7619,0.0001,879
7620,0.0001,0
7621,0.0001,1509
7622,0.0001,46
7623,0.0001,177
7624,0.0001,768
7625,0.0001,78
7626,0.0001,2954
7627,0.0001,1585
7628,0.0001,2422
7629,0.0001,674
7630,0.0001,125
7631,0.0001,136
7632,0.0001,46
7633,0.0001,814
7634,0.0001,62
7635,0.0001,377
7636,0.0001,123
7637,0.0001,109
7638,0.0001,761
7639,0.0001,62
7640,0.0001,735
7641,0.0001,1598
7642,0.0001,976
7643,0.0001,1396
7644,0.0001,771
7645,0.0001,185
7646,0.0001,2534
7647,0.0001,690
7648,0.0001,4004
7649,0.0001,155
7650,0.0001,217
7651,0.0001,1244
7652,0.0001,1633
7653,0.0001,812
7654,0.0001,91
7655,0.0001,3238
7656,0.0001,133
7657,0.0001,862
7658,0.0001,1091
7659,0.0001,93
7660,0.0001,98
7661,0.0001,855
7662,0.0001,78
7663,0.0001,4982
7664,0.0001,799
7665,0.0001,1667
7666,0.0001,47
7667,0.0001,54
7668,0.0001,23
7669,0.0001,782
7670,0.0001,825
7671,0.0001,871
7672,0.0001,140
7673,0.0001,119
7674,0.0001,1598
7675,0.0001,207
7676,0.0001,93
7677,0.0001,831
7678,0.0001,78
7679,0.0001,0
7680,0.0001,110
7681,0.0001,62
7682,0.0001,144
7683,0.0001,1509
7684,0.0001,93
7685,0.0001,975
7686,0.0001,116
7687,0.0001,822
7688,0.0001,680
7689,0.0001,936
7690,0.0001,0
7691,0.0001,5872
7692,0.0001,345
7693,0.0001,3424
7694,0.0001,47
7695,0.0001,830
7696,0.0001,768
7697,0.0001,85
7698,0.0001,912
7699,0.0001,1294
7700,0.0001,812
7701,0.0001,62
7702,0.0001,93
7703,0.0001,70
7704,0.0001,54
7705,0.0001,1698
7706,0.0001,62
7707,0.0001,930
7708,0.0001,912
7709,0.0001,169
7710,0.0001,62
7711,0.0001,1025
7712,0.0001,1743
7713,0.0001,921
7714,0.0001,2198
7715,0.0001,257
7716,0.0001,201
7717,0.0001,108
7718,0.0001,119
7719,0.0001,0
7720,0.0001,93
7721,0.0001,729
7722,0.0001,3560
7723,0.0001,191
7724,0.0001,1706
7725,0.0001,2367
7726,0.0001,123
7727,0.0001,832
7728,0.0001,108
7729,0.0001,31
7730,0.0001,794
7731,0.0001,704
7732,0.0001,77
7733,0.0001,974
7734,0.0001,968
7735,0.0001,951
7736,0.0001,62
7737,0.0001,2238
7738,0.0001,1013
7739,0.0001,671
7740,0.0001,2506
7741,0.0001,2569
7742,0.0001,957
7743,0.0001,0
7744,0.0001,1519
7745,0.0001,3282
7746,0.0001,3802
7747,0.0001,62
7748,0.0001,0
7749,0.0001,655
7750,0.0001,124
7751,0.0001,0
7752,0.0001,763
7753,0.0001,69
7754,0.0001,2484
7755,0.0001,275
7756,0.0001,191
7757,0.0001,190
7758,0.0001,31
7759,0.0001,154
7760,0.0001,324
7761,0.0001,1084
7762,0.0001,113
7763,0.0001,216
7764,0.0001,101
7765,0.0001,144
7766,0.0001,118
7767,0.0001,4965
7768,0.0001,1681
7769,0.0001,31
7770,0.0001,46
7771,0.0001,272
7772,0.0001,1442
7773,0.0001,770
7774,0.0001,2334
7775,0.0001,1610
7776,0.0001,1442
7777,0.0001,1670
7778,0.0001,139
7779,0.0001,1070
7780,0.0001,47
7781,0.0001,110
7782,0.0001,193
7783,0.0001,2349
7784,0.0001,1568
7785,0.0001,937
7786,0.0001,31
7787,0.0001,1733
7788,0.0001,2253
7789,0.0001,93
7790,0.0001,23
7791,0.0001,1690
7792,0.0001,713
7793,0.0001,82
7794,0.0001,147
7795,0.0001,3493
7796,0.0001,860
7797,0.0001,804
7798,0.0001,62
7799,0.0001,203
7800,0.0001,1096
7801,0.0001,62
7802,0.0001,135
7803,0.0001,2126
7804,0.0001,141
7805,0.0001,131
7806,0.0001,31
7807,0.0001,4048
7808,0.0001,940
7809,0.0001,738
7810,0.0001,141
7811,0.0001,108
7812,0.0001,905
7813,0.0001,1713
7814,0.0001,105
7815,0.0001,830
7816,0.0001,3096
7817,0.0001,999
7818,0.0001,69
7819,0.0001,154
7820,0.0001,3967
7821,0.0001,123
7822,0.0001,1076
7823,0.0001,101
7824,0.0001,1630
7825,0.0001,1040
7826,0.0001,93
7827,0.0001,137
7828,0.0001,662
7829,0.0001,777
7830,0.0001,925
7831,0.0001,845
7832,0.0001,170
7833,0.0001,862
7834,0.0001,46
7835,0.0001,93
7836,0.0001,830
7837,0.0001,123
7838,0.0001,118
7839,0.0001,210
7840,0.0001,2333
7841,0.0001,1435
7842,0.0001,144
7843,0.0001,868
7844,0.0001,1711
7845,0.0001,1582
7846,0.0001,109
7847,0.0001,3051
7848,0.0001,709
7849,0.0001,273
7850,0.0001,62
7851,0.0001,1869
7852,0.0001,791
7853,0.0001,62
7854,0.0001,1163
7855,0.0001,168
7856,0.0001,93
7857,0.0001,3819
7858,0.0001,139
7859,0.0001,78
7860,0.0001,709
7861,0.0001,0
7862,0.0001,170
7863,0.0001,31
7864,0.0001,629
7865,0.0001,880
7866,0.0001,325
7867,0.0001,2158
7868,0.0001,653
7869,0.0001,283
7870,0.0001,814
7871,0.0001,170
7872,0.0001,1983
7873,0.0001,1036
7874,0.0001,894
7875,0.0001,3067
7876,0.0001,168
7877,0.0001,1647
7878,0.0001,679
7879,0.0001,206
7880,0.0001,47
7881,0.0001,963
7882,0.0001,201
7883,0.0001,203
7884,0.0001,62
7885,0.0001,106
7886,0.0001,773
7887,0.0001,92
7888,0.0001,1488
7889,0.0001,1203
7890,0.0001,3925
7891,0.0001,4431
7892,0.0001,309
7893,0.0001,0
7894,0.0001,77
7895,0.0001,689
7896,0.0001,893
7897,0.0001,894
7898,0.0001,169
7899,0.0001,46
7900,0.0001,232
7901,0.0001,206
7902,0.0001,265
7903,0.0001,211
7904,0.0001,67
7905,0.0001,55
7906,0.0001,146
7907,0.0001,1669
7908,0.0001,778
7909,0.0001,953
7910,0.0001,943
7911,0.0001,77
7912,0.0001,88
7913,0.0001,889
7914,0.0001,190
7915,0.0001,170
7916,0.0001,844
7917,0.0001,1580
7918,0.0001,297
7919,0.0001,169
7920,0.0001,0
7921,0.0001,123
7922,0.0001,938
7923,0.0001,1875
7924,0.0001,139
7925,0.0001,23
7926,0.0001,876
7927,0.0001,1456
7928,0.0001,133
7929,0.0001,675
7930,0.0001,776
7931,0.0001,833
7932,0.0001,105
7933,0.0001,201
7934,0.0001,123
7935,0.0001,161
7936,0.0001,873
7937,0.0001,924
7938,0.0001,47
7939,0.0001,3439
7940,0.0001,16
7941,0.0001,1546
7942,0.0001,62
7943,0.0001,953
7944,0.0001,1067
7945,0.0001,157
7946,0.0001,0
7947,0.0001,678
7948,0.0001,302
7949,0.0001,155
7950,0.0001,201
7951,0.0001,1610
7952,0.0001,2345
7953,0.0001,722
7954,0.0001,78
7955,0.0001,108
7956,0.0001,31
7957,0.0001,32
7958,0.0001,144
7959,0.0001,1618
7960,0.0001,917
7961,0.0001,1279
7962,0.0001,2967
7963,0.0001,200
7964,0.0001,1469
7965,0.0001,908
7966,0.0001,881
7967,0.0001,886
7968,0.0001,4074
7969,0.0001,0
7970,0.0001,728
7971,0.0001,841
7972,0.0001,755
7973,0.0001,108
7974,0.0001,189
7975,0.0001,145
7976,0.0001,1706
7977,0.0001,77
7978,0.0001,1934
7979,0.0001,62
7980,0.0001,0
7981,0.0001,142
7982,0.0001,660
7983,0.0001,93
7984,0.0001,2414
7985,0.0001,93
7986,0.0001,0
7987,0.0001,133
7988,0.0001,938
7989,0.0001,196
7990,0.0001,154
7991,0.0001,720
7992,0.0001,2197
7993,0.0001,62
7994,0.0001,155
7995,0.0001,720
7996,0.0001,824
7997,0.0001,62
7998,0.0001,984
7999,0.0001,92
8000,0.0001,191
8001,0.0001,1161
8002,0.0001,2034
8003,0.0001,247
8004,0.0001,242
8005,0.0001,983
8006,0.0001,116
8007,0.0001,145
8008,0.0001,154
8009,0.0001,969
8010,0.0001,5509
8011,0.0001,16
8012,0.0001,1503
8013,0.0001,0
8014,0.0001,0
8015,0.0001,62
8016,0.0001,828
8017,0.0001,46
8018,0.0001,689
8019,0.0001,62
8020,0.0001,63
8021,0.0001,740
8022,0.0001,93
8023,0.0001,834
8024,0.0001,127
8025,0.0001,1643
8026,0.0001,1071
8027,0.0001,62
8028,0.0001,1030
8029,0.0001,902
8030,0.0001,0
8031,0.0001,237
8032,0.0001,84
8033,0.0001,1613
8034,0.0001,248
8035,0.0001,93
8036,0.0001,310
8037,0.0001,139
8038,0.0001,116
8039,0.0001,3581
8040,0.0001,723
8041,0.0001,92
8042,0.0001,982
8043,0.0001,238
8044,0.0001,159
8045,0.0001,16
8046,0.0001,78
8047,0.0001,3771
8048,0.0001,190
8049,0.0001,0
8050,0.0001,855
8051,0.0001,62
8052,0.0001,847
8053,0.0001,149
8054,0.0001,125
8055,0.0001,2648
8056,0.0001,866
8057,0.0001,1710
8058,0.0001,209
8059,0.0001,1669
8060,0.0001,146
8061,0.0001,108
8062,0.0001,190
8063,0.0001,63
8064,0.0001,218
8065,0.0001,700
8066,0.0001,255
8067,0.0001,1827
8068,0.0001,103
8069,0.0001,185
8070,0.0001,62
8071,0.0001,109
8072,0.0001,140
8073,0.0001,940
8074,0.0001,93
8075,0.0001,155
8076,0.0001,232
8077,0.0001,862
8078,0.0001,78
8079,0.0001,70
8080,0.0001,1544
8081,0.0001,78
8082,0.0001,327
8083,0.0001,170
8084,0.0001,109
8085,0.0001,31
8086,0.0001,108
8087,0.0001,979
8088,0.0001,806
8089,0.0001,123
8090,0.0001,246
8091,0.0001,70
8092,0.0001,77
8093,0.0001,185
8094,0.0001,1693
8095,0.0001,46
8096,0.0001,46
8097,0.0001,1608
8098,0.0001,62
8099,0.0001,93
8100,0.0001,180
8101,0.0001,784
8102,0.0001,147
8103,0.0001,46
8104,0.0001,186
8105,0.0001,85
8106,0.0001,768
8107,0.0001,75
8108,0.0001,2545
8109,0.0001,2399
8110,0.0001,47
8111,0.0001,124
8112,0.0001,674
8113,0.0001,132
8114,0.0001,878
8115,0.0001,991
8116,0.0001,165
8117,0.0001,92
8118,0.0001,101
8119,0.0001,62
8120,0.0001,186
8121,0.0001,912
8122,0.0001,208
8123,0.0001,114
8124,0.0001,971
8125,0.0001,853
8126,0.0001,47
8127,0.0001,46
8128,0.0001,1178
8129,0.0001,139
8130,0.0001,185
8131,0.0001,2489
8132,0.0001,93
8133,0.0001,62
8134,0.0001,1016
8135,0.0001,31
8136,0.0001,77
8137,0.0001,796
8138,0.0001,187
8139,0.0001,244
8140,0.0001,1163
8141,0.0001,1501
8142,0.0001,123
8143,0.0001,41
8144,0.0001,62
8145,0.0001,1113
8146,0.0001,1086
8147,0.0001,126
8148,0.0001,93
8149,0.0001,1091
8150,0.0001,922
8151,0.0001,907
8152,0.0001,722
8153,0.0001,92
8154,0.0001,180
8155,0.0001,124
8156,0.0001,721
8157,0.0001,932
8158,0.0001,185
8159,0.0001,144
8160,0.0001,0
8161,0.0001,109
8162,0.0001,1070
8163,0.0001,1177
8164,0.0001,2366
8165,0.0001,31
8166,0.0001,31
8167,0.0001,951
8168,0.0001,104
8169,0.0001,933
8170,0.0001,1384
8171,0.0001,141
8172,0.0001,979
8173,0.0001,2354
8174,0.0001,1074
8175,0.0001,651
8176,0.0001,85
8177,0.0001,930
8178,0.0001,812
8179,0.0001,46
8180,0.0001,1423
8181,0.0001,1380
8182,0.0001,966
8183,0.0001,62
8184,0.0001,2175
8185,0.0001,1767
8186,0.0001,679
8187,0.0001,165
8188,0.0001,0
8189,0.0001,1754
8190,0.0001,768
8191,0.0001,737
8192,0.0001,190
8193,0.0001,859
8194,0.0001,819
8195,0.0001,822
8196,0.0001,169
8197,0.0001,155
8198,0.0001,708
8199,0.0001,1582
8200,0.0001,787
8201,0.0001,178
8202,0.0001,240
8203,0.0001,31
8204,0.0001,108
8205,0.0001,277
8206,0.0001,2613
8207,0.0001,1467
8208,0.0001,124
8209,0.0001,139
8210,0.0001,716
8211,0.0001,628
8212,0.0001,819
8213,0.0001,269
8214,0.0001,16
8215,0.0001,108
8216,0.0001,735
8217,0.0001,185
8218,0.0001,72
8219,0.0001,2414
8220,0.0001,1032
8221,0.0001,62
8222,0.0001,951
8223,0.0001,1861
8224,0.0001,775
8225,0.0001,1016
8226,0.0001,86
8227,0.0001,1752
8228,0.0001,1443
8229,0.0001,31
8230,0.0001,62
8231,0.0001,1457
8232,0.0001,236
8233,0.0001,2136
8234,0.0001,4226
8235,0.0001,837
8236,0.0001,0
8237,0.0001,186
8238,0.0001,3364
8239,0.0001,85
8240,0.0001,845
8241,0.0001,170
8242,0.0001,93
8243,0.0001,92
8244,0.0001,733
8245,0.0001,855
8246,0.0001,869
8247,0.0001,147
8248,0.0001,1573
8249,0.0001,123
8250,0.0001,4228
8251,0.0001,123
8252,0.0001,1642
8253,0.0001,31
8254,0.0001,793
8255,0.0001,46
8256,0.0001,1388
8257,0.0001,781
8258,0.0001,216
8259,0.0001,676
8260,0.0001,1500
8261,0.0001,154
8262,0.0001,967
8263,0.0001,62
8264,0.0001,2315
8265,0.0001,93
8266,0.0001,0
8267,0.0001,1086
8268,0.0001,948
8269,0.0001,884
8270,0.0001,293
8271,0.0001,761
8272,0.0001,2283
8273,0.0001,147
8274,0.0001,185
8275,0.0001,1644
8276,0.0001,1639
8277,0.0001,108
8278,0.0001,1675
8279,0.0001,62
8280,0.0001,46
8281,0.0001,124
8282,0.0001,108
8283,0.0001,1086
8284,0.0001,1429
8285,0.0001,2373
8286,0.0001,63
8287,0.0001,786
8288,0.0001,1613
8289,0.0001,203
8290,0.0001,894
8291,0.0001,16
8292,0.0001,16
8293,0.0001,77
8294,0.0001,761
8295,0.0001,766
8296,0.0001,684
8297,0.0001,114
8298,0.0001,0
8299,0.0001,2660
8300,0.0001,62
8301,0.0001,108
8302,0.0001,861
8303,0.0001,171
8304,0.0001,3338
8305,0.0001,1594
8306,0.0001,895
8307,0.0001,1592
8308,0.0001,31
8309,0.0001,78
8310,0.0001,169
8311,0.0001,186
8312,0.0001,85
8313,0.0001,77
8314,0.0001,3065
8315,0.0001,873
8316,0.0001,1030
8317,0.0001,907
8318,0.0001,1670
8319,0.0001,1572
8320,0.0001,124
8321,0.0001,123
8322,0.0001,2376
8323,0.0001,707
8324,0.0001,796
8325,0.0001,62
8326,0.0001,93
8327,0.0001,2286
8328,0.0001,722
8329,0.0001,1593
8330,0.0001,31
8331,0.0001,92
8332,0.0001,3418
8333,0.0001,62
8334,0.0001,0
8335,0.0001,3054
8336,0.0001,1002
8337,0.0001,54
8338,0.0001,78
8339,0.0001,93
8340,0.0001,1030
8341,0.0001,729
8342,0.0001,100
8343,0.0001,85
8344,0.0001,31
8345,0.0001,139
8346,0.0001,201
8347,0.0001,185
8348,0.0001,142
8349,0.0001,868
8350,0.0001,144
8351,0.0001,226
8352,0.0001,721
8353,0.0001,41
8354,0.0001,47
8355,0.0001,93
8356,0.0001,0
8357,0.0001,124
8358,0.0001,392
8359,0.0001,832
8360,0.0001,179
8361,0.0001,16
8362,0.0001,255
8363,0.0001,62
8364,0.0001,93
8365,0.0001,758
8366,0.0001,1656
8367,0.0001,847
8368,0.0001,5749
8369,0.0001,3428
8370,0.0001,2184
8371,0.0001,62
8372,0.0001,47
8373,0.0001,240
8374,0.0001,77
8375,0.0001,784
8376,0.0001,216
8377,0.0001,62
8378,0.0001,777
8379,0.0001,155
8380,0.0001,270
8381,0.0001,3385
8382,0.0001,77
8383,0.0001,62
8384,0.0001,764
8385,0.0001,79
8386,0.0001,915
8387,0.0001,1419
8388,0.0001,870
8389,0.0001,799
8390,0.0001,0
8391,0.0001,62
8392,0.0001,776
8393,0.0001,31
8394,0.0001,970
8395,0.0001,62
8396,0.0001,252
8397,0.0001,904
8398,0.0001,93
8399,0.0001,1450
8400,0.0001,31
8401,0.0001,682
8402,0.0001,92
8403,0.0001,62
8404,0.0001,688
8405,0.0001,186
8406,0.0001,913
8407,0.0001,85
8408,0.0001,88
8409,0.0001,47
8410,0.0001,139
8411,0.0001,5491
8412,0.0001,4287
8413,0.0001,1070
8414,0.0001,178
8415,0.0001,0
8416,0.0001,897
8417,0.0001,1007
8418,0.0001,123
8419,0.0001,130
8420,0.0001,1452
8421,0.0001,139
8422,0.0001,103
8423,0.0001,1540
8424,0.0001,785
8425,0.0001,1415
8426,0.0001,77
8427,0.0001,108
8428,0.0001,677
8429,0.0001,3198
8430,0.0001,815
8431,0.0001,194
8432,0.0001,139
8433,0.0001,683
8434,0.0001,2384
8435,0.0001,3344
8436,0.0001,23
8437,0.0001,670
8438,0.0001,62
8439,0.0001,108
8440,0.0001,162
8441,0.0001,106
8442,0.0001,111
8443,0.0001,2426
8444,0.0001,897
8445,0.0001,899
8446,0.0001,62
8447,0.0001,873
8448,0.0001,705
8449,0.0001,62
8450,0.0001,2395
8451,0.0001,93
8452,0.0001,232
8453,0.0001,937
8454,0.0001,274
8455,0.0001,160
8456,0.0001,108
8457,0.0001,263
8458,0.0001,93
8459,0.0001,822
8460,0.0001,77
8461,0.0001,93
8462,0.0001,325
8463,0.0001,93
8464,0.0001,181
8465,0.0001,791
8466,0.0001,1613
8467,0.0001,655
8468,0.0001,0
8469,0.0001,183
8470,0.0001,124
8471,0.0001,922
8472,0.0001,170
8473,0.0001,47
8474,0.0001,0
8475,0.0001,62
8476,0.0001,855
8477,0.0001,1540
8478,0.0001,109
8479,0.0001,85
8480,0.0001,116
8481,0.0001,799
8482,0.0001,923
8483,0.0001,132
8484,0.0001,915
8485,0.0001,62
8486,0.0001,4010
8487,0.0001,830
8488,0.0001,781
8489,0.0001,808
8490,0.0001,238
8491,0.0001,123
8492,0.0001,172
8493,0.0001,100
8494,0.0001,55
8495,0.0001,93
8496,0.0001,1705
8497,0.0001,1931
8498,0.0001,85
8499,0.0001,917
8500,0.0001,953
8501,0.0001,816
8502,0.0001,31
8503,0.0001,108
8504,0.0001,1700
8505,0.0001,180
8506,0.0001,62
8507,0.0001,1371
8508,0.0001,165
8509,0.0001,154
8510,0.0001,738
8511,0.0001,46
8512,0.0001,195
8513,0.0001,94
8514,0.0001,62
8515,0.0001,858
8516,0.0001,5833
8517,0.0001,85
8518,0.0001,886
8519,0.0001,1572
8520,0.0001,2461
8521,0.0001,1595
8522,0.0001,899
8523,0.0001,1058
8524,0.0001,1655
8525,0.0001,1043
8526,0.0001,0
8527,0.0001,93
8528,0.0001,675
8529,0.0001,164
8530,0.0001,178
8531,0.0001,645
8532,0.0001,108
8533,0.0001,773
8534,0.0001,2919
8535,0.0001,5264
8536,0.0001,85
8537,0.0001,85
8538,0.0001,968
8539,0.0001,767
8540,0.0001,108
8541,0.0001,186
8542,0.0001,111
8543,0.0001,82
8544,0.0001,54
8545,0.0001,16
8546,0.0001,108
8547,0.0001,155
8548,0.0001,205
8549,0.0001,208
8550,0.0001,16
8551,0.0001,171
8552,0.0001,103
8553,0.0001,154
8554,0.0001,825
8555,0.0001,1784
8556,0.0001,124
8557,0.0001,77
8558,0.0001,887
8559,0.0001,279
8560,0.0001,0
8561,0.0001,63
8562,0.0001,1423
8563,0.0001,39
8564,0.0001,147
8565,0.0001,85
8566,0.0001,69
8567,0.0001,253
8568,0.0001,231
8569,0.0001,78
8570,0.0001,3073
8571,0.0001,4953
8572,0.0001,881
8573,0.0001,1012
8574,0.0001,0
8575,0.0001,760
8576,0.0001,1667
8577,0.0001,204
8578,0.0001,144
8579,0.0001,247
8580,0.0001,763
8581,0.0001,2375
8582,0.0001,874
8583,0.0001,303
8584,0.0001,170
8585,0.0001,147
8586,0.0001,914
8587,0.0001,1255
8588,0.0001,63
8589,0.0001,155
8590,0.0001,1739
8591,0.0001,643
8592,0.0001,822
8593,0.0001,93
8594,0.0001,1494
8595,0.0001,188
8596,0.0001,108
8597,0.0001,1390
8598,0.0001,1286
8599,0.0001,85
8600,0.0001,1567
8601,0.0001,93
8602,0.0001,1705
8603,0.0001,2353
8604,0.0001,198
8605,0.0001,3154
8606,0.0001,0
8607,0.0001,785
8608,0.0001,674
8609,0.0001,144
8610,0.0001,1005
8611,0.0001,77
8612,0.0001,93
8613,0.0001,78
8614,0.0001,129
8615,0.0001,2368
8616,0.0001,1001
8617,0.0001,892
8618,0.0001,2243
8619,0.0001,46
8620,0.0001,894
8621,0.0001,924
8622,0.0001,201
8623,0.0001,730
8624,0.0001,782
8625,0.0001,119
8626,0.0001,1491
8627,0.0001,108
8628,0.0001,1430
8629,0.0001,0
8630,0.0001,836
8631,0.0001,870
8632,0.0001,47
8633,0.0001,0
8634,0.0001,2490
8635,0.0001,1127
8636,0.0001,804
8637,0.0001,62
8638,0.0001,1601
8639,0.0001,2388
8640,0.0001,1523
8641,0.0001,52
8642,0.0001,209
8643,0.0001,1577
8644,0.0001,840
8645,0.0001,94
8646,0.0001,62
8647,0.0001,630
8648,0.0001,891
8649,0.0001,170
8650,0.0001,907
8651,0.0001,733
8652,0.0001,962
8653,0.0001,108
8654,0.0001,263
8655,0.0001,796
8656,0.0001,154
8657,0.0001,229
8658,0.0001,676
8659,0.0001,70
8660,0.0001,217
8661,0.0001,1492
8662,0.0001,62
8663,0.0001,124
8664,0.0001,278
8665,0.0001,0
8666,0.0001,612
8667,0.0001,2031
8668,0.0001,62
8669,0.0001,362
8670,0.0001,1752
8671,0.0001,31
8672,0.0001,46
8673,0.0001,150
8674,0.0001,2856
8675,0.0001,1565
8676,0.0001,731
8677,0.0001,124
8678,0.0001,1020
8679,0.0001,176
8680,0.0001,187
8681,0.0001,2188
8682,0.0001,180
8683,0.0001,63
8684,0.0001,232
8685,0.0001,1217
8686,0.0001,870
8687,0.0001,124
8688,0.0001,822
8689,0.0001,817
8690,0.0001,782
8691,0.0001,1504
8692,0.0001,77
8693,0.0001,1521
8694,0.0001,88
8695,0.0001,1616
8696,0.0001,62
8697,0.0001,176
8698,0.0001,2891
8699,0.0001,0
8700,0.0001,907
8701,0.0001,62
8702,0.0001,0
8703,0.0001,77
8704,0.0001,2317
8705,0.0001,157
8706,0.0001,698
8707,0.0001,62
8708,0.0001,124
8709,0.0001,2414
8710,0.0001,63
8711,0.0001,186
8712,0.0001,247
8713,0.0001,1092
8714,0.0001,231
8715,0.0001,93
8716,0.0001,1605
8717,0.0001,1032
8718,0.0001,806
8719,0.0001,4509
8720,0.0001,1147
8721,0.0001,2487
8722,0.0001,1004
8723,0.0001,116
8724,0.0001,5332
8725,0.0001,162
8726,0.0001,984
8727,0.0001,144
8728,0.0001,1654
8729,0.0001,1260
8730,0.0001,845
8731,0.0001,949
8732,0.0001,93
8733,0.0001,156
8734,0.0001,1744
8735,0.0001,1081
8736,0.0001,1550
8737,0.0001,147
8738,0.0001,154
8739,0.0001,643
8740,0.0001,94
8741,0.0001,1401
8742,0.0001,1196
8743,0.0001,170
8744,0.0001,995
8745,0.0001,140
8746,0.0001,1185
8747,0.0001,789
8748,0.0001,853
8749,0.0001,169
8750,0.0001,1535
8751,0.0001,3144
8752,0.0001,1798
8753,0.0001,79
8754,0.0001,177
8755,0.0001,879
8756,0.0001,93
8757,0.0001,70
8758,0.0001,2389
8759,0.0001,1742
8760,0.0001,927
8761,0.0001,1550
8762,0.0001,848
8763,0.0001,207
8764,0.0001,817
8765,0.0001,133
8766,0.0001,224
8767,0.0001,139
8768,0.0001,172
8769,0.0001,229
8770,0.0001,1485
8771,0.0001,125
8772,0.0001,714
8773,0.0001,144
8774,0.0001,227
8775,0.0001,78
8776,0.0001,2043
8777,0.0001,3001
8778,0.0001,845
8779,0.0001,938
8780,0.0001,1690
8781,0.0001,62
8782,0.0001,93
8783,0.0001,3977
8784,0.0001,155
8785,0.0001,899
8786,0.0001,229
8787,0.0001,130
8788,0.0001,1593
8789,0.0001,92
8790,0.0001,124
8791,0.0001,201
8792,0.0001,165
8793,0.0001,891
8794,0.0001,125
8795,0.0001,1637
8796,0.0001,861
8797,0.0001,16
8798,0.0001,1899
8799,0.0001,3865
8800,0.0001,125
8801,0.0001,893
8802,0.0001,175
8803,0.0001,124
8804,0.0001,211
8805,0.0001,691
8806,0.0001,280
8807,0.0001,62
8808,0.0001,1534
8809,0.0001,62
8810,0.0001,2615
8811,0.0001,736
8812,0.0001,46
8813,0.0001,41
8814,0.0001,1005
8815,0.0001,162
8816,0.0001,1677
8817,0.0001,380
8818,0.0001,31
8819,0.0001,882
8820,0.0001,838
8821,0.0001,246
8822,0.0001,23
8823,0.0001,170
8824,0.0001,82
8825,0.0001,123
8826,0.0001,129
8827,0.0001,92
8828,0.0001,1542
8829,0.0001,2352
8830,0.0001,1531
8831,0.0001,1086
8832,0.0001,46
8833,0.0001,822
8834,0.0001,170
8835,0.0001,155
8836,0.0001,1672
8837,0.0001,146
8838,0.0001,23
8839,0.0001,908
8840,0.0001,101
8841,0.0001,846
8842,0.0001,178
8843,0.0001,1757
8844,0.0001,62
8845,0.0001,94
8846,0.0001,16
8847,0.0001,249
8848,0.0001,932
8849,0.0001,882
8850,0.0001,62
8851,0.0001,691
8852,0.0001,253
8853,0.0001,4648
8854,0.0001,4241
8855,0.0001,85
8856,0.0001,1007
8857,0.0001,1721
8858,0.0001,247
8859,0.0001,683
8860,0.0001,848
8861,0.0001,1540
8862,0.0001,751
8863,0.0001,1550
8864,0.0001,2847
8865,0.0001,275
8866,0.0001,692
8867,0.0001,0
8868,0.0001,1082
8869,0.0001,807
8870,0.0001,1519
8871,0.0001,31
8872,0.0001,185
8873,0.0001,837
8874,0.0001,62
8875,0.0001,796
8876,0.0001,85
8877,0.0001,1652
8878,0.0001,206
8879,0.0001,1602
8880,0.0001,46
8881,0.0001,251
8882,0.0001,23
8883,0.0001,1128
8884,0.0001,1089
8885,0.0001,1622
8886,0.0001,194
8887,0.0001,62
8888,0.0001,31
8889,0.0001,1680
8890,0.0001,217
8891,0.0001,824
8892,0.0001,1352
8893,0.0001,196
8894,0.0001,812
8895,0.0001,142
8896,0.0001,141
8897,0.0001,87
8898,0.0001,123
8899,0.0001,124
8900,0.0001,277
8901,0.0001,913
8902,0.0001,922
8903,0.0001,869
8904,0.0001,217
8905,0.0001,140
8906,0.0001,922
8907,0.0001,802
8908,0.0001,2445
8909,0.0001,896
8910,0.0001,31
8911,0.0001,62
8912,0.0001,1690
8913,0.0001,93
8914,0.0001,31
8915,0.0001,93
8916,0.0001,41
8917,0.0001,46
8918,0.0001,709
8919,0.0001,1057
8920,0.0001,812
8921,0.0001,722
8922,0.0001,93
8923,0.0001,735
8924,0.0001,108
8925,0.0001,876
8926,0.0001,31
8927,0.0001,175
8928,0.0001,968
8929,0.0001,1100
8930,0.0001,274
8931,0.0001,0
8932,0.0001,3313
8933,0.0001,2569
8934,0.0001,1296
8935,0.0001,62
8936,0.0001,23
8937,0.0001,4439
8938,0.0001,3274
8939,0.0001,139
8940,0.0001,291
8941,0.0001,762
8942,0.0001,921
8943,0.0001,31
8944,0.0001,124
8945,0.0001,1713
8946,0.0001,227
8947,0.0001,134
8948,0.0001,82
8949,0.0001,4098
8950,0.0001,169
8951,0.0001,651
8952,0.0001,1497
8953,0.0001,136
8954,0.0001,49
8955,0.0001,215
8956,0.0001,86
8957,0.0001,69
8958,0.0001,1636
8959,0.0001,988
8960,0.0001,103
8961,0.0001,950
8962,0.0001,46
8963,0.0001,1671
8964,0.0001,3215
8965,0.0001,817
8966,0.0001,145
8967,0.0001,62
8968,0.0001,46
8969,0.0001,77
8970,0.0001,156
8971,0.0001,94
8972,0.0001,960
8973,0.0001,16
8974,0.0001,964
8975,0.0001,1550
8976,0.0001,155
8977,0.0001,0
8978,0.0001,109
8979,0.0001,783
8980,0.0001,16
8981,0.0001,150
8982,0.0001,139
8983,0.0001,1605
8984,0.0001,1674
8985,0.0001,154
8986,0.0001,101
8987,0.0001,170
8988,0.0001,47
8989,0.0001,872
8990,0.0001,5606
8991,0.0001,208
8992,0.0001,937
8993,0.0001,879
8994,0.0001,31
8995,0.0001,93
8996,0.0001,984
8997,0.0001,70
8998,0.0001,2273
8999,0.0001,1585
9000,0.0001,884
9001,0.0001,938
9002,0.0001,0
9003,0.0001,31
9004,0.0001,0
9005,0.0001,1536
9006,0.0001,1501
9007,0.0001,129
9008,0.0001,186
9009,0.0001,2468
9010,0.0001,751
9011,0.0001,848
9012,0.0001,0
9013,0.0001,1536
9014,0.0001,123
9015,0.0001,3437
9016,0.0001,124
9017,0.0001,1697
9018,0.0001,799
9019,0.0001,3884
9020,0.0001,142
9021,0.0001,117
9022,0.0001,54
9023,0.0001,198
9024,0.0001,1486
9025,0.0001,992
9026,0.0001,681
9027,0.0001,197
9028,0.0001,882
9029,0.0001,16
9030,0.0001,807
9031,0.0001,1122
9032,0.0001,186
9033,0.0001,0
9034,0.0001,31
9035,0.0001,209
9036,0.0001,295
9037,0.0001,728
9038,0.0001,62
9039,0.0001,108
9040,0.0001,3052
9041,0.0001,1559
9042,0.0001,217
9043,0.0001,917
9044,0.0001,861
9045,0.0001,1225
9046,0.0001,98
9047,0.0001,1721
9048,0.0001,282
9049,0.0001,171
9050,0.0001,1724
9051,0.0001,2349
9052,0.0001,961
9053,0.0001,896
9054,0.0001,910
9055,0.0001,77
9056,0.0001,861
9057,0.0001,1709
9058,0.0001,854
9059,0.0001,0
9060,0.0001,139
9061,0.0001,846
9062,0.0001,366
9063,0.0001,833
9064,0.0001,897
9065,0.0001,62
9066,0.0001,108
9067,0.0001,62
9068,0.0001,643
9069,0.0001,31
9070,0.0001,2287
9071,0.0001,108
9072,0.0001,98
9073,0.0001,1612
9074,0.0001,132
9075,0.0001,253
9076,0.0001,807
9077,0.0001,1831
9078,0.0001,203
9079,0.0001,907
9080,0.0001,39
9081,0.0001,139
9082,0.0001,1332
9083,0.0001,133
9084,0.0001,1562
9085,0.0001,304
9086,0.0001,827
9087,0.0001,0
9088,0.0001,939
9089,0.0001,825
9090,0.0001,856
9091,0.0001,1031
9092,0.0001,78
9093,0.0001,1690
9094,0.0001,961
9095,0.0001,682
9096,0.0001,163
9097,0.0001,892
9098,0.0001,78
9099,0.0001,850
9100,0.0001,108
9101,0.0001,116
9102,0.0001,267
9103,0.0001,970
9104,0.0001,187
9105,0.0001,1690
9106,0.0001,177
9107,0.0001,3011
9108,0.0001,108
9109,0.0001,31
9110,0.0001,3678
9111,0.0001,154
9112,0.0001,791
9113,0.0001,869
9114,0.0001,1197
9115,0.0001,200
9116,0.0001,93
9117,0.0001,878
9118,0.0001,168
9119,0.0001,2986
9120,0.0001,109
9121,0.0001,700
9122,0.0001,2148
9123,0.0001,1059
9124,0.0001,47
9125,0.0001,3330
9126,0.0001,190
9127,0.0001,1000
9128,0.0001,705
9129,0.0001,175
9130,0.0001,46
9131,0.0001,900
9132,0.0001,2340
9133,0.0001,4192
9134,0.0001,274
9135,0.0001,1031
9136,0.0001,3176
9137,0.0001,912
9138,0.0001,31
9139,0.0001,31
9140,0.0001,208
9141,0.0001,1392
9142,0.0001,62
9143,0.0001,202
9144,0.0001,1879
9145,0.0001,163
9146,0.0001,31
9147,0.0001,185
9148,0.0001,814
9149,0.0001,675
9150,0.0001,155
9151,0.0001,205
9152,0.0001,108
9153,0.0001,913
9154,0.0001,689
9155,0.0001,196
9156,0.0001,65
9157,0.0001,2230
9158,0.0001,108
9159,0.0001,947
9160,0.0001,272
9161,0.0001,155
9162,0.0001,835
9163,0.0001,907
9164,0.0001,967
9165,0.0001,46
9166,0.0001,0
9167,0.0001,54
9168,0.0001,16
9169,0.0001,1737
9170,0.0001,992
9171,0.0001,770
9172,0.0001,108
9173,0.0001,273
9174,0.0001,1603
9175,0.0001,281
9176,0.0001,1578
9177,0.0001,229
9178,0.0001,871
9179,0.0001,123
9180,0.0001,979
9181,0.0001,182
9182,0.0001,109
9183,0.0001,695
9184,0.0001,1014
9185,0.0001,108
9186,0.0001,87
9187,0.0001,643
9188,0.0001,653
9189,0.0001,910
9190,0.0001,1193
9191,0.0001,170
9192,0.0001,1760
9193,0.0001,855
9194,0.0001,0
9195,0.0001,0
9196,0.0001,612
9197,0.0001,940
9198,0.0001,21
9199,0.0001,857
9200,0.0001,62
9201,0.0001,361
9202,0.0001,108
9203,0.0001,643
9204,0.0001,62
9205,0.0001,1745
9206,0.0001,16
9207,0.0001,23
9208,0.0001,1182
9209,0.0001,144
9210,0.0001,23
9211,0.0001,207
9212,0.0001,861
9213,0.0001,917
9214,0.0001,939
9215,0.0001,124
9216,0.0001,787
9217,0.0001,786
9218,0.0001,16
9219,0.0001,3507
9220,0.0001,0
9221,0.0001,917
9222,0.0001,2318
9223,0.0001,1621
9224,0.0001,1549
9225,0.0001,1020
9226,0.0001,170
9227,0.0001,873
9228,0.0001,70
9229,0.0001,1741
9230,0.0001,1589
9231,0.0001,131
9232,0.0001,77
9233,0.0001,860
9234,0.0001,62
9235,0.0001,82
9236,0.0001,156
9237,0.0001,1646
9238,0.0001,54
9239,0.0001,1569
9240,0.0001,773
9241,0.0001,2445
9242,0.0001,936
9243,0.0001,3206
9244,0.0001,245
9245,0.0001,1535
9246,0.0001,31
9247,0.0001,426
9248,0.0001,858
9249,0.0001,845
9250,0.0001,2455
9251,0.0001,54
9252,0.0001,54
9253,0.0001,116
9254,0.0001,172
9255,0.0001,247
9256,0.0001,856
9257,0.0001,846
9258,0.0001,3896
9259,0.0001,46
9260,0.0001,41
9261,0.0001,121
9262,0.0001,0
9263,0.0001,175
9264,0.0001,62
9265,0.0001,62
9266,0.0001,920
9267,0.0001,768
9268,0.0001,1677
9269,0.0001,837
9270,0.0001,1680
9271,0.0001,62
9272,0.0001,124
9273,0.0001,129
9274,0.0001,1019
9275,0.0001,666
9276,0.0001,1500
9277,0.0001,815
9278,0.0001,643
9279,0.0001,3617
9280,0.0001,922
9281,0.0001,4493
9282,0.0001,1469
9283,0.0001,83
9284,0.0001,2142
9285,0.0001,31
9286,0.0001,186
9287,0.0001,1368
9288,0.0001,970
9289,0.0001,1577
9290,0.0001,832
9291,0.0001,892
9292,0.0001,108
9293,0.0001,720
9294,0.0001,907
9295,0.0001,900
9296,0.0001,94
9297,0.0001,62
9298,0.0001,4470
9299,0.0001,612
9300,0.0001,344
9301,0.0001,1660
9302,0.0001,1520
9303,0.0001,678
9304,0.0001,0
9305,0.0001,674
9306,0.0001,411
9307,0.0001,31
9308,0.0001,77
9309,0.0001,46
9310,0.0001,924
9311,0.0001,115
9312,0.0001,674
9313,0.0001,154
9314,0.0001,916
9315,0.0001,86
9316,0.0001,1820
9317,0.0001,880
9318,0.0001,123
9319,0.0001,2390
9320,0.0001,927
9321,0.0001,743
9322,0.0001,114
9323,0.0001,922
9324,0.0001,3391
9325,0.0001,70
9326,0.0001,1548
9327,0.0001,62
9328,0.0001,101
9329,0.0001,109
9330,0.0001,3132
9331,0.0001,854
9332,0.0001,139
9333,0.0001,21
9334,0.0001,0
9335,0.0001,87
9336,0.0001,224
9337,0.0001,154
9338,0.0001,704
9339,0.0001,31
9340,0.0001,79
9341,0.0001,231
9342,0.0001,244
9343,0.0001,124
9344,0.0001,1030
9345,0.0001,0
9346,0.0001,239
9347,0.0001,833
9348,0.0001,1059
9349,0.0001,892
9350,0.0001,62
9351,0.0001,1599
9352,0.0001,109
9353,0.0001,670
9354,0.0001,165
9355,0.0001,791
9356,0.0001,139
9357,0.0001,0
9358,0.0001,0
9359,0.0001,294
9360,0.0001,912
9361,0.0001,405
9362,0.0001,770
9363,0.0001,691
9364,0.0001,108
9365,0.0001,172
9366,0.0001,881
9367,0.0001,214
9368,0.0001,1194
9369,0.0001,109
9370,0.0001,2180
9371,0.0001,720
9372,0.0001,47
9373,0.0001,947
9374,0.0001,861
9375,0.0001,794
9376,0.0001,54
9377,0.0001,93
9378,0.0001,770
9379,0.0001,46
9380,0.0001,1571
9381,0.0001,799
9382,0.0001,638
9383,0.0001,116
9384,0.0001,2365
9385,0.0001,842
9386,0.0001,46
9387,0.0001,645
9388,0.0001,1711
9389,0.0001,1504
9390,0.0001,216
9391,0.0001,3252
9392,0.0001,983
9393,0.0001,62
9394,0.0001,31
9395,0.0001,274
9396,0.0001,134
9397,0.0001,947
9398,0.0001,170
9399,0.0001,0
9400,0.0001,41
9401,0.0001,152
9402,0.0001,100
9403,0.0001,1607
9404,0.0001,133
9405,0.0001,684
9406,0.0001,62
9407,0.0001,1483
9408,0.0001,974
9409,0.0001,1224
9410,0.0001,209
9411,0.0001,77
9412,0.0001,1582
9413,0.0001,62
9414,0.0001,139
9415,0.0001,1426
9416,0.0001,1077
9417,0.0001,720
9418,0.0001,2683
9419,0.0001,1521
9420,0.0001,150
9421,0.0001,1492
9422,0.0001,786
9423,0.0001,920
9424,0.0001,441
9425,0.0001,171
9426,0.0001,995
9427,0.0001,3561
9428,0.0001,109
9429,0.0001,124
9430,0.0001,155
9431,0.0001,956
9432,0.0001,151
9433,0.0001,0
9434,0.0001,62
9435,0.0001,31
9436,0.0001,31
9437,0.0001,62
9438,0.0001,193
9439,0.0001,814
9440,0.0001,913
9441,0.0001,16
9442,0.0001,126
9443,0.0001,135
9444,0.0001,3114
9445,0.0001,2044
9446,0.0001,869
9447,0.0001,1057
9448,0.0001,809
9449,0.0001,23
9450,0.0001,220
9451,0.0001,70
9452,0.0001,55
9453,0.0001,2566
9454,0.0001,124
9455,0.0001,0
9456,0.0001,93
9457,0.0001,3149
9458,0.0001,124
9459,0.0001,1169
9460,0.0001,139
9461,0.0001,141
9462,0.0001,171
9463,0.0001,77
9464,0.0001,62
9465,0.0001,77
9466,0.0001,1270
9467,0.0001,3436
9468,0.0001,217
9469,0.0001,1492
9470,0.0001,643
9471,0.0001,244
9472,0.0001,31
9473,0.0001,0
9474,0.0001,816
9475,0.0001,202
9476,0.0001,294
9477,0.0001,193
9478,0.0001,0
9479,0.0001,113
9480,0.0001,816
9481,0.0001,907
9482,0.0001,16
9483,0.0001,82
9484,0.0001,70
9485,0.0001,1428
9486,0.0001,925
9487,0.0001,23
9488,0.0001,773
9489,0.0001,694
9490,0.0001,1261
9491,0.0001,1152
9492,0.0001,23
9493,0.0001,87
9494,0.0001,62
9495,0.0001,330
9496,0.0001,77
9497,0.0001,0
9498,0.0001,78
9499,0.0001,721
9500,0.0001,721
9501,0.0001,125
9502,0.0001,1566
9503,0.0001,848
9504,0.0001,110
9505,0.0001,788
9506,0.0001,944
9507,0.0001,0
9508,0.0001,909
9509,0.0001,172
9510,0.0001,913
9511,0.0001,791
9512,0.0001,3139
9513,0.0001,79
9514,0.0001,752
9515,0.0001,851
9516,0.0001,925
9517,0.0001,77
9518,0.0001,169
9519,0.0001,77
9520,0.0001,85
9521,0.0001,925
9522,0.0001,1017
9523,0.0001,105
9524,0.0001,815
9525,0.0001,1554
9526,0.0001,704
9527,0.0001,735
9528,0.0001,1086
9529,0.0001,124
9530,0.0001,1177
9531,0.0001,116
9532,0.0001,915
9533,0.0001,31
9534,0.0001,1698
9535,0.0001,109
9536,0.0001,738
9537,0.0001,239
9538,0.0001,108
9539,0.0001,170
9540,0.0001,248
9541,0.0001,1585
9542,0.0001,116
9543,0.0001,93
9544,0.0001,117
9545,0.0001,802
9546,0.0001,134
9547,0.0001,78
9548,0.0001,1459
9549,0.0001,798
9550,0.0001,1779
9551,0.0001,0
9552,0.0001,837
9553,0.0001,1003
9554,0.0001,108
9555,0.0001,46
9556,0.0001,1551
9557,0.0001,128
9558,0.0001,951
9559,0.0001,129
9560,0.0001,865
9561,0.0001,62
9562,0.0001,123
9563,0.0001,1139
9564,0.0001,2191
9565,0.0001,123
9566,0.0001,1012
9567,0.0001,832
9568,0.0001,139
9569,0.0001,1048
9570,0.0001,0
9571,0.0001,106
9572,0.0001,103
9573,0.0001,55
9574,0.0001,3292
9575,0.0001,231
9576,0.0001,194
9577,0.0001,302
9578,0.0001,4577
9579,0.0001,108
9580,0.0001,3534
9581,0.0001,825
9582,0.0001,1046
9583,0.0001,768
9584,0.0001,723
9585,0.0001,0
9586,0.0001,154
9587,0.0001,870
9588,0.0001,124
9589,0.0001,951
9590,0.0001,129
9591,0.0001,1651
9592,0.0001,614
9593,0.0001,751
9594,0.0001,691
9595,0.0001,55
9596,0.0001,767
9597,0.0001,62
9598,0.0001,899
9599,0.0001,802
9600,0.0001,55
9601,0.0001,1548
9602,0.0001,123
9603,0.0001,62
9604,0.0001,285
9605,0.0001,872
9606,0.0001,706
9607,0.0001,736
9608,0.0001,47
9609,0.0001,170
9610,0.0001,46
9611,0.0001,776
9612,0.0001,1116
9613,0.0001,793
9614,0.0001,104
9615,0.0001,1478
9616,0.0001,201
9617,0.0001,16
9618,0.0001,768
9619,0.0001,380
9620,0.0001,674
9621,0.0001,2934
9622,0.0001,2503
9623,0.0001,1708
9624,0.0001,917
9625,0.0001,108
9626,0.0001,618
9627,0.0001,834
9628,0.0001,811
9629,0.0001,849
9630,0.0001,221
9631,0.0001,3420
9632,0.0001,46
9633,0.0001,171
9634,0.0001,1441
9635,0.0001,834
9636,0.0001,219
9637,0.0001,62
9638,0.0001,876
9639,0.0001,86
9640,0.0001,139
9641,0.0001,951
9642,0.0001,985
9643,0.0001,3514
9644,0.0001,791
9645,0.0001,1938
9646,0.0001,191
9647,0.0001,122
9648,0.0001,835
9649,0.0001,1624
9650,0.0001,93
9651,0.0001,0
9652,0.0001,108
9653,0.0001,784
9654,0.0001,784
9655,0.0001,108
9656,0.0001,1306
9657,0.0001,263
9658,0.0001,164
9659,0.0001,186
9660,0.0001,116
9661,0.0001,675
9662,0.0001,179
9663,0.0001,1466
9664,0.0001,917
9665,0.0001,123
9666,0.0001,676
9667,0.0001,0
9668,0.0001,186
9669,0.0001,46
9670,0.0001,4218
9671,0.0001,1794
9672,0.0001,674
9673,0.0001,1868
9674,0.0001,3065
9675,0.0001,614
9676,0.0001,256
9677,0.0001,92
9678,0.0001,865
9679,0.0001,62
9680,0.0001,170
9681,0.0001,251
9682,0.0001,946
9683,0.0001,236
9684,0.0001,1679
9685,0.0001,2579
9686,0.0001,926
9687,0.0001,77
9688,0.0001,47
9689,0.0001,77
9690,0.0001,155
9691,0.0001,894
9692,0.0001,162
9693,0.0001,1628
9694,0.0001,62
9695,0.0001,854
9696,0.0001,925
9697,0.0001,225
9698,0.0001,209
9699,0.0001,866
9700,0.0001,249
9701,0.0001,128
9702,0.0001,165
9703,0.0001,247
9704,0.0001,145
9705,0.0001,1503
9706,0.0001,863
9707,0.0001,171
9708,0.0001,201
9709,0.0001,62
9710,0.0001,185
9711,0.0001,897
9712,0.0001,100
9713,0.0001,62
9714,0.0001,0
9715,0.0001,0
9716,0.0001,57
9717,0.0001,914
9718,0.0001,722
9719,0.0001,716
9720,0.0001,787
9721,0.0001,0
9722,0.0001,185
9723,0.0001,123
9724,0.0001,1662
9725,0.0001,0
9726,0.0001,2405
9727,0.0001,817
9728,0.0001,2234
9729,0.0001,2478
9730,0.0001,1716
9731,0.0001,1192
9732,0.0001,1523
9733,0.0001,1692
9734,0.0001,858
9735,0.0001,2179
9736,0.0001,144
9737,0.0001,959
9738,0.0001,809
9739,0.0001,205
9740,0.0001,966
9741,0.0001,3196
9742,0.0001,4104
9743,0.0001,41
9744,0.0001,871
9745,0.0001,730
9746,0.0001,187
9747,0.0001,222
9748,0.0001,144
9749,0.0001,811
9750,0.0001,1549
9751,0.0001,138
9752,0.0001,1665
9753,0.0001,16
9754,0.0001,24
9755,0.0001,31
9756,0.0001,820
9757,0.0001,781
9758,0.0001,108
9759,0.0001,648
9760,0.0001,47
9761,0.0001,3042
9762,0.0001,958
9763,0.0001,129
9764,0.0001,616
9765,0.0001,227
9766,0.0001,47
9767,0.0001,122
9768,0.0001,103
9769,0.0001,154
9770,0.0001,4593
9771,0.0001,1587
9772,0.0001,810
9773,0.0001,683
9774,0.0001,924
9775,0.0001,853
9776,0.0001,286
9777,0.0001,100
9778,0.0001,1764
9779,0.0001,0
9780,0.0001,170
9781,0.0001,201
9782,0.0001,819
9783,0.0001,2030
9784,0.0001,1749
9785,0.0001,1518
9786,0.0001,139
9787,0.0001,3384
9788,0.0001,31
9789,0.0001,78
9790,0.0001,109
9791,0.0001,885
9792,0.0001,1695
9793,0.0001,695
9794,0.0001,635
9795,0.0001,1711
9796,0.0001,1606
9797,0.0001,163
9798,0.0001,953
9799,0.0001,140
9800,0.0001,901
9801,0.0001,874
9802,0.0001,132
9803,0.0001,118
9804,0.0001,139
9805,0.0001,3181
9806,0.0001,185
9807,0.0001,1659
9808,0.0001,101
9809,0.0001,31
9810,0.0001,201
9811,0.0001,169
9812,0.0001,645
9813,0.0001,85
9814,0.0001,1386
9815,0.0001,783
9816,0.0001,31
9817,0.0001,830
9818,0.0001,814
9819,0.0001,207
9820,0.0001,838
9821,0.0001,85
9822,0.0001,156
9823,0.0001,180
9824,0.0001,240
9825,0.0001,21
9826,0.0001,151
9827,0.0001,0
9828,0.0001,1018
9829,0.0001,93
9830,0.0001,1000
9831,0.0001,85
9832,0.0001,674
9833,0.0001,3230
9834,0.0001,2309
9835,0.0001,868
9836,0.0001,85
9837,0.0001,110
9838,0.0001,124
9839,0.0001,78
9840,0.0001,730
9841,0.0001,924
9842,0.0001,719
9843,0.0001,206
9844,0.0001,83
9845,0.0001,1403
9846,0.0001,154
9847,0.0001,130
9848,0.0001,925
9849,0.0001,332
9850,0.0001,911
9851,0.0001,3287
9852,0.0001,31
9853,0.0001,748
9854,0.0001,658
9855,0.0001,47
9856,0.0001,157
9857,0.0001,4699
9858,0.0001,0
9859,0.0001,101
9860,0.0001,1429
9861,0.0001,710
9862,0.0001,953
9863,0.0001,77
9864,0.0001,1567
9865,0.0001,930
9866,0.0001,93
9867,0.0001,141
9868,0.0001,93
9869,0.0001,4261
9870,0.0001,755
9871,0.0001,248
9872,0.0001,348
9873,0.0001,4264
9874,0.0001,140
9875,0.0001,1608
9876,0.0001,62
9877,0.0001,2406
9878,0.0001,2116
9879,0.0001,0
9880,0.0001,890
9881,0.0001,2297
9882,0.0001,167
9883,0.0001,85
9884,0.0001,124
9885,0.0001,123
9886,0.0001,1654
9887,0.0001,82
9888,0.0001,72
9889,0.0001,699
9890,0.0001,976
9891,0.0001,990
9892,0.0001,180
9893,0.0001,878
9894,0.0001,833
9895,0.0001,139
9896,0.0001,31
9897,0.0001,699
9898,0.0001,830
9899,0.0001,77
9900,0.0001,876
9901,0.0001,152
9902,0.0001,85
9903,0.0001,156
9904,0.0001,814
9905,0.0001,186
9906,0.0001,78
9907,0.0001,1086
9908,0.0001,941
9909,0.0001,221
9910,0.0001,1511
9911,0.0001,193
9912,0.0001,23
9913,0.0001,62
9914,0.0001,735
9915,0.0001,1749
9916,0.0001,62
9917,0.0001,0
9918,0.0001,1934
9919,0.0001,31
9920,0.0001,31
9921,0.0001,1685
9922,0.0001,217
9923,0.0001,237
9924,0.0001,996
9925,0.0001,16
9926,0.0001,217
9927,0.0001,85
9928,0.0001,108
9929,0.0001,761
9930,0.0001,123
9931,0.0001,3632
9932,0.0001,2582
9933,0.0001,0
9934,0.0001,0
9935,0.0001,190
9936,0.0001,46
9937,0.0001,858
9938,0.0001,48
9939,0.0001,1037
9940,0.0001,62
9941,0.0001,892
9942,0.0001,139
9943,0.0001,174
9944,0.0001,3384
9945,0.0001,170
9946,0.0001,72
9947,0.0001,125
9948,0.0001,742
9949,0.0001,1535
9950,0.0001,78
9951,0.0001,1364
9952,0.0001,135
9953,0.0001,147
9954,0.0001,845
9955,0.0001,914
9956,0.0001,771
9957,0.0001,23
9958,0.0001,202
9959,0.0001,93
9960,0.0001,2324
9961,0.0001,813
9962,0.0001,322
9963,0.0001,31
9964,0.0001,81
9965,0.0001,645
9966,0.0001,128
9967,0.0001,814
9968,0.0001,134
9969,0.0001,711
9970,0.0001,697
9971,0.0001,131
9972,0.0001,674
9973,0.0001,31
9974,0.0001,757
9975,0.0001,651
9976,0.0001,62
9977,0.0001,116
9978,0.0001,0
9979,0.0001,1240
9980,0.0001,77
9981,0.0001,23
9982,0.0001,172
9983,0.0001,914
9984,0.0001,1388
9985,0.0001,163
9986,0.0001,1935
9987,0.0001,643
9988,0.0001,62
9989,0.0001,216
9990,0.0001,85
9991,0.0001,767
9992,0.0001,167
9993,0.0001,774
9994,0.0001,16
9995,0.0001,231
9996,0.0001,832
9997,0.0001,336
9998,0.0001,77
9999,0.0001,2724
