simulation_id,probability,payoutMultiplier
0,0.0001,16
1,0.0001,126
2,0.0001,108
3,0.0001,155
4,0.0001,720
5,0.0001,1597
6,0.0001,80
7,0.0001,1583
8,0.0001,845
9,0.0001,847
10,0.0001,937
11,0.0001,1563
12,0.0001,108
13,0.0001,1130
14,0.0001,221
15,0.0001,681
16,0.0001,108
17,0.0001,124
18,0.0001,766
19,0.0001,125
20,0.0001,47
21,0.0001,0
22,0.0001,23
23,0.0001,123
24,0.0001,731
25,0.0001,1741
26,0.0001,656
27,0.0001,124
28,0.0001,0
29,0.0001,3890
30,0.0001,0
31,0.0001,88
32,0.0001,1493
33,0.0001,1242
34,0.0001,69
35,0.0001,683
36,0.0001,63
37,0.0001,62
38,0.0001,129
39,0.0001,1652
40,0.0001,187
41,0.0001,154
42,0.0001,768
43,0.0001,123
44,0.0001,184
45,0.0001,891
46,0.0001,817
47,0.0001,62
48,0.0001,47
49,0.0001,2239
50,0.0001,47
51,0.0001,251
52,0.0001,125
53,0.0001,62
54,0.0001,0
55,0.0001,62
56,0.0001,131
57,0.0001,612
58,0.0001,751
59,0.0001,1670
60,0.0001,5651
61,0.0001,77
62,0.0001,1544
63,0.0001,146
64,0.0001,1690
65,0.0001,878
66,0.0001,707
67,0.0001,2484
68,0.0001,101
69,0.0001,116
70,0.0001,0
71,0.0001,31
72,0.0001,866
73,0.0001,62
74,0.0001,77
75,0.0001,985
76,0.0001,796
77,0.0001,891
78,0.0001,629
79,0.0001,263
80,0.0001,216
81,0.0001,847
82,0.0001,31
83,0.0001,124
84,0.0001,0
85,0.0001,722
86,0.0001,123
87,0.0001,161
88,0.0001,675
89,0.0001,0
90,0.0001,139
91,0.0001,77
92,0.0001,174
93,0.0001,47
94,0.0001,200
95,0.0001,86
96,0.0001,94
97,0.0001,92
98,0.0001,1311
99,0.0001,0
100,0.0001,754
101,0.0001,131
102,0.0001,683
103,0.0001,1245
104,0.0001,267
105,0.0001,80
106,0.0001,864
107,0.0001,885
108,0.0001,31
109,0.0001,123
110,0.0001,674
111,0.0001,31
112,0.0001,79
113,0.0001,62
114,0.0001,247
115,0.0001,23
116,0.0001,876
117,0.0001,31
118,0.0001,281
119,0.0001,77
120,0.0001,24
121,0.0001,31
122,0.0001,343
123,0.0001,93
124,0.0001,217
125,0.0001,0
126,0.0001,895
127,0.0001,123
128,0.0001,93
129,0.0001,116
130,0.0001,216
131,0.0001,267
132,0.0001,93
133,0.0001,47
134,0.0001,253
135,0.0001,789
136,0.0001,98
137,0.0001,118
138,0.0001,3266
139,0.0001,3167
140,0.0001,770
141,0.0001,78
142,0.0001,1023
143,0.0001,1637
144,0.0001,720
145,0.0001,160
146,0.0001,1550
147,0.0001,776
148,0.0001,160
149,0.0001,1111
150,0.0001,185
151,0.0001,93
152,0.0001,109
153,0.0001,2455
154,0.0001,1561
155,0.0001,31
156,0.0001,318
157,0.0001,659
158,0.0001,136
159,0.0001,31
160,0.0001,62
161,0.0001,169
162,0.0001,2789
163,0.0001,155
164,0.0001,272
165,0.0001,1527
166,0.0001,170
167,0.0001,1752
168,0.0001,3794
169,0.0001,251
170,0.0001,1751
171,0.0001,93
172,0.0001,806
173,0.0001,1000
174,0.0001,23
175,0.0001,62
176,0.0001,31
177,0.0001,1780
178,0.0001,823
179,0.0001,200
180,0.0001,0
181,0.0001,120
182,0.0001,814
183,0.0001,891
184,0.0001,647
185,0.0001,119
186,0.0001,130
187,0.0001,108
188,0.0001,62
189,0.0001,175
190,0.0001,87
191,0.0001,85
192,0.0001,46
193,0.0001,3727
194,0.0001,31
195,0.0001,864
196,0.0001,108
197,0.0001,1496
198,0.0001,217
199,0.0001,795
200,0.0001,216
201,0.0001,16
202,0.0001,1512
203,0.0001,0
204,0.0001,62
205,0.0001,1716
206,0.0001,164
207,0.0001,834
208,0.0001,832
209,0.0001,54
210,0.0001,0
211,0.0001,1502
212,0.0001,139
213,0.0001,82
214,0.0001,54
215,0.0001,923
216,0.0001,812
217,0.0001,726
218,0.0001,1432
219,0.0001,965
220,0.0001,2681
221,0.0001,23
222,0.0001,231
223,0.0001,984
224,0.0001,738
225,0.0001,848
226,0.0001,2473
227,0.0001,2444
228,0.0001,216
229,0.0001,850
230,0.0001,77
231,0.0001,866
232,0.0001,124
233,0.0001,1500
234,0.0001,1017
235,0.0001,106
236,0.0001,16
237,0.0001,1267
238,0.0001,87
239,0.0001,196
240,0.0001,943
241,0.0001,46
242,0.0001,93
243,0.0001,1519
244,0.0001,46
245,0.0001,170
246,0.0001,62
247,0.0001,1045
248,0.0001,1504
249,0.0001,123
250,0.0001,3519
251,0.0001,927
252,0.0001,0
253,0.0001,62
254,0.0001,62
255,0.0001,62
256,0.0001,2392
257,0.0001,1894
258,0.0001,93
259,0.0001,814
260,0.0001,1988
261,0.0001,0
262,0.0001,812
263,0.0001,907
264,0.0001,54
265,0.0001,2278
266,0.0001,2973
267,0.0001,830
268,0.0001,93
269,0.0001,46
270,0.0001,0
271,0.0001,62
272,0.0001,974
273,0.0001,713
274,0.0001,82
275,0.0001,1469
276,0.0001,62
277,0.0001,1641
278,0.0001,4164
279,0.0001,0
280,0.0001,1743
281,0.0001,1536
282,0.0001,16
283,0.0001,768
284,0.0001,796
285,0.0001,31
286,0.0001,1382
287,0.0001,124
288,0.0001,190
289,0.0001,723
290,0.0001,130
291,0.0001,0
292,0.0001,612
293,0.0001,31
294,0.0001,93
295,0.0001,46
296,0.0001,830
297,0.0001,241
298,0.0001,838
299,0.0001,907
300,0.0001,799
301,0.0001,185
302,0.0001,768
303,0.0001,77
304,0.0001,145
305,0.0001,54
306,0.0001,124
307,0.0001,82
308,0.0001,124
309,0.0001,850
310,0.0001,704
311,0.0001,955
312,0.0001,176
313,0.0001,899
314,0.0001,770
315,0.0001,62
316,0.0001,3162
317,0.0001,1173
318,0.0001,0
319,0.0001,0
320,0.0001,1034
321,0.0001,1567
322,0.0001,2156
323,0.0001,1627
324,0.0001,246
325,0.0001,3273
326,0.0001,322
327,0.0001,810
328,0.0001,649
329,0.0001,154
330,0.0001,0
331,0.0001,92
332,0.0001,88
333,0.0001,155
334,0.0001,2838
335,0.0001,0
336,0.0001,891
337,0.0001,62
338,0.0001,31
339,0.0001,804
340,0.0001,93
341,0.0001,70
342,0.0001,16
343,0.0001,1605
344,0.0001,0
345,0.0001,31
346,0.0001,156
347,0.0001,92
348,0.0001,785
349,0.0001,79
350,0.0001,23
351,0.0001,155
352,0.0001,150
353,0.0001,155
354,0.0001,62
355,0.0001,169
356,0.0001,191
357,0.0001,843
358,0.0001,1631
359,0.0001,31
360,0.0001,1522
361,0.0001,124
362,0.0001,1828
363,0.0001,139
364,0.0001,827
365,0.0001,821
366,0.0001,93
367,0.0001,1609
368,0.0001,93
369,0.0001,758
370,0.0001,62
371,0.0001,109
372,0.0001,2301
373,0.0001,339
374,0.0001,986
375,0.0001,77
376,0.0001,124
377,0.0001,85
378,0.0001,786
379,0.0001,139
380,0.0001,899
381,0.0001,956
382,0.0001,1533
383,0.0001,92
384,0.0001,21
385,0.0001,863
386,0.0001,46
387,0.0001,31
388,0.0001,1605
389,0.0001,0
390,0.0001,31
391,0.0001,85
392,0.0001,0
393,0.0001,241
394,0.0001,134
395,0.0001,63
396,0.0001,823
397,0.0001,54
398,0.0001,243
399,0.0001,902
400,0.0001,1412
401,0.0001,696
402,0.0001,23
403,0.0001,109
404,0.0001,46
405,0.0001,914
406,0.0001,651
407,0.0001,163
408,0.0001,62
409,0.0001,832
410,0.0001,878
411,0.0001,797
412,0.0001,62
413,0.0001,2228
414,0.0001,948
415,0.0001,1085
416,0.0001,1323
417,0.0001,853
418,0.0001,792
419,0.0001,1488
420,0.0001,63
421,0.0001,39
422,0.0001,0
423,0.0001,140
424,0.0001,93
425,0.0001,16
426,0.0001,31
427,0.0001,44
428,0.0001,109
429,0.0001,1243
430,0.0001,132
431,0.0001,124
432,0.0001,908
433,0.0001,46
434,0.0001,147
435,0.0001,805
436,0.0001,171
437,0.0001,1186
438,0.0001,846
439,0.0001,123
440,0.0001,1329
441,0.0001,845
442,0.0001,1391
443,0.0001,85
444,0.0001,1040
445,0.0001,1771
446,0.0001,178
447,0.0001,823
448,0.0001,1500
449,0.0001,124
450,0.0001,162
451,0.0001,3901
452,0.0001,3795
453,0.0001,233
454,0.0001,1565
455,0.0001,1563
456,0.0001,1568
457,0.0001,32
458,0.0001,216
459,0.0001,93
460,0.0001,948
461,0.0001,705
462,0.0001,0
463,0.0001,616
464,0.0001,217
465,0.0001,140
466,0.0001,23
467,0.0001,4646
468,0.0001,838
469,0.0001,78
470,0.0001,855
471,0.0001,969
472,0.0001,175
473,0.0001,830
474,0.0001,1347
475,0.0001,73
476,0.0001,63
477,0.0001,810
478,0.0001,108
479,0.0001,46
480,0.0001,815
481,0.0001,231
482,0.0001,0
483,0.0001,938
484,0.0001,1696
485,0.0001,78
486,0.0001,658
487,0.0001,711
488,0.0001,170
489,0.0001,3171
490,0.0001,1593
491,0.0001,154
492,0.0001,63
493,0.0001,216
494,0.0001,132
495,0.0001,126
496,0.0001,612
497,0.0001,2082
498,0.0001,77
499,0.0001,31
500,0.0001,308
501,0.0001,1739
502,0.0001,222
503,0.0001,776
504,0.0001,0
505,0.0001,108
506,0.0001,93
507,0.0001,1320
508,0.0001,144
509,0.0001,778
510,0.0001,85
511,0.0001,92
512,0.0001,917
513,0.0001,31
514,0.0001,720
515,0.0001,1543
516,0.0001,937
517,0.0001,884
518,0.0001,994
519,0.0001,109
520,0.0001,108
521,0.0001,46
522,0.0001,695
523,0.0001,62
524,0.0001,154
525,0.0001,108
526,0.0001,1024
527,0.0001,78
528,0.0001,616
529,0.0001,815
530,0.0001,850
531,0.0001,70
532,0.0001,0
533,0.0001,1020
534,0.0001,185
535,0.0001,3449
536,0.0001,0
537,0.0001,203
538,0.0001,909
539,0.0001,890
540,0.0001,108
541,0.0001,1747
542,0.0001,2609
543,0.0001,64
544,0.0001,3263
545,0.0001,299
546,0.0001,1582
547,0.0001,139
548,0.0001,647
549,0.0001,170
550,0.0001,77
551,0.0001,751
552,0.0001,0
553,0.0001,614
554,0.0001,886
555,0.0001,170
556,0.0001,31
557,0.0001,123
558,0.0001,172
559,0.0001,968
560,0.0001,94
561,0.0001,991
562,0.0001,1496
563,0.0001,47
564,0.0001,1592
565,0.0001,872
566,0.0001,4010
567,0.0001,47
568,0.0001,1765
569,0.0001,123
570,0.0001,786
571,0.0001,1401
572,0.0001,123
573,0.0001,139
574,0.0001,790
575,0.0001,23
576,0.0001,832
577,0.0001,147
578,0.0001,691
579,0.0001,789
580,0.0001,205
581,0.0001,3806
582,0.0001,1721
583,0.0001,122
584,0.0001,124
585,0.0001,2337
586,0.0001,921
587,0.0001,46
588,0.0001,216
589,0.0001,62
590,0.0001,0
591,0.0001,1166
592,0.0001,798
593,0.0001,125
594,0.0001,231
595,0.0001,185
596,0.0001,1958
597,0.0001,0
598,0.0001,41
599,0.0001,0
600,0.0001,628
601,0.0001,789
602,0.0001,1680
603,0.0001,46
604,0.0001,1489
605,0.0001,0
606,0.0001,3505
607,0.0001,31
608,0.0001,1410
609,0.0001,2609
610,0.0001,1054
611,0.0001,223
612,0.0001,829
613,0.0001,139
614,0.0001,16
615,0.0001,129
616,0.0001,170
617,0.0001,113
618,0.0001,62
619,0.0001,93
620,0.0001,85
621,0.0001,93
622,0.0001,0
623,0.0001,104
624,0.0001,77
625,0.0001,856
626,0.0001,308
627,0.0001,1567
628,0.0001,31
629,0.0001,70
630,0.0001,876
631,0.0001,2273
632,0.0001,46
633,0.0001,23
634,0.0001,46
635,0.0001,144
636,0.0001,1411
637,0.0001,1536
638,0.0001,170
639,0.0001,770
640,0.0001,1541
641,0.0001,284
642,0.0001,3871
643,0.0001,939
644,0.0001,1567
645,0.0001,125
646,0.0001,704
647,0.0001,124
648,0.0001,3231
649,0.0001,855
650,0.0001,103
651,0.0001,840
652,0.0001,2165
653,0.0001,1107
654,0.0001,108
655,0.0001,124
656,0.0001,987
657,0.0001,103
658,0.0001,2204
659,0.0001,2316
660,0.0001,179
661,0.0001,1587
662,0.0001,799
663,0.0001,92
664,0.0001,78
665,0.0001,109
666,0.0001,730
667,0.0001,674
668,0.0001,2326
669,0.0001,776
670,0.0001,0
671,0.0001,211
672,0.0001,4526
673,0.0001,1497
674,0.0001,799
675,0.0001,1705
676,0.0001,119
677,0.0001,1519
678,0.0001,1584
679,0.0001,2381
680,0.0001,124
681,0.0001,0
682,0.0001,814
683,0.0001,867
684,0.0001,149
685,0.0001,31
686,0.0001,139
687,0.0001,62
688,0.0001,289
689,0.0001,868
690,0.0001,233
691,0.0001,31
692,0.0001,930
693,0.0001,145
694,0.0001,1669
695,0.0001,108
696,0.0001,77
697,0.0001,78
698,0.0001,92
699,0.0001,1267
700,0.0001,31
701,0.0001,0
702,0.0001,855
703,0.0001,62
704,0.0001,69
705,0.0001,167
706,0.0001,166
707,0.0001,1477
708,0.0001,791
709,0.0001,3446
710,0.0001,699
711,0.0001,62
712,0.0001,784
713,0.0001,0
714,0.0001,23
715,0.0001,2120
716,0.0001,848
717,0.0001,0
718,0.0001,706
719,0.0001,39
720,0.0001,156
721,0.0001,844
722,0.0001,54
723,0.0001,1864
724,0.0001,170
725,0.0001,1582
726,0.0001,3755
727,0.0001,93
728,0.0001,1410
729,0.0001,113
730,0.0001,930
731,0.0001,720
732,0.0001,146
733,0.0001,145
734,0.0001,16
735,0.0001,223
736,0.0001,175
737,0.0001,1567
738,0.0001,100
739,0.0001,1635
740,0.0001,1407
741,0.0001,132
742,0.0001,77
743,0.0001,108
744,0.0001,0
745,0.0001,791
746,0.0001,77
747,0.0001,3840
748,0.0001,154
749,0.0001,124
750,0.0001,901
751,0.0001,139
752,0.0001,0
753,0.0001,1628
754,0.0001,108
755,0.0001,263
756,0.0001,16
757,0.0001,31
758,0.0001,1717
759,0.0001,113
760,0.0001,139
761,0.0001,2905
762,0.0001,185
763,0.0001,770
764,0.0001,799
765,0.0001,24
766,0.0001,210
767,0.0001,2599
768,0.0001,1685
769,0.0001,898
770,0.0001,884
771,0.0001,62
772,0.0001,205
773,0.0001,123
774,0.0001,144
775,0.0001,2671
776,0.0001,0
777,0.0001,222
778,0.0001,70
779,0.0001,119
780,0.0001,139
781,0.0001,147
782,0.0001,16
783,0.0001,62
784,0.0001,3166
785,0.0001,116
786,0.0001,830
787,0.0001,705
788,0.0001,62
789,0.0001,243
790,0.0001,3871
791,0.0001,4044
792,0.0001,54
793,0.0001,1587
794,0.0001,86
795,0.0001,47
796,0.0001,201
797,0.0001,31
798,0.0001,624
799,0.0001,806
800,0.0001,57
801,0.0001,871
802,0.0001,0
803,0.0001,2470
804,0.0001,171
805,0.0001,886
806,0.0001,124
807,0.0001,822
808,0.0001,1687
809,0.0001,47
810,0.0001,0
811,0.0001,108
812,0.0001,0
813,0.0001,116
814,0.0001,745
815,0.0001,0
816,0.0001,171
817,0.0001,863
818,0.0001,116
819,0.0001,2437
820,0.0001,47
821,0.0001,718
822,0.0001,31
823,0.0001,62
824,0.0001,794
825,0.0001,895
826,0.0001,1140
827,0.0001,2964
828,0.0001,152
829,0.0001,87
830,0.0001,2397
831,0.0001,180
832,0.0001,992
833,0.0001,142
834,0.0001,164
835,0.0001,123
836,0.0001,23
837,0.0001,47
838,0.0001,0
839,0.0001,126
840,0.0001,46
841,0.0001,108
842,0.0001,93
843,0.0001,4502
844,0.0001,688
845,0.0001,3716
846,0.0001,207
847,0.0001,144
848,0.0001,4002
849,0.0001,31
850,0.0001,2397
851,0.0001,82
852,0.0001,776
853,0.0001,70
854,0.0001,182
855,0.0001,768
856,0.0001,54
857,0.0001,5298
858,0.0001,216
859,0.0001,103
860,0.0001,64
861,0.0001,124
862,0.0001,132
863,0.0001,139
864,0.0001,23
865,0.0001,961
866,0.0001,77
867,0.0001,139
868,0.0001,893
869,0.0001,766
870,0.0001,4039
871,0.0001,0
872,0.0001,876
873,0.0001,691
874,0.0001,93
875,0.0001,86
876,0.0001,935
877,0.0001,756
878,0.0001,198
879,0.0001,0
880,0.0001,131
881,0.0001,62
882,0.0001,1350
883,0.0001,93
884,0.0001,273
885,0.0001,863
886,0.0001,285
887,0.0001,31
888,0.0001,0
889,0.0001,154
890,0.0001,124
891,0.0001,93
892,0.0001,78
893,0.0001,219
894,0.0001,23
895,0.0001,1472
896,0.0001,198
897,0.0001,31
898,0.0001,1731
899,0.0001,712
900,0.0001,1600
901,0.0001,123
902,0.0001,23
903,0.0001,46
904,0.0001,212
905,0.0001,4544
906,0.0001,1637
907,0.0001,674
908,0.0001,16
909,0.0001,47
910,0.0001,704
911,0.0001,964
912,0.0001,109
913,0.0001,108
914,0.0001,108
915,0.0001,77
916,0.0001,124
917,0.0001,740
918,0.0001,78
919,0.0001,836
920,0.0001,23
921,0.0001,907
922,0.0001,239
923,0.0001,943
924,0.0001,262
925,0.0001,936
926,0.0001,1485
927,0.0001,971
928,0.0001,2392
929,0.0001,62
930,0.0001,139
931,0.0001,47
932,0.0001,113
933,0.0001,896
934,0.0001,108
935,0.0001,93
936,0.0001,46
937,0.0001,840
938,0.0001,0
939,0.0001,62
940,0.0001,1015
941,0.0001,103
942,0.0001,912
943,0.0001,217
944,0.0001,1594
945,0.0001,1026
946,0.0001,144
947,0.0001,1418
948,0.0001,814
949,0.0001,2631
950,0.0001,170
951,0.0001,98
952,0.0001,85
953,0.0001,78
954,0.0001,1030
955,0.0001,1531
956,0.0001,154
957,0.0001,47
958,0.0001,213
959,0.0001,3047
960,0.0001,773
961,0.0001,78
962,0.0001,31
963,0.0001,62
964,0.0001,830
965,0.0001,193
966,0.0001,41
967,0.0001,311
968,0.0001,93
969,0.0001,174
970,0.0001,78
971,0.0001,31
972,0.0001,1713
973,0.0001,82
974,0.0001,1671
975,0.0001,750
976,0.0001,200
977,0.0001,4795
978,0.0001,123
979,0.0001,124
980,0.0001,108
981,0.0001,1759
982,0.0001,85
983,0.0001,884
984,0.0001,1628
985,0.0001,832
986,0.0001,98
987,0.0001,955
988,0.0001,912
989,0.0001,614
990,0.0001,753
991,0.0001,47
992,0.0001,908
993,0.0001,108
994,0.0001,103
995,0.0001,147
996,0.0001,139
997,0.0001,203
998,0.0001,1500
999,0.0001,3255
1000,0.0001,860
1001,0.0001,832
1002,0.0001,77
1003,0.0001,635
1004,0.0001,1592
1005,0.0001,124
1006,0.0001,715
1007,0.0001,126
1008,0.0001,805
1009,0.0001,886
1010,0.0001,62
1011,0.0001,62
1012,0.0001,231
1013,0.0001,31
1014,0.0001,62
1015,0.0001,69
1016,0.0001,217
1017,0.0001,0
1018,0.0001,175
1019,0.0001,62
1020,0.0001,704
1021,0.0001,16
1022,0.0001,1526
1023,0.0001,2353
1024,0.0001,1475
1025,0.0001,186
1026,0.0001,868
1027,0.0001,62
1028,0.0001,31
1029,0.0001,62
1030,0.0001,154
1031,0.0001,148
1032,0.0001,988
1033,0.0001,124
1034,0.0001,31
1035,0.0001,863
1036,0.0001,820
1037,0.0001,93
1038,0.0001,177
1039,0.0001,79
1040,0.0001,94
1041,0.0001,124
1042,0.0001,115
1043,0.0001,198
1044,0.0001,723
1045,0.0001,124
1046,0.0001,16
1047,0.0001,618
1048,0.0001,78
1049,0.0001,62
1050,0.0001,1603
1051,0.0001,1003
1052,0.0001,651
1053,0.0001,628
1054,0.0001,23
1055,0.0001,188
1056,0.0001,789
1057,0.0001,1058
1058,0.0001,47
1059,0.0001,701
1060,0.0001,170
1061,0.0001,0
1062,0.0001,1434
1063,0.0001,871
1064,0.0001,216
1065,0.0001,62
1066,0.0001,116
1067,0.0001,1598
1068,0.0001,166
1069,0.0001,0
1070,0.0001,1664
1071,0.0001,162
1072,0.0001,735
1073,0.0001,62
1074,0.0001,192
1075,0.0001,1071
1076,0.0001,123
1077,0.0001,109
1078,0.0001,62
1079,0.0001,170
1080,0.0001,100
1081,0.0001,2293
1082,0.0001,232
1083,0.0001,41
1084,0.0001,1094
1085,0.0001,159
1086,0.0001,151
1087,0.0001,768
1088,0.0001,1143
1089,0.0001,980
1090,0.0001,41
1091,0.0001,16
1092,0.0001,31
1093,0.0001,139
1094,0.0001,62
1095,0.0001,3123
1096,0.0001,123
1097,0.0001,819
1098,0.0001,109
1099,0.0001,204
1100,0.0001,176
1101,0.0001,831
1102,0.0001,2203
1103,0.0001,1690
1104,0.0001,689
1105,0.0001,0
1106,0.0001,1738
1107,0.0001,938
1108,0.0001,1619
1109,0.0001,976
1110,0.0001,223
1111,0.0001,853
1112,0.0001,108
1113,0.0001,894
1114,0.0001,830
1115,0.0001,823
1116,0.0001,62
1117,0.0001,938
1118,0.0001,909
1119,0.0001,201
1120,0.0001,847
1121,0.0001,845
1122,0.0001,155
1123,0.0001,0
1124,0.0001,1508
1125,0.0001,1109
1126,0.0001,77
1127,0.0001,141
1128,0.0001,1562
1129,0.0001,46
1130,0.0001,54
1131,0.0001,3660
1132,0.0001,3662
1133,0.0001,0
1134,0.0001,93
1135,0.0001,140
1136,0.0001,156
1137,0.0001,170
1138,0.0001,0
1139,0.0001,77
1140,0.0001,1488
1141,0.0001,840
1142,0.0001,177
1143,0.0001,1049
1144,0.0001,0
1145,0.0001,1022
1146,0.0001,0
1147,0.0001,78
1148,0.0001,46
1149,0.0001,1771
1150,0.0001,98
1151,0.0001,144
1152,0.0001,855
1153,0.0001,0
1154,0.0001,46
1155,0.0001,123
1156,0.0001,1542
1157,0.0001,681
1158,0.0001,931
1159,0.0001,2199
1160,0.0001,196
1161,0.0001,1164
1162,0.0001,295
1163,0.0001,0
1164,0.0001,82
1165,0.0001,0
1166,0.0001,77
1167,0.0001,93
1168,0.0001,1610
1169,0.0001,3275
1170,0.0001,1038
1171,0.0001,94
1172,0.0001,614
1173,0.0001,862
1174,0.0001,62
1175,0.0001,645
1176,0.0001,1320
1177,0.0001,1604
1178,0.0001,100
1179,0.0001,185
1180,0.0001,0
1181,0.0001,16
1182,0.0001,4022
1183,0.0001,198
1184,0.0001,129
1185,0.0001,87
1186,0.0001,123
1187,0.0001,0
1188,0.0001,712
1189,0.0001,863
1190,0.0001,261
1191,0.0001,1244
1192,0.0001,1815
1193,0.0001,63
1194,0.0001,3893
1195,0.0001,63
1196,0.0001,1048
1197,0.0001,62
1198,0.0001,62
1199,0.0001,0
1200,0.0001,614
1201,0.0001,0
1202,0.0001,870
1203,0.0001,70
1204,0.0001,63
1205,0.0001,160
1206,0.0001,0
1207,0.0001,938
1208,0.0001,78
1209,0.0001,62
1210,0.0001,877
1211,0.0001,1419
1212,0.0001,812
1213,0.0001,5152
1214,0.0001,155
1215,0.0001,94
1216,0.0001,0
1217,0.0001,86
1218,0.0001,715
1219,0.0001,144
1220,0.0001,23
1221,0.0001,77
1222,0.0001,126
1223,0.0001,62
1224,0.0001,202
1225,0.0001,31
1226,0.0001,163
1227,0.0001,23
1228,0.0001,1442
1229,0.0001,0
1230,0.0001,751
1231,0.0001,31
1232,0.0001,768
1233,0.0001,987
1234,0.0001,77
1235,0.0001,1469
1236,0.0001,840
1237,0.0001,147
1238,0.0001,1501
1239,0.0001,844
1240,0.0001,614
1241,0.0001,160
1242,0.0001,129
1243,0.0001,797
1244,0.0001,0
1245,0.0001,155
1246,0.0001,109
1247,0.0001,827
1248,0.0001,162
1249,0.0001,123
1250,0.0001,70
1251,0.0001,93
1252,0.0001,1483
1253,0.0001,154
1254,0.0001,93
1255,0.0001,770
1256,0.0001,83
1257,0.0001,907
1258,0.0001,139
1259,0.0001,31
1260,0.0001,871
1261,0.0001,1444
1262,0.0001,159
1263,0.0001,1728
1264,0.0001,1643
1265,0.0001,817
1266,0.0001,109
1267,0.0001,208
1268,0.0001,0
1269,0.0001,47
1270,0.0001,798
1271,0.0001,1790
1272,0.0001,62
1273,0.0001,773
1274,0.0001,123
1275,0.0001,2179
1276,0.0001,766
1277,0.0001,206
1278,0.0001,108
1279,0.0001,1446
1280,0.0001,47
1281,0.0001,0
1282,0.0001,155
1283,0.0001,72
1284,0.0001,159
1285,0.0001,116
1286,0.0001,47
1287,0.0001,46
1288,0.0001,3227
1289,0.0001,85
1290,0.0001,171
1291,0.0001,77
1292,0.0001,2178
1293,0.0001,109
1294,0.0001,159
1295,0.0001,1400
1296,0.0001,185
1297,0.0001,751
1298,0.0001,93
1299,0.0001,91
1300,0.0001,31
1301,0.0001,140
1302,0.0001,860
1303,0.0001,2955
1304,0.0001,942
1305,0.0001,137
1306,0.0001,2526
1307,0.0001,70
1308,0.0001,52
1309,0.0001,674
1310,0.0001,876
1311,0.0001,108
1312,0.0001,773
1313,0.0001,46
1314,0.0001,251
1315,0.0001,930
1316,0.0001,0
1317,0.0001,1631
1318,0.0001,1260
1319,0.0001,93
1320,0.0001,136
1321,0.0001,766
1322,0.0001,123
1323,0.0001,92
1324,0.0001,78
1325,0.0001,618
1326,0.0001,64
1327,0.0001,62
1328,0.0001,0
1329,0.0001,4330
1330,0.0001,85
1331,0.0001,2140
1332,0.0001,848
1333,0.0001,194
1334,0.0001,726
1335,0.0001,113
1336,0.0001,31
1337,0.0001,131
1338,0.0001,0
1339,0.0001,77
1340,0.0001,148
1341,0.0001,814
1342,0.0001,0
1343,0.0001,917
1344,0.0001,46
1345,0.0001,86
1346,0.0001,1142
1347,0.0001,31
1348,0.0001,116
1349,0.0001,923
1350,0.0001,160
1351,0.0001,868
1352,0.0001,876
1353,0.0001,31
1354,0.0001,116
1355,0.0001,186
1356,0.0001,808
1357,0.0001,109
1358,0.0001,1019
1359,0.0001,355
1360,0.0001,123
1361,0.0001,0
1362,0.0001,163
1363,0.0001,103
1364,0.0001,984
1365,0.0001,747
1366,0.0001,1108
1367,0.0001,876
1368,0.0001,176
1369,0.0001,1726
1370,0.0001,938
1371,0.0001,920
1372,0.0001,1591
1373,0.0001,1110
1374,0.0001,31
1375,0.0001,1983
1376,0.0001,24
1377,0.0001,3844
1378,0.0001,829
1379,0.0001,110
1380,0.0001,62
1381,0.0001,1320
1382,0.0001,46
1383,0.0001,146
1384,0.0001,238
1385,0.0001,930
1386,0.0001,1479
1387,0.0001,3774
1388,0.0001,114
1389,0.0001,77
1390,0.0001,944
1391,0.0001,959
1392,0.0001,31
1393,0.0001,3519
1394,0.0001,894
1395,0.0001,116
1396,0.0001,103
1397,0.0001,62
1398,0.0001,62
1399,0.0001,1872
1400,0.0001,31
1401,0.0001,31
1402,0.0001,739
1403,0.0001,223
1404,0.0001,108
1405,0.0001,23
1406,0.0001,853
1407,0.0001,755
1408,0.0001,1767
1409,0.0001,799
1410,0.0001,1790
1411,0.0001,1731
1412,0.0001,738
1413,0.0001,180
1414,0.0001,155
1415,0.0001,16
1416,0.0001,643
1417,0.0001,272
1418,0.0001,1775
1419,0.0001,1796
1420,0.0001,697
1421,0.0001,154
1422,0.0001,0
1423,0.0001,167
1424,0.0001,78
1425,0.0001,62
1426,0.0001,1378
1427,0.0001,23
1428,0.0001,16
1429,0.0001,2965
1430,0.0001,108
1431,0.0001,797
1432,0.0001,69
1433,0.0001,925
1434,0.0001,738
1435,0.0001,77
1436,0.0001,922
1437,0.0001,52
1438,0.0001,132
1439,0.0001,962
1440,0.0001,301
1441,0.0001,98
1442,0.0001,680
1443,0.0001,227
1444,0.0001,614
1445,0.0001,1563
1446,0.0001,39
1447,0.0001,62
1448,0.0001,85
1449,0.0001,92
1450,0.0001,0
1451,0.0001,186
1452,0.0001,1808
1453,0.0001,110
1454,0.0001,1582
1455,0.0001,919
1456,0.0001,31
1457,0.0001,302
1458,0.0001,108
1459,0.0001,82
1460,0.0001,889
1461,0.0001,63
1462,0.0001,837
1463,0.0001,160
1464,0.0001,238
1465,0.0001,3421
1466,0.0001,54
1467,0.0001,85
1468,0.0001,1527
1469,0.0001,0
1470,0.0001,1466
1471,0.0001,46
1472,0.0001,2426
1473,0.0001,93
1474,0.0001,146
1475,0.0001,78
1476,0.0001,182
1477,0.0001,1592
1478,0.0001,882
1479,0.0001,1332
1480,0.0001,1147
1481,0.0001,62
1482,0.0001,123
1483,0.0001,67
1484,0.0001,23
1485,0.0001,158
1486,0.0001,0
1487,0.0001,31
1488,0.0001,77
1489,0.0001,108
1490,0.0001,643
1491,0.0001,62
1492,0.0001,0
1493,0.0001,3877
1494,0.0001,801
1495,0.0001,1599
1496,0.0001,2417
1497,0.0001,1767
1498,0.0001,966
1499,0.0001,3063
1500,0.0001,727
1501,0.0001,0
1502,0.0001,0
1503,0.0001,2237
1504,0.0001,141
1505,0.0001,951
1506,0.0001,244
1507,0.0001,62
1508,0.0001,981
1509,0.0001,139
1510,0.0001,2330
1511,0.0001,85
1512,0.0001,0
1513,0.0001,125
1514,0.0001,1426
1515,0.0001,93
1516,0.0001,924
1517,0.0001,108
1518,0.0001,163
1519,0.0001,179
1520,0.0001,109
1521,0.0001,4194
1522,0.0001,44
1523,0.0001,62
1524,0.0001,0
1525,0.0001,1017
1526,0.0001,614
1527,0.0001,0
1528,0.0001,801
1529,0.0001,678
1530,0.0001,794
1531,0.0001,0
1532,0.0001,850
1533,0.0001,155
1534,0.0001,92
1535,0.0001,211
1536,0.0001,198
1537,0.0001,1731
1538,0.0001,843
1539,0.0001,735
1540,0.0001,62
1541,0.0001,131
1542,0.0001,63
1543,0.0001,3261
1544,0.0001,31
1545,0.0001,735
1546,0.0001,1629
1547,0.0001,0
1548,0.0001,891
1549,0.0001,1551
1550,0.0001,124
1551,0.0001,31
1552,0.0001,876
1553,0.0001,160
1554,0.0001,1308
1555,0.0001,798
1556,0.0001,674
1557,0.0001,786
1558,0.0001,108
1559,0.0001,876
1560,0.0001,85
1561,0.0001,1888
1562,0.0001,786
1563,0.0001,144
1564,0.0001,78
1565,0.0001,31
1566,0.0001,92
1567,0.0001,2809
1568,0.0001,190
1569,0.0001,658
1570,0.0001,1388
1571,0.0001,78
1572,0.0001,177
1573,0.0001,31
1574,0.0001,47
1575,0.0001,31
1576,0.0001,23
1577,0.0001,1813
1578,0.0001,865
1579,0.0001,70
1580,0.0001,708
1581,0.0001,123
1582,0.0001,108
1583,0.0001,1437
1584,0.0001,687
1585,0.0001,815
1586,0.0001,2522
1587,0.0001,1456
1588,0.0001,2884
1589,0.0001,85
1590,0.0001,124
1591,0.0001,2412
1592,0.0001,1643
1593,0.0001,62
1594,0.0001,47
1595,0.0001,39
1596,0.0001,0
1597,0.0001,1528
1598,0.0001,884
1599,0.0001,116
1600,0.0001,94
1601,0.0001,155
1602,0.0001,0
1603,0.0001,1737
1604,0.0001,267
1605,0.0001,31
1606,0.0001,1567
1607,0.0001,975
1608,0.0001,787
1609,0.0001,716
1610,0.0001,100
1611,0.0001,85
1612,0.0001,62
1613,0.0001,47
1614,0.0001,1317
1615,0.0001,1638
1616,0.0001,905
1617,0.0001,132
1618,0.0001,2174
1619,0.0001,132
1620,0.0001,62
1621,0.0001,48
1622,0.0001,225
1623,0.0001,123
1624,0.0001,77
1625,0.0001,85
1626,0.0001,866
1627,0.0001,2160
1628,0.0001,147
1629,0.0001,1461
1630,0.0001,2971
1631,0.0001,62
1632,0.0001,1751
1633,0.0001,892
1634,0.0001,4054
1635,0.0001,318
1636,0.0001,892
1637,0.0001,0
1638,0.0001,201
1639,0.0001,706
1640,0.0001,46
1641,0.0001,0
1642,0.0001,169
1643,0.0001,108
1644,0.0001,807
1645,0.0001,123
1646,0.0001,31
1647,0.0001,864
1648,0.0001,2532
1649,0.0001,1644
1650,0.0001,0
1651,0.0001,770
1652,0.0001,178
1653,0.0001,3545
1654,0.0001,1389
1655,0.0001,1539
1656,0.0001,3203
1657,0.0001,801
1658,0.0001,839
1659,0.0001,85
1660,0.0001,712
1661,0.0001,775
1662,0.0001,82
1663,0.0001,23
1664,0.0001,226
1665,0.0001,146
1666,0.0001,996
1667,0.0001,82
1668,0.0001,212
1669,0.0001,109
1670,0.0001,124
1671,0.0001,2313
1672,0.0001,100
1673,0.0001,31
1674,0.0001,721
1675,0.0001,845
1676,0.0001,47
1677,0.0001,156
1678,0.0001,939
1679,0.0001,822
1680,0.0001,0
1681,0.0001,139
1682,0.0001,1507
1683,0.0001,31
1684,0.0001,1053
1685,0.0001,178
1686,0.0001,92
1687,0.0001,62
1688,0.0001,658
1689,0.0001,0
1690,0.0001,768
1691,0.0001,808
1692,0.0001,1430
1693,0.0001,798
1694,0.0001,114
1695,0.0001,62
1696,0.0001,762
1697,0.0001,139
1698,0.0001,2148
1699,0.0001,62
1700,0.0001,3790
1701,0.0001,175
1702,0.0001,882
1703,0.0001,850
1704,0.0001,1519
1705,0.0001,116
1706,0.0001,140
1707,0.0001,938
1708,0.0001,16
1709,0.0001,77
1710,0.0001,722
1711,0.0001,783
1712,0.0001,1224
1713,0.0001,23
1714,0.0001,62
1715,0.0001,1680
1716,0.0001,809
1717,0.0001,0
1718,0.0001,830
1719,0.0001,62
1720,0.0001,1403
1721,0.0001,123
1722,0.0001,823
1723,0.0001,154
1724,0.0001,3160
1725,0.0001,643
1726,0.0001,77
1727,0.0001,1053
1728,0.0001,1597
1729,0.0001,1519
1730,0.0001,2240
1731,0.0001,62
1732,0.0001,62
1733,0.0001,62
1734,0.0001,16
1735,0.0001,62
1736,0.0001,63
1737,0.0001,863
1738,0.0001,199
1739,0.0001,78
1740,0.0001,77
1741,0.0001,1629
1742,0.0001,155
1743,0.0001,978
1744,0.0001,1386
1745,0.0001,16
1746,0.0001,866
1747,0.0001,2344
1748,0.0001,77
1749,0.0001,180
1750,0.0001,108
1751,0.0001,720
1752,0.0001,2345
1753,0.0001,31
1754,0.0001,47
1755,0.0001,187
1756,0.0001,62
1757,0.0001,770
1758,0.0001,5530
1759,0.0001,151
1760,0.0001,2215
1761,0.0001,180
1762,0.0001,789
1763,0.0001,1367
1764,0.0001,93
1765,0.0001,23
1766,0.0001,2018
1767,0.0001,48
1768,0.0001,117
1769,0.0001,169
1770,0.0001,147
1771,0.0001,1750
1772,0.0001,165
1773,0.0001,975
1774,0.0001,3609
1775,0.0001,69
1776,0.0001,834
1777,0.0001,830
1778,0.0001,2929
1779,0.0001,157
1780,0.0001,62
1781,0.0001,4947
1782,0.0001,154
1783,0.0001,773
1784,0.0001,1037
1785,0.0001,871
1786,0.0001,113
1787,0.0001,72
1788,0.0001,0
1789,0.0001,1178
1790,0.0001,692
1791,0.0001,647
1792,0.0001,139
1793,0.0001,154
1794,0.0001,108
1795,0.0001,1042
1796,0.0001,23
1797,0.0001,1217
1798,0.0001,817
1799,0.0001,39
1800,0.0001,31
1801,0.0001,2439
1802,0.0001,31
1803,0.0001,2266
1804,0.0001,814
1805,0.0001,809
1806,0.0001,1669
1807,0.0001,46
1808,0.0001,77
1809,0.0001,62
1810,0.0001,62
1811,0.0001,1164
1812,0.0001,31
1813,0.0001,0
1814,0.0001,78
1815,0.0001,62
1816,0.0001,1656
1817,0.0001,808
1818,0.0001,93
1819,0.0001,0
1820,0.0001,622
1821,0.0001,288
1822,0.0001,948
1823,0.0001,77
1824,0.0001,62
1825,0.0001,63
1826,0.0001,1608
1827,0.0001,101
1828,0.0001,987
1829,0.0001,134
1830,0.0001,0
1831,0.0001,845
1832,0.0001,163
1833,0.0001,118
1834,0.0001,54
1835,0.0001,807
1836,0.0001,4349
1837,0.0001,658
1838,0.0001,170
1839,0.0001,728
1840,0.0001,62
1841,0.0001,3558
1842,0.0001,108
1843,0.0001,775
1844,0.0001,92
1845,0.0001,958
1846,0.0001,845
1847,0.0001,46
1848,0.0001,145
1849,0.0001,960
1850,0.0001,31
1851,0.0001,173
1852,0.0001,160
1853,0.0001,2108
1854,0.0001,0
1855,0.0001,31
1856,0.0001,88
1857,0.0001,70
1858,0.0001,4479
1859,0.0001,180
1860,0.0001,974
1861,0.0001,784
1862,0.0001,686
1863,0.0001,123
1864,0.0001,756
1865,0.0001,840
1866,0.0001,1432
1867,0.0001,62
1868,0.0001,1600
1869,0.0001,857
1870,0.0001,114
1871,0.0001,174
1872,0.0001,1004
1873,0.0001,0
1874,0.0001,123
1875,0.0001,2215
1876,0.0001,777
1877,0.0001,722
1878,0.0001,660
1879,0.0001,132
1880,0.0001,79
1881,0.0001,108
1882,0.0001,62
1883,0.0001,31
1884,0.0001,0
1885,0.0001,23
1886,0.0001,0
1887,0.0001,725
1888,0.0001,1384
1889,0.0001,260
1890,0.0001,129
1891,0.0001,158
1892,0.0001,170
1893,0.0001,157
1894,0.0001,139
1895,0.0001,3247
1896,0.0001,782
1897,0.0001,108
1898,0.0001,832
1899,0.0001,938
1900,0.0001,0
1901,0.0001,635
1902,0.0001,103
1903,0.0001,46
1904,0.0001,0
1905,0.0001,253
1906,0.0001,23
1907,0.0001,85
1908,0.0001,161
1909,0.0001,78
1910,0.0001,664
1911,0.0001,139
1912,0.0001,2570
1913,0.0001,1721
1914,0.0001,645
1915,0.0001,2944
1916,0.0001,194
1917,0.0001,32
1918,0.0001,63
1919,0.0001,863
1920,0.0001,0
1921,0.0001,894
1922,0.0001,85
1923,0.0001,677
1924,0.0001,85
1925,0.0001,101
1926,0.0001,684
1927,0.0001,62
1928,0.0001,62
1929,0.0001,964
1930,0.0001,109
1931,0.0001,1357
1932,0.0001,1009
1933,0.0001,2831
1934,0.0001,1503
1935,0.0001,201
1936,0.0001,77
1937,0.0001,85
1938,0.0001,845
1939,0.0001,4950
1940,0.0001,23
1941,0.0001,2138
1942,0.0001,813
1943,0.0001,932
1944,0.0001,4236
1945,0.0001,1559
1946,0.0001,155
1947,0.0001,77
1948,0.0001,62
1949,0.0001,55
1950,0.0001,863
1951,0.0001,2284
1952,0.0001,139
1953,0.0001,141
1954,0.0001,62
1955,0.0001,0
1956,0.0001,85
1957,0.0001,172
1958,0.0001,643
1959,0.0001,31
1960,0.0001,910
1961,0.0001,291
1962,0.0001,54
1963,0.0001,0
1964,0.0001,228
1965,0.0001,955
1966,0.0001,269
1967,0.0001,139
1968,0.0001,2490
1969,0.0001,116
1970,0.0001,780
1971,0.0001,62
1972,0.0001,647
1973,0.0001,886
1974,0.0001,1861
1975,0.0001,140
1976,0.0001,799
1977,0.0001,1875
1978,0.0001,32
1979,0.0001,190
1980,0.0001,131
1981,0.0001,825
1982,0.0001,82
1983,0.0001,113
1984,0.0001,1673
1985,0.0001,3653
1986,0.0001,1597
1987,0.0001,108
1988,0.0001,4186
1989,0.0001,886
1990,0.0001,78
1991,0.0001,21
1992,0.0001,0
1993,0.0001,139
1994,0.0001,879
1995,0.0001,784
1996,0.0001,31
1997,0.0001,106
1998,0.0001,101
1999,0.0001,109
2000,0.0001,187
2001,0.0001,109
2002,0.0001,0
2003,0.0001,736
2004,0.0001,243
2005,0.0001,77
2006,0.0001,704
2007,0.0001,46
2008,0.0001,882
2009,0.0001,3273
2010,0.0001,1547
2011,0.0001,54
2012,0.0001,1412
2013,0.0001,270
2014,0.0001,93
2015,0.0001,4536
2016,0.0001,16
2017,0.0001,1494
2018,0.0001,46
2019,0.0001,0
2020,0.0001,1582
2021,0.0001,917
2022,0.0001,31
2023,0.0001,1065
2024,0.0001,85
2025,0.0001,897
2026,0.0001,1751
2027,0.0001,0
2028,0.0001,766
2029,0.0001,109
2030,0.0001,2509
2031,0.0001,1584
2032,0.0001,62
2033,0.0001,124
2034,0.0001,800
2035,0.0001,100
2036,0.0001,830
2037,0.0001,82
2038,0.0001,62
2039,0.0001,962
2040,0.0001,977
2041,0.0001,735
2042,0.0001,31
2043,0.0001,178
2044,0.0001,262
2045,0.0001,139
2046,0.0001,1065
2047,0.0001,169
2048,0.0001,674
2049,0.0001,1662
2050,0.0001,186
2051,0.0001,830
2052,0.0001,216
2053,0.0001,4076
2054,0.0001,1442
2055,0.0001,1566
2056,0.0001,1514
2057,0.0001,86
2058,0.0001,1869
2059,0.0001,108
2060,0.0001,2021
2061,0.0001,1503
2062,0.0001,3252
2063,0.0001,3352
2064,0.0001,915
2065,0.0001,46
2066,0.0001,863
2067,0.0001,337
2068,0.0001,93
2069,0.0001,262
2070,0.0001,31
2071,0.0001,891
2072,0.0001,2365
2073,0.0001,966
2074,0.0001,2985
2075,0.0001,0
2076,0.0001,1069
2077,0.0001,1104
2078,0.0001,612
2079,0.0001,819
2080,0.0001,773
2081,0.0001,62
2082,0.0001,161
2083,0.0001,773
2084,0.0001,156
2085,0.0001,1551
2086,0.0001,3255
2087,0.0001,207
2088,0.0001,118
2089,0.0001,108
2090,0.0001,1733
2091,0.0001,62
2092,0.0001,837
2093,0.0001,799
2094,0.0001,1164
2095,0.0001,741
2096,0.0001,31
2097,0.0001,1068
2098,0.0001,1442
2099,0.0001,123
2100,0.0001,970
2101,0.0001,768
2102,0.0001,1296
2103,0.0001,819
2104,0.0001,741
2105,0.0001,923
2106,0.0001,2146
2107,0.0001,907
2108,0.0001,108
2109,0.0001,62
2110,0.0001,3442
2111,0.0001,62
2112,0.0001,77
2113,0.0001,23
2114,0.0001,16
2115,0.0001,962
2116,0.0001,1380
2117,0.0001,46
2118,0.0001,0
2119,0.0001,2499
2120,0.0001,2288
2121,0.0001,129
2122,0.0001,814
2123,0.0001,1080
2124,0.0001,1033
2125,0.0001,103
2126,0.0001,658
2127,0.0001,822
2128,0.0001,92
2129,0.0001,941
2130,0.0001,1057
2131,0.0001,62
2132,0.0001,925
2133,0.0001,92
2134,0.0001,201
2135,0.0001,103
2136,0.0001,123
2137,0.0001,155
2138,0.0001,0
2139,0.0001,1602
2140,0.0001,62
2141,0.0001,0
2142,0.0001,0
2143,0.0001,23
2144,0.0001,814
2145,0.0001,705
2146,0.0001,1536
2147,0.0001,108
2148,0.0001,1550
2149,0.0001,755
2150,0.0001,2375
2151,0.0001,0
2152,0.0001,1683
2153,0.0001,3411
2154,0.0001,124
2155,0.0001,3185
2156,0.0001,92
2157,0.0001,794
2158,0.0001,193
2159,0.0001,146
2160,0.0001,63
2161,0.0001,863
2162,0.0001,876
2163,0.0001,853
2164,0.0001,31
2165,0.0001,156
2166,0.0001,758
2167,0.0001,870
2168,0.0001,0
2169,0.0001,148
2170,0.0001,1469
2171,0.0001,2572
2172,0.0001,202
2173,0.0001,737
2174,0.0001,85
2175,0.0001,125
2176,0.0001,746
2177,0.0001,1669
2178,0.0001,1589
2179,0.0001,612
2180,0.0001,933
2181,0.0001,862
2182,0.0001,193
2183,0.0001,124
2184,0.0001,77
2185,0.0001,0
2186,0.0001,0
2187,0.0001,82
2188,0.0001,99
2189,0.0001,139
2190,0.0001,728
2191,0.0001,989
2192,0.0001,160
2193,0.0001,811
2194,0.0001,46
2195,0.0001,2379
2196,0.0001,1002
2197,0.0001,62
2198,0.0001,108
2199,0.0001,0
2200,0.0001,31
2201,0.0001,1022
2202,0.0001,62
2203,0.0001,68
2204,0.0001,691
2205,0.0001,263
2206,0.0001,124
2207,0.0001,139
2208,0.0001,129
2209,0.0001,132
2210,0.0001,645
2211,0.0001,767
2212,0.0001,1645
2213,0.0001,1155
2214,0.0001,52
2215,0.0001,1592
2216,0.0001,1565
2217,0.0001,658
2218,0.0001,783
2219,0.0001,1614
2220,0.0001,205
2221,0.0001,62
2222,0.0001,4559
2223,0.0001,1319
2224,0.0001,894
2225,0.0001,62
2226,0.0001,304
2227,0.0001,894
2228,0.0001,1030
2229,0.0001,165
2230,0.0001,0
2231,0.0001,743
2232,0.0001,78
2233,0.0001,115
2234,0.0001,176
2235,0.0001,1536
2236,0.0001,31
2237,0.0001,201
2238,0.0001,62
2239,0.0001,116
2240,0.0001,819
2241,0.0001,47
2242,0.0001,658
2243,0.0001,78
2244,0.0001,62
2245,0.0001,1775
2246,0.0001,1735
2247,0.0001,31
2248,0.0001,1637
2249,0.0001,123
2250,0.0001,4673
2251,0.0001,0
2252,0.0001,869
2253,0.0001,113
2254,0.0001,46
2255,0.0001,54
2256,0.0001,3897
2257,0.0001,786
2258,0.0001,47
2259,0.0001,0
2260,0.0001,1580
2261,0.0001,108
2262,0.0001,4339
2263,0.0001,770
2264,0.0001,889
2265,0.0001,170
2266,0.0001,31
2267,0.0001,832
2268,0.0001,39
2269,0.0001,693
2270,0.0001,822
2271,0.0001,712
2272,0.0001,1298
2273,0.0001,799
2274,0.0001,231
2275,0.0001,702
2276,0.0001,23
2277,0.0001,62
2278,0.0001,85
2279,0.0001,222
2280,0.0001,31
2281,0.0001,55
2282,0.0001,31
2283,0.0001,77
2284,0.0001,773
2285,0.0001,62
2286,0.0001,834
2287,0.0001,981
2288,0.0001,78
2289,0.0001,78
2290,0.0001,193
2291,0.0001,93
2292,0.0001,46
2293,0.0001,108
2294,0.0001,932
2295,0.0001,1504
2296,0.0001,861
2297,0.0001,102
2298,0.0001,789
2299,0.0001,770
2300,0.0001,833
2301,0.0001,118
2302,0.0001,247
2303,0.0001,123
2304,0.0001,134
2305,0.0001,62
2306,0.0001,150
2307,0.0001,941
2308,0.0001,31
2309,0.0001,113
2310,0.0001,876
2311,0.0001,768
2312,0.0001,48
2313,0.0001,70
2314,0.0001,123
2315,0.0001,131
2316,0.0001,796
2317,0.0001,144
2318,0.0001,41
2319,0.0001,23
2320,0.0001,31
2321,0.0001,926
2322,0.0001,691
2323,0.0001,2635
2324,0.0001,237
2325,0.0001,1548
2326,0.0001,155
2327,0.0001,23
2328,0.0001,938
2329,0.0001,3031
2330,0.0001,0
2331,0.0001,108
2332,0.0001,145
2333,0.0001,2281
2334,0.0001,892
2335,0.0001,71
2336,0.0001,93
2337,0.0001,46
2338,0.0001,41
2339,0.0001,301
2340,0.0001,0
2341,0.0001,0
2342,0.0001,194
2343,0.0001,134
2344,0.0001,1228
2345,0.0001,917
2346,0.0001,2450
2347,0.0001,0
2348,0.0001,777
2349,0.0001,674
2350,0.0001,775
2351,0.0001,1633
2352,0.0001,23
2353,0.0001,78
2354,0.0001,835
2355,0.0001,1062
2356,0.0001,47
2357,0.0001,54
2358,0.0001,1500
2359,0.0001,118
2360,0.0001,651
2361,0.0001,0
2362,0.0001,940
2363,0.0001,92
2364,0.0001,77
2365,0.0001,969
2366,0.0001,892
2367,0.0001,62
2368,0.0001,32
2369,0.0001,768
2370,0.0001,743
2371,0.0001,264
2372,0.0001,768
2373,0.0001,94
2374,0.0001,830
2375,0.0001,145
2376,0.0001,77
2377,0.0001,664
2378,0.0001,108
2379,0.0001,1739
2380,0.0001,82
2381,0.0001,879
2382,0.0001,987
2383,0.0001,113
2384,0.0001,108
2385,0.0001,149
2386,0.0001,31
2387,0.0001,93
2388,0.0001,217
2389,0.0001,817
2390,0.0001,3212
2391,0.0001,942
2392,0.0001,1532
2393,0.0001,253
2394,0.0001,674
2395,0.0001,169
2396,0.0001,877
2397,0.0001,807
2398,0.0001,0
2399,0.0001,170
2400,0.0001,1439
2401,0.0001,984
2402,0.0001,130
2403,0.0001,883
2404,0.0001,77
2405,0.0001,93
2406,0.0001,93
2407,0.0001,1041
2408,0.0001,696
2409,0.0001,676
2410,0.0001,848
2411,0.0001,658
2412,0.0001,1760
2413,0.0001,23
2414,0.0001,194
2415,0.0001,93
2416,0.0001,263
2417,0.0001,221
2418,0.0001,850
2419,0.0001,46
2420,0.0001,796
2421,0.0001,716
2422,0.0001,248
2423,0.0001,0
2424,0.0001,876
2425,0.0001,0
2426,0.0001,725
2427,0.0001,1198
2428,0.0001,4703
2429,0.0001,171
2430,0.0001,4168
2431,0.0001,31
2432,0.0001,0
2433,0.0001,932
2434,0.0001,156
2435,0.0001,0
2436,0.0001,1739
2437,0.0001,1610
2438,0.0001,155
2439,0.0001,3150
2440,0.0001,62
2441,0.0001,887
2442,0.0001,1349
2443,0.0001,63
2444,0.0001,63
2445,0.0001,62
2446,0.0001,0
2447,0.0001,31
2448,0.0001,809
2449,0.0001,108
2450,0.0001,643
2451,0.0001,3144
2452,0.0001,3228
2453,0.0001,62
2454,0.0001,963
2455,0.0001,799
2456,0.0001,47
2457,0.0001,832
2458,0.0001,2314
2459,0.0001,78
2460,0.0001,1952
2461,0.0001,3149
2462,0.0001,144
2463,0.0001,2396
2464,0.0001,171
2465,0.0001,1007
2466,0.0001,984
2467,0.0001,165
2468,0.0001,92
2469,0.0001,47
2470,0.0001,838
2471,0.0001,46
2472,0.0001,853
2473,0.0001,138
2474,0.0001,237
2475,0.0001,674
2476,0.0001,938
2477,0.0001,150
2478,0.0001,200
2479,0.0001,46
2480,0.0001,764
2481,0.0001,1689
2482,0.0001,1644
2483,0.0001,92
2484,0.0001,1591
2485,0.0001,945
2486,0.0001,31
2487,0.0001,54
2488,0.0001,62
2489,0.0001,962
2490,0.0001,46
2491,0.0001,108
2492,0.0001,163
2493,0.0001,170
2494,0.0001,62
2495,0.0001,241
2496,0.0001,80
2497,0.0001,822
2498,0.0001,674
2499,0.0001,62
2500,0.0001,62
2501,0.0001,23
2502,0.0001,3452
2503,0.0001,144
2504,0.0001,928
2505,0.0001,716
2506,0.0001,207
2507,0.0001,1670
2508,0.0001,41
2509,0.0001,1038
2510,0.0001,178
2511,0.0001,82
2512,0.0001,0
2513,0.0001,23
2514,0.0001,85
2515,0.0001,866
2516,0.0001,23
2517,0.0001,789
2518,0.0001,1249
2519,0.0001,31
2520,0.0001,709
2521,0.0001,931
2522,0.0001,866
2523,0.0001,830
2524,0.0001,801
2525,0.0001,46
2526,0.0001,724
2527,0.0001,0
2528,0.0001,1092
2529,0.0001,109
2530,0.0001,123
2531,0.0001,170
2532,0.0001,891
2533,0.0001,23
2534,0.0001,4263
2535,0.0001,47
2536,0.0001,109
2537,0.0001,778
2538,0.0001,165
2539,0.0001,171
2540,0.0001,211
2541,0.0001,1012
2542,0.0001,1574
2543,0.0001,149
2544,0.0001,804
2545,0.0001,773
2546,0.0001,1605
2547,0.0001,1602
2548,0.0001,98
2549,0.0001,693
2550,0.0001,129
2551,0.0001,930
2552,0.0001,62
2553,0.0001,722
2554,0.0001,153
2555,0.0001,125
2556,0.0001,46
2557,0.0001,62
2558,0.0001,2825
2559,0.0001,331
2560,0.0001,123
2561,0.0001,217
2562,0.0001,1630
2563,0.0001,1019
2564,0.0001,190
2565,0.0001,0
2566,0.0001,809
2567,0.0001,0
2568,0.0001,62
2569,0.0001,101
2570,0.0001,647
2571,0.0001,751
2572,0.0001,202
2573,0.0001,175
2574,0.0001,93
2575,0.0001,2266
2576,0.0001,801
2577,0.0001,1523
2578,0.0001,0
2579,0.0001,1868
2580,0.0001,3187
2581,0.0001,62
2582,0.0001,1608
2583,0.0001,743
2584,0.0001,154
2585,0.0001,1665
2586,0.0001,77
2587,0.0001,0
2588,0.0001,233
2589,0.0001,62
2590,0.0001,768
2591,0.0001,82
2592,0.0001,93
2593,0.0001,855
2594,0.0001,215
2595,0.0001,1011
2596,0.0001,775
2597,0.0001,293
2598,0.0001,156
2599,0.0001,1529
2600,0.0001,1663
2601,0.0001,1685
2602,0.0001,253
2603,0.0001,170
2604,0.0001,31
2605,0.0001,144
2606,0.0001,108
2607,0.0001,156
2608,0.0001,207
2609,0.0001,0
2610,0.0001,132
2611,0.0001,62
2612,0.0001,4950
2613,0.0001,85
2614,0.0001,100
2615,0.0001,88
2616,0.0001,1024
2617,0.0001,146
2618,0.0001,108
2619,0.0001,218
2620,0.0001,188
2621,0.0001,70
2622,0.0001,0
2623,0.0001,109
2624,0.0001,819
2625,0.0001,0
2626,0.0001,166
2627,0.0001,2740
2628,0.0001,873
2629,0.0001,927
2630,0.0001,774
2631,0.0001,1048
2632,0.0001,32
2633,0.0001,2955
2634,0.0001,62
2635,0.0001,232
2636,0.0001,201
2637,0.0001,832
2638,0.0001,46
2639,0.0001,0
2640,0.0001,976
2641,0.0001,77
2642,0.0001,117
2643,0.0001,1247
2644,0.0001,225
2645,0.0001,205
2646,0.0001,217
2647,0.0001,272
2648,0.0001,221
2649,0.0001,940
2650,0.0001,892
2651,0.0001,237
2652,0.0001,57
2653,0.0001,793
2654,0.0001,126
2655,0.0001,113
2656,0.0001,62
2657,0.0001,62
2658,0.0001,777
2659,0.0001,108
2660,0.0001,706
2661,0.0001,1550
2662,0.0001,140
2663,0.0001,46
2664,0.0001,62
2665,0.0001,31
2666,0.0001,1077
2667,0.0001,773
2668,0.0001,92
2669,0.0001,70
2670,0.0001,218
2671,0.0001,62
2672,0.0001,31
2673,0.0001,847
2674,0.0001,1605
2675,0.0001,720
2676,0.0001,155
2677,0.0001,1618
2678,0.0001,154
2679,0.0001,693
2680,0.0001,46
2681,0.0001,146
2682,0.0001,722
2683,0.0001,71
2684,0.0001,125
2685,0.0001,280
2686,0.0001,101
2687,0.0001,748
2688,0.0001,1613
2689,0.0001,776
2690,0.0001,155
2691,0.0001,109
2692,0.0001,163
2693,0.0001,108
2694,0.0001,3183
2695,0.0001,1863
2696,0.0001,899
2697,0.0001,0
2698,0.0001,668
2699,0.0001,31
2700,0.0001,191
2701,0.0001,1642
2702,0.0001,46
2703,0.0001,77
2704,0.0001,0
2705,0.0001,211
2706,0.0001,105
2707,0.0001,1716
2708,0.0001,197
2709,0.0001,776
2710,0.0001,1718
2711,0.0001,766
2712,0.0001,1698
2713,0.0001,1751
2714,0.0001,1523
2715,0.0001,786
2716,0.0001,850
2717,0.0001,976
2718,0.0001,88
2719,0.0001,62
2720,0.0001,300
2721,0.0001,55
2722,0.0001,125
2723,0.0001,1633
2724,0.0001,1659
2725,0.0001,3169
2726,0.0001,82
2727,0.0001,822
2728,0.0001,3390
2729,0.0001,169
2730,0.0001,806
2731,0.0001,668
2732,0.0001,1143
2733,0.0001,165
2734,0.0001,1380
2735,0.0001,819
2736,0.0001,170
2737,0.0001,100
2738,0.0001,70
2739,0.0001,62
2740,0.0001,108
2741,0.0001,616
2742,0.0001,787
2743,0.0001,201
2744,0.0001,817
2745,0.0001,784
2746,0.0001,1460
2747,0.0001,16
2748,0.0001,164
2749,0.0001,46
2750,0.0001,713
2751,0.0001,104
2752,0.0001,85
2753,0.0001,123
2754,0.0001,64
2755,0.0001,961
2756,0.0001,46
2757,0.0001,215
2758,0.0001,3144
2759,0.0001,909
2760,0.0001,31
2761,0.0001,232
2762,0.0001,69
2763,0.0001,224
2764,0.0001,232
2765,0.0001,1656
2766,0.0001,62
2767,0.0001,1567
2768,0.0001,1007
2769,0.0001,1473
2770,0.0001,0
2771,0.0001,108
2772,0.0001,807
2773,0.0001,2880
2774,0.0001,77
2775,0.0001,139
2776,0.0001,1488
2777,0.0001,62
2778,0.0001,222
2779,0.0001,828
2780,0.0001,0
2781,0.0001,3481
2782,0.0001,877
2783,0.0001,110
2784,0.0001,821
2785,0.0001,109
2786,0.0001,31
2787,0.0001,877
2788,0.0001,2341
2789,0.0001,31
2790,0.0001,1022
2791,0.0001,817
2792,0.0001,768
2793,0.0001,802
2794,0.0001,231
2795,0.0001,62
2796,0.0001,899
2797,0.0001,2099
2798,0.0001,1693
2799,0.0001,1085
2800,0.0001,104
2801,0.0001,62
2802,0.0001,108
2803,0.0001,0
2804,0.0001,1831
2805,0.0001,139
2806,0.0001,241
2807,0.0001,1070
2808,0.0001,3090
2809,0.0001,1426
2810,0.0001,278
2811,0.0001,2304
2812,0.0001,713
2813,0.0001,1515
2814,0.0001,47
2815,0.0001,62
2816,0.0001,31
2817,0.0001,93
2818,0.0001,31
2819,0.0001,175
2820,0.0001,2882
2821,0.0001,794
2822,0.0001,110
2823,0.0001,140
2824,0.0001,154
2825,0.0001,78
2826,0.0001,124
2827,0.0001,1601
2828,0.0001,914
2829,0.0001,964
2830,0.0001,314
2831,0.0001,812
2832,0.0001,31
2833,0.0001,62
2834,0.0001,93
2835,0.0001,786
2836,0.0001,32
2837,0.0001,154
2838,0.0001,208
2839,0.0001,951
2840,0.0001,86
2841,0.0001,1597
2842,0.0001,77
2843,0.0001,923
2844,0.0001,177
2845,0.0001,75
2846,0.0001,0
2847,0.0001,133
2848,0.0001,682
2849,0.0001,1032
2850,0.0001,2217
2851,0.0001,16
2852,0.0001,92
2853,0.0001,956
2854,0.0001,217
2855,0.0001,1739
2856,0.0001,0
2857,0.0001,784
2858,0.0001,1621
2859,0.0001,1092
2860,0.0001,31
2861,0.0001,868
2862,0.0001,93
2863,0.0001,23
2864,0.0001,1606
2865,0.0001,1493
2866,0.0001,62
2867,0.0001,1679
2868,0.0001,862
2869,0.0001,23
2870,0.0001,108
2871,0.0001,1344
2872,0.0001,54
2873,0.0001,31
2874,0.0001,911
2875,0.0001,2555
2876,0.0001,72
2877,0.0001,16
2878,0.0001,125
2879,0.0001,967
2880,0.0001,1014
2881,0.0001,1528
2882,0.0001,909
2883,0.0001,804
2884,0.0001,955
2885,0.0001,62
2886,0.0001,1519
2887,0.0001,62
2888,0.0001,103
2889,0.0001,180
2890,0.0001,140
2891,0.0001,1586
2892,0.0001,77
2893,0.0001,3446
2894,0.0001,1197
2895,0.0001,2840
2896,0.0001,54
2897,0.0001,0
2898,0.0001,62
2899,0.0001,31
2900,0.0001,108
2901,0.0001,1293
2902,0.0001,725
2903,0.0001,0
2904,0.0001,62
2905,0.0001,63
2906,0.0001,791
2907,0.0001,108
2908,0.0001,4159
2909,0.0001,0
2910,0.0001,675
2911,0.0001,2584
2912,0.0001,736
2913,0.0001,124
2914,0.0001,0
2915,0.0001,169
2916,0.0001,108
2917,0.0001,217
2918,0.0001,1411
2919,0.0001,101
2920,0.0001,0
2921,0.0001,131
2922,0.0001,125
2923,0.0001,743
2924,0.0001,907
2925,0.0001,958
2926,0.0001,1811
2927,0.0001,113
2928,0.0001,170
2929,0.0001,108
2930,0.0001,674
2931,0.0001,0
2932,0.0001,85
2933,0.0001,694
2934,0.0001,52
2935,0.0001,77
2936,0.0001,46
2937,0.0001,54
2938,0.0001,31
2939,0.0001,68
2940,0.0001,768
2941,0.0001,1618
2942,0.0001,78
2943,0.0001,62
2944,0.0001,93
2945,0.0001,674
2946,0.0001,1002
2947,0.0001,868
2948,0.0001,297
2949,0.0001,178
2950,0.0001,78
2951,0.0001,31
2952,0.0001,185
2953,0.0001,16
2954,0.0001,46
2955,0.0001,80
2956,0.0001,46
2957,0.0001,139
2958,0.0001,830
2959,0.0001,170
2960,0.0001,880
2961,0.0001,23
2962,0.0001,46
2963,0.0001,1676
2964,0.0001,0
2965,0.0001,799
2966,0.0001,1030
2967,0.0001,62
2968,0.0001,1706
2969,0.0001,103
2970,0.0001,1511
2971,0.0001,108
2972,0.0001,47
2973,0.0001,2422
2974,0.0001,23
2975,0.0001,154
2976,0.0001,185
2977,0.0001,306
2978,0.0001,72
2979,0.0001,62
2980,0.0001,72
2981,0.0001,4472
2982,0.0001,678
2983,0.0001,220
2984,0.0001,0
2985,0.0001,1970
2986,0.0001,768
2987,0.0001,175
2988,0.0001,0
2989,0.0001,1519
2990,0.0001,977
2991,0.0001,83
2992,0.0001,1591
2993,0.0001,942
2994,0.0001,627
2995,0.0001,1541
2996,0.0001,139
2997,0.0001,139
2998,0.0001,47
2999,0.0001,41
3000,0.0001,139
3001,0.0001,891
3002,0.0001,871
3003,0.0001,92
3004,0.0001,108
3005,0.0001,1019
3006,0.0001,0
3007,0.0001,858
3008,0.0001,838
3009,0.0001,2220
3010,0.0001,92
3011,0.0001,78
3012,0.0001,93
3013,0.0001,139
3014,0.0001,31
3015,0.0001,93
3016,0.0001,211
3017,0.0001,192
3018,0.0001,880
3019,0.0001,1499
3020,0.0001,63
3021,0.0001,1621
3022,0.0001,724
3023,0.0001,676
3024,0.0001,3351
3025,0.0001,770
3026,0.0001,0
3027,0.0001,902
3028,0.0001,100
3029,0.0001,124
3030,0.0001,751
3031,0.0001,3310
3032,0.0001,3163
3033,0.0001,63
3034,0.0001,239
3035,0.0001,660
3036,0.0001,199
3037,0.0001,849
3038,0.0001,124
3039,0.0001,155
3040,0.0001,995
3041,0.0001,77
3042,0.0001,1057
3043,0.0001,62
3044,0.0001,109
3045,0.0001,70
3046,0.0001,792
3047,0.0001,85
3048,0.0001,0
3049,0.0001,94
3050,0.0001,62
3051,0.0001,214
3052,0.0001,1517
3053,0.0001,1648
3054,0.0001,676
3055,0.0001,887
3056,0.0001,201
3057,0.0001,707
3058,0.0001,0
3059,0.0001,39
3060,0.0001,65
3061,0.0001,856
3062,0.0001,1537
3063,0.0001,837
3064,0.0001,908
3065,0.0001,1388
3066,0.0001,93
3067,0.0001,170
3068,0.0001,1466
3069,0.0001,735
3070,0.0001,46
3071,0.0001,123
3072,0.0001,170
3073,0.0001,0
3074,0.0001,893
3075,0.0001,819
3076,0.0001,3230
3077,0.0001,92
3078,0.0001,0
3079,0.0001,1405
3080,0.0001,170
3081,0.0001,3036
3082,0.0001,21
3083,0.0001,252
3084,0.0001,3946
3085,0.0001,0
3086,0.0001,47
3087,0.0001,123
3088,0.0001,919
3089,0.0001,925
3090,0.0001,31
3091,0.0001,645
3092,0.0001,93
3093,0.0001,125
3094,0.0001,169
3095,0.0001,1104
3096,0.0001,4739
3097,0.0001,93
3098,0.0001,828
3099,0.0001,227
3100,0.0001,113
3101,0.0001,983
3102,0.0001,792
3103,0.0001,104
3104,0.0001,269
3105,0.0001,92
3106,0.0001,4172
3107,0.0001,63
3108,0.0001,185
3109,0.0001,109
3110,0.0001,786
3111,0.0001,64
3112,0.0001,62
3113,0.0001,1530
3114,0.0001,124
3115,0.0001,156
3116,0.0001,114
3117,0.0001,114
3118,0.0001,856
3119,0.0001,930
3120,0.0001,98
3121,0.0001,162
3122,0.0001,186
3123,0.0001,1857
3124,0.0001,705
3125,0.0001,84
3126,0.0001,224
3127,0.0001,62
3128,0.0001,855
3129,0.0001,39
3130,0.0001,31
3131,0.0001,2266
3132,0.0001,46
3133,0.0001,169
3134,0.0001,48
3135,0.0001,0
3136,0.0001,23
3137,0.0001,62
3138,0.0001,269
3139,0.0001,124
3140,0.0001,697
3141,0.0001,201
3142,0.0001,801
3143,0.0001,62
3144,0.0001,3615
3145,0.0001,31
3146,0.0001,747
3147,0.0001,47
3148,0.0001,126
3149,0.0001,73
3150,0.0001,3222
3151,0.0001,686
3152,0.0001,1827
3153,0.0001,3162
3154,0.0001,41
3155,0.0001,1221
3156,0.0001,123
3157,0.0001,0
3158,0.0001,188
3159,0.0001,135
3160,0.0001,62
3161,0.0001,674
3162,0.0001,1662
3163,0.0001,124
3164,0.0001,740
3165,0.0001,46
3166,0.0001,137
3167,0.0001,140
3168,0.0001,0
3169,0.0001,126
3170,0.0001,85
3171,0.0001,147
3172,0.0001,1489
3173,0.0001,727
3174,0.0001,0
3175,0.0001,706
3176,0.0001,971
3177,0.0001,109
3178,0.0001,108
3179,0.0001,110
3180,0.0001,1575
3181,0.0001,62
3182,0.0001,957
3183,0.0001,63
3184,0.0001,226
3185,0.0001,1606
3186,0.0001,85
3187,0.0001,62
3188,0.0001,62
3189,0.0001,185
3190,0.0001,192
3191,0.0001,70
3192,0.0001,103
3193,0.0001,783
3194,0.0001,970
3195,0.0001,3304
3196,0.0001,247
3197,0.0001,861
3198,0.0001,108
3199,0.0001,788
3200,0.0001,92
3201,0.0001,131
3202,0.0001,830
3203,0.0001,94
3204,0.0001,770
3205,0.0001,169
3206,0.0001,94
3207,0.0001,218
3208,0.0001,62
3209,0.0001,848
3210,0.0001,78
3211,0.0001,5713
3212,0.0001,147
3213,0.0001,791
3214,0.0001,1503
3215,0.0001,145
3216,0.0001,780
3217,0.0001,675
3218,0.0001,47
3219,0.0001,268
3220,0.0001,85
3221,0.0001,268
3222,0.0001,681
3223,0.0001,140
3224,0.0001,2234
3225,0.0001,109
3226,0.0001,16
3227,0.0001,0
3228,0.0001,3187
3229,0.0001,47
3230,0.0001,1652
3231,0.0001,124
3232,0.0001,62
3233,0.0001,769
3234,0.0001,878
3235,0.0001,743
3236,0.0001,106
3237,0.0001,1517
3238,0.0001,0
3239,0.0001,737
3240,0.0001,151
3241,0.0001,16
3242,0.0001,814
3243,0.0001,959
3244,0.0001,778
3245,0.0001,904
3246,0.0001,857
3247,0.0001,154
3248,0.0001,140
3249,0.0001,31
3250,0.0001,235
3251,0.0001,0
3252,0.0001,0
3253,0.0001,116
3254,0.0001,232
3255,0.0001,1500
3256,0.0001,167
3257,0.0001,3257
3258,0.0001,139
3259,0.0001,94
3260,0.0001,185
3261,0.0001,131
3262,0.0001,722
3263,0.0001,180
3264,0.0001,860
3265,0.0001,78
3266,0.0001,930
3267,0.0001,109
3268,0.0001,4485
3269,0.0001,62
3270,0.0001,4825
3271,0.0001,62
3272,0.0001,884
3273,0.0001,154
3274,0.0001,117
3275,0.0001,923
3276,0.0001,177
3277,0.0001,614
3278,0.0001,876
3279,0.0001,125
3280,0.0001,4514
3281,0.0001,466
3282,0.0001,891
3283,0.0001,819
3284,0.0001,899
3285,0.0001,146
3286,0.0001,31
3287,0.0001,105
3288,0.0001,186
3289,0.0001,198
3290,0.0001,1565
3291,0.0001,775
3292,0.0001,62
3293,0.0001,984
3294,0.0001,891
3295,0.0001,891
3296,0.0001,174
3297,0.0001,655
3298,0.0001,194
3299,0.0001,92
3300,0.0001,131
3301,0.0001,707
3302,0.0001,660
3303,0.0001,216
3304,0.0001,830
3305,0.0001,154
3306,0.0001,1419
3307,0.0001,155
3308,0.0001,77
3309,0.0001,1577
3310,0.0001,154
3311,0.0001,52
3312,0.0001,820
3313,0.0001,264
3314,0.0001,680
3315,0.0001,799
3316,0.0001,31
3317,0.0001,77
3318,0.0001,139
3319,0.0001,47
3320,0.0001,23
3321,0.0001,62
3322,0.0001,0
3323,0.0001,116
3324,0.0001,123
3325,0.0001,799
3326,0.0001,5516
3327,0.0001,62
3328,0.0001,46
3329,0.0001,1536
3330,0.0001,954
3331,0.0001,959
3332,0.0001,3569
3333,0.0001,172
3334,0.0001,1572
3335,0.0001,756
3336,0.0001,752
3337,0.0001,291
3338,0.0001,3237
3339,0.0001,1670
3340,0.0001,186
3341,0.0001,62
3342,0.0001,0
3343,0.0001,166
3344,0.0001,185
3345,0.0001,94
3346,0.0001,62
3347,0.0001,139
3348,0.0001,862
3349,0.0001,1451
3350,0.0001,2324
3351,0.0001,108
3352,0.0001,886
3353,0.0001,46
3354,0.0001,1045
3355,0.0001,46
3356,0.0001,0
3357,0.0001,170
3358,0.0001,3221
3359,0.0001,830
3360,0.0001,85
3361,0.0001,186
3362,0.0001,224
3363,0.0001,0
3364,0.0001,832
3365,0.0001,815
3366,0.0001,830
3367,0.0001,16
3368,0.0001,113
3369,0.0001,157
3370,0.0001,771
3371,0.0001,1739
3372,0.0001,93
3373,0.0001,794
3374,0.0001,131
3375,0.0001,1747
3376,0.0001,194
3377,0.0001,231
3378,0.0001,46
3379,0.0001,0
3380,0.0001,83
3381,0.0001,149
3382,0.0001,937
3383,0.0001,3724
3384,0.0001,188
3385,0.0001,95
3386,0.0001,727
3387,0.0001,72
3388,0.0001,145
3389,0.0001,1202
3390,0.0001,2062
3391,0.0001,689
3392,0.0001,222
3393,0.0001,123
3394,0.0001,845
3395,0.0001,0
3396,0.0001,918
3397,0.0001,116
3398,0.0001,891
3399,0.0001,1388
3400,0.0001,23
3401,0.0001,791
3402,0.0001,62
3403,0.0001,31
3404,0.0001,82
3405,0.0001,776
3406,0.0001,82
3407,0.0001,93
3408,0.0001,814
3409,0.0001,16
3410,0.0001,187
3411,0.0001,63
3412,0.0001,108
3413,0.0001,123
3414,0.0001,850
3415,0.0001,62
3416,0.0001,100
3417,0.0001,666
3418,0.0001,128
3419,0.0001,1096
3420,0.0001,77
3421,0.0001,3144
3422,0.0001,612
3423,0.0001,799
3424,0.0001,47
3425,0.0001,766
3426,0.0001,93
3427,0.0001,23
3428,0.0001,0
3429,0.0001,78
3430,0.0001,160
3431,0.0001,833
3432,0.0001,163
3433,0.0001,101
3434,0.0001,86
3435,0.0001,47
3436,0.0001,185
3437,0.0001,799
3438,0.0001,341
3439,0.0001,2452
3440,0.0001,101
3441,0.0001,150
3442,0.0001,63
3443,0.0001,0
3444,0.0001,122
3445,0.0001,111
3446,0.0001,5968
3447,0.0001,100
3448,0.0001,62
3449,0.0001,1739
3450,0.0001,31
3451,0.0001,93
3452,0.0001,832
3453,0.0001,46
3454,0.0001,913
3455,0.0001,3676
3456,0.0001,2228
3457,0.0001,114
3458,0.0001,830
3459,0.0001,223
3460,0.0001,54
3461,0.0001,118
3462,0.0001,992
3463,0.0001,319
3464,0.0001,0
3465,0.0001,1103
3466,0.0001,770
3467,0.0001,0
3468,0.0001,31
3469,0.0001,1515
3470,0.0001,0
3471,0.0001,953
3472,0.0001,994
3473,0.0001,116
3474,0.0001,1685
3475,0.0001,983
3476,0.0001,149
3477,0.0001,201
3478,0.0001,2340
3479,0.0001,743
3480,0.0001,853
3481,0.0001,103
3482,0.0001,612
3483,0.0001,23
3484,0.0001,720
3485,0.0001,123
3486,0.0001,953
3487,0.0001,785
3488,0.0001,960
3489,0.0001,154
3490,0.0001,830
3491,0.0001,46
3492,0.0001,1380
3493,0.0001,0
3494,0.0001,659
3495,0.0001,1578
3496,0.0001,1127
3497,0.0001,115
3498,0.0001,4094
3499,0.0001,164
3500,0.0001,23
3501,0.0001,78
3502,0.0001,782
3503,0.0001,1282
3504,0.0001,741
3505,0.0001,0
3506,0.0001,157
3507,0.0001,16
3508,0.0001,178
3509,0.0001,210
3510,0.0001,78
3511,0.0001,110
3512,0.0001,1460
3513,0.0001,62
3514,0.0001,155
3515,0.0001,899
3516,0.0001,62
3517,0.0001,1665
3518,0.0001,826
3519,0.0001,1496
3520,0.0001,1486
3521,0.0001,0
3522,0.0001,93
3523,0.0001,0
3524,0.0001,47
3525,0.0001,805
3526,0.0001,612
3527,0.0001,47
3528,0.0001,815
3529,0.0001,971
3530,0.0001,1780
3531,0.0001,206
3532,0.0001,24
3533,0.0001,830
3534,0.0001,154
3535,0.0001,232
3536,0.0001,128
3537,0.0001,832
3538,0.0001,200
3539,0.0001,103
3540,0.0001,735
3541,0.0001,139
3542,0.0001,0
3543,0.0001,1355
3544,0.0001,942
3545,0.0001,171
3546,0.0001,85
3547,0.0001,1551
3548,0.0001,200
3549,0.0001,768
3550,0.0001,128
3551,0.0001,62
3552,0.0001,62
3553,0.0001,173
3554,0.0001,271
3555,0.0001,109
3556,0.0001,0
3557,0.0001,46
3558,0.0001,971
3559,0.0001,828
3560,0.0001,32
3561,0.0001,674
3562,0.0001,222
3563,0.0001,657
3564,0.0001,175
3565,0.0001,916
3566,0.0001,1718
3567,0.0001,31
3568,0.0001,62
3569,0.0001,163
3570,0.0001,2215
3571,0.0001,170
3572,0.0001,676
3573,0.0001,1087
3574,0.0001,62
3575,0.0001,85
3576,0.0001,63
3577,0.0001,252
3578,0.0001,108
3579,0.0001,660
3580,0.0001,168
3581,0.0001,1665
3582,0.0001,4373
3583,0.0001,941
3584,0.0001,201
3585,0.0001,920
3586,0.0001,190
3587,0.0001,895
3588,0.0001,822
3589,0.0001,1035
3590,0.0001,109
3591,0.0001,776
3592,0.0001,23
3593,0.0001,1305
3594,0.0001,834
3595,0.0001,113
3596,0.0001,786
3597,0.0001,46
3598,0.0001,254
3599,0.0001,123
3600,0.0001,674
3601,0.0001,794
3602,0.0001,3541
3603,0.0001,113
3604,0.0001,123
3605,0.0001,830
3606,0.0001,167
3607,0.0001,62
3608,0.0001,131
3609,0.0001,691
3610,0.0001,974
3611,0.0001,838
3612,0.0001,108
3613,0.0001,674
3614,0.0001,62
3615,0.0001,62
3616,0.0001,31
3617,0.0001,763
3618,0.0001,62
3619,0.0001,1069
3620,0.0001,2299
3621,0.0001,131
3622,0.0001,2075
3623,0.0001,1141
3624,0.0001,2240
3625,0.0001,705
3626,0.0001,938
3627,0.0001,123
3628,0.0001,125
3629,0.0001,62
3630,0.0001,2514
3631,0.0001,54
3632,0.0001,31
3633,0.0001,287
3634,0.0001,62
3635,0.0001,167
3636,0.0001,893
3637,0.0001,159
3638,0.0001,155
3639,0.0001,686
3640,0.0001,806
3641,0.0001,845
3642,0.0001,46
3643,0.0001,172
3644,0.0001,93
3645,0.0001,1545
3646,0.0001,1680
3647,0.0001,1170
3648,0.0001,101
3649,0.0001,0
3650,0.0001,689
3651,0.0001,88
3652,0.0001,108
3653,0.0001,213
3654,0.0001,1613
3655,0.0001,70
3656,0.0001,41
3657,0.0001,124
3658,0.0001,62
3659,0.0001,78
3660,0.0001,116
3661,0.0001,1270
3662,0.0001,770
3663,0.0001,720
3664,0.0001,263
3665,0.0001,108
3666,0.0001,3437
3667,0.0001,0
3668,0.0001,236
3669,0.0001,853
3670,0.0001,704
3671,0.0001,85
3672,0.0001,830
3673,0.0001,735
3674,0.0001,119
3675,0.0001,113
3676,0.0001,774
3677,0.0001,2246
3678,0.0001,1611
3679,0.0001,31
3680,0.0001,677
3681,0.0001,707
3682,0.0001,140
3683,0.0001,72
3684,0.0001,170
3685,0.0001,674
3686,0.0001,1024
3687,0.0001,186
3688,0.0001,853
3689,0.0001,85
3690,0.0001,92
3691,0.0001,126
3692,0.0001,0
3693,0.0001,794
3694,0.0001,787
3695,0.0001,1699
3696,0.0001,213
3697,0.0001,1328
3698,0.0001,698
3699,0.0001,77
3700,0.0001,31
3701,0.0001,62
3702,0.0001,815
3703,0.0001,824
3704,0.0001,707
3705,0.0001,124
3706,0.0001,1690
3707,0.0001,135
3708,0.0001,117
3709,0.0001,54
3710,0.0001,0
3711,0.0001,215
3712,0.0001,129
3713,0.0001,0
3714,0.0001,39
3715,0.0001,62
3716,0.0001,92
3717,0.0001,3689
3718,0.0001,62
3719,0.0001,319
3720,0.0001,23
3721,0.0001,46
3722,0.0001,616
3723,0.0001,62
3724,0.0001,109
3725,0.0001,716
3726,0.0001,1172
3727,0.0001,4010
3728,0.0001,858
3729,0.0001,46
3730,0.0001,94
3731,0.0001,302
3732,0.0001,923
3733,0.0001,1695
3734,0.0001,211
3735,0.0001,113
3736,0.0001,1565
3737,0.0001,0
3738,0.0001,696
3739,0.0001,178
3740,0.0001,3767
3741,0.0001,23
3742,0.0001,1204
3743,0.0001,349
3744,0.0001,858
3745,0.0001,1839
3746,0.0001,144
3747,0.0001,93
3748,0.0001,108
3749,0.0001,844
3750,0.0001,62
3751,0.0001,170
3752,0.0001,154
3753,0.0001,171
3754,0.0001,2341
3755,0.0001,1626
3756,0.0001,2407
3757,0.0001,0
3758,0.0001,705
3759,0.0001,205
3760,0.0001,947
3761,0.0001,255
3762,0.0001,94
3763,0.0001,31
3764,0.0001,23
3765,0.0001,217
3766,0.0001,1647
3767,0.0001,768
3768,0.0001,149
3769,0.0001,3046
3770,0.0001,1585
3771,0.0001,233
3772,0.0001,139
3773,0.0001,6558
3774,0.0001,247
3775,0.0001,353
3776,0.0001,46
3777,0.0001,170
3778,0.0001,845
3779,0.0001,2414
3780,0.0001,860
3781,0.0001,1005
3782,0.0001,175
3783,0.0001,31
3784,0.0001,139
3785,0.0001,946
3786,0.0001,85
3787,0.0001,257
3788,0.0001,3269
3789,0.0001,165
3790,0.0001,1504
3791,0.0001,201
3792,0.0001,0
3793,0.0001,16
3794,0.0001,326
3795,0.0001,907
3796,0.0001,1616
3797,0.0001,994
3798,0.0001,1474
3799,0.0001,711
3800,0.0001,39
3801,0.0001,751
3802,0.0001,0
3803,0.0001,166
3804,0.0001,3403
3805,0.0001,1442
3806,0.0001,93
3807,0.0001,16
3808,0.0001,218
3809,0.0001,62
3810,0.0001,1977
3811,0.0001,85
3812,0.0001,223
3813,0.0001,868
3814,0.0001,46
3815,0.0001,154
3816,0.0001,927
3817,0.0001,833
3818,0.0001,147
3819,0.0001,185
3820,0.0001,1554
3821,0.0001,1454
3822,0.0001,822
3823,0.0001,82
3824,0.0001,170
3825,0.0001,119
3826,0.0001,0
3827,0.0001,160
3828,0.0001,77
3829,0.0001,204
3830,0.0001,757
3831,0.0001,31
3832,0.0001,46
3833,0.0001,131
3834,0.0001,770
3835,0.0001,93
3836,0.0001,2469
3837,0.0001,833
3838,0.0001,131
3839,0.0001,0
3840,0.0001,0
3841,0.0001,110
3842,0.0001,1202
3843,0.0001,62
3844,0.0001,937
3845,0.0001,31
3846,0.0001,16
3847,0.0001,703
3848,0.0001,768
3849,0.0001,169
3850,0.0001,139
3851,0.0001,70
3852,0.0001,812
3853,0.0001,109
3854,0.0001,101
3855,0.0001,875
3856,0.0001,221
3857,0.0001,799
3858,0.0001,1054
3859,0.0001,958
3860,0.0001,191
3861,0.0001,878
3862,0.0001,786
3863,0.0001,154
3864,0.0001,1613
3865,0.0001,124
3866,0.0001,1808
3867,0.0001,0
3868,0.0001,614
3869,0.0001,132
3870,0.0001,16
3871,0.0001,1089
3872,0.0001,0
3873,0.0001,21
3874,0.0001,1439
3875,0.0001,173
3876,0.0001,1654
3877,0.0001,39
3878,0.0001,124
3879,0.0001,196
3880,0.0001,1954
3881,0.0001,125
3882,0.0001,976
3883,0.0001,93
3884,0.0001,77
3885,0.0001,0
3886,0.0001,129
3887,0.0001,147
3888,0.0001,2215
3889,0.0001,1480
3890,0.0001,1076
3891,0.0001,174
3892,0.0001,773
3893,0.0001,0
3894,0.0001,123
3895,0.0001,155
3896,0.0001,181
3897,0.0001,661
3898,0.0001,745
3899,0.0001,85
3900,0.0001,3117
3901,0.0001,139
3902,0.0001,77
3903,0.0001,1574
3904,0.0001,94
3905,0.0001,85
3906,0.0001,737
3907,0.0001,108
3908,0.0001,124
3909,0.0001,94
3910,0.0001,736
3911,0.0001,194
3912,0.0001,123
3913,0.0001,645
3914,0.0001,145
3915,0.0001,5128
3916,0.0001,1245
3917,0.0001,845
3918,0.0001,92
3919,0.0001,1819
3920,0.0001,185
3921,0.0001,46
3922,0.0001,866
3923,0.0001,941
3924,0.0001,63
3925,0.0001,140
3926,0.0001,0
3927,0.0001,891
3928,0.0001,883
3929,0.0001,3186
3930,0.0001,46
3931,0.0001,816
3932,0.0001,119
3933,0.0001,815
3934,0.0001,735
3935,0.0001,63
3936,0.0001,892
3937,0.0001,1384
3938,0.0001,170
3939,0.0001,188
3940,0.0001,894
3941,0.0001,62
3942,0.0001,46
3943,0.0001,846
3944,0.0001,46
3945,0.0001,83
3946,0.0001,108
3947,0.0001,208
3948,0.0001,154
3949,0.0001,144
3950,0.0001,62
3951,0.0001,1551
3952,0.0001,1054
3953,0.0001,766
3954,0.0001,834
3955,0.0001,94
3956,0.0001,31
3957,0.0001,31
3958,0.0001,31
3959,0.0001,837
3960,0.0001,94
3961,0.0001,876
3962,0.0001,94
3963,0.0001,126
3964,0.0001,1569
3965,0.0001,145
3966,0.0001,31
3967,0.0001,31
3968,0.0001,974
3969,0.0001,113
3970,0.0001,817
3971,0.0001,116
3972,0.0001,93
3973,0.0001,799
3974,0.0001,23
3975,0.0001,31
3976,0.0001,117
3977,0.0001,178
3978,0.0001,3264
3979,0.0001,207
3980,0.0001,63
3981,0.0001,16
3982,0.0001,0
3983,0.0001,864
3984,0.0001,0
3985,0.0001,155
3986,0.0001,740
3987,0.0001,117
3988,0.0001,41
3989,0.0001,3582
3990,0.0001,0
3991,0.0001,139
3992,0.0001,1642
3993,0.0001,85
3994,0.0001,139
3995,0.0001,2084
3996,0.0001,238
3997,0.0001,773
3998,0.0001,206
3999,0.0001,109
4000,0.0001,4715
4001,0.0001,830
4002,0.0001,16
4003,0.0001,47
4004,0.0001,106
4005,0.0001,47
4006,0.0001,1542
4007,0.0001,659
4008,0.0001,78
4009,0.0001,101
4010,0.0001,926
4011,0.0001,1650
4012,0.0001,62
4013,0.0001,108
4014,0.0001,0
4015,0.0001,643
4016,0.0001,193
4017,0.0001,109
4018,0.0001,2404
4019,0.0001,77
4020,0.0001,0
4021,0.0001,109
4022,0.0001,3235
4023,0.0001,124
4024,0.0001,62
4025,0.0001,969
4026,0.0001,16
4027,0.0001,3563
4028,0.0001,62
4029,0.0001,1084
4030,0.0001,925
4031,0.0001,5057
4032,0.0001,956
4033,0.0001,1683
4034,0.0001,863
4035,0.0001,674
4036,0.0001,0
4037,0.0001,0
4038,0.0001,139
4039,0.0001,863
4040,0.0001,193
4041,0.0001,62
4042,0.0001,47
4043,0.0001,83
4044,0.0001,155
4045,0.0001,726
4046,0.0001,186
4047,0.0001,777
4048,0.0001,47
4049,0.0001,3433
4050,0.0001,928
4051,0.0001,16
4052,0.0001,0
4053,0.0001,207
4054,0.0001,139
4055,0.0001,16
4056,0.0001,123
4057,0.0001,116
4058,0.0001,920
4059,0.0001,791
4060,0.0001,922
4061,0.0001,93
4062,0.0001,163
4063,0.0001,124
4064,0.0001,62
4065,0.0001,125
4066,0.0001,208
4067,0.0001,2476
4068,0.0001,154
4069,0.0001,116
4070,0.0001,1496
4071,0.0001,830
4072,0.0001,1610
4073,0.0001,263
4074,0.0001,1528
4075,0.0001,767
4076,0.0001,1657
4077,0.0001,16
4078,0.0001,62
4079,0.0001,31
4080,0.0001,0
4081,0.0001,756
4082,0.0001,126
4083,0.0001,113
4084,0.0001,2305
4085,0.0001,187
4086,0.0001,93
4087,0.0001,1097
4088,0.0001,46
4089,0.0001,856
4090,0.0001,915
4091,0.0001,125
4092,0.0001,62
4093,0.0001,23
4094,0.0001,0
4095,0.0001,186
4096,0.0001,106
4097,0.0001,46
4098,0.0001,1505
4099,0.0001,799
4100,0.0001,192
4101,0.0001,154
4102,0.0001,0
4103,0.0001,82
4104,0.0001,164
4105,0.0001,93
4106,0.0001,144
4107,0.0001,0
4108,0.0001,0
4109,0.0001,105
4110,0.0001,214
4111,0.0001,153
4112,0.0001,167
4113,0.0001,922
4114,0.0001,1101
4115,0.0001,123
4116,0.0001,88
4117,0.0001,768
4118,0.0001,16
4119,0.0001,964
4120,0.0001,882
4121,0.0001,72
4122,0.0001,137
4123,0.0001,1534
4124,0.0001,1692
4125,0.0001,1513
4126,0.0001,85
4127,0.0001,846
4128,0.0001,93
4129,0.0001,73
4130,0.0001,914
4131,0.0001,776
4132,0.0001,796
4133,0.0001,1708
4134,0.0001,108
4135,0.0001,768
4136,0.0001,108
4137,0.0001,55
4138,0.0001,3431
4139,0.0001,78
4140,0.0001,1751
4141,0.0001,185
4142,0.0001,92
4143,0.0001,1698
4144,0.0001,77
4145,0.0001,131
4146,0.0001,165
4147,0.0001,254
4148,0.0001,16
4149,0.0001,93
4150,0.0001,72
4151,0.0001,1102
4152,0.0001,46
4153,0.0001,940
4154,0.0001,1659
4155,0.0001,830
4156,0.0001,293
4157,0.0001,149
4158,0.0001,678
4159,0.0001,32
4160,0.0001,187
4161,0.0001,62
4162,0.0001,77
4163,0.0001,0
4164,0.0001,54
4165,0.0001,707
4166,0.0001,842
4167,0.0001,31
4168,0.0001,799
4169,0.0001,1482
4170,0.0001,736
4171,0.0001,804
4172,0.0001,160
4173,0.0001,2116
4174,0.0001,782
4175,0.0001,968
4176,0.0001,845
4177,0.0001,124
4178,0.0001,1695
4179,0.0001,93
4180,0.0001,1400
4181,0.0001,310
4182,0.0001,1608
4183,0.0001,1058
4184,0.0001,612
4185,0.0001,79
4186,0.0001,2395
4187,0.0001,737
4188,0.0001,93
4189,0.0001,31
4190,0.0001,1012
4191,0.0001,948
4192,0.0001,108
4193,0.0001,239
4194,0.0001,1424
4195,0.0001,670
4196,0.0001,1456
4197,0.0001,1313
4198,0.0001,140
4199,0.0001,331
4200,0.0001,16
4201,0.0001,64
4202,0.0001,1434
4203,0.0001,139
4204,0.0001,0
4205,0.0001,147
4206,0.0001,78
4207,0.0001,728
4208,0.0001,116
4209,0.0001,155
4210,0.0001,1132
4211,0.0001,792
4212,0.0001,2682
4213,0.0001,226
4214,0.0001,171
4215,0.0001,62
4216,0.0001,0
4217,0.0001,31
4218,0.0001,133
4219,0.0001,119
4220,0.0001,881
4221,0.0001,110
4222,0.0001,1231
4223,0.0001,82
4224,0.0001,212
4225,0.0001,848
4226,0.0001,46
4227,0.0001,3214
4228,0.0001,0
4229,0.0001,77
4230,0.0001,154
4231,0.0001,46
4232,0.0001,2350
4233,0.0001,188
4234,0.0001,1016
4235,0.0001,0
4236,0.0001,1442
4237,0.0001,940
4238,0.0001,0
4239,0.0001,155
4240,0.0001,2192
4241,0.0001,108
4242,0.0001,54
4243,0.0001,215
4244,0.0001,1626
4245,0.0001,1504
4246,0.0001,110
4247,0.0001,861
4248,0.0001,862
4249,0.0001,3565
4250,0.0001,0
4251,0.0001,0
4252,0.0001,88
4253,0.0001,657
4254,0.0001,62
4255,0.0001,1225
4256,0.0001,2980
4257,0.0001,213
4258,0.0001,105
4259,0.0001,128
4260,0.0001,98
4261,0.0001,62
4262,0.0001,797
4263,0.0001,85
4264,0.0001,136
4265,0.0001,170
4266,0.0001,834
4267,0.0001,178
4268,0.0001,1049
4269,0.0001,960
4270,0.0001,892
4271,0.0001,140
4272,0.0001,108
4273,0.0001,32
4274,0.0001,24
4275,0.0001,31
4276,0.0001,195
4277,0.0001,969
4278,0.0001,0
4279,0.0001,216
4280,0.0001,108
4281,0.0001,82
4282,0.0001,163
4283,0.0001,123
4284,0.0001,188
4285,0.0001,728
4286,0.0001,832
4287,0.0001,154
4288,0.0001,830
4289,0.0001,31
4290,0.0001,62
4291,0.0001,77
4292,0.0001,85
4293,0.0001,797
4294,0.0001,31
4295,0.0001,63
4296,0.0001,62
4297,0.0001,270
4298,0.0001,303
4299,0.0001,93
4300,0.0001,1036
4301,0.0001,0
4302,0.0001,62
4303,0.0001,0
4304,0.0001,92
4305,0.0001,31
4306,0.0001,46
4307,0.0001,236
4308,0.0001,62
4309,0.0001,83
4310,0.0001,85
4311,0.0001,2360
4312,0.0001,232
4313,0.0001,154
4314,0.0001,0
4315,0.0001,791
4316,0.0001,178
4317,0.0001,109
4318,0.0001,62
4319,0.0001,2221
4320,0.0001,2939
4321,0.0001,894
4322,0.0001,994
4323,0.0001,16
4324,0.0001,139
4325,0.0001,103
4326,0.0001,155
4327,0.0001,259
4328,0.0001,190
4329,0.0001,1117
4330,0.0001,2171
4331,0.0001,776
4332,0.0001,953
4333,0.0001,31
4334,0.0001,62
4335,0.0001,830
4336,0.0001,1623
4337,0.0001,100
4338,0.0001,612
4339,0.0001,172
4340,0.0001,186
4341,0.0001,144
4342,0.0001,141
4343,0.0001,16
4344,0.0001,1516
4345,0.0001,3292
4346,0.0001,874
4347,0.0001,139
4348,0.0001,699
4349,0.0001,861
4350,0.0001,154
4351,0.0001,1148
4352,0.0001,271
4353,0.0001,855
4354,0.0001,768
4355,0.0001,892
4356,0.0001,62
4357,0.0001,2422
4358,0.0001,830
4359,0.0001,1504
4360,0.0001,917
4361,0.0001,857
4362,0.0001,98
4363,0.0001,46
4364,0.0001,124
4365,0.0001,31
4366,0.0001,689
4367,0.0001,832
4368,0.0001,118
4369,0.0001,3867
4370,0.0001,93
4371,0.0001,215
4372,0.0001,139
4373,0.0001,232
4374,0.0001,139
4375,0.0001,62
4376,0.0001,3191
4377,0.0001,1985
4378,0.0001,180
4379,0.0001,861
4380,0.0001,77
4381,0.0001,62
4382,0.0001,78
4383,0.0001,915
4384,0.0001,0
4385,0.0001,979
4386,0.0001,0
4387,0.0001,108
4388,0.0001,0
4389,0.0001,46
4390,0.0001,46
4391,0.0001,131
4392,0.0001,1197
4393,0.0001,1386
4394,0.0001,768
4395,0.0001,185
4396,0.0001,1004
4397,0.0001,863
4398,0.0001,2330
4399,0.0001,93
4400,0.0001,2267
4401,0.0001,116
4402,0.0001,157
4403,0.0001,820
4404,0.0001,92
4405,0.0001,62
4406,0.0001,801
4407,0.0001,62
4408,0.0001,62
4409,0.0001,62
4410,0.0001,120
4411,0.0001,689
4412,0.0001,78
4413,0.0001,108
4414,0.0001,0
4415,0.0001,108
4416,0.0001,696
4417,0.0001,217
4418,0.0001,129
4419,0.0001,1854
4420,0.0001,108
4421,0.0001,0
4422,0.0001,1077
4423,0.0001,92
4424,0.0001,643
4425,0.0001,809
4426,0.0001,46
4427,0.0001,0
4428,0.0001,186
4429,0.0001,815
4430,0.0001,0
4431,0.0001,1534
4432,0.0001,200
4433,0.0001,1759
4434,0.0001,768
4435,0.0001,0
4436,0.0001,968
4437,0.0001,92
4438,0.0001,653
4439,0.0001,753
4440,0.0001,123
4441,0.0001,852
4442,0.0001,85
4443,0.0001,0
4444,0.0001,2460
4445,0.0001,63
4446,0.0001,206
4447,0.0001,2376
4448,0.0001,855
4449,0.0001,103
4450,0.0001,677
4451,0.0001,129
4452,0.0001,62
4453,0.0001,923
4454,0.0001,132
4455,0.0001,751
4456,0.0001,876
4457,0.0001,2585
4458,0.0001,833
4459,0.0001,123
4460,0.0001,861
4461,0.0001,2174
4462,0.0001,160
4463,0.0001,1609
4464,0.0001,189
4465,0.0001,62
4466,0.0001,836
4467,0.0001,196
4468,0.0001,47
4469,0.0001,2514
4470,0.0001,108
4471,0.0001,139
4472,0.0001,768
4473,0.0001,1024
4474,0.0001,612
4475,0.0001,31
4476,0.0001,39
4477,0.0001,3878
4478,0.0001,897
4479,0.0001,889
4480,0.0001,23
4481,0.0001,1669
4482,0.0001,31
4483,0.0001,1347
4484,0.0001,16
4485,0.0001,62
4486,0.0001,195
4487,0.0001,0
4488,0.0001,676
4489,0.0001,46
4490,0.0001,1071
4491,0.0001,108
4492,0.0001,1407
4493,0.0001,1665
4494,0.0001,742
4495,0.0001,231
4496,0.0001,835
4497,0.0001,0
4498,0.0001,185
4499,0.0001,62
4500,0.0001,31
4501,0.0001,2337
4502,0.0001,78
4503,0.0001,62
4504,0.0001,129
4505,0.0001,3337
4506,0.0001,77
4507,0.0001,31
4508,0.0001,208
4509,0.0001,23
4510,0.0001,0
4511,0.0001,77
4512,0.0001,2471
4513,0.0001,938
4514,0.0001,1762
4515,0.0001,16
4516,0.0001,182
4517,0.0001,3375
4518,0.0001,85
4519,0.0001,0
4520,0.0001,31
4521,0.0001,62
4522,0.0001,93
4523,0.0001,722
4524,0.0001,1250
4525,0.0001,124
4526,0.0001,78
4527,0.0001,1052
4528,0.0001,756
4529,0.0001,2328
4530,0.0001,845
4531,0.0001,100
4532,0.0001,239
4533,0.0001,299
4534,0.0001,109
4535,0.0001,92
4536,0.0001,62
4537,0.0001,146
4538,0.0001,812
4539,0.0001,177
4540,0.0001,908
4541,0.0001,0
4542,0.0001,54
4543,0.0001,110
4544,0.0001,202
4545,0.0001,1398
4546,0.0001,47
4547,0.0001,1705
4548,0.0001,172
4549,0.0001,270
4550,0.0001,78
4551,0.0001,776
4552,0.0001,907
4553,0.0001,729
4554,0.0001,1511
4555,0.0001,2355
4556,0.0001,108
4557,0.0001,62
4558,0.0001,31
4559,0.0001,822
4560,0.0001,62
4561,0.0001,980
4562,0.0001,735
4563,0.0001,31
4564,0.0001,3090
4565,0.0001,665
4566,0.0001,893
4567,0.0001,612
4568,0.0001,1590
4569,0.0001,0
4570,0.0001,31
4571,0.0001,0
4572,0.0001,1738
4573,0.0001,758
4574,0.0001,132
4575,0.0001,108
4576,0.0001,3155
4577,0.0001,109
4578,0.0001,964
4579,0.0001,41
4580,0.0001,217
4581,0.0001,756
4582,0.0001,1650
4583,0.0001,1690
4584,0.0001,264
4585,0.0001,855
4586,0.0001,155
4587,0.0001,108
4588,0.0001,2321
4589,0.0001,23
4590,0.0001,62
4591,0.0001,54
4592,0.0001,860
4593,0.0001,768
4594,0.0001,334
4595,0.0001,832
4596,0.0001,124
4597,0.0001,140
4598,0.0001,31
4599,0.0001,123
4600,0.0001,4593
4601,0.0001,129
4602,0.0001,1938
4603,0.0001,78
4604,0.0001,1326
4605,0.0001,201
4606,0.0001,1648
4607,0.0001,46
4608,0.0001,85
4609,0.0001,832
4610,0.0001,108
4611,0.0001,784
4612,0.0001,155
4613,0.0001,46
4614,0.0001,830
4615,0.0001,104
4616,0.0001,830
4617,0.0001,140
4618,0.0001,3954
4619,0.0001,2412
4620,0.0001,704
4621,0.0001,743
4622,0.0001,267
4623,0.0001,1224
4624,0.0001,62
4625,0.0001,825
4626,0.0001,177
4627,0.0001,168
4628,0.0001,92
4629,0.0001,1053
4630,0.0001,165
4631,0.0001,0
4632,0.0001,2430
4633,0.0001,0
4634,0.0001,85
4635,0.0001,212
4636,0.0001,161
4637,0.0001,846
4638,0.0001,911
4639,0.0001,751
4640,0.0001,62
4641,0.0001,817
4642,0.0001,69
4643,0.0001,113
4644,0.0001,23
4645,0.0001,785
4646,0.0001,236
4647,0.0001,792
4648,0.0001,78
4649,0.0001,108
4650,0.0001,129
4651,0.0001,325
4652,0.0001,185
4653,0.0001,193
4654,0.0001,0
4655,0.0001,897
4656,0.0001,16
4657,0.0001,46
4658,0.0001,1688
4659,0.0001,71
4660,0.0001,881
4661,0.0001,825
4662,0.0001,854
4663,0.0001,46
4664,0.0001,190
4665,0.0001,0
4666,0.0001,643
4667,0.0001,0
4668,0.0001,123
4669,0.0001,31
4670,0.0001,177
4671,0.0001,1209
4672,0.0001,1490
4673,0.0001,269
4674,0.0001,231
4675,0.0001,713
4676,0.0001,82
4677,0.0001,2624
4678,0.0001,171
4679,0.0001,773
4680,0.0001,82
4681,0.0001,942
4682,0.0001,1171
4683,0.0001,57
4684,0.0001,767
4685,0.0001,0
4686,0.0001,155
4687,0.0001,234
4688,0.0001,899
4689,0.0001,93
4690,0.0001,23
4691,0.0001,1567
4692,0.0001,108
4693,0.0001,0
4694,0.0001,77
4695,0.0001,4695
4696,0.0001,783
4697,0.0001,2240
4698,0.0001,194
4699,0.0001,720
4700,0.0001,201
4701,0.0001,62
4702,0.0001,78
4703,0.0001,62
4704,0.0001,806
4705,0.0001,77
4706,0.0001,944
4707,0.0001,170
4708,0.0001,1434
4709,0.0001,1762
4710,0.0001,922
4711,0.0001,109
4712,0.0001,166
4713,0.0001,62
4714,0.0001,73
4715,0.0001,1559
4716,0.0001,1543
4717,0.0001,806
4718,0.0001,62
4719,0.0001,46
4720,0.0001,549
4721,0.0001,673
4722,0.0001,149
4723,0.0001,125
4724,0.0001,23
4725,0.0001,676
4726,0.0001,1808
4727,0.0001,767
4728,0.0001,108
4729,0.0001,1659
4730,0.0001,896
4731,0.0001,2382
4732,0.0001,114
4733,0.0001,140
4734,0.0001,190
4735,0.0001,93
4736,0.0001,1030
4737,0.0001,3503
4738,0.0001,0
4739,0.0001,139
4740,0.0001,109
4741,0.0001,62
4742,0.0001,828
4743,0.0001,85
4744,0.0001,885
4745,0.0001,47
4746,0.0001,62
4747,0.0001,46
4748,0.0001,92
4749,0.0001,799
4750,0.0001,0
4751,0.0001,1628
4752,0.0001,704
4753,0.0001,0
4754,0.0001,850
4755,0.0001,704
4756,0.0001,612
4757,0.0001,3217
4758,0.0001,208
4759,0.0001,648
4760,0.0001,154
4761,0.0001,132
4762,0.0001,246
4763,0.0001,154
4764,0.0001,0
4765,0.0001,3799
4766,0.0001,46
4767,0.0001,1000
4768,0.0001,1569
4769,0.0001,868
4770,0.0001,270
4771,0.0001,85
4772,0.0001,62
4773,0.0001,4832
4774,0.0001,108
4775,0.0001,907
4776,0.0001,915
4777,0.0001,1377
4778,0.0001,1720
4779,0.0001,100
4780,0.0001,200
4781,0.0001,722
4782,0.0001,868
4783,0.0001,856
4784,0.0001,31
4785,0.0001,31
4786,0.0001,70
4787,0.0001,945
4788,0.0001,93
4789,0.0001,109
4790,0.0001,614
4791,0.0001,1593
4792,0.0001,62
4793,0.0001,110
4794,0.0001,939
4795,0.0001,834
4796,0.0001,170
4797,0.0001,123
4798,0.0001,186
4799,0.0001,185
4800,0.0001,85
4801,0.0001,144
4802,0.0001,835
4803,0.0001,932
4804,0.0001,1451
4805,0.0001,147
4806,0.0001,218
4807,0.0001,830
4808,0.0001,899
4809,0.0001,2355
4810,0.0001,139
4811,0.0001,108
4812,0.0001,125
4813,0.0001,1457
4814,0.0001,167
4815,0.0001,379
4816,0.0001,943
4817,0.0001,662
4818,0.0001,1493
4819,0.0001,94
4820,0.0001,3131
4821,0.0001,152
4822,0.0001,674
4823,0.0001,1027
4824,0.0001,161
4825,0.0001,730
4826,0.0001,775
4827,0.0001,0
4828,0.0001,140
4829,0.0001,113
4830,0.0001,990
4831,0.0001,612
4832,0.0001,108
4833,0.0001,31
4834,0.0001,140
4835,0.0001,194
4836,0.0001,814
4837,0.0001,115
4838,0.0001,123
4839,0.0001,784
4840,0.0001,1509
4841,0.0001,768
4842,0.0001,77
4843,0.0001,801
4844,0.0001,237
4845,0.0001,883
4846,0.0001,776
4847,0.0001,894
4848,0.0001,850
4849,0.0001,674
4850,0.0001,3335
4851,0.0001,1556
4852,0.0001,822
4853,0.0001,2424
4854,0.0001,697
4855,0.0001,0
4856,0.0001,699
4857,0.0001,1388
4858,0.0001,1767
4859,0.0001,172
4860,0.0001,1533
4861,0.0001,619
4862,0.0001,1566
4863,0.0001,862
4864,0.0001,46
4865,0.0001,0
4866,0.0001,23
4867,0.0001,281
4868,0.0001,62
4869,0.0001,1503
4870,0.0001,801
4871,0.0001,1591
4872,0.0001,140
4873,0.0001,1575
4874,0.0001,93
4875,0.0001,93
4876,0.0001,63
4877,0.0001,773
4878,0.0001,246
4879,0.0001,1566
4880,0.0001,16
4881,0.0001,778
4882,0.0001,923
4883,0.0001,628
4884,0.0001,884
4885,0.0001,41
4886,0.0001,170
4887,0.0001,725
4888,0.0001,738
4889,0.0001,103
4890,0.0001,1514
4891,0.0001,252
4892,0.0001,759
4893,0.0001,47
4894,0.0001,46
4895,0.0001,75
4896,0.0001,172
4897,0.0001,133
4898,0.0001,31
4899,0.0001,31
4900,0.0001,109
4901,0.0001,216
4902,0.0001,193
4903,0.0001,31
4904,0.0001,0
4905,0.0001,162
4906,0.0001,1585
4907,0.0001,799
4908,0.0001,63
4909,0.0001,31
4910,0.0001,0
4911,0.0001,94
4912,0.0001,2470
4913,0.0001,1693
4914,0.0001,39
4915,0.0001,876
4916,0.0001,163
4917,0.0001,964
4918,0.0001,16
4919,0.0001,93
4920,0.0001,190
4921,0.0001,54
4922,0.0001,47
4923,0.0001,3439
4924,0.0001,911
4925,0.0001,2281
4926,0.0001,154
4927,0.0001,124
4928,0.0001,3208
4929,0.0001,1536
4930,0.0001,822
4931,0.0001,54
4932,0.0001,797
4933,0.0001,46
4934,0.0001,187
4935,0.0001,773
4936,0.0001,970
4937,0.0001,326
4938,0.0001,354
4939,0.0001,124
4940,0.0001,93
4941,0.0001,62
4942,0.0001,160
4943,0.0001,791
4944,0.0001,46
4945,0.0001,815
4946,0.0001,103
4947,0.0001,132
4948,0.0001,145
4949,0.0001,106
4950,0.0001,295
4951,0.0001,814
4952,0.0001,817
4953,0.0001,2337
4954,0.0001,63
4955,0.0001,124
4956,0.0001,0
4957,0.0001,62
4958,0.0001,907
4959,0.0001,2604
4960,0.0001,1008
4961,0.0001,1612
4962,0.0001,16
4963,0.0001,2364
4964,0.0001,1188
4965,0.0001,47
4966,0.0001,139
4967,0.0001,3352
4968,0.0001,62
4969,0.0001,889
4970,0.0001,0
4971,0.0001,871
4972,0.0001,892
4973,0.0001,108
4974,0.0001,746
4975,0.0001,185
4976,0.0001,941
4977,0.0001,861
4978,0.0001,62
4979,0.0001,2285
4980,0.0001,1006
4981,0.0001,62
4982,0.0001,207
4983,0.0001,231
4984,0.0001,3287
4985,0.0001,238
4986,0.0001,706
4987,0.0001,101
4988,0.0001,62
4989,0.0001,175
4990,0.0001,108
4991,0.0001,31
4992,0.0001,889
4993,0.0001,763
4994,0.0001,1061
4995,0.0001,47
4996,0.0001,123
4997,0.0001,79
4998,0.0001,871
4999,0.0001,1092
5000,0.0001,1792
5001,0.0001,763
5002,0.0001,108
5003,0.0001,110
5004,0.0001,109
5005,0.0001,871
5006,0.0001,62
5007,0.0001,140
5008,0.0001,1507
5009,0.0001,202
5010,0.0001,103
5011,0.0001,1481
5012,0.0001,149
5013,0.0001,827
5014,0.0001,146
5015,0.0001,31
5016,0.0001,170
5017,0.0001,832
5018,0.0001,101
5019,0.0001,848
5020,0.0001,118
5021,0.0001,0
5022,0.0001,1600
5023,0.0001,139
5024,0.0001,976
5025,0.0001,938
5026,0.0001,914
5027,0.0001,115
5028,0.0001,0
5029,0.0001,128
5030,0.0001,868
5031,0.0001,139
5032,0.0001,0
5033,0.0001,101
5034,0.0001,677
5035,0.0001,109
5036,0.0001,366
5037,0.0001,861
5038,0.0001,930
5039,0.0001,217
5040,0.0001,62
5041,0.0001,123
5042,0.0001,0
5043,0.0001,267
5044,0.0001,268
5045,0.0001,84
5046,0.0001,953
5047,0.0001,1291
5048,0.0001,838
5049,0.0001,128
5050,0.0001,2330
5051,0.0001,16
5052,0.0001,260
5053,0.0001,94
5054,0.0001,195
5055,0.0001,170
5056,0.0001,232
5057,0.0001,139
5058,0.0001,165
5059,0.0001,77
5060,0.0001,47
5061,0.0001,1769
5062,0.0001,0
5063,0.0001,77
5064,0.0001,1581
5065,0.0001,643
5066,0.0001,103
5067,0.0001,168
5068,0.0001,46
5069,0.0001,618
5070,0.0001,47
5071,0.0001,1549
5072,0.0001,123
5073,0.0001,1451
5074,0.0001,145
5075,0.0001,208
5076,0.0001,1742
5077,0.0001,1264
5078,0.0001,832
5079,0.0001,237
5080,0.0001,124
5081,0.0001,46
5082,0.0001,139
5083,0.0001,23
5084,0.0001,1711
5085,0.0001,70
5086,0.0001,0
5087,0.0001,228
5088,0.0001,159
5089,0.0001,241
5090,0.0001,313
5091,0.0001,969
5092,0.0001,902
5093,0.0001,31
5094,0.0001,2209
5095,0.0001,876
5096,0.0001,1535
5097,0.0001,123
5098,0.0001,3496
5099,0.0001,109
5100,0.0001,310
5101,0.0001,0
5102,0.0001,192
5103,0.0001,193
5104,0.0001,994
5105,0.0001,116
5106,0.0001,171
5107,0.0001,1002
5108,0.0001,675
5109,0.0001,62
5110,0.0001,768
5111,0.0001,77
5112,0.0001,758
5113,0.0001,0
5114,0.0001,676
5115,0.0001,194
5116,0.0001,93
5117,0.0001,692
5118,0.0001,799
5119,0.0001,660
5120,0.0001,914
5121,0.0001,1169
5122,0.0001,1734
5123,0.0001,874
5124,0.0001,891
5125,0.0001,31
5126,0.0001,114
5127,0.0001,62
5128,0.0001,2350
5129,0.0001,1591
5130,0.0001,952
5131,0.0001,46
5132,0.0001,46
5133,0.0001,62
5134,0.0001,614
5135,0.0001,2530
5136,0.0001,161
5137,0.0001,155
5138,0.0001,0
5139,0.0001,31
5140,0.0001,1244
5141,0.0001,924
5142,0.0001,3113
5143,0.0001,316
5144,0.0001,2870
5145,0.0001,1430
5146,0.0001,1474
5147,0.0001,62
5148,0.0001,123
5149,0.0001,175
5150,0.0001,781
5151,0.0001,108
5152,0.0001,897
5153,0.0001,631
5154,0.0001,1538
5155,0.0001,1471
5156,0.0001,2251
5157,0.0001,108
5158,0.0001,154
5159,0.0001,874
5160,0.0001,31
5161,0.0001,883
5162,0.0001,0
5163,0.0001,781
5164,0.0001,1508
5165,0.0001,62
5166,0.0001,155
5167,0.0001,3328
5168,0.0001,31
5169,0.0001,807
5170,0.0001,195
5171,0.0001,31
5172,0.0001,2430
5173,0.0001,139
5174,0.0001,751
5175,0.0001,47
5176,0.0001,46
5177,0.0001,964
5178,0.0001,62
5179,0.0001,31
5180,0.0001,62
5181,0.0001,170
5182,0.0001,46
5183,0.0001,0
5184,0.0001,116
5185,0.0001,267
5186,0.0001,272
5187,0.0001,1546
5188,0.0001,155
5189,0.0001,114
5190,0.0001,77
5191,0.0001,208
5192,0.0001,62
5193,0.0001,46
5194,0.0001,2438
5195,0.0001,0
5196,0.0001,124
5197,0.0001,108
5198,0.0001,62
5199,0.0001,1419
5200,0.0001,763
5201,0.0001,788
5202,0.0001,83
5203,0.0001,108
5204,0.0001,2395
5205,0.0001,1547
5206,0.0001,1426
5207,0.0001,124
5208,0.0001,108
5209,0.0001,93
5210,0.0001,205
5211,0.0001,31
5212,0.0001,3399
5213,0.0001,1352
5214,0.0001,78
5215,0.0001,770
5216,0.0001,31
5217,0.0001,738
5218,0.0001,109
5219,0.0001,1600
5220,0.0001,108
5221,0.0001,1564
5222,0.0001,149
5223,0.0001,852
5224,0.0001,139
5225,0.0001,62
5226,0.0001,0
5227,0.0001,62
5228,0.0001,932
5229,0.0001,1704
5230,0.0001,159
5231,0.0001,63
5232,0.0001,0
5233,0.0001,1243
5234,0.0001,129
5235,0.0001,944
5236,0.0001,140
5237,0.0001,950
5238,0.0001,152
5239,0.0001,1426
5240,0.0001,186
5241,0.0001,171
5242,0.0001,139
5243,0.0001,124
5244,0.0001,99
5245,0.0001,801
5246,0.0001,208
5247,0.0001,0
5248,0.0001,671
5249,0.0001,378
5250,0.0001,132
5251,0.0001,70
5252,0.0001,16
5253,0.0001,958
5254,0.0001,62
5255,0.0001,46
5256,0.0001,146
5257,0.0001,2147
5258,0.0001,154
5259,0.0001,62
5260,0.0001,125
5261,0.0001,170
5262,0.0001,830
5263,0.0001,2942
5264,0.0001,2205
5265,0.0001,1442
5266,0.0001,109
5267,0.0001,31
5268,0.0001,253
5269,0.0001,932
5270,0.0001,0
5271,0.0001,3128
5272,0.0001,930
5273,0.0001,1477
5274,0.0001,213
5275,0.0001,123
5276,0.0001,70
5277,0.0001,824
5278,0.0001,116
5279,0.0001,31
5280,0.0001,145
5281,0.0001,797
5282,0.0001,1693
5283,0.0001,194
5284,0.0001,147
5285,0.0001,2863
5286,0.0001,41
5287,0.0001,674
5288,0.0001,185
5289,0.0001,2123
5290,0.0001,2368
5291,0.0001,675
5292,0.0001,954
5293,0.0001,728
5294,0.0001,0
5295,0.0001,47
5296,0.0001,853
5297,0.0001,1434
5298,0.0001,1604
5299,0.0001,255
5300,0.0001,768
5301,0.0001,93
5302,0.0001,876
5303,0.0001,814
5304,0.0001,124
5305,0.0001,92
5306,0.0001,108
5307,0.0001,68
5308,0.0001,101
5309,0.0001,1662
5310,0.0001,792
5311,0.0001,62
5312,0.0001,0
5313,0.0001,93
5314,0.0001,31
5315,0.0001,124
5316,0.0001,93
5317,0.0001,62
5318,0.0001,612
5319,0.0001,150
5320,0.0001,1704
5321,0.0001,861
5322,0.0001,2275
5323,0.0001,154
5324,0.0001,47
5325,0.0001,78
5326,0.0001,2407
5327,0.0001,93
5328,0.0001,16
5329,0.0001,0
5330,0.0001,1555
5331,0.0001,707
5332,0.0001,170
5333,0.0001,1500
5334,0.0001,616
5335,0.0001,149
5336,0.0001,937
5337,0.0001,897
5338,0.0001,123
5339,0.0001,801
5340,0.0001,0
5341,0.0001,31
5342,0.0001,135
5343,0.0001,77
5344,0.0001,822
5345,0.0001,2553
5346,0.0001,123
5347,0.0001,156
5348,0.0001,1110
5349,0.0001,1289
5350,0.0001,799
5351,0.0001,62
5352,0.0001,645
5353,0.0001,915
5354,0.0001,922
5355,0.0001,1740
5356,0.0001,181
5357,0.0001,948
5358,0.0001,77
5359,0.0001,124
5360,0.0001,915
5361,0.0001,139
5362,0.0001,101
5363,0.0001,843
5364,0.0001,57
5365,0.0001,678
5366,0.0001,674
5367,0.0001,31
5368,0.0001,3286
5369,0.0001,192
5370,0.0001,1086
5371,0.0001,2149
5372,0.0001,72
5373,0.0001,159
5374,0.0001,799
5375,0.0001,86
5376,0.0001,794
5377,0.0001,24
5378,0.0001,840
5379,0.0001,0
5380,0.0001,163
5381,0.0001,155
5382,0.0001,39
5383,0.0001,62
5384,0.0001,46
5385,0.0001,1716
5386,0.0001,0
5387,0.0001,31
5388,0.0001,96
5389,0.0001,62
5390,0.0001,55
5391,0.0001,85
5392,0.0001,1100
5393,0.0001,2277
5394,0.0001,70
5395,0.0001,1489
5396,0.0001,923
5397,0.0001,155
5398,0.0001,830
5399,0.0001,0
5400,0.0001,93
5401,0.0001,132
5402,0.0001,46
5403,0.0001,46
5404,0.0001,79
5405,0.0001,77
5406,0.0001,2142
5407,0.0001,237
5408,0.0001,1027
5409,0.0001,190
5410,0.0001,239
5411,0.0001,1631
5412,0.0001,39
5413,0.0001,0
5414,0.0001,202
5415,0.0001,3341
5416,0.0001,0
5417,0.0001,46
5418,0.0001,968
5419,0.0001,1581
5420,0.0001,47
5421,0.0001,1305
5422,0.0001,1076
5423,0.0001,879
5424,0.0001,46
5425,0.0001,1120
5426,0.0001,54
5427,0.0001,62
5428,0.0001,989
5429,0.0001,957
5430,0.0001,839
5431,0.0001,155
5432,0.0001,93
5433,0.0001,1533
5434,0.0001,124
5435,0.0001,124
5436,0.0001,1671
5437,0.0001,856
5438,0.0001,1406
5439,0.0001,0
5440,0.0001,855
5441,0.0001,62
5442,0.0001,3359
5443,0.0001,77
5444,0.0001,1504
5445,0.0001,740
5446,0.0001,221
5447,0.0001,101
5448,0.0001,123
5449,0.0001,103
5450,0.0001,735
5451,0.0001,1493
5452,0.0001,77
5453,0.0001,224
5454,0.0001,901
5455,0.0001,23
5456,0.0001,783
5457,0.0001,62
5458,0.0001,3388
5459,0.0001,170
5460,0.0001,0
5461,0.0001,986
5462,0.0001,799
5463,0.0001,123
5464,0.0001,78
5465,0.0001,910
5466,0.0001,1593
5467,0.0001,912
5468,0.0001,255
5469,0.0001,253
5470,0.0001,108
5471,0.0001,47
5472,0.0001,227
5473,0.0001,0
5474,0.0001,891
5475,0.0001,24
5476,0.0001,3204
5477,0.0001,630
5478,0.0001,78
5479,0.0001,155
5480,0.0001,23
5481,0.0001,93
5482,0.0001,2473
5483,0.0001,817
5484,0.0001,950
5485,0.0001,116
5486,0.0001,62
5487,0.0001,1185
5488,0.0001,1825
5489,0.0001,1036
5490,0.0001,1061
5491,0.0001,1639
5492,0.0001,32
5493,0.0001,0
5494,0.0001,935
5495,0.0001,31
5496,0.0001,1675
5497,0.0001,208
5498,0.0001,117
5499,0.0001,93
5500,0.0001,23
5501,0.0001,2812
5502,0.0001,93
5503,0.0001,221
5504,0.0001,722
5505,0.0001,796
5506,0.0001,101
5507,0.0001,689
5508,0.0001,1488
5509,0.0001,47
5510,0.0001,1624
5511,0.0001,2974
5512,0.0001,62
5513,0.0001,62
5514,0.0001,0
5515,0.0001,31
5516,0.0001,156
5517,0.0001,93
5518,0.0001,728
5519,0.0001,216
5520,0.0001,93
5521,0.0001,788
5522,0.0001,46
5523,0.0001,1697
5524,0.0001,1780
5525,0.0001,846
5526,0.0001,23
5527,0.0001,932
5528,0.0001,241
5529,0.0001,239
5530,0.0001,108
5531,0.0001,31
5532,0.0001,0
5533,0.0001,188
5534,0.0001,93
5535,0.0001,154
5536,0.0001,78
5537,0.0001,177
5538,0.0001,101
5539,0.0001,116
5540,0.0001,94
5541,0.0001,659
5542,0.0001,82
5543,0.0001,109
5544,0.0001,47
5545,0.0001,912
5546,0.0001,69
5547,0.0001,108
5548,0.0001,155
5549,0.0001,325
5550,0.0001,125
5551,0.0001,98
5552,0.0001,31
5553,0.0001,123
5554,0.0001,770
5555,0.0001,940
5556,0.0001,1226
5557,0.0001,23
5558,0.0001,1492
5559,0.0001,0
5560,0.0001,682
5561,0.0001,140
5562,0.0001,849
5563,0.0001,749
5564,0.0001,155
5565,0.0001,706
5566,0.0001,72
5567,0.0001,1539
5568,0.0001,1656
5569,0.0001,228
5570,0.0001,0
5571,0.0001,0
5572,0.0001,62
5573,0.0001,718
5574,0.0001,643
5575,0.0001,884
5576,0.0001,124
5577,0.0001,285
5578,0.0001,809
5579,0.0001,1145
5580,0.0001,3259
5581,0.0001,2107
5582,0.0001,628
5583,0.0001,62
5584,0.0001,896
5585,0.0001,62
5586,0.0001,1471
5587,0.0001,65
5588,0.0001,123
5589,0.0001,16
5590,0.0001,1510
5591,0.0001,791
5592,0.0001,39
5593,0.0001,953
5594,0.0001,877
5595,0.0001,0
5596,0.0001,39
5597,0.0001,1377
5598,0.0001,1074
5599,0.0001,41
5600,0.0001,1690
5601,0.0001,792
5602,0.0001,925
5603,0.0001,77
5604,0.0001,62
5605,0.0001,688
5606,0.0001,23
5607,0.0001,865
5608,0.0001,773
5609,0.0001,970
5610,0.0001,5008
5611,0.0001,246
5612,0.0001,2466
5613,0.0001,3794
5614,0.0001,1654
5615,0.0001,777
5616,0.0001,46
5617,0.0001,2312
5618,0.0001,63
5619,0.0001,139
5620,0.0001,1472
5621,0.0001,170
5622,0.0001,46
5623,0.0001,159
5624,0.0001,313
5625,0.0001,170
5626,0.0001,123
5627,0.0001,1029
5628,0.0001,1598
5629,0.0001,864
5630,0.0001,77
5631,0.0001,1012
5632,0.0001,1644
5633,0.0001,2344
5634,0.0001,62
5635,0.0001,62
5636,0.0001,3211
5637,0.0001,847
5638,0.0001,761
5639,0.0001,767
5640,0.0001,878
5641,0.0001,0
5642,0.0001,1542
5643,0.0001,1779
5644,0.0001,46
5645,0.0001,664
5646,0.0001,728
5647,0.0001,681
5648,0.0001,232
5649,0.0001,93
5650,0.0001,686
5651,0.0001,925
5652,0.0001,1522
5653,0.0001,63
5654,0.0001,1482
5655,0.0001,901
5656,0.0001,255
5657,0.0001,202
5658,0.0001,42
5659,0.0001,700
5660,0.0001,3143
5661,0.0001,1748
5662,0.0001,47
5663,0.0001,1655
5664,0.0001,766
5665,0.0001,208
5666,0.0001,1025
5667,0.0001,0
5668,0.0001,705
5669,0.0001,877
5670,0.0001,31
5671,0.0001,16
5672,0.0001,193
5673,0.0001,128
5674,0.0001,953
5675,0.0001,46
5676,0.0001,1998
5677,0.0001,124
5678,0.0001,0
5679,0.0001,1685
5680,0.0001,62
5681,0.0001,906
5682,0.0001,46
5683,0.0001,0
5684,0.0001,94
5685,0.0001,47
5686,0.0001,643
5687,0.0001,1117
5688,0.0001,904
5689,0.0001,85
5690,0.0001,62
5691,0.0001,93
5692,0.0001,943
5693,0.0001,747
5694,0.0001,139
5695,0.0001,695
5696,0.0001,4287
5697,0.0001,3267
5698,0.0001,0
5699,0.0001,1363
5700,0.0001,46
5701,0.0001,162
5702,0.0001,1540
5703,0.0001,194
5704,0.0001,0
5705,0.0001,938
5706,0.0001,1309
5707,0.0001,2481
5708,0.0001,63
5709,0.0001,46
5710,0.0001,23
5711,0.0001,0
5712,0.0001,1718
5713,0.0001,78
5714,0.0001,0
5715,0.0001,1465
5716,0.0001,812
5717,0.0001,157
5718,0.0001,882
5719,0.0001,155
5720,0.0001,855
5721,0.0001,42
5722,0.0001,1499
5723,0.0001,123
5724,0.0001,190
5725,0.0001,125
5726,0.0001,799
5727,0.0001,2792
5728,0.0001,0
5729,0.0001,653
5730,0.0001,101
5731,0.0001,154
5732,0.0001,1747
5733,0.0001,743
5734,0.0001,93
5735,0.0001,866
5736,0.0001,814
5737,0.0001,1030
5738,0.0001,937
5739,0.0001,144
5740,0.0001,108
5741,0.0001,788
5742,0.0001,740
5743,0.0001,1500
5744,0.0001,884
5745,0.0001,0
5746,0.0001,108
5747,0.0001,861
5748,0.0001,202
5749,0.0001,740
5750,0.0001,140
5751,0.0001,1704
5752,0.0001,174
5753,0.0001,0
5754,0.0001,2578
5755,0.0001,1498
5756,0.0001,0
5757,0.0001,2156
5758,0.0001,909
5759,0.0001,185
5760,0.0001,31
5761,0.0001,664
5762,0.0001,0
5763,0.0001,922
5764,0.0001,134
5765,0.0001,0
5766,0.0001,3290
5767,0.0001,720
5768,0.0001,2038
5769,0.0001,0
5770,0.0001,333
5771,0.0001,39
5772,0.0001,139
5773,0.0001,0
5774,0.0001,918
5775,0.0001,913
5776,0.0001,306
5777,0.0001,31
5778,0.0001,938
5779,0.0001,856
5780,0.0001,23
5781,0.0001,0
5782,0.0001,139
5783,0.0001,92
5784,0.0001,2219
5785,0.0001,945
5786,0.0001,971
5787,0.0001,702
5788,0.0001,943
5789,0.0001,309
5790,0.0001,54
5791,0.0001,923
5792,0.0001,139
5793,0.0001,775
5794,0.0001,140
5795,0.0001,4408
5796,0.0001,971
5797,0.0001,201
5798,0.0001,0
5799,0.0001,139
5800,0.0001,809
5801,0.0001,101
5802,0.0001,149
5803,0.0001,262
5804,0.0001,77
5805,0.0001,860
5806,0.0001,77
5807,0.0001,0
5808,0.0001,65
5809,0.0001,46
5810,0.0001,71
5811,0.0001,200
5812,0.0001,108
5813,0.0001,78
5814,0.0001,660
5815,0.0001,163
5816,0.0001,1644
5817,0.0001,69
5818,0.0001,768
5819,0.0001,155
5820,0.0001,54
5821,0.0001,62
5822,0.0001,62
5823,0.0001,108
5824,0.0001,4873
5825,0.0001,92
5826,0.0001,242
5827,0.0001,2293
5828,0.0001,93
5829,0.0001,214
5830,0.0001,77
5831,0.0001,0
5832,0.0001,145
5833,0.0001,0
5834,0.0001,300
5835,0.0001,100
5836,0.0001,62
5837,0.0001,2336
5838,0.0001,108
5839,0.0001,0
5840,0.0001,100
5841,0.0001,124
5842,0.0001,783
5843,0.0001,46
5844,0.0001,643
5845,0.0001,799
5846,0.0001,77
5847,0.0001,936
5848,0.0001,698
5849,0.0001,1531
5850,0.0001,188
5851,0.0001,3406
5852,0.0001,100
5853,0.0001,108
5854,0.0001,0
5855,0.0001,139
5856,0.0001,273
5857,0.0001,93
5858,0.0001,23
5859,0.0001,144
5860,0.0001,820
5861,0.0001,31
5862,0.0001,614
5863,0.0001,0
5864,0.0001,816
5865,0.0001,114
5866,0.0001,1554
5867,0.0001,962
5868,0.0001,1070
5869,0.0001,741
5870,0.0001,845
5871,0.0001,77
5872,0.0001,47
5873,0.0001,254
5874,0.0001,3662
5875,0.0001,75
5876,0.0001,146
5877,0.0001,170
5878,0.0001,828
5879,0.0001,124
5880,0.0001,1719
5881,0.0001,1108
5882,0.0001,1623
5883,0.0001,226
5884,0.0001,824
5885,0.0001,815
5886,0.0001,39
5887,0.0001,177
5888,0.0001,226
5889,0.0001,799
5890,0.0001,853
5891,0.0001,660
5892,0.0001,908
5893,0.0001,834
5894,0.0001,1155
5895,0.0001,699
5896,0.0001,54
5897,0.0001,827
5898,0.0001,1509
5899,0.0001,109
5900,0.0001,0
5901,0.0001,893
5902,0.0001,123
5903,0.0001,820
5904,0.0001,134
5905,0.0001,93
5906,0.0001,643
5907,0.0001,86
5908,0.0001,0
5909,0.0001,124
5910,0.0001,3186
5911,0.0001,0
5912,0.0001,62
5913,0.0001,154
5914,0.0001,116
5915,0.0001,93
5916,0.0001,647
5917,0.0001,1342
5918,0.0001,108
5919,0.0001,3267
5920,0.0001,221
5921,0.0001,1434
5922,0.0001,1638
5923,0.0001,897
5924,0.0001,47
5925,0.0001,41
5926,0.0001,986
5927,0.0001,16
5928,0.0001,31
5929,0.0001,955
5930,0.0001,47
5931,0.0001,145
5932,0.0001,124
5933,0.0001,85
5934,0.0001,155
5935,0.0001,185
5936,0.0001,0
5937,0.0001,93
5938,0.0001,62
5939,0.0001,0
5940,0.0001,858
5941,0.0001,3324
5942,0.0001,62
5943,0.0001,108
5944,0.0001,700
5945,0.0001,1621
5946,0.0001,86
5947,0.0001,2330
5948,0.0001,0
5949,0.0001,69
5950,0.0001,1712
5951,0.0001,77
5952,0.0001,141
5953,0.0001,917
5954,0.0001,23
5955,0.0001,766
5956,0.0001,167
5957,0.0001,876
5958,0.0001,0
5959,0.0001,31
5960,0.0001,840
5961,0.0001,31
5962,0.0001,225
5963,0.0001,178
5964,0.0001,62
5965,0.0001,54
5966,0.0001,850
5967,0.0001,953
5968,0.0001,871
5969,0.0001,147
5970,0.0001,1428
5971,0.0001,1681
5972,0.0001,78
5973,0.0001,62
5974,0.0001,268
5975,0.0001,1057
5976,0.0001,124
5977,0.0001,817
5978,0.0001,882
5979,0.0001,845
5980,0.0001,704
5981,0.0001,1002
5982,0.0001,139
5983,0.0001,722
5984,0.0001,945
5985,0.0001,0
5986,0.0001,822
5987,0.0001,0
5988,0.0001,77
5989,0.0001,154
5990,0.0001,144
5991,0.0001,75
5992,0.0001,3610
5993,0.0001,0
5994,0.0001,2350
5995,0.0001,697
5996,0.0001,83
5997,0.0001,62
5998,0.0001,850
5999,0.0001,88
6000,0.0001,845
6001,0.0001,1830
6002,0.0001,31
6003,0.0001,1543
6004,0.0001,1447
6005,0.0001,62
6006,0.0001,170
6007,0.0001,124
6008,0.0001,817
6009,0.0001,54
6010,0.0001,0
6011,0.0001,0
6012,0.0001,93
6013,0.0001,23
6014,0.0001,752
6015,0.0001,3242
6016,0.0001,956
6017,0.0001,147
6018,0.0001,1094
6019,0.0001,103
6020,0.0001,0
6021,0.0001,154
6022,0.0001,799
6023,0.0001,169
6024,0.0001,70
6025,0.0001,200
6026,0.0001,846
6027,0.0001,0
6028,0.0001,62
6029,0.0001,1329
6030,0.0001,682
6031,0.0001,23
6032,0.0001,141
6033,0.0001,947
6034,0.0001,101
6035,0.0001,4199
6036,0.0001,1616
6037,0.0001,968
6038,0.0001,31
6039,0.0001,123
6040,0.0001,23
6041,0.0001,54
6042,0.0001,155
6043,0.0001,697
6044,0.0001,31
6045,0.0001,54
6046,0.0001,912
6047,0.0001,899
6048,0.0001,847
6049,0.0001,101
6050,0.0001,62
6051,0.0001,789
6052,0.0001,5425
6053,0.0001,945
6054,0.0001,943
6055,0.0001,139
6056,0.0001,1170
6057,0.0001,93
6058,0.0001,109
6059,0.0001,957
6060,0.0001,154
6061,0.0001,168
6062,0.0001,768
6063,0.0001,103
6064,0.0001,154
6065,0.0001,830
6066,0.0001,736
6067,0.0001,679
6068,0.0001,2403
6069,0.0001,78
6070,0.0001,0
6071,0.0001,651
6072,0.0001,62
6073,0.0001,0
6074,0.0001,799
6075,0.0001,98
6076,0.0001,62
6077,0.0001,186
6078,0.0001,1919
6079,0.0001,914
6080,0.0001,124
6081,0.0001,681
6082,0.0001,658
6083,0.0001,62
6084,0.0001,816
6085,0.0001,670
6086,0.0001,42
6087,0.0001,801
6088,0.0001,0
6089,0.0001,103
6090,0.0001,108
6091,0.0001,31
6092,0.0001,0
6093,0.0001,1520
6094,0.0001,62
6095,0.0001,92
6096,0.0001,54
6097,0.0001,2240
6098,0.0001,905
6099,0.0001,123
6100,0.0001,258
6101,0.0001,333
6102,0.0001,3288
6103,0.0001,674
6104,0.0001,108
6105,0.0001,775
6106,0.0001,62
6107,0.0001,917
6108,0.0001,954
6109,0.0001,797
6110,0.0001,108
6111,0.0001,62
6112,0.0001,935
6113,0.0001,922
6114,0.0001,187
6115,0.0001,912
6116,0.0001,815
6117,0.0001,62
6118,0.0001,0
6119,0.0001,70
6120,0.0001,31
6121,0.0001,671
6122,0.0001,176
6123,0.0001,62
6124,0.0001,94
6125,0.0001,887
6126,0.0001,62
6127,0.0001,1357
6128,0.0001,0
6129,0.0001,62
6130,0.0001,103
6131,0.0001,158
6132,0.0001,2741
6133,0.0001,62
6134,0.0001,1667
6135,0.0001,837
6136,0.0001,1024
6137,0.0001,302
6138,0.0001,1194
6139,0.0001,101
6140,0.0001,876
6141,0.0001,139
6142,0.0001,992
6143,0.0001,109
6144,0.0001,62
6145,0.0001,815
6146,0.0001,841
6147,0.0001,166
6148,0.0001,3193
6149,0.0001,155
6150,0.0001,891
6151,0.0001,756
6152,0.0001,109
6153,0.0001,909
6154,0.0001,109
6155,0.0001,63
6156,0.0001,82
6157,0.0001,823
6158,0.0001,1607
6159,0.0001,0
6160,0.0001,123
6161,0.0001,46
6162,0.0001,1551
6163,0.0001,221
6164,0.0001,23
6165,0.0001,1455
6166,0.0001,839
6167,0.0001,1675
6168,0.0001,0
6169,0.0001,46
6170,0.0001,303
6171,0.0001,0
6172,0.0001,155
6173,0.0001,77
6174,0.0001,2235
6175,0.0001,0
6176,0.0001,1775
6177,0.0001,62
6178,0.0001,2406
6179,0.0001,70
6180,0.0001,612
6181,0.0001,799
6182,0.0001,2348
6183,0.0001,23
6184,0.0001,4128
6185,0.0001,125
6186,0.0001,4517
6187,0.0001,62
6188,0.0001,31
6189,0.0001,62
6190,0.0001,953
6191,0.0001,1224
6192,0.0001,70
6193,0.0001,2338
6194,0.0001,1634
6195,0.0001,65
6196,0.0001,641
6197,0.0001,46
6198,0.0001,616
6199,0.0001,4022
6200,0.0001,77
6201,0.0001,817
6202,0.0001,148
6203,0.0001,62
6204,0.0001,803
6205,0.0001,728
6206,0.0001,1116
6207,0.0001,3178
6208,0.0001,217
6209,0.0001,162
6210,0.0001,147
6211,0.0001,62
6212,0.0001,940
6213,0.0001,87
6214,0.0001,909
6215,0.0001,205
6216,0.0001,1194
6217,0.0001,253
6218,0.0001,0
6219,0.0001,93
6220,0.0001,70
6221,0.0001,171
6222,0.0001,62
6223,0.0001,39
6224,0.0001,737
6225,0.0001,1306
6226,0.0001,1477
6227,0.0001,804
6228,0.0001,233
6229,0.0001,47
6230,0.0001,876
6231,0.0001,951
6232,0.0001,139
6233,0.0001,893
6234,0.0001,1649
6235,0.0001,1555
6236,0.0001,0
6237,0.0001,31
6238,0.0001,3269
6239,0.0001,62
6240,0.0001,161
6241,0.0001,940
6242,0.0001,1434
6243,0.0001,108
6244,0.0001,874
6245,0.0001,85
6246,0.0001,32
6247,0.0001,24
6248,0.0001,728
6249,0.0001,0
6250,0.0001,1045
6251,0.0001,23
6252,0.0001,660
6253,0.0001,840
6254,0.0001,890
6255,0.0001,628
6256,0.0001,85
6257,0.0001,242
6258,0.0001,249
6259,0.0001,186
6260,0.0001,46
6261,0.0001,32
6262,0.0001,62
6263,0.0001,815
6264,0.0001,380
6265,0.0001,78
6266,0.0001,1567
6267,0.0001,179
6268,0.0001,845
6269,0.0001,31
6270,0.0001,31
6271,0.0001,1380
6272,0.0001,115
6273,0.0001,124
6274,0.0001,674
6275,0.0001,0
6276,0.0001,154
6277,0.0001,861
6278,0.0001,178
6279,0.0001,838
6280,0.0001,801
6281,0.0001,1695
6282,0.0001,63
6283,0.0001,108
6284,0.0001,720
6285,0.0001,1027
6286,0.0001,643
6287,0.0001,1632
6288,0.0001,62
6289,0.0001,817
6290,0.0001,235
6291,0.0001,156
6292,0.0001,197
6293,0.0001,200
6294,0.0001,147
6295,0.0001,0
6296,0.0001,1055
6297,0.0001,77
6298,0.0001,62
6299,0.0001,78
6300,0.0001,1488
6301,0.0001,62
6302,0.0001,129
6303,0.0001,1516
6304,0.0001,77
6305,0.0001,721
6306,0.0001,123
6307,0.0001,1591
6308,0.0001,830
6309,0.0001,1701
6310,0.0001,0
6311,0.0001,814
6312,0.0001,287
6313,0.0001,926
6314,0.0001,293
6315,0.0001,92
6316,0.0001,1504
6317,0.0001,2893
6318,0.0001,46
6319,0.0001,108
6320,0.0001,234
6321,0.0001,1618
6322,0.0001,129
6323,0.0001,92
6324,0.0001,116
6325,0.0001,1565
6326,0.0001,197
6327,0.0001,16
6328,0.0001,180
6329,0.0001,183
6330,0.0001,46
6331,0.0001,881
6332,0.0001,94
6333,0.0001,0
6334,0.0001,202
6335,0.0001,94
6336,0.0001,62
6337,0.0001,754
6338,0.0001,288
6339,0.0001,269
6340,0.0001,1541
6341,0.0001,77
6342,0.0001,0
6343,0.0001,108
6344,0.0001,186
6345,0.0001,0
6346,0.0001,149
6347,0.0001,116
6348,0.0001,46
6349,0.0001,1528
6350,0.0001,62
6351,0.0001,108
6352,0.0001,3020
6353,0.0001,724
6354,0.0001,3411
6355,0.0001,77
6356,0.0001,967
6357,0.0001,54
6358,0.0001,31
6359,0.0001,689
6360,0.0001,768
6361,0.0001,1768
6362,0.0001,1442
6363,0.0001,125
6364,0.0001,845
6365,0.0001,1132
6366,0.0001,154
6367,0.0001,146
6368,0.0001,175
6369,0.0001,69
6370,0.0001,876
6371,0.0001,0
6372,0.0001,1373
6373,0.0001,3177
6374,0.0001,47
6375,0.0001,935
6376,0.0001,894
6377,0.0001,747
6378,0.0001,971
6379,0.0001,984
6380,0.0001,171
6381,0.0001,768
6382,0.0001,155
6383,0.0001,1774
6384,0.0001,31
6385,0.0001,1541
6386,0.0001,0
6387,0.0001,94
6388,0.0001,1534
6389,0.0001,773
6390,0.0001,124
6391,0.0001,47
6392,0.0001,52
6393,0.0001,23
6394,0.0001,92
6395,0.0001,94
6396,0.0001,689
6397,0.0001,299
6398,0.0001,0
6399,0.0001,1155
6400,0.0001,0
6401,0.0001,63
6402,0.0001,136
6403,0.0001,93
6404,0.0001,108
6405,0.0001,62
6406,0.0001,658
6407,0.0001,2587
6408,0.0001,1759
6409,0.0001,0
6410,0.0001,295
6411,0.0001,761
6412,0.0001,123
6413,0.0001,126
6414,0.0001,46
6415,0.0001,47
6416,0.0001,1373
6417,0.0001,3949
6418,0.0001,94
6419,0.0001,216
6420,0.0001,3299
6421,0.0001,2589
6422,0.0001,78
6423,0.0001,108
6424,0.0001,151
6425,0.0001,16
6426,0.0001,116
6427,0.0001,2499
6428,0.0001,775
6429,0.0001,1521
6430,0.0001,905
6431,0.0001,1504
6432,0.0001,93
6433,0.0001,239
6434,0.0001,46
6435,0.0001,812
6436,0.0001,1017
6437,0.0001,979
6438,0.0001,31
6439,0.0001,674
6440,0.0001,0
6441,0.0001,0
6442,0.0001,670
6443,0.0001,62
6444,0.0001,1837
6445,0.0001,663
6446,0.0001,801
6447,0.0001,794
6448,0.0001,0
6449,0.0001,62
6450,0.0001,264
6451,0.0001,725
6452,0.0001,64
6453,0.0001,77
6454,0.0001,108
6455,0.0001,891
6456,0.0001,144
6457,0.0001,126
6458,0.0001,31
6459,0.0001,170
6460,0.0001,154
6461,0.0001,0
6462,0.0001,192
6463,0.0001,108
6464,0.0001,46
6465,0.0001,821
6466,0.0001,2053
6467,0.0001,62
6468,0.0001,77
6469,0.0001,1278
6470,0.0001,108
6471,0.0001,1195
6472,0.0001,2269
6473,0.0001,1678
6474,0.0001,167
6475,0.0001,3741
6476,0.0001,31
6477,0.0001,1612
6478,0.0001,109
6479,0.0001,193
6480,0.0001,92
6481,0.0001,41
6482,0.0001,304
6483,0.0001,2997
6484,0.0001,139
6485,0.0001,1706
6486,0.0001,108
6487,0.0001,62
6488,0.0001,1101
6489,0.0001,965
6490,0.0001,155
6491,0.0001,352
6492,0.0001,781
6493,0.0001,286
6494,0.0001,62
6495,0.0001,92
6496,0.0001,1546
6497,0.0001,47
6498,0.0001,102
6499,0.0001,31
6500,0.0001,63
6501,0.0001,909
6502,0.0001,1224
6503,0.0001,31
6504,0.0001,46
6505,0.0001,69
6506,0.0001,876
6507,0.0001,913
6508,0.0001,77
6509,0.0001,1709
6510,0.0001,154
6511,0.0001,54
6512,0.0001,165
6513,0.0001,1680
6514,0.0001,2347
6515,0.0001,742
6516,0.0001,16
6517,0.0001,139
6518,0.0001,770
6519,0.0001,1750
6520,0.0001,935
6521,0.0001,169
6522,0.0001,1687
6523,0.0001,131
6524,0.0001,62
6525,0.0001,819
6526,0.0001,54
6527,0.0001,693
6528,0.0001,0
6529,0.0001,3240
6530,0.0001,139
6531,0.0001,156
6532,0.0001,93
6533,0.0001,863
6534,0.0001,876
6535,0.0001,0
6536,0.0001,158
6537,0.0001,247
6538,0.0001,181
6539,0.0001,614
6540,0.0001,945
6541,0.0001,54
6542,0.0001,658
6543,0.0001,209
6544,0.0001,1827
6545,0.0001,77
6546,0.0001,123
6547,0.0001,104
6548,0.0001,3165
6549,0.0001,1658
6550,0.0001,914
6551,0.0001,835
6552,0.0001,658
6553,0.0001,0
6554,0.0001,108
6555,0.0001,2257
6556,0.0001,1411
6557,0.0001,93
6558,0.0001,62
6559,0.0001,800
6560,0.0001,1290
6561,0.0001,1020
6562,0.0001,31
6563,0.0001,755
6564,0.0001,808
6565,0.0001,62
6566,0.0001,814
6567,0.0001,858
6568,0.0001,2334
6569,0.0001,149
6570,0.0001,154
6571,0.0001,77
6572,0.0001,46
6573,0.0001,2594
6574,0.0001,145
6575,0.0001,144
6576,0.0001,62
6577,0.0001,860
6578,0.0001,249
6579,0.0001,55
6580,0.0001,947
6581,0.0001,16
6582,0.0001,139
6583,0.0001,909
6584,0.0001,147
6585,0.0001,31
6586,0.0001,188
6587,0.0001,154
6588,0.0001,16
6589,0.0001,108
6590,0.0001,3164
6591,0.0001,614
6592,0.0001,47
6593,0.0001,1465
6594,0.0001,1426
6595,0.0001,899
6596,0.0001,768
6597,0.0001,0
6598,0.0001,907
6599,0.0001,706
6600,0.0001,0
6601,0.0001,2359
6602,0.0001,164
6603,0.0001,915
6604,0.0001,4039
6605,0.0001,876
6606,0.0001,132
6607,0.0001,939
6608,0.0001,123
6609,0.0001,728
6610,0.0001,139
6611,0.0001,755
6612,0.0001,62
6613,0.0001,643
6614,0.0001,93
6615,0.0001,148
6616,0.0001,169
6617,0.0001,674
6618,0.0001,665
6619,0.0001,108
6620,0.0001,2224
6621,0.0001,1703
6622,0.0001,92
6623,0.0001,237
6624,0.0001,0
6625,0.0001,906
6626,0.0001,1736
6627,0.0001,694
6628,0.0001,78
6629,0.0001,78
6630,0.0001,1044
6631,0.0001,108
6632,0.0001,139
6633,0.0001,691
6634,0.0001,738
6635,0.0001,2754
6636,0.0001,848
6637,0.0001,1567
6638,0.0001,154
6639,0.0001,62
6640,0.0001,85
6641,0.0001,149
6642,0.0001,2312
6643,0.0001,664
6644,0.0001,173
6645,0.0001,124
6646,0.0001,144
6647,0.0001,62
6648,0.0001,46
6649,0.0001,92
6650,0.0001,54
6651,0.0001,41
6652,0.0001,951
6653,0.0001,139
6654,0.0001,1718
6655,0.0001,939
6656,0.0001,837
6657,0.0001,119
6658,0.0001,154
6659,0.0001,62
6660,0.0001,854
6661,0.0001,216
6662,0.0001,132
6663,0.0001,814
6664,0.0001,1516
6665,0.0001,863
6666,0.0001,85
6667,0.0001,41
6668,0.0001,1451
6669,0.0001,93
6670,0.0001,180
6671,0.0001,16
6672,0.0001,93
6673,0.0001,696
6674,0.0001,2108
6675,0.0001,209
6676,0.0001,612
6677,0.0001,221
6678,0.0001,1807
6679,0.0001,103
6680,0.0001,293
6681,0.0001,1352
6682,0.0001,769
6683,0.0001,0
6684,0.0001,16
6685,0.0001,254
6686,0.0001,830
6687,0.0001,119
6688,0.0001,0
6689,0.0001,186
6690,0.0001,70
6691,0.0001,898
6692,0.0001,717
6693,0.0001,1529
6694,0.0001,1428
6695,0.0001,1503
6696,0.0001,111
6697,0.0001,689
6698,0.0001,47
6699,0.0001,32
6700,0.0001,93
6701,0.0001,108
6702,0.0001,92
6703,0.0001,31
6704,0.0001,810
6705,0.0001,217
6706,0.0001,838
6707,0.0001,1061
6708,0.0001,648
6709,0.0001,3426
6710,0.0001,704
6711,0.0001,1039
6712,0.0001,1163
6713,0.0001,46
6714,0.0001,1038
6715,0.0001,817
6716,0.0001,0
6717,0.0001,0
6718,0.0001,108
6719,0.0001,46
6720,0.0001,63
6721,0.0001,768
6722,0.0001,3153
6723,0.0001,100
6724,0.0001,811
6725,0.0001,70
6726,0.0001,838
6727,0.0001,154
6728,0.0001,77
6729,0.0001,1669
6730,0.0001,46
6731,0.0001,170
6732,0.0001,1311
6733,0.0001,1809
6734,0.0001,3089
6735,0.0001,771
6736,0.0001,124
6737,0.0001,799
6738,0.0001,2318
6739,0.0001,90
6740,0.0001,154
6741,0.0001,1480
6742,0.0001,5218
6743,0.0001,865
6744,0.0001,116
6745,0.0001,131
6746,0.0001,134
6747,0.0001,85
6748,0.0001,46
6749,0.0001,47
6750,0.0001,4118
6751,0.0001,155
6752,0.0001,0
6753,0.0001,0
6754,0.0001,62
6755,0.0001,804
6756,0.0001,807
6757,0.0001,2525
6758,0.0001,62
6759,0.0001,1018
6760,0.0001,735
6761,0.0001,1637
6762,0.0001,140
6763,0.0001,0
6764,0.0001,967
6765,0.0001,3224
6766,0.0001,2380
6767,0.0001,371
6768,0.0001,62
6769,0.0001,205
6770,0.0001,54
6771,0.0001,2066
6772,0.0001,93
6773,0.0001,154
6774,0.0001,734
6775,0.0001,64
6776,0.0001,62
6777,0.0001,31
6778,0.0001,108
6779,0.0001,1538
6780,0.0001,62
6781,0.0001,124
6782,0.0001,3514
6783,0.0001,154
6784,0.0001,0
6785,0.0001,738
6786,0.0001,94
6787,0.0001,200
6788,0.0001,124
6789,0.0001,63
6790,0.0001,4635
6791,0.0001,23
6792,0.0001,16
6793,0.0001,93
6794,0.0001,156
6795,0.0001,2429
6796,0.0001,0
6797,0.0001,899
6798,0.0001,674
6799,0.0001,82
6800,0.0001,770
6801,0.0001,1492
6802,0.0001,170
6803,0.0001,0
6804,0.0001,62
6805,0.0001,996
6806,0.0001,85
6807,0.0001,147
6808,0.0001,833
6809,0.0001,705
6810,0.0001,770
6811,0.0001,31
6812,0.0001,848
6813,0.0001,94
6814,0.0001,92
6815,0.0001,1618
6816,0.0001,1559
6817,0.0001,333
6818,0.0001,23
6819,0.0001,2228
6820,0.0001,1667
6821,0.0001,915
6822,0.0001,127
6823,0.0001,0
6824,0.0001,3958
6825,0.0001,46
6826,0.0001,139
6827,0.0001,23
6828,0.0001,3509
6829,0.0001,190
6830,0.0001,1561
6831,0.0001,77
6832,0.0001,2408
6833,0.0001,156
6834,0.0001,46
6835,0.0001,176
6836,0.0001,109
6837,0.0001,79
6838,0.0001,4026
6839,0.0001,950
6840,0.0001,815
6841,0.0001,47
6842,0.0001,78
6843,0.0001,239
6844,0.0001,1577
6845,0.0001,789
6846,0.0001,92
6847,0.0001,0
6848,0.0001,185
6849,0.0001,123
6850,0.0001,2330
6851,0.0001,47
6852,0.0001,3207
6853,0.0001,993
6854,0.0001,4290
6855,0.0001,62
6856,0.0001,141
6857,0.0001,16
6858,0.0001,0
6859,0.0001,1582
6860,0.0001,62
6861,0.0001,3850
6862,0.0001,85
6863,0.0001,1636
6864,0.0001,2453
6865,0.0001,762
6866,0.0001,93
6867,0.0001,772
6868,0.0001,848
6869,0.0001,78
6870,0.0001,54
6871,0.0001,950
6872,0.0001,0
6873,0.0001,113
6874,0.0001,3181
6875,0.0001,139
6876,0.0001,1001
6877,0.0001,192
6878,0.0001,62
6879,0.0001,769
6880,0.0001,47
6881,0.0001,3404
6882,0.0001,155
6883,0.0001,77
6884,0.0001,0
6885,0.0001,82
6886,0.0001,217
6887,0.0001,793
6888,0.0001,2437
6889,0.0001,0
6890,0.0001,612
6891,0.0001,108
6892,0.0001,160
6893,0.0001,247
6894,0.0001,759
6895,0.0001,774
6896,0.0001,23
6897,0.0001,1465
6898,0.0001,735
6899,0.0001,712
6900,0.0001,62
6901,0.0001,186
6902,0.0001,1571
6903,0.0001,229
6904,0.0001,1498
6905,0.0001,614
6906,0.0001,16
6907,0.0001,0
6908,0.0001,62
6909,0.0001,186
6910,0.0001,1700
6911,0.0001,62
6912,0.0001,0
6913,0.0001,2991
6914,0.0001,745
6915,0.0001,216
6916,0.0001,195
6917,0.0001,930
6918,0.0001,289
6919,0.0001,878
6920,0.0001,3257
6921,0.0001,131
6922,0.0001,3462
6923,0.0001,862
6924,0.0001,0
6925,0.0001,236
6926,0.0001,890
6927,0.0001,3121
6928,0.0001,3198
6929,0.0001,119
6930,0.0001,1628
6931,0.0001,306
6932,0.0001,46
6933,0.0001,232
6934,0.0001,983
6935,0.0001,665
6936,0.0001,139
6937,0.0001,0
6938,0.0001,47
6939,0.0001,659
6940,0.0001,154
6941,0.0001,806
6942,0.0001,78
6943,0.0001,226
6944,0.0001,0
6945,0.0001,1244
6946,0.0001,62
6947,0.0001,85
6948,0.0001,927
6949,0.0001,845
6950,0.0001,709
6951,0.0001,980
6952,0.0001,90
6953,0.0001,961
6954,0.0001,216
6955,0.0001,124
6956,0.0001,62
6957,0.0001,185
6958,0.0001,1193
6959,0.0001,2062
6960,0.0001,925
6961,0.0001,745
6962,0.0001,232
6963,0.0001,47
6964,0.0001,77
6965,0.0001,23
6966,0.0001,62
6967,0.0001,768
6968,0.0001,959
6969,0.0001,0
6970,0.0001,62
6971,0.0001,108
6972,0.0001,108
6973,0.0001,1572
6974,0.0001,62
6975,0.0001,192
6976,0.0001,139
6977,0.0001,117
6978,0.0001,124
6979,0.0001,62
6980,0.0001,77
6981,0.0001,90
6982,0.0001,200
6983,0.0001,689
6984,0.0001,259
6985,0.0001,1639
6986,0.0001,0
6987,0.0001,191
6988,0.0001,788
6989,0.0001,77
6990,0.0001,804
6991,0.0001,117
6992,0.0001,1214
6993,0.0001,110
6994,0.0001,1206
6995,0.0001,666
6996,0.0001,108
6997,0.0001,108
6998,0.0001,922
6999,0.0001,159
7000,0.0001,2352
7001,0.0001,165
7002,0.0001,351
7003,0.0001,54
7004,0.0001,1980
7005,0.0001,77
7006,0.0001,62
7007,0.0001,0
7008,0.0001,0
7009,0.0001,4420
7010,0.0001,85
7011,0.0001,44
7012,0.0001,31
7013,0.0001,1507
7014,0.0001,63
7015,0.0001,3232
7016,0.0001,62
7017,0.0001,31
7018,0.0001,262
7019,0.0001,705
7020,0.0001,877
7021,0.0001,0
7022,0.0001,46
7023,0.0001,125
7024,0.0001,103
7025,0.0001,3268
7026,0.0001,157
7027,0.0001,247
7028,0.0001,47
7029,0.0001,16
7030,0.0001,2291
7031,0.0001,1249
7032,0.0001,0
7033,0.0001,819
7034,0.0001,24
7035,0.0001,1289
7036,0.0001,1473
7037,0.0001,0
7038,0.0001,834
7039,0.0001,85
7040,0.0001,171
7041,0.0001,31
7042,0.0001,118
7043,0.0001,162
7044,0.0001,46
7045,0.0001,31
7046,0.0001,286
7047,0.0001,46
7048,0.0001,2402
7049,0.0001,872
7050,0.0001,879
7051,0.0001,93
7052,0.0001,774
7053,0.0001,3246
7054,0.0001,31
7055,0.0001,1518
7056,0.0001,728
7057,0.0001,892
7058,0.0001,791
7059,0.0001,1844
7060,0.0001,47
7061,0.0001,1762
7062,0.0001,766
7063,0.0001,138
7064,0.0001,1630
7065,0.0001,62
7066,0.0001,108
7067,0.0001,1916
7068,0.0001,0
7069,0.0001,154
7070,0.0001,47
7071,0.0001,816
7072,0.0001,0
7073,0.0001,84
7074,0.0001,837
7075,0.0001,170
7076,0.0001,225
7077,0.0001,127
7078,0.0001,31
7079,0.0001,1770
7080,0.0001,47
7081,0.0001,0
7082,0.0001,1690
7083,0.0001,768
7084,0.0001,155
7085,0.0001,124
7086,0.0001,4255
7087,0.0001,62
7088,0.0001,5069
7089,0.0001,239
7090,0.0001,861
7091,0.0001,154
7092,0.0001,791
7093,0.0001,660
7094,0.0001,46
7095,0.0001,268
7096,0.0001,23
7097,0.0001,894
7098,0.0001,139
7099,0.0001,32
7100,0.0001,0
7101,0.0001,93
7102,0.0001,2266
7103,0.0001,2463
7104,0.0001,46
7105,0.0001,82
7106,0.0001,1562
7107,0.0001,62
7108,0.0001,2664
7109,0.0001,801
7110,0.0001,1582
7111,0.0001,268
7112,0.0001,171
7113,0.0001,131
7114,0.0001,720
7115,0.0001,193
7116,0.0001,106
7117,0.0001,618
7118,0.0001,139
7119,0.0001,2210
7120,0.0001,77
7121,0.0001,863
7122,0.0001,0
7123,0.0001,1752
7124,0.0001,3076
7125,0.0001,0
7126,0.0001,1539
7127,0.0001,171
7128,0.0001,850
7129,0.0001,1634
7130,0.0001,62
7131,0.0001,817
7132,0.0001,965
7133,0.0001,69
7134,0.0001,1479
7135,0.0001,167
7136,0.0001,23
7137,0.0001,47
7138,0.0001,0
7139,0.0001,0
7140,0.0001,986
7141,0.0001,2794
7142,0.0001,1724
7143,0.0001,155
7144,0.0001,757
7145,0.0001,77
7146,0.0001,1503
7147,0.0001,965
7148,0.0001,976
7149,0.0001,0
7150,0.0001,139
7151,0.0001,208
7152,0.0001,1569
7153,0.0001,94
7154,0.0001,897
7155,0.0001,1565
7156,0.0001,856
7157,0.0001,2925
7158,0.0001,234
7159,0.0001,154
7160,0.0001,24
7161,0.0001,123
7162,0.0001,3819
7163,0.0001,77
7164,0.0001,139
7165,0.0001,129
7166,0.0001,751
7167,0.0001,979
7168,0.0001,1722
7169,0.0001,123
7170,0.0001,62
7171,0.0001,1621
7172,0.0001,643
7173,0.0001,217
7174,0.0001,0
7175,0.0001,93
7176,0.0001,23
7177,0.0001,211
7178,0.0001,62
7179,0.0001,0
7180,0.0001,239
7181,0.0001,1759
7182,0.0001,784
7183,0.0001,0
7184,0.0001,782
7185,0.0001,171
7186,0.0001,1636
7187,0.0001,252
7188,0.0001,93
7189,0.0001,861
7190,0.0001,185
7191,0.0001,155
7192,0.0001,31
7193,0.0001,62
7194,0.0001,272
7195,0.0001,140
7196,0.0001,817
7197,0.0001,62
7198,0.0001,1628
7199,0.0001,190
7200,0.0001,728
7201,0.0001,141
7202,0.0001,786
7203,0.0001,830
7204,0.0001,1493
7205,0.0001,47
7206,0.0001,2579
7207,0.0001,318
7208,0.0001,150
7209,0.0001,165
7210,0.0001,0
7211,0.0001,0
7212,0.0001,830
7213,0.0001,0
7214,0.0001,62
7215,0.0001,1236
7216,0.0001,907
7217,0.0001,0
7218,0.0001,984
7219,0.0001,149
7220,0.0001,1597
7221,0.0001,125
7222,0.0001,1843
7223,0.0001,3581
7224,0.0001,0
7225,0.0001,46
7226,0.0001,123
7227,0.0001,0
7228,0.0001,202
7229,0.0001,1869
7230,0.0001,1757
7231,0.0001,159
7232,0.0001,866
7233,0.0001,207
7234,0.0001,62
7235,0.0001,31
7236,0.0001,64
7237,0.0001,31
7238,0.0001,838
7239,0.0001,0
7240,0.0001,284
7241,0.0001,169
7242,0.0001,201
7243,0.0001,1025
7244,0.0001,1480
7245,0.0001,993
7246,0.0001,93
7247,0.0001,224
7248,0.0001,129
7249,0.0001,294
7250,0.0001,1572
7251,0.0001,737
7252,0.0001,23
7253,0.0001,647
7254,0.0001,2413
7255,0.0001,134
7256,0.0001,711
7257,0.0001,217
7258,0.0001,3165
7259,0.0001,23
7260,0.0001,155
7261,0.0001,144
7262,0.0001,0
7263,0.0001,0
7264,0.0001,3124
7265,0.0001,62
7266,0.0001,0
7267,0.0001,124
7268,0.0001,221
7269,0.0001,46
7270,0.0001,801
7271,0.0001,178
7272,0.0001,85
7273,0.0001,1625
7274,0.0001,282
7275,0.0001,0
7276,0.0001,47
7277,0.0001,291
7278,0.0001,144
7279,0.0001,62
7280,0.0001,1638
7281,0.0001,16
7282,0.0001,23
7283,0.0001,1089
7284,0.0001,1584
7285,0.0001,267
7286,0.0001,108
7287,0.0001,2959
7288,0.0001,191
7289,0.0001,139
7290,0.0001,169
7291,0.0001,93
7292,0.0001,16
7293,0.0001,72
7294,0.0001,1786
7295,0.0001,369
7296,0.0001,108
7297,0.0001,1609
7298,0.0001,707
7299,0.0001,62
7300,0.0001,958
7301,0.0001,143
7302,0.0001,108
7303,0.0001,231
7304,0.0001,39
7305,0.0001,848
7306,0.0001,264
7307,0.0001,704
7308,0.0001,694
7309,0.0001,715
7310,0.0001,722
7311,0.0001,643
7312,0.0001,264
7313,0.0001,807
7314,0.0001,31
7315,0.0001,62
7316,0.0001,62
7317,0.0001,1007
7318,0.0001,0
7319,0.0001,806
7320,0.0001,738
7321,0.0001,82
7322,0.0001,134
7323,0.0001,1505
7324,0.0001,0
7325,0.0001,108
7326,0.0001,635
7327,0.0001,1158
7328,0.0001,1680
7329,0.0001,155
7330,0.0001,93
7331,0.0001,125
7332,0.0001,894
7333,0.0001,628
7334,0.0001,93
7335,0.0001,1628
7336,0.0001,1634
7337,0.0001,3480
7338,0.0001,770
7339,0.0001,62
7340,0.0001,1545
7341,0.0001,93
7342,0.0001,201
7343,0.0001,1569
7344,0.0001,46
7345,0.0001,878
7346,0.0001,78
7347,0.0001,16
7348,0.0001,676
7349,0.0001,1548
7350,0.0001,186
7351,0.0001,861
7352,0.0001,931
7353,0.0001,797
7354,0.0001,46
7355,0.0001,113
7356,0.0001,79
7357,0.0001,46
7358,0.0001,862
7359,0.0001,85
7360,0.0001,92
7361,0.0001,817
7362,0.0001,113
7363,0.0001,1572
7364,0.0001,93
7365,0.0001,108
7366,0.0001,79
7367,0.0001,77
7368,0.0001,54
7369,0.0001,77
7370,0.0001,185
7371,0.0001,16
7372,0.0001,1055
7373,0.0001,116
7374,0.0001,1636
7375,0.0001,0
7376,0.0001,968
7377,0.0001,62
7378,0.0001,825
7379,0.0001,98
7380,0.0001,869
7381,0.0001,62
7382,0.0001,16
7383,0.0001,887
7384,0.0001,46
7385,0.0001,913
7386,0.0001,922
7387,0.0001,909
7388,0.0001,841
7389,0.0001,765
7390,0.0001,133
7391,0.0001,147
7392,0.0001,164
7393,0.0001,0
7394,0.0001,62
7395,0.0001,62
7396,0.0001,1031
7397,0.0001,46
7398,0.0001,932
7399,0.0001,0
7400,0.0001,896
7401,0.0001,124
7402,0.0001,937
7403,0.0001,618
7404,0.0001,92
7405,0.0001,3499
7406,0.0001,62
7407,0.0001,101
7408,0.0001,86
7409,0.0001,47
7410,0.0001,635
7411,0.0001,3032
7412,0.0001,150
7413,0.0001,4532
7414,0.0001,145
7415,0.0001,93
7416,0.0001,250
7417,0.0001,834
7418,0.0001,2315
7419,0.0001,1799
7420,0.0001,923
7421,0.0001,16
7422,0.0001,706
7423,0.0001,1692
7424,0.0001,1488
7425,0.0001,86
7426,0.0001,31
7427,0.0001,203
7428,0.0001,216
7429,0.0001,62
7430,0.0001,2545
7431,0.0001,54
7432,0.0001,31
7433,0.0001,108
7434,0.0001,770
7435,0.0001,1163
7436,0.0001,46
7437,0.0001,2346
7438,0.0001,108
7439,0.0001,1493
7440,0.0001,0
7441,0.0001,85
7442,0.0001,309
7443,0.0001,853
7444,0.0001,100
7445,0.0001,825
7446,0.0001,1488
7447,0.0001,1973
7448,0.0001,0
7449,0.0001,907
7450,0.0001,2635
7451,0.0001,2477
7452,0.0001,62
7453,0.0001,101
7454,0.0001,129
7455,0.0001,2306
7456,0.0001,0
7457,0.0001,16
7458,0.0001,180
7459,0.0001,78
7460,0.0001,31
7461,0.0001,62
7462,0.0001,704
7463,0.0001,1086
7464,0.0001,47
7465,0.0001,0
7466,0.0001,1775
7467,0.0001,234
7468,0.0001,0
7469,0.0001,216
7470,0.0001,189
7471,0.0001,1084
7472,0.0001,614
7473,0.0001,63
7474,0.0001,1721
7475,0.0001,31
7476,0.0001,3328
7477,0.0001,108
7478,0.0001,100
7479,0.0001,71
7480,0.0001,945
7481,0.0001,2383
7482,0.0001,0
7483,0.0001,0
7484,0.0001,922
7485,0.0001,77
7486,0.0001,163
7487,0.0001,124
7488,0.0001,125
7489,0.0001,1831
7490,0.0001,31
7491,0.0001,1575
7492,0.0001,3247
7493,0.0001,70
7494,0.0001,62
7495,0.0001,144
7496,0.0001,185
7497,0.0001,47
7498,0.0001,124
7499,0.0001,1392
7500,0.0001,1008
7501,0.0001,108
7502,0.0001,963
7503,0.0001,790
7504,0.0001,1007
7505,0.0001,971
7506,0.0001,31
7507,0.0001,1605
7508,0.0001,0
7509,0.0001,39
7510,0.0001,336
7511,0.0001,108
7512,0.0001,1916
7513,0.0001,164
7514,0.0001,139
7515,0.0001,1624
7516,0.0001,955
7517,0.0001,145
7518,0.0001,3522
7519,0.0001,751
7520,0.0001,54
7521,0.0001,124
7522,0.0001,893
7523,0.0001,0
7524,0.0001,919
7525,0.0001,62
7526,0.0001,109
7527,0.0001,155
7528,0.0001,92
7529,0.0001,819
7530,0.0001,1026
7531,0.0001,2438
7532,0.0001,149
7533,0.0001,93
7534,0.0001,3923
7535,0.0001,62
7536,0.0001,62
7537,0.0001,62
7538,0.0001,149
7539,0.0001,180
7540,0.0001,85
7541,0.0001,1429
7542,0.0001,2031
7543,0.0001,123
7544,0.0001,47
7545,0.0001,134
7546,0.0001,1182
7547,0.0001,41
7548,0.0001,139
7549,0.0001,160
7550,0.0001,1421
7551,0.0001,62
7552,0.0001,1542
7553,0.0001,100
7554,0.0001,42
7555,0.0001,62
7556,0.0001,720
7557,0.0001,78
7558,0.0001,814
7559,0.0001,201
7560,0.0001,228
7561,0.0001,931
7562,0.0001,752
7563,0.0001,889
7564,0.0001,1422
7565,0.0001,871
7566,0.0001,1558
7567,0.0001,822
7568,0.0001,23
7569,0.0001,82
7570,0.0001,1129
7571,0.0001,1051
7572,0.0001,848
7573,0.0001,1803
7574,0.0001,124
7575,0.0001,77
7576,0.0001,123
7577,0.0001,188
7578,0.0001,23
7579,0.0001,155
7580,0.0001,196
7581,0.0001,54
7582,0.0001,46
7583,0.0001,896
7584,0.0001,46
7585,0.0001,917
7586,0.0001,108
7587,0.0001,139
7588,0.0001,108
7589,0.0001,124
7590,0.0001,62
7591,0.0001,827
7592,0.0001,977
7593,0.0001,62
7594,0.0001,1045
7595,0.0001,137
7596,0.0001,123
7597,0.0001,139
7598,0.0001,46
7599,0.0001,782
7600,0.0001,990
7601,0.0001,706
7602,0.0001,62
7603,0.0001,108
7604,0.0001,1674
7605,0.0001,54
7606,0.0001,141
7607,0.0001,123
7608,0.0001,218
7609,0.0001,3065
7610,0.0001,31
7611,0.0001,160
7612,0.0001,1697
7613,0.0001,73
7614,0.0001,958
7615,0.0001,203
7616,0.0001,853
7617,0.0001,992
7618,0.0001,612
7619,0.0001,93
7620,0.0001,31
7621,0.0001,0
7622,0.0001,4097
7623,0.0001,877
7624,0.0001,279
7625,0.0001,1431
7626,0.0001,70
7627,0.0001,0
7628,0.0001,4025
7629,0.0001,1432
7630,0.0001,159
7631,0.0001,47
7632,0.0001,46
7633,0.0001,616
7634,0.0001,618
7635,0.0001,679
7636,0.0001,239
7637,0.0001,155
7638,0.0001,896
7639,0.0001,123
7640,0.0001,62
7641,0.0001,62
7642,0.0001,703
7643,0.0001,853
7644,0.0001,0
7645,0.0001,63
7646,0.0001,763
7647,0.0001,981
7648,0.0001,949
7649,0.0001,0
7650,0.0001,932
7651,0.0001,3323
7652,0.0001,62
7653,0.0001,62
7654,0.0001,716
7655,0.0001,113
7656,0.0001,16
7657,0.0001,77
7658,0.0001,108
7659,0.0001,3237
7660,0.0001,124
7661,0.0001,47
7662,0.0001,782
7663,0.0001,165
7664,0.0001,108
7665,0.0001,1348
7666,0.0001,162
7667,0.0001,0
7668,0.0001,203
7669,0.0001,860
7670,0.0001,123
7671,0.0001,817
7672,0.0001,819
7673,0.0001,23
7674,0.0001,2535
7675,0.0001,190
7676,0.0001,77
7677,0.0001,62
7678,0.0001,852
7679,0.0001,1612
7680,0.0001,789
7681,0.0001,85
7682,0.0001,1411
7683,0.0001,145
7684,0.0001,62
7685,0.0001,16
7686,0.0001,181
7687,0.0001,129
7688,0.0001,267
7689,0.0001,0
7690,0.0001,1605
7691,0.0001,70
7692,0.0001,652
7693,0.0001,1429
7694,0.0001,123
7695,0.0001,109
7696,0.0001,108
7697,0.0001,139
7698,0.0001,861
7699,0.0001,62
7700,0.0001,23
7701,0.0001,1060
7702,0.0001,31
7703,0.0001,814
7704,0.0001,814
7705,0.0001,155
7706,0.0001,85
7707,0.0001,1078
7708,0.0001,206
7709,0.0001,1611
7710,0.0001,193
7711,0.0001,70
7712,0.0001,62
7713,0.0001,69
7714,0.0001,658
7715,0.0001,186
7716,0.0001,799
7717,0.0001,640
7718,0.0001,16
7719,0.0001,660
7720,0.0001,891
7721,0.0001,1163
7722,0.0001,1679
7723,0.0001,1677
7724,0.0001,947
7725,0.0001,3756
7726,0.0001,177
7727,0.0001,1567
7728,0.0001,857
7729,0.0001,1000
7730,0.0001,938
7731,0.0001,0
7732,0.0001,0
7733,0.0001,874
7734,0.0001,963
7735,0.0001,139
7736,0.0001,129
7737,0.0001,824
7738,0.0001,2428
7739,0.0001,862
7740,0.0001,2271
7741,0.0001,884
7742,0.0001,31
7743,0.0001,144
7744,0.0001,109
7745,0.0001,991
7746,0.0001,186
7747,0.0001,0
7748,0.0001,845
7749,0.0001,1187
7750,0.0001,959
7751,0.0001,47
7752,0.0001,83
7753,0.0001,116
7754,0.0001,139
7755,0.0001,131
7756,0.0001,31
7757,0.0001,139
7758,0.0001,62
7759,0.0001,925
7760,0.0001,2625
7761,0.0001,109
7762,0.0001,151
7763,0.0001,169
7764,0.0001,196
7765,0.0001,92
7766,0.0001,845
7767,0.0001,208
7768,0.0001,891
7769,0.0001,62
7770,0.0001,190
7771,0.0001,93
7772,0.0001,171
7773,0.0001,304
7774,0.0001,285
7775,0.0001,0
7776,0.0001,149
7777,0.0001,1728
7778,0.0001,892
7779,0.0001,1458
7780,0.0001,176
7781,0.0001,793
7782,0.0001,108
7783,0.0001,212
7784,0.0001,165
7785,0.0001,47
7786,0.0001,16
7787,0.0001,155
7788,0.0001,843
7789,0.0001,2382
7790,0.0001,1566
7791,0.0001,86
7792,0.0001,151
7793,0.0001,123
7794,0.0001,155
7795,0.0001,62
7796,0.0001,159
7797,0.0001,62
7798,0.0001,154
7799,0.0001,834
7800,0.0001,1508
7801,0.0001,155
7802,0.0001,953
7803,0.0001,93
7804,0.0001,23
7805,0.0001,1751
7806,0.0001,871
7807,0.0001,4063
7808,0.0001,41
7809,0.0001,817
7810,0.0001,62
7811,0.0001,0
7812,0.0001,814
7813,0.0001,154
7814,0.0001,125
7815,0.0001,0
7816,0.0001,0
7817,0.0001,176
7818,0.0001,46
7819,0.0001,46
7820,0.0001,144
7821,0.0001,39
7822,0.0001,130
7823,0.0001,71
7824,0.0001,47
7825,0.0001,3520
7826,0.0001,0
7827,0.0001,140
7828,0.0001,768
7829,0.0001,1434
7830,0.0001,159
7831,0.0001,789
7832,0.0001,186
7833,0.0001,2396
7834,0.0001,139
7835,0.0001,830
7836,0.0001,155
7837,0.0001,0
7838,0.0001,75
7839,0.0001,124
7840,0.0001,730
7841,0.0001,1882
7842,0.0001,956
7843,0.0001,105
7844,0.0001,1590
7845,0.0001,62
7846,0.0001,154
7847,0.0001,3165
7848,0.0001,792
7849,0.0001,62
7850,0.0001,252
7851,0.0001,3491
7852,0.0001,21
7853,0.0001,917
7854,0.0001,108
7855,0.0001,846
7856,0.0001,928
7857,0.0001,842
7858,0.0001,228
7859,0.0001,1824
7860,0.0001,31
7861,0.0001,1549
7862,0.0001,77
7863,0.0001,4338
7864,0.0001,830
7865,0.0001,123
7866,0.0001,46
7867,0.0001,139
7868,0.0001,1731
7869,0.0001,702
7870,0.0001,965
7871,0.0001,86
7872,0.0001,31
7873,0.0001,46
7874,0.0001,77
7875,0.0001,2235
7876,0.0001,172
7877,0.0001,23
7878,0.0001,100
7879,0.0001,153
7880,0.0001,154
7881,0.0001,1765
7882,0.0001,1561
7883,0.0001,323
7884,0.0001,1212
7885,0.0001,170
7886,0.0001,815
7887,0.0001,862
7888,0.0001,2210
7889,0.0001,863
7890,0.0001,82
7891,0.0001,878
7892,0.0001,92
7893,0.0001,770
7894,0.0001,108
7895,0.0001,21
7896,0.0001,0
7897,0.0001,911
7898,0.0001,236
7899,0.0001,884
7900,0.0001,884
7901,0.0001,3265
7902,0.0001,674
7903,0.0001,31
7904,0.0001,0
7905,0.0001,1664
7906,0.0001,85
7907,0.0001,96
7908,0.0001,804
7909,0.0001,63
7910,0.0001,4318
7911,0.0001,800
7912,0.0001,131
7913,0.0001,0
7914,0.0001,772
7915,0.0001,57
7916,0.0001,23
7917,0.0001,183
7918,0.0001,925
7919,0.0001,804
7920,0.0001,1513
7921,0.0001,1086
7922,0.0001,212
7923,0.0001,832
7924,0.0001,1063
7925,0.0001,162
7926,0.0001,801
7927,0.0001,1076
7928,0.0001,790
7929,0.0001,147
7930,0.0001,768
7931,0.0001,267
7932,0.0001,0
7933,0.0001,1644
7934,0.0001,100
7935,0.0001,165
7936,0.0001,92
7937,0.0001,0
7938,0.0001,62
7939,0.0001,852
7940,0.0001,78
7941,0.0001,2766
7942,0.0001,94
7943,0.0001,645
7944,0.0001,124
7945,0.0001,1572
7946,0.0001,83
7947,0.0001,3123
7948,0.0001,145
7949,0.0001,897
7950,0.0001,207
7951,0.0001,47
7952,0.0001,47
7953,0.0001,100
7954,0.0001,110
7955,0.0001,54
7956,0.0001,220
7957,0.0001,186
7958,0.0001,3124
7959,0.0001,155
7960,0.0001,2377
7961,0.0001,31
7962,0.0001,123
7963,0.0001,62
7964,0.0001,47
7965,0.0001,121
7966,0.0001,82
7967,0.0001,152
7968,0.0001,2286
7969,0.0001,1711
7970,0.0001,1255
7971,0.0001,266
7972,0.0001,46
7973,0.0001,77
7974,0.0001,16
7975,0.0001,4563
7976,0.0001,837
7977,0.0001,807
7978,0.0001,791
7979,0.0001,119
7980,0.0001,849
7981,0.0001,82
7982,0.0001,140
7983,0.0001,715
7984,0.0001,139
7985,0.0001,271
7986,0.0001,47
7987,0.0001,1571
7988,0.0001,836
7989,0.0001,768
7990,0.0001,245
7991,0.0001,137
7992,0.0001,123
7993,0.0001,0
7994,0.0001,866
7995,0.0001,62
7996,0.0001,1133
7997,0.0001,31
7998,0.0001,863
7999,0.0001,0
8000,0.0001,658
8001,0.0001,200
8002,0.0001,0
8003,0.0001,815
8004,0.0001,899
8005,0.0001,62
8006,0.0001,123
8007,0.0001,861
8008,0.0001,0
8009,0.0001,184
8010,0.0001,0
8011,0.0001,128
8012,0.0001,2911
8013,0.0001,82
8014,0.0001,929
8015,0.0001,1012
8016,0.0001,123
8017,0.0001,108
8018,0.0001,85
8019,0.0001,738
8020,0.0001,774
8021,0.0001,135
8022,0.0001,3253
8023,0.0001,62
8024,0.0001,23
8025,0.0001,676
8026,0.0001,93
8027,0.0001,788
8028,0.0001,1552
8029,0.0001,32
8030,0.0001,704
8031,0.0001,16
8032,0.0001,109
8033,0.0001,111
8034,0.0001,2849
8035,0.0001,54
8036,0.0001,145
8037,0.0001,125
8038,0.0001,201
8039,0.0001,78
8040,0.0001,1056
8041,0.0001,31
8042,0.0001,0
8043,0.0001,0
8044,0.0001,612
8045,0.0001,645
8046,0.0001,123
8047,0.0001,877
8048,0.0001,78
8049,0.0001,101
8050,0.0001,98
8051,0.0001,62
8052,0.0001,770
8053,0.0001,1727
8054,0.0001,806
8055,0.0001,1132
8056,0.0001,3462
8057,0.0001,1585
8058,0.0001,1468
8059,0.0001,54
8060,0.0001,1105
8061,0.0001,635
8062,0.0001,1601
8063,0.0001,222
8064,0.0001,195
8065,0.0001,62
8066,0.0001,62
8067,0.0001,227
8068,0.0001,840
8069,0.0001,93
8070,0.0001,897
8071,0.0001,702
8072,0.0001,895
8073,0.0001,47
8074,0.0001,891
8075,0.0001,216
8076,0.0001,660
8077,0.0001,185
8078,0.0001,69
8079,0.0001,783
8080,0.0001,62
8081,0.0001,116
8082,0.0001,979
8083,0.0001,140
8084,0.0001,118
8085,0.0001,1380
8086,0.0001,82
8087,0.0001,41
8088,0.0001,0
8089,0.0001,140
8090,0.0001,3219
8091,0.0001,16
8092,0.0001,116
8093,0.0001,123
8094,0.0001,16
8095,0.0001,146
8096,0.0001,919
8097,0.0001,78
8098,0.0001,814
8099,0.0001,912
8100,0.0001,2280
8101,0.0001,185
8102,0.0001,797
8103,0.0001,146
8104,0.0001,3954
8105,0.0001,202
8106,0.0001,62
8107,0.0001,0
8108,0.0001,861
8109,0.0001,77
8110,0.0001,82
8111,0.0001,419
8112,0.0001,1612
8113,0.0001,92
8114,0.0001,862
8115,0.0001,773
8116,0.0001,146
8117,0.0001,182
8118,0.0001,0
8119,0.0001,237
8120,0.0001,70
8121,0.0001,101
8122,0.0001,170
8123,0.0001,62
8124,0.0001,1680
8125,0.0001,1624
8126,0.0001,1089
8127,0.0001,288
8128,0.0001,2348
8129,0.0001,123
8130,0.0001,23
8131,0.0001,178
8132,0.0001,47
8133,0.0001,0
8134,0.0001,226
8135,0.0001,156
8136,0.0001,2431
8137,0.0001,3385
8138,0.0001,176
8139,0.0001,52
8140,0.0001,94
8141,0.0001,786
8142,0.0001,871
8143,0.0001,1024
8144,0.0001,0
8145,0.0001,78
8146,0.0001,915
8147,0.0001,0
8148,0.0001,77
8149,0.0001,75
8150,0.0001,2148
8151,0.0001,1592
8152,0.0001,1636
8153,0.0001,62
8154,0.0001,39
8155,0.0001,175
8156,0.0001,955
8157,0.0001,953
8158,0.0001,842
8159,0.0001,917
8160,0.0001,278
8161,0.0001,898
8162,0.0001,31
8163,0.0001,991
8164,0.0001,1087
8165,0.0001,47
8166,0.0001,85
8167,0.0001,843
8168,0.0001,922
8169,0.0001,771
8170,0.0001,930
8171,0.0001,777
8172,0.0001,147
8173,0.0001,842
8174,0.0001,110
8175,0.0001,247
8176,0.0001,135
8177,0.0001,1030
8178,0.0001,171
8179,0.0001,215
8180,0.0001,230
8181,0.0001,775
8182,0.0001,850
8183,0.0001,46
8184,0.0001,83
8185,0.0001,155
8186,0.0001,31
8187,0.0001,862
8188,0.0001,77
8189,0.0001,0
8190,0.0001,0
8191,0.0001,768
8192,0.0001,2319
8193,0.0001,858
8194,0.0001,817
8195,0.0001,116
8196,0.0001,879
8197,0.0001,2814
8198,0.0001,77
8199,0.0001,62
8200,0.0001,712
8201,0.0001,206
8202,0.0001,39
8203,0.0001,902
8204,0.0001,2269
8205,0.0001,3502
8206,0.0001,2350
8207,0.0001,47
8208,0.0001,954
8209,0.0001,113
8210,0.0001,124
8211,0.0001,185
8212,0.0001,16
8213,0.0001,293
8214,0.0001,62
8215,0.0001,139
8216,0.0001,0
8217,0.0001,31
8218,0.0001,799
8219,0.0001,93
8220,0.0001,78
8221,0.0001,31
8222,0.0001,0
8223,0.0001,1519
8224,0.0001,23
8225,0.0001,185
8226,0.0001,820
8227,0.0001,751
8228,0.0001,722
8229,0.0001,984
8230,0.0001,16
8231,0.0001,861
8232,0.0001,108
8233,0.0001,0
8234,0.0001,54
8235,0.0001,46
8236,0.0001,708
8237,0.0001,62
8238,0.0001,0
8239,0.0001,1063
8240,0.0001,1447
8241,0.0001,88
8242,0.0001,3034
8243,0.0001,1490
8244,0.0001,62
8245,0.0001,139
8246,0.0001,3813
8247,0.0001,23
8248,0.0001,247
8249,0.0001,187
8250,0.0001,819
8251,0.0001,2386
8252,0.0001,767
8253,0.0001,31
8254,0.0001,1567
8255,0.0001,92
8256,0.0001,31
8257,0.0001,94
8258,0.0001,125
8259,0.0001,1016
8260,0.0001,751
8261,0.0001,108
8262,0.0001,62
8263,0.0001,46
8264,0.0001,877
8265,0.0001,185
8266,0.0001,82
8267,0.0001,46
8268,0.0001,62
8269,0.0001,62
8270,0.0001,16
8271,0.0001,139
8272,0.0001,1462
8273,0.0001,1066
8274,0.0001,940
8275,0.0001,872
8276,0.0001,166
8277,0.0001,41
8278,0.0001,943
8279,0.0001,0
8280,0.0001,1623
8281,0.0001,768
8282,0.0001,751
8283,0.0001,85
8284,0.0001,124
8285,0.0001,109
8286,0.0001,912
8287,0.0001,131
8288,0.0001,799
8289,0.0001,1328
8290,0.0001,2458
8291,0.0001,693
8292,0.0001,4071
8293,0.0001,39
8294,0.0001,39
8295,0.0001,1577
8296,0.0001,824
8297,0.0001,154
8298,0.0001,891
8299,0.0001,0
8300,0.0001,31
8301,0.0001,47
8302,0.0001,92
8303,0.0001,1080
8304,0.0001,16
8305,0.0001,124
8306,0.0001,171
8307,0.0001,94
8308,0.0001,1124
8309,0.0001,0
8310,0.0001,101
8311,0.0001,2200
8312,0.0001,960
8313,0.0001,768
8314,0.0001,92
8315,0.0001,62
8316,0.0001,891
8317,0.0001,92
8318,0.0001,939
8319,0.0001,811
8320,0.0001,185
8321,0.0001,980
8322,0.0001,0
8323,0.0001,768
8324,0.0001,32
8325,0.0001,3379
8326,0.0001,0
8327,0.0001,70
8328,0.0001,1131
8329,0.0001,119
8330,0.0001,124
8331,0.0001,147
8332,0.0001,110
8333,0.0001,848
8334,0.0001,124
8335,0.0001,124
8336,0.0001,1017
8337,0.0001,16
8338,0.0001,710
8339,0.0001,123
8340,0.0001,2329
8341,0.0001,144
8342,0.0001,729
8343,0.0001,0
8344,0.0001,1797
8345,0.0001,179
8346,0.0001,894
8347,0.0001,689
8348,0.0001,1224
8349,0.0001,1576
8350,0.0001,2586
8351,0.0001,77
8352,0.0001,46
8353,0.0001,144
8354,0.0001,853
8355,0.0001,2278
8356,0.0001,219
8357,0.0001,108
8358,0.0001,31
8359,0.0001,1695
8360,0.0001,146
8361,0.0001,400
8362,0.0001,46
8363,0.0001,845
8364,0.0001,102
8365,0.0001,197
8366,0.0001,187
8367,0.0001,31
8368,0.0001,190
8369,0.0001,0
8370,0.0001,1137
8371,0.0001,103
8372,0.0001,4150
8373,0.0001,62
8374,0.0001,46
8375,0.0001,123
8376,0.0001,773
8377,0.0001,47
8378,0.0001,31
8379,0.0001,171
8380,0.0001,837
8381,0.0001,16
8382,0.0001,47
8383,0.0001,883
8384,0.0001,853
8385,0.0001,125
8386,0.0001,116
8387,0.0001,167
8388,0.0001,2375
8389,0.0001,77
8390,0.0001,108
8391,0.0001,292
8392,0.0001,108
8393,0.0001,202
8394,0.0001,216
8395,0.0001,865
8396,0.0001,46
8397,0.0001,2338
8398,0.0001,108
8399,0.0001,0
8400,0.0001,190
8401,0.0001,971
8402,0.0001,3250
8403,0.0001,186
8404,0.0001,0
8405,0.0001,838
8406,0.0001,1477
8407,0.0001,1440
8408,0.0001,724
8409,0.0001,3276
8410,0.0001,31
8411,0.0001,229
8412,0.0001,848
8413,0.0001,108
8414,0.0001,52
8415,0.0001,62
8416,0.0001,640
8417,0.0001,879
8418,0.0001,1503
8419,0.0001,108
8420,0.0001,875
8421,0.0001,750
8422,0.0001,46
8423,0.0001,4267
8424,0.0001,1749
8425,0.0001,31
8426,0.0001,908
8427,0.0001,124
8428,0.0001,154
8429,0.0001,628
8430,0.0001,185
8431,0.0001,154
8432,0.0001,1646
8433,0.0001,62
8434,0.0001,0
8435,0.0001,23
8436,0.0001,62
8437,0.0001,0
8438,0.0001,4459
8439,0.0001,62
8440,0.0001,751
8441,0.0001,139
8442,0.0001,612
8443,0.0001,1778
8444,0.0001,31
8445,0.0001,31
8446,0.0001,863
8447,0.0001,768
8448,0.0001,399
8449,0.0001,160
8450,0.0001,1651
8451,0.0001,0
8452,0.0001,0
8453,0.0001,264
8454,0.0001,186
8455,0.0001,47
8456,0.0001,104
8457,0.0001,876
8458,0.0001,2189
8459,0.0001,1462
8460,0.0001,77
8461,0.0001,848
8462,0.0001,129
8463,0.0001,770
8464,0.0001,108
8465,0.0001,62
8466,0.0001,660
8467,0.0001,1781
8468,0.0001,1659
8469,0.0001,139
8470,0.0001,139
8471,0.0001,93
8472,0.0001,209
8473,0.0001,649
8474,0.0001,1542
8475,0.0001,123
8476,0.0001,46
8477,0.0001,140
8478,0.0001,78
8479,0.0001,873
8480,0.0001,124
8481,0.0001,1067
8482,0.0001,0
8483,0.0001,108
8484,0.0001,62
8485,0.0001,832
8486,0.0001,834
8487,0.0001,2528
8488,0.0001,144
8489,0.0001,108
8490,0.0001,100
8491,0.0001,900
8492,0.0001,171
8493,0.0001,1290
8494,0.0001,169
8495,0.0001,46
8496,0.0001,1074
8497,0.0001,0
8498,0.0001,1778
8499,0.0001,116
8500,0.0001,3091
8501,0.0001,31
8502,0.0001,1499
8503,0.0001,822
8504,0.0001,62
8505,0.0001,0
8506,0.0001,3330
8507,0.0001,393
8508,0.0001,945
8509,0.0001,156
8510,0.0001,154
8511,0.0001,643
8512,0.0001,83
8513,0.0001,735
8514,0.0001,238
8515,0.0001,77
8516,0.0001,31
8517,0.0001,838
8518,0.0001,835
8519,0.0001,102
8520,0.0001,1224
8521,0.0001,140
8522,0.0001,185
8523,0.0001,1632
8524,0.0001,855
8525,0.0001,3318
8526,0.0001,124
8527,0.0001,804
8528,0.0001,1280
8529,0.0001,93
8530,0.0001,1752
8531,0.0001,277
8532,0.0001,78
8533,0.0001,93
8534,0.0001,246
8535,0.0001,200
8536,0.0001,58
8537,0.0001,884
8538,0.0001,0
8539,0.0001,62
8540,0.0001,140
8541,0.0001,829
8542,0.0001,31
8543,0.0001,124
8544,0.0001,125
8545,0.0001,62
8546,0.0001,144
8547,0.0001,85
8548,0.0001,31
8549,0.0001,207
8550,0.0001,742
8551,0.0001,3670
8552,0.0001,169
8553,0.0001,1352
8554,0.0001,850
8555,0.0001,784
8556,0.0001,922
8557,0.0001,171
8558,0.0001,1574
8559,0.0001,1783
8560,0.0001,0
8561,0.0001,741
8562,0.0001,41
8563,0.0001,1654
8564,0.0001,750
8565,0.0001,2237
8566,0.0001,123
8567,0.0001,140
8568,0.0001,78
8569,0.0001,16
8570,0.0001,1705
8571,0.0001,961
8572,0.0001,673
8573,0.0001,155
8574,0.0001,0
8575,0.0001,3833
8576,0.0001,815
8577,0.0001,3708
8578,0.0001,735
8579,0.0001,830
8580,0.0001,62
8581,0.0001,835
8582,0.0001,855
8583,0.0001,0
8584,0.0001,206
8585,0.0001,720
8586,0.0001,62
8587,0.0001,31
8588,0.0001,93
8589,0.0001,139
8590,0.0001,85
8591,0.0001,167
8592,0.0001,4452
8593,0.0001,157
8594,0.0001,1669
8595,0.0001,3390
8596,0.0001,23
8597,0.0001,63
8598,0.0001,339
8599,0.0001,16
8600,0.0001,229
8601,0.0001,109
8602,0.0001,0
8603,0.0001,47
8604,0.0001,47
8605,0.0001,1457
8606,0.0001,799
8607,0.0001,39
8608,0.0001,940
8609,0.0001,62
8610,0.0001,876
8611,0.0001,876
8612,0.0001,92
8613,0.0001,123
8614,0.0001,856
8615,0.0001,202
8616,0.0001,116
8617,0.0001,827
8618,0.0001,0
8619,0.0001,658
8620,0.0001,0
8621,0.0001,1043
8622,0.0001,1465
8623,0.0001,658
8624,0.0001,1213
8625,0.0001,886
8626,0.0001,209
8627,0.0001,1653
8628,0.0001,770
8629,0.0001,0
8630,0.0001,63
8631,0.0001,647
8632,0.0001,817
8633,0.0001,92
8634,0.0001,31
8635,0.0001,0
8636,0.0001,0
8637,0.0001,82
8638,0.0001,794
8639,0.0001,62
8640,0.0001,236
8641,0.0001,0
8642,0.0001,832
8643,0.0001,62
8644,0.0001,858
8645,0.0001,845
8646,0.0001,1654
8647,0.0001,62
8648,0.0001,721
8649,0.0001,141
8650,0.0001,46
8651,0.0001,155
8652,0.0001,1550
8653,0.0001,93
8654,0.0001,722
8655,0.0001,3183
8656,0.0001,131
8657,0.0001,214
8658,0.0001,153
8659,0.0001,62
8660,0.0001,346
8661,0.0001,154
8662,0.0001,26
8663,0.0001,200
8664,0.0001,109
8665,0.0001,1600
8666,0.0001,108
8667,0.0001,200
8668,0.0001,0
8669,0.0001,1007
8670,0.0001,31
8671,0.0001,2445
8672,0.0001,16
8673,0.0001,0
8674,0.0001,47
8675,0.0001,2229
8676,0.0001,62
8677,0.0001,62
8678,0.0001,285
8679,0.0001,728
8680,0.0001,614
8681,0.0001,886
8682,0.0001,689
8683,0.0001,914
8684,0.0001,16
8685,0.0001,2484
8686,0.0001,998
8687,0.0001,1040
8688,0.0001,1151
8689,0.0001,752
8690,0.0001,62
8691,0.0001,1664
8692,0.0001,1411
8693,0.0001,1089
8694,0.0001,31
8695,0.0001,108
8696,0.0001,31
8697,0.0001,674
8698,0.0001,62
8699,0.0001,70
8700,0.0001,868
8701,0.0001,161
8702,0.0001,796
8703,0.0001,940
8704,0.0001,1492
8705,0.0001,46
8706,0.0001,1620
8707,0.0001,3068
8708,0.0001,963
8709,0.0001,0
8710,0.0001,1585
8711,0.0001,39
8712,0.0001,46
8713,0.0001,108
8714,0.0001,698
8715,0.0001,907
8716,0.0001,1009
8717,0.0001,225
8718,0.0001,225
8719,0.0001,814
8720,0.0001,1642
8721,0.0001,103
8722,0.0001,3478
8723,0.0001,1807
8724,0.0001,1160
8725,0.0001,124
8726,0.0001,678
8727,0.0001,77
8728,0.0001,851
8729,0.0001,77
8730,0.0001,618
8731,0.0001,1580
8732,0.0001,134
8733,0.0001,146
8734,0.0001,62
8735,0.0001,263
8736,0.0001,928
8737,0.0001,70
8738,0.0001,824
8739,0.0001,1228
8740,0.0001,92
8741,0.0001,46
8742,0.0001,109
8743,0.0001,92
8744,0.0001,41
8745,0.0001,92
8746,0.0001,2551
8747,0.0001,195
8748,0.0001,920
8749,0.0001,48
8750,0.0001,16
8751,0.0001,62
8752,0.0001,193
8753,0.0001,0
8754,0.0001,960
8755,0.0001,767
8756,0.0001,155
8757,0.0001,62
8758,0.0001,0
8759,0.0001,197
8760,0.0001,31
8761,0.0001,78
8762,0.0001,46
8763,0.0001,93
8764,0.0001,674
8765,0.0001,1475
8766,0.0001,113
8767,0.0001,766
8768,0.0001,0
8769,0.0001,46
8770,0.0001,46
8771,0.0001,190
8772,0.0001,82
8773,0.0001,46
8774,0.0001,139
8775,0.0001,178
8776,0.0001,874
8777,0.0001,0
8778,0.0001,123
8779,0.0001,163
8780,0.0001,997
8781,0.0001,699
8782,0.0001,915
8783,0.0001,206
8784,0.0001,62
8785,0.0001,1443
8786,0.0001,3403
8787,0.0001,973
8788,0.0001,909
8789,0.0001,352
8790,0.0001,132
8791,0.0001,31
8792,0.0001,23
8793,0.0001,62
8794,0.0001,177
8795,0.0001,0
8796,0.0001,1737
8797,0.0001,710
8798,0.0001,1791
8799,0.0001,78
8800,0.0001,1675
8801,0.0001,722
8802,0.0001,0
8803,0.0001,1710
8804,0.0001,200
8805,0.0001,62
8806,0.0001,185
8807,0.0001,1567
8808,0.0001,77
8809,0.0001,171
8810,0.0001,41
8811,0.0001,830
8812,0.0001,0
8813,0.0001,62
8814,0.0001,160
8815,0.0001,730
8816,0.0001,47
8817,0.0001,62
8818,0.0001,108
8819,0.0001,114
8820,0.0001,108
8821,0.0001,668
8822,0.0001,766
8823,0.0001,1418
8824,0.0001,778
8825,0.0001,133
8826,0.0001,940
8827,0.0001,193
8828,0.0001,953
8829,0.0001,154
8830,0.0001,1380
8831,0.0001,163
8832,0.0001,805
8833,0.0001,31
8834,0.0001,896
8835,0.0001,62
8836,0.0001,682
8837,0.0001,62
8838,0.0001,701
8839,0.0001,62
8840,0.0001,2058
8841,0.0001,3194
8842,0.0001,0
8843,0.0001,78
8844,0.0001,741
8845,0.0001,1603
8846,0.0001,2352
8847,0.0001,814
8848,0.0001,1559
8849,0.0001,154
8850,0.0001,1249
8851,0.0001,161
8852,0.0001,108
8853,0.0001,46
8854,0.0001,894
8855,0.0001,815
8856,0.0001,1169
8857,0.0001,1040
8858,0.0001,103
8859,0.0001,0
8860,0.0001,139
8861,0.0001,816
8862,0.0001,814
8863,0.0001,106
8864,0.0001,77
8865,0.0001,884
8866,0.0001,643
8867,0.0001,834
8868,0.0001,2256
8869,0.0001,914
8870,0.0001,69
8871,0.0001,1717
8872,0.0001,78
8873,0.0001,140
8874,0.0001,62
8875,0.0001,2589
8876,0.0001,0
8877,0.0001,3426
8878,0.0001,125
8879,0.0001,62
8880,0.0001,868
8881,0.0001,141
8882,0.0001,1031
8883,0.0001,93
8884,0.0001,46
8885,0.0001,877
8886,0.0001,0
8887,0.0001,2367
8888,0.0001,77
8889,0.0001,327
8890,0.0001,93
8891,0.0001,82
8892,0.0001,182
8893,0.0001,31
8894,0.0001,31
8895,0.0001,907
8896,0.0001,953
8897,0.0001,62
8898,0.0001,742
8899,0.0001,72
8900,0.0001,47
8901,0.0001,139
8902,0.0001,31
8903,0.0001,289
8904,0.0001,950
8905,0.0001,102
8906,0.0001,102
8907,0.0001,804
8908,0.0001,977
8909,0.0001,177
8910,0.0001,834
8911,0.0001,232
8912,0.0001,170
8913,0.0001,178
8914,0.0001,768
8915,0.0001,182
8916,0.0001,1531
8917,0.0001,77
8918,0.0001,798
8919,0.0001,133
8920,0.0001,876
8921,0.0001,255
8922,0.0001,1415
8923,0.0001,853
8924,0.0001,62
8925,0.0001,0
8926,0.0001,946
8927,0.0001,123
8928,0.0001,1263
8929,0.0001,1072
8930,0.0001,62
8931,0.0001,172
8932,0.0001,674
8933,0.0001,680
8934,0.0001,853
8935,0.0001,674
8936,0.0001,139
8937,0.0001,705
8938,0.0001,62
8939,0.0001,54
8940,0.0001,0
8941,0.0001,759
8942,0.0001,139
8943,0.0001,0
8944,0.0001,1785
8945,0.0001,82
8946,0.0001,62
8947,0.0001,31
8948,0.0001,85
8949,0.0001,809
8950,0.0001,63
8951,0.0001,964
8952,0.0001,995
8953,0.0001,1836
8954,0.0001,63
8955,0.0001,765
8956,0.0001,267
8957,0.0001,64
8958,0.0001,1387
8959,0.0001,666
8960,0.0001,170
8961,0.0001,649
8962,0.0001,782
8963,0.0001,140
8964,0.0001,0
8965,0.0001,233
8966,0.0001,291
8967,0.0001,891
8968,0.0001,78
8969,0.0001,62
8970,0.0001,78
8971,0.0001,821
8972,0.0001,0
8973,0.0001,154
8974,0.0001,108
8975,0.0001,629
8976,0.0001,134
8977,0.0001,131
8978,0.0001,1384
8979,0.0001,77
8980,0.0001,804
8981,0.0001,892
8982,0.0001,62
8983,0.0001,1422
8984,0.0001,217
8985,0.0001,169
8986,0.0001,236
8987,0.0001,3570
8988,0.0001,658
8989,0.0001,969
8990,0.0001,293
8991,0.0001,819
8992,0.0001,876
8993,0.0001,697
8994,0.0001,54
8995,0.0001,213
8996,0.0001,159
8997,0.0001,3977
8998,0.0001,46
8999,0.0001,185
9000,0.0001,160
9001,0.0001,1151
9002,0.0001,1413
9003,0.0001,248
9004,0.0001,47
9005,0.0001,186
9006,0.0001,85
9007,0.0001,82
9008,0.0001,129
9009,0.0001,0
9010,0.0001,101
9011,0.0001,62
9012,0.0001,726
9013,0.0001,62
9014,0.0001,1091
9015,0.0001,108
9016,0.0001,154
9017,0.0001,801
9018,0.0001,39
9019,0.0001,1675
9020,0.0001,93
9021,0.0001,943
9022,0.0001,201
9023,0.0001,187
9024,0.0001,70
9025,0.0001,95
9026,0.0001,1634
9027,0.0001,3119
9028,0.0001,1715
9029,0.0001,31
9030,0.0001,1902
9031,0.0001,114
9032,0.0001,871
9033,0.0001,175
9034,0.0001,1585
9035,0.0001,740
9036,0.0001,1528
9037,0.0001,78
9038,0.0001,175
9039,0.0001,843
9040,0.0001,2207
9041,0.0001,1601
9042,0.0001,1039
9043,0.0001,62
9044,0.0001,790
9045,0.0001,1562
9046,0.0001,93
9047,0.0001,105
9048,0.0001,62
9049,0.0001,57
9050,0.0001,1660
9051,0.0001,156
9052,0.0001,85
9053,0.0001,73
9054,0.0001,31
9055,0.0001,829
9056,0.0001,248
9057,0.0001,186
9058,0.0001,3797
9059,0.0001,131
9060,0.0001,31
9061,0.0001,795
9062,0.0001,93
9063,0.0001,616
9064,0.0001,3985
9065,0.0001,46
9066,0.0001,113
9067,0.0001,216
9068,0.0001,899
9069,0.0001,139
9070,0.0001,0
9071,0.0001,154
9072,0.0001,1229
9073,0.0001,707
9074,0.0001,62
9075,0.0001,662
9076,0.0001,689
9077,0.0001,62
9078,0.0001,217
9079,0.0001,799
9080,0.0001,109
9081,0.0001,159
9082,0.0001,937
9083,0.0001,1009
9084,0.0001,1290
9085,0.0001,884
9086,0.0001,191
9087,0.0001,108
9088,0.0001,1006
9089,0.0001,907
9090,0.0001,1027
9091,0.0001,1015
9092,0.0001,16
9093,0.0001,710
9094,0.0001,1000
9095,0.0001,103
9096,0.0001,966
9097,0.0001,78
9098,0.0001,147
9099,0.0001,124
9100,0.0001,784
9101,0.0001,78
9102,0.0001,1621
9103,0.0001,154
9104,0.0001,62
9105,0.0001,247
9106,0.0001,855
9107,0.0001,62
9108,0.0001,62
9109,0.0001,856
9110,0.0001,1690
9111,0.0001,21
9112,0.0001,1175
9113,0.0001,232
9114,0.0001,46
9115,0.0001,1667
9116,0.0001,124
9117,0.0001,16
9118,0.0001,770
9119,0.0001,4566
9120,0.0001,771
9121,0.0001,185
9122,0.0001,47
9123,0.0001,82
9124,0.0001,894
9125,0.0001,755
9126,0.0001,935
9127,0.0001,62
9128,0.0001,31
9129,0.0001,196
9130,0.0001,2589
9131,0.0001,171
9132,0.0001,0
9133,0.0001,101
9134,0.0001,378
9135,0.0001,140
9136,0.0001,117
9137,0.0001,108
9138,0.0001,149
9139,0.0001,132
9140,0.0001,1566
9141,0.0001,1712
9142,0.0001,932
9143,0.0001,892
9144,0.0001,861
9145,0.0001,880
9146,0.0001,845
9147,0.0001,1621
9148,0.0001,0
9149,0.0001,108
9150,0.0001,730
9151,0.0001,927
9152,0.0001,62
9153,0.0001,0
9154,0.0001,256
9155,0.0001,0
9156,0.0001,985
9157,0.0001,2316
9158,0.0001,195
9159,0.0001,1403
9160,0.0001,262
9161,0.0001,0
9162,0.0001,719
9163,0.0001,171
9164,0.0001,124
9165,0.0001,92
9166,0.0001,47
9167,0.0001,93
9168,0.0001,108
9169,0.0001,46
9170,0.0001,62
9171,0.0001,108
9172,0.0001,31
9173,0.0001,954
9174,0.0001,953
9175,0.0001,31
9176,0.0001,159
9177,0.0001,1454
9178,0.0001,720
9179,0.0001,1551
9180,0.0001,62
9181,0.0001,188
9182,0.0001,954
9183,0.0001,148
9184,0.0001,93
9185,0.0001,167
9186,0.0001,809
9187,0.0001,850
9188,0.0001,1577
9189,0.0001,113
9190,0.0001,137
9191,0.0001,758
9192,0.0001,1618
9193,0.0001,203
9194,0.0001,128
9195,0.0001,1634
9196,0.0001,831
9197,0.0001,62
9198,0.0001,0
9199,0.0001,866
9200,0.0001,133
9201,0.0001,195
9202,0.0001,154
9203,0.0001,16
9204,0.0001,0
9205,0.0001,46
9206,0.0001,1549
9207,0.0001,80
9208,0.0001,0
9209,0.0001,62
9210,0.0001,1590
9211,0.0001,2387
9212,0.0001,62
9213,0.0001,46
9214,0.0001,223
9215,0.0001,643
9216,0.0001,717
9217,0.0001,62
9218,0.0001,151
9219,0.0001,720
9220,0.0001,62
9221,0.0001,257
9222,0.0001,770
9223,0.0001,101
9224,0.0001,177
9225,0.0001,139
9226,0.0001,725
9227,0.0001,123
9228,0.0001,78
9229,0.0001,139
9230,0.0001,62
9231,0.0001,78
9232,0.0001,62
9233,0.0001,62
9234,0.0001,1556
9235,0.0001,1813
9236,0.0001,0
9237,0.0001,896
9238,0.0001,78
9239,0.0001,239
9240,0.0001,140
9241,0.0001,93
9242,0.0001,64
9243,0.0001,0
9244,0.0001,202
9245,0.0001,674
9246,0.0001,1014
9247,0.0001,944
9248,0.0001,62
9249,0.0001,664
9250,0.0001,86
9251,0.0001,2832
9252,0.0001,165
9253,0.0001,171
9254,0.0001,844
9255,0.0001,108
9256,0.0001,1721
9257,0.0001,704
9258,0.0001,109
9259,0.0001,338
9260,0.0001,0
9261,0.0001,237
9262,0.0001,768
9263,0.0001,111
9264,0.0001,247
9265,0.0001,62
9266,0.0001,47
9267,0.0001,242
9268,0.0001,109
9269,0.0001,123
9270,0.0001,2460
9271,0.0001,863
9272,0.0001,78
9273,0.0001,185
9274,0.0001,830
9275,0.0001,93
9276,0.0001,3341
9277,0.0001,991
9278,0.0001,3730
9279,0.0001,31
9280,0.0001,123
9281,0.0001,149
9282,0.0001,129
9283,0.0001,186
9284,0.0001,47
9285,0.0001,62
9286,0.0001,0
9287,0.0001,4310
9288,0.0001,800
9289,0.0001,879
9290,0.0001,668
9291,0.0001,62
9292,0.0001,891
9293,0.0001,3113
9294,0.0001,31
9295,0.0001,1594
9296,0.0001,3776
9297,0.0001,185
9298,0.0001,1503
9299,0.0001,2236
9300,0.0001,178
9301,0.0001,31
9302,0.0001,1047
9303,0.0001,773
9304,0.0001,162
9305,0.0001,139
9306,0.0001,930
9307,0.0001,641
9308,0.0001,698
9309,0.0001,1015
9310,0.0001,62
9311,0.0001,0
9312,0.0001,917
9313,0.0001,108
9314,0.0001,54
9315,0.0001,939
9316,0.0001,139
9317,0.0001,922
9318,0.0001,154
9319,0.0001,114
9320,0.0001,62
9321,0.0001,185
9322,0.0001,915
9323,0.0001,200
9324,0.0001,697
9325,0.0001,63
9326,0.0001,2462
9327,0.0001,898
9328,0.0001,751
9329,0.0001,0
9330,0.0001,784
9331,0.0001,1040
9332,0.0001,1176
9333,0.0001,1709
9334,0.0001,125
9335,0.0001,78
9336,0.0001,47
9337,0.0001,4198
9338,0.0001,2461
9339,0.0001,0
9340,0.0001,194
9341,0.0001,31
9342,0.0001,120
9343,0.0001,128
9344,0.0001,62
9345,0.0001,899
9346,0.0001,69
9347,0.0001,0
9348,0.0001,937
9349,0.0001,169
9350,0.0001,93
9351,0.0001,98
9352,0.0001,31
9353,0.0001,845
9354,0.0001,62
9355,0.0001,1566
9356,0.0001,799
9357,0.0001,0
9358,0.0001,180
9359,0.0001,1104
9360,0.0001,0
9361,0.0001,47
9362,0.0001,54
9363,0.0001,894
9364,0.0001,16
9365,0.0001,821
9366,0.0001,92
9367,0.0001,877
9368,0.0001,62
9369,0.0001,4282
9370,0.0001,77
9371,0.0001,0
9372,0.0001,23
9373,0.0001,154
9374,0.0001,674
9375,0.0001,108
9376,0.0001,914
9377,0.0001,0
9378,0.0001,86
9379,0.0001,2260
9380,0.0001,23
9381,0.0001,3462
9382,0.0001,882
9383,0.0001,71
9384,0.0001,812
9385,0.0001,884
9386,0.0001,933
9387,0.0001,791
9388,0.0001,139
9389,0.0001,943
9390,0.0001,658
9391,0.0001,1555
9392,0.0001,767
9393,0.0001,1685
9394,0.0001,200
9395,0.0001,124
9396,0.0001,896
9397,0.0001,1569
9398,0.0001,2210
9399,0.0001,0
9400,0.0001,62
9401,0.0001,667
9402,0.0001,1122
9403,0.0001,876
9404,0.0001,82
9405,0.0001,1548
9406,0.0001,618
9407,0.0001,836
9408,0.0001,109
9409,0.0001,898
9410,0.0001,124
9411,0.0001,1582
9412,0.0001,768
9413,0.0001,46
9414,0.0001,23
9415,0.0001,93
9416,0.0001,202
9417,0.0001,1580
9418,0.0001,62
9419,0.0001,1450
9420,0.0001,1074
9421,0.0001,689
9422,0.0001,925
9423,0.0001,303
9424,0.0001,748
9425,0.0001,169
9426,0.0001,681
9427,0.0001,668
9428,0.0001,113
9429,0.0001,31
9430,0.0001,308
9431,0.0001,883
9432,0.0001,1665
9433,0.0001,1007
9434,0.0001,39
9435,0.0001,125
9436,0.0001,85
9437,0.0001,62
9438,0.0001,822
9439,0.0001,62
9440,0.0001,31
9441,0.0001,893
9442,0.0001,46
9443,0.0001,108
9444,0.0001,62
9445,0.0001,830
9446,0.0001,77
9447,0.0001,0
9448,0.0001,46
9449,0.0001,46
9450,0.0001,1546
9451,0.0001,0
9452,0.0001,31
9453,0.0001,123
9454,0.0001,108
9455,0.0001,1153
9456,0.0001,2964
9457,0.0001,124
9458,0.0001,723
9459,0.0001,1607
9460,0.0001,110
9461,0.0001,23
9462,0.0001,62
9463,0.0001,145
9464,0.0001,62
9465,0.0001,3423
9466,0.0001,2257
9467,0.0001,132
9468,0.0001,62
9469,0.0001,85
9470,0.0001,16
9471,0.0001,853
9472,0.0001,715
9473,0.0001,0
9474,0.0001,213
9475,0.0001,46
9476,0.0001,783
9477,0.0001,1446
9478,0.0001,100
9479,0.0001,652
9480,0.0001,131
9481,0.0001,780
9482,0.0001,1620
9483,0.0001,3178
9484,0.0001,77
9485,0.0001,0
9486,0.0001,612
9487,0.0001,139
9488,0.0001,146
9489,0.0001,170
9490,0.0001,126
9491,0.0001,123
9492,0.0001,1388
9493,0.0001,31
9494,0.0001,1585
9495,0.0001,806
9496,0.0001,1255
9497,0.0001,941
9498,0.0001,16
9499,0.0001,21
9500,0.0001,829
9501,0.0001,1493
9502,0.0001,2416
9503,0.0001,897
9504,0.0001,1280
9505,0.0001,82
9506,0.0001,0
9507,0.0001,93
9508,0.0001,62
9509,0.0001,116
9510,0.0001,972
9511,0.0001,47
9512,0.0001,1892
9513,0.0001,54
9514,0.0001,62
9515,0.0001,851
9516,0.0001,1527
9517,0.0001,131
9518,0.0001,1695
9519,0.0001,226
9520,0.0001,62
9521,0.0001,70
9522,0.0001,93
9523,0.0001,93
9524,0.0001,233
9525,0.0001,85
9526,0.0001,815
9527,0.0001,123
9528,0.0001,46
9529,0.0001,190
9530,0.0001,1690
9531,0.0001,658
9532,0.0001,93
9533,0.0001,231
9534,0.0001,108
9535,0.0001,108
9536,0.0001,876
9537,0.0001,838
9538,0.0001,31
9539,0.0001,46
9540,0.0001,108
9541,0.0001,62
9542,0.0001,260
9543,0.0001,62
9544,0.0001,316
9545,0.0001,108
9546,0.0001,78
9547,0.0001,186
9548,0.0001,62
9549,0.0001,2328
9550,0.0001,16
9551,0.0001,46
9552,0.0001,31
9553,0.0001,62
9554,0.0001,2505
9555,0.0001,0
9556,0.0001,1539
9557,0.0001,109
9558,0.0001,1438
9559,0.0001,1311
9560,0.0001,31
9561,0.0001,911
9562,0.0001,676
9563,0.0001,31
9564,0.0001,77
9565,0.0001,62
9566,0.0001,1064
9567,0.0001,0
9568,0.0001,0
9569,0.0001,0
9570,0.0001,0
9571,0.0001,169
9572,0.0001,748
9573,0.0001,4276
9574,0.0001,93
9575,0.0001,2600
9576,0.0001,832
9577,0.0001,92
9578,0.0001,919
9579,0.0001,41
9580,0.0001,940
9581,0.0001,3372
9582,0.0001,1473
9583,0.0001,117
9584,0.0001,41
9585,0.0001,944
9586,0.0001,148
9587,0.0001,79
9588,0.0001,837
9589,0.0001,187
9590,0.0001,47
9591,0.0001,201
9592,0.0001,77
9593,0.0001,0
9594,0.0001,228
9595,0.0001,647
9596,0.0001,31
9597,0.0001,77
9598,0.0001,846
9599,0.0001,798
9600,0.0001,119
9601,0.0001,612
9602,0.0001,1536
9603,0.0001,46
9604,0.0001,0
9605,0.0001,798
9606,0.0001,105
9607,0.0001,822
9608,0.0001,224
9609,0.0001,62
9610,0.0001,131
9611,0.0001,78
9612,0.0001,23
9613,0.0001,612
9614,0.0001,92
9615,0.0001,54
9616,0.0001,817
9617,0.0001,141
9618,0.0001,1024
9619,0.0001,124
9620,0.0001,2263
9621,0.0001,751
9622,0.0001,54
9623,0.0001,909
9624,0.0001,93
9625,0.0001,203
9626,0.0001,2487
9627,0.0001,812
9628,0.0001,2254
9629,0.0001,16
9630,0.0001,77
9631,0.0001,0
9632,0.0001,23
9633,0.0001,186
9634,0.0001,86
9635,0.0001,217
9636,0.0001,93
9637,0.0001,147
9638,0.0001,676
9639,0.0001,31
9640,0.0001,31
9641,0.0001,62
9642,0.0001,3450
9643,0.0001,996
9644,0.0001,116
9645,0.0001,893
9646,0.0001,1002
9647,0.0001,32
9648,0.0001,31
9649,0.0001,48
9650,0.0001,31
9651,0.0001,277
9652,0.0001,78
9653,0.0001,751
9654,0.0001,145
9655,0.0001,62
9656,0.0001,1958
9657,0.0001,131
9658,0.0001,155
9659,0.0001,1420
9660,0.0001,159
9661,0.0001,674
9662,0.0001,1542
9663,0.0001,791
9664,0.0001,62
9665,0.0001,46
9666,0.0001,131
9667,0.0001,82
9668,0.0001,728
9669,0.0001,1616
9670,0.0001,267
9671,0.0001,922
9672,0.0001,170
9673,0.0001,960
9674,0.0001,0
9675,0.0001,886
9676,0.0001,77
9677,0.0001,62
9678,0.0001,208
9679,0.0001,204
9680,0.0001,47
9681,0.0001,85
9682,0.0001,124
9683,0.0001,54
9684,0.0001,78
9685,0.0001,171
9686,0.0001,55
9687,0.0001,5055
9688,0.0001,1624
9689,0.0001,77
9690,0.0001,280
9691,0.0001,77
9692,0.0001,334
9693,0.0001,102
9694,0.0001,3178
9695,0.0001,126
9696,0.0001,814
9697,0.0001,93
9698,0.0001,659
9699,0.0001,814
9700,0.0001,1716
9701,0.0001,1570
9702,0.0001,976
9703,0.0001,1675
9704,0.0001,911
9705,0.0001,108
9706,0.0001,116
9707,0.0001,895
9708,0.0001,820
9709,0.0001,144
9710,0.0001,93
9711,0.0001,126
9712,0.0001,639
9713,0.0001,677
9714,0.0001,80
9715,0.0001,205
9716,0.0001,1732
9717,0.0001,896
9718,0.0001,0
9719,0.0001,1773
9720,0.0001,1517
9721,0.0001,1637
9722,0.0001,139
9723,0.0001,62
9724,0.0001,784
9725,0.0001,124
9726,0.0001,770
9727,0.0001,1396
9728,0.0001,62
9729,0.0001,986
9730,0.0001,1926
9731,0.0001,861
9732,0.0001,46
9733,0.0001,954
9734,0.0001,31
9735,0.0001,123
9736,0.0001,819
9737,0.0001,0
9738,0.0001,139
9739,0.0001,139
9740,0.0001,62
9741,0.0001,678
9742,0.0001,1644
9743,0.0001,295
9744,0.0001,907
9745,0.0001,954
9746,0.0001,154
9747,0.0001,219
9748,0.0001,16
9749,0.0001,3240
9750,0.0001,82
9751,0.0001,62
9752,0.0001,62
9753,0.0001,62
9754,0.0001,108
9755,0.0001,170
9756,0.0001,131
9757,0.0001,3201
9758,0.0001,876
9759,0.0001,31
9760,0.0001,807
9761,0.0001,77
9762,0.0001,108
9763,0.0001,1544
9764,0.0001,31
9765,0.0001,3462
9766,0.0001,131
9767,0.0001,108
9768,0.0001,62
9769,0.0001,1622
9770,0.0001,62
9771,0.0001,93
9772,0.0001,0
9773,0.0001,126
9774,0.0001,1008
9775,0.0001,98
9776,0.0001,953
9777,0.0001,93
9778,0.0001,912
9779,0.0001,688
9780,0.0001,23
9781,0.0001,1696
9782,0.0001,92
9783,0.0001,155
9784,0.0001,92
9785,0.0001,1590
9786,0.0001,93
9787,0.0001,93
9788,0.0001,63
9789,0.0001,0
9790,0.0001,211
9791,0.0001,77
9792,0.0001,160
9793,0.0001,46
9794,0.0001,94
9795,0.0001,16
9796,0.0001,170
9797,0.0001,0
9798,0.0001,676
9799,0.0001,3064
9800,0.0001,628
9801,0.0001,182
9802,0.0001,46
9803,0.0001,171
9804,0.0001,1447
9805,0.0001,900
9806,0.0001,801
9807,0.0001,62
9808,0.0001,1087
9809,0.0001,156
9810,0.0001,23
9811,0.0001,1064
9812,0.0001,175
9813,0.0001,16
9814,0.0001,0
9815,0.0001,124
9816,0.0001,2212
9817,0.0001,0
9818,0.0001,967
9819,0.0001,1135
9820,0.0001,47
9821,0.0001,54
9822,0.0001,46
9823,0.0001,1061
9824,0.0001,954
9825,0.0001,232
9826,0.0001,830
9827,0.0001,2117
9828,0.0001,678
9829,0.0001,46
9830,0.0001,119
9831,0.0001,108
9832,0.0001,123
9833,0.0001,139
9834,0.0001,31
9835,0.0001,1639
9836,0.0001,171
9837,0.0001,1427
9838,0.0001,185
9839,0.0001,155
9840,0.0001,2368
9841,0.0001,47
9842,0.0001,3763
9843,0.0001,123
9844,0.0001,845
9845,0.0001,1574
9846,0.0001,791
9847,0.0001,1698
9848,0.0001,0
9849,0.0001,152
9850,0.0001,62
9851,0.0001,858
9852,0.0001,231
9853,0.0001,878
9854,0.0001,195
9855,0.0001,31
9856,0.0001,31
9857,0.0001,647
9858,0.0001,942
9859,0.0001,141
9860,0.0001,1544
9861,0.0001,175
9862,0.0001,659
9863,0.0001,881
9864,0.0001,46
9865,0.0001,77
9866,0.0001,1739
9867,0.0001,0
9868,0.0001,1116
9869,0.0001,108
9870,0.0001,123
9871,0.0001,925
9872,0.0001,186
9873,0.0001,771
9874,0.0001,858
9875,0.0001,139
9876,0.0001,31
9877,0.0001,202
9878,0.0001,46
9879,0.0001,3879
9880,0.0001,46
9881,0.0001,62
9882,0.0001,67
9883,0.0001,1040
9884,0.0001,1086
9885,0.0001,2331
9886,0.0001,711
9887,0.0001,1318
9888,0.0001,659
9889,0.0001,46
9890,0.0001,0
9891,0.0001,744
9892,0.0001,62
9893,0.0001,78
9894,0.0001,77
9895,0.0001,110
9896,0.0001,93
9897,0.0001,814
9898,0.0001,16
9899,0.0001,69
9900,0.0001,113
9901,0.0001,46
9902,0.0001,4271
9903,0.0001,232
9904,0.0001,0
9905,0.0001,965
9906,0.0001,614
9907,0.0001,1598
9908,0.0001,62
9909,0.0001,77
9910,0.0001,47
9911,0.0001,23
9912,0.0001,78
9913,0.0001,0
9914,0.0001,870
9915,0.0001,125
9916,0.0001,689
9917,0.0001,190
9918,0.0001,1636
9919,0.0001,82
9920,0.0001,743
9921,0.0001,185
9922,0.0001,986
9923,0.0001,1697
9924,0.0001,830
9925,0.0001,157
9926,0.0001,1613
9927,0.0001,62
9928,0.0001,124
9929,0.0001,720
9930,0.0001,635
9931,0.0001,743
9932,0.0001,1488
9933,0.0001,1761
9934,0.0001,858
9935,0.0001,101
9936,0.0001,3241
9937,0.0001,31
9938,0.0001,761
9939,0.0001,4256
9940,0.0001,832
9941,0.0001,871
9942,0.0001,844
9943,0.0001,62
9944,0.0001,146
9945,0.0001,94
9946,0.0001,46
9947,0.0001,796
9948,0.0001,80
9949,0.0001,217
9950,0.0001,147
9951,0.0001,31
9952,0.0001,77
9953,0.0001,379
9954,0.0001,799
9955,0.0001,926
9956,0.0001,62
9957,0.0001,871
9958,0.0001,931
9959,0.0001,62
9960,0.0001,2288
9961,0.0001,54
9962,0.0001,831
9963,0.0001,959
9964,0.0001,62
9965,0.0001,205
9966,0.0001,751
9967,0.0001,693
9968,0.0001,62
9969,0.0001,134
9970,0.0001,1633
9971,0.0001,809
9972,0.0001,108
9973,0.0001,0
9974,0.0001,1562
9975,0.0001,951
9976,0.0001,62
9977,0.0001,743
9978,0.0001,884
9979,0.0001,109
9980,0.0001,78
9981,0.0001,116
9982,0.0001,0
9983,0.0001,3073
9984,0.0001,0
9985,0.0001,1627
9986,0.0001,108
9987,0.0001,643
9988,0.0001,62
9989,0.0001,921
9990,0.0001,31
9991,0.0001,695
9992,0.0001,46
9993,0.0001,1846
9994,0.0001,819
9995,0.0001,3112
9996,0.0001,917
9997,0.0001,766
9998,0.0001,63
9999,0.0001,3897
