simulation_id,probability,payoutMultiplier
0,0.0001,0
1,0.0001,47
2,0.0001,1101
3,0.0001,62
4,0.0001,0
5,0.0001,865
6,0.0001,46
7,0.0001,116
8,0.0001,860
9,0.0001,0
10,0.0001,0
11,0.0001,830
12,0.0001,78
13,0.0001,124
14,0.0001,1778
15,0.0001,62
16,0.0001,830
17,0.0001,1565
18,0.0001,16
19,0.0001,0
20,0.0001,708
21,0.0001,93
22,0.0001,770
23,0.0001,1872
24,0.0001,103
25,0.0001,108
26,0.0001,124
27,0.0001,109
28,0.0001,227
29,0.0001,31
30,0.0001,62
31,0.0001,77
32,0.0001,881
33,0.0001,139
34,0.0001,92
35,0.0001,62
36,0.0001,62
37,0.0001,124
38,0.0001,901
39,0.0001,31
40,0.0001,955
41,0.0001,93
42,0.0001,0
43,0.0001,170
44,0.0001,0
45,0.0001,0
46,0.0001,129
47,0.0001,886
48,0.0001,77
49,0.0001,171
50,0.0001,612
51,0.0001,1011
52,0.0001,62
53,0.0001,93
54,0.0001,62
55,0.0001,773
56,0.0001,830
57,0.0001,54
58,0.0001,92
59,0.0001,635
60,0.0001,62
61,0.0001,0
62,0.0001,108
63,0.0001,93
64,0.0001,46
65,0.0001,1380
66,0.0001,172
67,0.0001,42
68,0.0001,0
69,0.0001,134
70,0.0001,139
71,0.0001,0
72,0.0001,814
73,0.0001,3325
74,0.0001,124
75,0.0001,69
76,0.0001,77
77,0.0001,164
78,0.0001,0
79,0.0001,1500
80,0.0001,72
81,0.0001,131
82,0.0001,612
83,0.0001,32
84,0.0001,139
85,0.0001,46
86,0.0001,861
87,0.0001,1536
88,0.0001,185
89,0.0001,123
90,0.0001,768
91,0.0001,171
92,0.0001,79
93,0.0001,814
94,0.0001,47
95,0.0001,46
96,0.0001,75
97,0.0001,108
98,0.0001,674
99,0.0001,140
100,0.0001,155
101,0.0001,77
102,0.0001,0
103,0.0001,108
104,0.0001,62
105,0.0001,1082
106,0.0001,960
107,0.0001,188
108,0.0001,54
109,0.0001,159
110,0.0001,93
111,0.0001,85
112,0.0001,915
113,0.0001,940
114,0.0001,94
115,0.0001,172
116,0.0001,657
117,0.0001,78
118,0.0001,62
119,0.0001,92
120,0.0001,46
121,0.0001,5229
122,0.0001,123
123,0.0001,0
124,0.0001,78
125,0.0001,0
126,0.0001,884
127,0.0001,70
128,0.0001,734
129,0.0001,23
130,0.0001,31
131,0.0001,108
132,0.0001,85
133,0.0001,814
134,0.0001,46
135,0.0001,62
136,0.0001,0
137,0.0001,723
138,0.0001,0
139,0.0001,0
140,0.0001,134
141,0.0001,2174
142,0.0001,984
143,0.0001,16
144,0.0001,92
145,0.0001,62
146,0.0001,997
147,0.0001,78
148,0.0001,620
149,0.0001,77
150,0.0001,874
151,0.0001,155
152,0.0001,3233
153,0.0001,953
154,0.0001,92
155,0.0001,78
156,0.0001,0
157,0.0001,649
158,0.0001,0
159,0.0001,0
160,0.0001,1071
161,0.0001,0
162,0.0001,3034
163,0.0001,1559
164,0.0001,0
165,0.0001,23
166,0.0001,193
167,0.0001,797
168,0.0001,47
169,0.0001,0
170,0.0001,154
171,0.0001,657
172,0.0001,915
173,0.0001,799
174,0.0001,169
175,0.0001,1298
176,0.0001,657
177,0.0001,885
178,0.0001,832
179,0.0001,31
180,0.0001,2321
181,0.0001,0
182,0.0001,31
183,0.0001,727
184,0.0001,612
185,0.0001,23
186,0.0001,1649
187,0.0001,3564
188,0.0001,156
189,0.0001,958
190,0.0001,47
191,0.0001,62
192,0.0001,54
193,0.0001,1562
194,0.0001,123
195,0.0001,1283
196,0.0001,92
197,0.0001,773
198,0.0001,188
199,0.0001,1653
200,0.0001,0
201,0.0001,0
202,0.0001,741
203,0.0001,62
204,0.0001,123
205,0.0001,712
206,0.0001,1206
207,0.0001,46
208,0.0001,902
209,0.0001,193
210,0.0001,612
211,0.0001,92
212,0.0001,108
213,0.0001,93
214,0.0001,0
215,0.0001,1613
216,0.0001,119
217,0.0001,62
218,0.0001,0
219,0.0001,899
220,0.0001,907
221,0.0001,635
222,0.0001,758
223,0.0001,46
224,0.0001,129
225,0.0001,0
226,0.0001,170
227,0.0001,260
228,0.0001,836
229,0.0001,0
230,0.0001,146
231,0.0001,1530
232,0.0001,62
233,0.0001,1584
234,0.0001,70
235,0.0001,169
236,0.0001,799
237,0.0001,62
238,0.0001,1442
239,0.0001,62
240,0.0001,62
241,0.0001,837
242,0.0001,32
243,0.0001,2151
244,0.0001,233
245,0.0001,746
246,0.0001,83
247,0.0001,0
248,0.0001,229
249,0.0001,62
250,0.0001,148
251,0.0001,85
252,0.0001,37
253,0.0001,728
254,0.0001,23
255,0.0001,924
256,0.0001,1064
257,0.0001,1531
258,0.0001,848
259,0.0001,62
260,0.0001,0
261,0.0001,1546
262,0.0001,85
263,0.0001,72
264,0.0001,62
265,0.0001,31
266,0.0001,62
267,0.0001,0
268,0.0001,263
269,0.0001,3481
270,0.0001,94
271,0.0001,92
272,0.0001,1617
273,0.0001,2397
274,0.0001,1654
275,0.0001,78
276,0.0001,77
277,0.0001,0
278,0.0001,793
279,0.0001,83
280,0.0001,155
281,0.0001,830
282,0.0001,85
283,0.0001,77
284,0.0001,393
285,0.0001,164
286,0.0001,0
287,0.0001,837
288,0.0001,634
289,0.0001,2062
290,0.0001,47
291,0.0001,16
292,0.0001,62
293,0.0001,614
294,0.0001,891
295,0.0001,782
296,0.0001,770
297,0.0001,1033
298,0.0001,1523
299,0.0001,62
300,0.0001,57
301,0.0001,46
302,0.0001,62
303,0.0001,62
304,0.0001,222
305,0.0001,124
306,0.0001,85
307,0.0001,239
308,0.0001,108
309,0.0001,878
310,0.0001,124
311,0.0001,614
312,0.0001,1574
313,0.0001,883
314,0.0001,981
315,0.0001,812
316,0.0001,730
317,0.0001,658
318,0.0001,830
319,0.0001,93
320,0.0001,46
321,0.0001,62
322,0.0001,123
323,0.0001,47
324,0.0001,836
325,0.0001,31
326,0.0001,1829
327,0.0001,768
328,0.0001,1346
329,0.0001,93
330,0.0001,2197
331,0.0001,707
332,0.0001,123
333,0.0001,772
334,0.0001,2068
335,0.0001,64
336,0.0001,62
337,0.0001,1122
338,0.0001,77
339,0.0001,0
340,0.0001,660
341,0.0001,0
342,0.0001,732
343,0.0001,69
344,0.0001,0
345,0.0001,41
346,0.0001,200
347,0.0001,47
348,0.0001,909
349,0.0001,832
350,0.0001,768
351,0.0001,92
352,0.0001,768
353,0.0001,92
354,0.0001,47
355,0.0001,2281
356,0.0001,814
357,0.0001,31
358,0.0001,170
359,0.0001,0
360,0.0001,16
361,0.0001,131
362,0.0001,54
363,0.0001,0
364,0.0001,123
365,0.0001,31
366,0.0001,98
367,0.0001,69
368,0.0001,3519
369,0.0001,108
370,0.0001,23
371,0.0001,0
372,0.0001,62
373,0.0001,866
374,0.0001,2584
375,0.0001,23
376,0.0001,69
377,0.0001,787
378,0.0001,1660
379,0.0001,62
380,0.0001,268
381,0.0001,85
382,0.0001,0
383,0.0001,123
384,0.0001,1056
385,0.0001,92
386,0.0001,830
387,0.0001,908
388,0.0001,123
389,0.0001,46
390,0.0001,200
391,0.0001,1274
392,0.0001,0
393,0.0001,83
394,0.0001,85
395,0.0001,46
396,0.0001,797
397,0.0001,47
398,0.0001,144
399,0.0001,108
400,0.0001,123
401,0.0001,196
402,0.0001,830
403,0.0001,612
404,0.0001,1557
405,0.0001,914
406,0.0001,1726
407,0.0001,124
408,0.0001,768
409,0.0001,624
410,0.0001,134
411,0.0001,985
412,0.0001,799
413,0.0001,830
414,0.0001,155
415,0.0001,122
416,0.0001,88
417,0.0001,86
418,0.0001,162
419,0.0001,23
420,0.0001,123
421,0.0001,62
422,0.0001,758
423,0.0001,900
424,0.0001,200
425,0.0001,201
426,0.0001,46
427,0.0001,178
428,0.0001,690
429,0.0001,108
430,0.0001,31
431,0.0001,830
432,0.0001,770
433,0.0001,85
434,0.0001,1598
435,0.0001,161
436,0.0001,93
437,0.0001,139
438,0.0001,0
439,0.0001,845
440,0.0001,0
441,0.0001,109
442,0.0001,0
443,0.0001,640
444,0.0001,93
445,0.0001,0
446,0.0001,705
447,0.0001,31
448,0.0001,128
449,0.0001,123
450,0.0001,123
451,0.0001,16
452,0.0001,3181
453,0.0001,31
454,0.0001,0
455,0.0001,85
456,0.0001,172
457,0.0001,47
458,0.0001,0
459,0.0001,62
460,0.0001,155
461,0.0001,31
462,0.0001,233
463,0.0001,926
464,0.0001,31
465,0.0001,876
466,0.0001,1492
467,0.0001,2367
468,0.0001,891
469,0.0001,23
470,0.0001,16
471,0.0001,0
472,0.0001,3009
473,0.0001,231
474,0.0001,93
475,0.0001,799
476,0.0001,92
477,0.0001,85
478,0.0001,69
479,0.0001,62
480,0.0001,614
481,0.0001,914
482,0.0001,2238
483,0.0001,930
484,0.0001,848
485,0.0001,119
486,0.0001,103
487,0.0001,2445
488,0.0001,62
489,0.0001,208
490,0.0001,62
491,0.0001,93
492,0.0001,0
493,0.0001,2911
494,0.0001,92
495,0.0001,88
496,0.0001,31
497,0.0001,187
498,0.0001,0
499,0.0001,903
500,0.0001,0
501,0.0001,856
502,0.0001,0
503,0.0001,162
504,0.0001,16
505,0.0001,854
506,0.0001,924
507,0.0001,77
508,0.0001,165
509,0.0001,0
510,0.0001,907
511,0.0001,1189
512,0.0001,863
513,0.0001,674
514,0.0001,0
515,0.0001,775
516,0.0001,31
517,0.0001,144
518,0.0001,124
519,0.0001,16
520,0.0001,52
521,0.0001,77
522,0.0001,155
523,0.0001,799
524,0.0001,193
525,0.0001,47
526,0.0001,0
527,0.0001,2385
528,0.0001,1554
529,0.0001,31
530,0.0001,0
531,0.0001,0
532,0.0001,254
533,0.0001,930
534,0.0001,139
535,0.0001,0
536,0.0001,127
537,0.0001,0
538,0.0001,832
539,0.0001,62
540,0.0001,1426
541,0.0001,1628
542,0.0001,1532
543,0.0001,0
544,0.0001,31
545,0.0001,46
546,0.0001,671
547,0.0001,1421
548,0.0001,821
549,0.0001,0
550,0.0001,31
551,0.0001,169
552,0.0001,16
553,0.0001,0
554,0.0001,62
555,0.0001,883
556,0.0001,85
557,0.0001,894
558,0.0001,653
559,0.0001,77
560,0.0001,62
561,0.0001,922
562,0.0001,108
563,0.0001,31
564,0.0001,1503
565,0.0001,85
566,0.0001,109
567,0.0001,846
568,0.0001,31
569,0.0001,147
570,0.0001,1521
571,0.0001,612
572,0.0001,1246
573,0.0001,0
574,0.0001,612
575,0.0001,784
576,0.0001,140
577,0.0001,129
578,0.0001,69
579,0.0001,817
580,0.0001,175
581,0.0001,751
582,0.0001,194
583,0.0001,46
584,0.0001,82
585,0.0001,108
586,0.0001,46
587,0.0001,31
588,0.0001,169
589,0.0001,23
590,0.0001,62
591,0.0001,863
592,0.0001,62
593,0.0001,123
594,0.0001,1110
595,0.0001,140
596,0.0001,1449
597,0.0001,1382
598,0.0001,0
599,0.0001,104
600,0.0001,914
601,0.0001,46
602,0.0001,0
603,0.0001,799
604,0.0001,884
605,0.0001,768
606,0.0001,835
607,0.0001,949
608,0.0001,63
609,0.0001,773
610,0.0001,77
611,0.0001,62
612,0.0001,77
613,0.0001,810
614,0.0001,0
615,0.0001,614
616,0.0001,31
617,0.0001,0
618,0.0001,797
619,0.0001,62
620,0.0001,1767
621,0.0001,123
622,0.0001,62
623,0.0001,1613
624,0.0001,62
625,0.0001,166
626,0.0001,144
627,0.0001,62
628,0.0001,198
629,0.0001,31
630,0.0001,651
631,0.0001,830
632,0.0001,776
633,0.0001,910
634,0.0001,612
635,0.0001,822
636,0.0001,884
637,0.0001,48
638,0.0001,16
639,0.0001,764
640,0.0001,77
641,0.0001,64
642,0.0001,881
643,0.0001,46
644,0.0001,0
645,0.0001,64
646,0.0001,77
647,0.0001,100
648,0.0001,2343
649,0.0001,940
650,0.0001,658
651,0.0001,54
652,0.0001,878
653,0.0001,62
654,0.0001,838
655,0.0001,0
656,0.0001,139
657,0.0001,190
658,0.0001,904
659,0.0001,162
660,0.0001,106
661,0.0001,227
662,0.0001,996
663,0.0001,62
664,0.0001,101
665,0.0001,108
666,0.0001,3253
667,0.0001,46
668,0.0001,16
669,0.0001,1132
670,0.0001,766
671,0.0001,2284
672,0.0001,116
673,0.0001,0
674,0.0001,960
675,0.0001,63
676,0.0001,16
677,0.0001,47
678,0.0001,21
679,0.0001,170
680,0.0001,123
681,0.0001,0
682,0.0001,92
683,0.0001,1541
684,0.0001,62
685,0.0001,46
686,0.0001,162
687,0.0001,1569
688,0.0001,173
689,0.0001,861
690,0.0001,31
691,0.0001,612
692,0.0001,200
693,0.0001,614
694,0.0001,155
695,0.0001,83
696,0.0001,889
697,0.0001,1693
698,0.0001,886
699,0.0001,78
700,0.0001,62
701,0.0001,860
702,0.0001,2090
703,0.0001,801
704,0.0001,69
705,0.0001,743
706,0.0001,62
707,0.0001,1058
708,0.0001,62
709,0.0001,0
710,0.0001,31
711,0.0001,67
712,0.0001,123
713,0.0001,0
714,0.0001,159
715,0.0001,62
716,0.0001,119
717,0.0001,108
718,0.0001,846
719,0.0001,93
720,0.0001,0
721,0.0001,1613
722,0.0001,82
723,0.0001,832
724,0.0001,179
725,0.0001,807
726,0.0001,835
727,0.0001,0
728,0.0001,31
729,0.0001,103
730,0.0001,77
731,0.0001,620
732,0.0001,1624
733,0.0001,0
734,0.0001,799
735,0.0001,1456
736,0.0001,169
737,0.0001,923
738,0.0001,699
739,0.0001,817
740,0.0001,62
741,0.0001,82
742,0.0001,1698
743,0.0001,46
744,0.0001,1557
745,0.0001,0
746,0.0001,796
747,0.0001,123
748,0.0001,612
749,0.0001,830
750,0.0001,131
751,0.0001,16
752,0.0001,116
753,0.0001,814
754,0.0001,124
755,0.0001,871
756,0.0001,236
757,0.0001,100
758,0.0001,108
759,0.0001,860
760,0.0001,1030
761,0.0001,869
762,0.0001,712
763,0.0001,31
764,0.0001,47
765,0.0001,209
766,0.0001,830
767,0.0001,46
768,0.0001,864
769,0.0001,77
770,0.0001,144
771,0.0001,816
772,0.0001,142
773,0.0001,108
774,0.0001,4372
775,0.0001,861
776,0.0001,0
777,0.0001,118
778,0.0001,1891
779,0.0001,62
780,0.0001,3551
781,0.0001,768
782,0.0001,891
783,0.0001,725
784,0.0001,0
785,0.0001,0
786,0.0001,1549
787,0.0001,0
788,0.0001,86
789,0.0001,0
790,0.0001,0
791,0.0001,62
792,0.0001,776
793,0.0001,112
794,0.0001,0
795,0.0001,124
796,0.0001,31
797,0.0001,92
798,0.0001,154
799,0.0001,0
800,0.0001,124
801,0.0001,62
802,0.0001,215
803,0.0001,990
804,0.0001,93
805,0.0001,344
806,0.0001,1536
807,0.0001,1492
808,0.0001,31
809,0.0001,0
810,0.0001,131
811,0.0001,0
812,0.0001,109
813,0.0001,101
814,0.0001,92
815,0.0001,887
816,0.0001,139
817,0.0001,1736
818,0.0001,77
819,0.0001,768
820,0.0001,126
821,0.0001,108
822,0.0001,671
823,0.0001,891
824,0.0001,131
825,0.0001,46
826,0.0001,93
827,0.0001,678
828,0.0001,0
829,0.0001,31
830,0.0001,93
831,0.0001,16
832,0.0001,770
833,0.0001,77
834,0.0001,1923
835,0.0001,23
836,0.0001,123
837,0.0001,62
838,0.0001,162
839,0.0001,31
840,0.0001,884
841,0.0001,3068
842,0.0001,62
843,0.0001,2257
844,0.0001,964
845,0.0001,728
846,0.0001,3283
847,0.0001,1572
848,0.0001,23
849,0.0001,46
850,0.0001,0
851,0.0001,139
852,0.0001,108
853,0.0001,46
854,0.0001,103
855,0.0001,169
856,0.0001,1024
857,0.0001,62
858,0.0001,221
859,0.0001,46
860,0.0001,861
861,0.0001,146
862,0.0001,46
863,0.0001,70
864,0.0001,768
865,0.0001,31
866,0.0001,1540
867,0.0001,128
868,0.0001,203
869,0.0001,911
870,0.0001,47
871,0.0001,62
872,0.0001,93
873,0.0001,1392
874,0.0001,31
875,0.0001,103
876,0.0001,210
877,0.0001,2348
878,0.0001,16
879,0.0001,1620
880,0.0001,217
881,0.0001,54
882,0.0001,108
883,0.0001,83
884,0.0001,62
885,0.0001,3833
886,0.0001,1163
887,0.0001,917
888,0.0001,0
889,0.0001,689
890,0.0001,0
891,0.0001,46
892,0.0001,70
893,0.0001,0
894,0.0001,756
895,0.0001,612
896,0.0001,791
897,0.0001,643
898,0.0001,123
899,0.0001,16
900,0.0001,0
901,0.0001,804
902,0.0001,124
903,0.0001,113
904,0.0001,1570
905,0.0001,82
906,0.0001,768
907,0.0001,168
908,0.0001,953
909,0.0001,46
910,0.0001,23
911,0.0001,199
912,0.0001,768
913,0.0001,109
914,0.0001,3630
915,0.0001,109
916,0.0001,1649
917,0.0001,0
918,0.0001,203
919,0.0001,0
920,0.0001,1582
921,0.0001,935
922,0.0001,47
923,0.0001,171
924,0.0001,77
925,0.0001,0
926,0.0001,114
927,0.0001,705
928,0.0001,891
929,0.0001,879
930,0.0001,62
931,0.0001,46
932,0.0001,62
933,0.0001,62
934,0.0001,139
935,0.0001,69
936,0.0001,674
937,0.0001,881
938,0.0001,31
939,0.0001,655
940,0.0001,842
941,0.0001,31
942,0.0001,0
943,0.0001,1608
944,0.0001,768
945,0.0001,63
946,0.0001,1576
947,0.0001,108
948,0.0001,46
949,0.0001,108
950,0.0001,612
951,0.0001,722
952,0.0001,149
953,0.0001,63
954,0.0001,0
955,0.0001,31
956,0.0001,31
957,0.0001,23
958,0.0001,768
959,0.0001,77
960,0.0001,825
961,0.0001,0
962,0.0001,1744
963,0.0001,46
964,0.0001,41
965,0.0001,278
966,0.0001,858
967,0.0001,0
968,0.0001,883
969,0.0001,260
970,0.0001,116
971,0.0001,829
972,0.0001,853
973,0.0001,31
974,0.0001,85
975,0.0001,3365
976,0.0001,0
977,0.0001,0
978,0.0001,1762
979,0.0001,1623
980,0.0001,0
981,0.0001,77
982,0.0001,1519
983,0.0001,46
984,0.0001,693
985,0.0001,16
986,0.0001,0
987,0.0001,62
988,0.0001,836
989,0.0001,847
990,0.0001,768
991,0.0001,1500
992,0.0001,0
993,0.0001,100
994,0.0001,85
995,0.0001,691
996,0.0001,108
997,0.0001,85
998,0.0001,830
999,0.0001,930
1000,0.0001,190
1001,0.0001,768
1002,0.0001,856
1003,0.0001,1263
1004,0.0001,46
1005,0.0001,734
1006,0.0001,86
1007,0.0001,0
1008,0.0001,139
1009,0.0001,872
1010,0.0001,72
1011,0.0001,16
1012,0.0001,799
1013,0.0001,83
1014,0.0001,84
1015,0.0001,691
1016,0.0001,46
1017,0.0001,32
1018,0.0001,1411
1019,0.0001,109
1020,0.0001,0
1021,0.0001,31
1022,0.0001,768
1023,0.0001,92
1024,0.0001,0
1025,0.0001,124
1026,0.0001,2306
1027,0.0001,1649
1028,0.0001,0
1029,0.0001,1024
1030,0.0001,78
1031,0.0001,140
1032,0.0001,88
1033,0.0001,85
1034,0.0001,0
1035,0.0001,47
1036,0.0001,165
1037,0.0001,139
1038,0.0001,1426
1039,0.0001,3687
1040,0.0001,124
1041,0.0001,217
1042,0.0001,0
1043,0.0001,123
1044,0.0001,93
1045,0.0001,814
1046,0.0001,92
1047,0.0001,54
1048,0.0001,1636
1049,0.0001,123
1050,0.0001,237
1051,0.0001,618
1052,0.0001,1062
1053,0.0001,768
1054,0.0001,62
1055,0.0001,768
1056,0.0001,62
1057,0.0001,31
1058,0.0001,666
1059,0.0001,614
1060,0.0001,0
1061,0.0001,0
1062,0.0001,2243
1063,0.0001,62
1064,0.0001,799
1065,0.0001,123
1066,0.0001,126
1067,0.0001,1683
1068,0.0001,31
1069,0.0001,208
1070,0.0001,702
1071,0.0001,88
1072,0.0001,0
1073,0.0001,32
1074,0.0001,768
1075,0.0001,820
1076,0.0001,945
1077,0.0001,154
1078,0.0001,46
1079,0.0001,32
1080,0.0001,69
1081,0.0001,799
1082,0.0001,123
1083,0.0001,0
1084,0.0001,1086
1085,0.0001,0
1086,0.0001,1498
1087,0.0001,62
1088,0.0001,31
1089,0.0001,807
1090,0.0001,82
1091,0.0001,694
1092,0.0001,100
1093,0.0001,23
1094,0.0001,54
1095,0.0001,62
1096,0.0001,109
1097,0.0001,139
1098,0.0001,70
1099,0.0001,899
1100,0.0001,114
1101,0.0001,46
1102,0.0001,108
1103,0.0001,639
1104,0.0001,699
1105,0.0001,23
1106,0.0001,125
1107,0.0001,830
1108,0.0001,1549
1109,0.0001,940
1110,0.0001,31
1111,0.0001,62
1112,0.0001,217
1113,0.0001,78
1114,0.0001,62
1115,0.0001,82
1116,0.0001,54
1117,0.0001,807
1118,0.0001,77
1119,0.0001,937
1120,0.0001,145
1121,0.0001,129
1122,0.0001,86
1123,0.0001,5001
1124,0.0001,16
1125,0.0001,93
1126,0.0001,85
1127,0.0001,697
1128,0.0001,98
1129,0.0001,2368
1130,0.0001,756
1131,0.0001,3375
1132,0.0001,46
1133,0.0001,93
1134,0.0001,16
1135,0.0001,63
1136,0.0001,31
1137,0.0001,2934
1138,0.0001,82
1139,0.0001,837
1140,0.0001,62
1141,0.0001,776
1142,0.0001,146
1143,0.0001,46
1144,0.0001,850
1145,0.0001,699
1146,0.0001,831
1147,0.0001,23
1148,0.0001,118
1149,0.0001,62
1150,0.0001,879
1151,0.0001,62
1152,0.0001,109
1153,0.0001,0
1154,0.0001,776
1155,0.0001,0
1156,0.0001,82
1157,0.0001,924
1158,0.0001,175
1159,0.0001,31
1160,0.0001,883
1161,0.0001,92
1162,0.0001,0
1163,0.0001,46
1164,0.0001,896
1165,0.0001,0
1166,0.0001,0
1167,0.0001,216
1168,0.0001,674
1169,0.0001,0
1170,0.0001,31
1171,0.0001,0
1172,0.0001,77
1173,0.0001,0
1174,0.0001,62
1175,0.0001,3326
1176,0.0001,938
1177,0.0001,674
1178,0.0001,0
1179,0.0001,231
1180,0.0001,1590
1181,0.0001,62
1182,0.0001,46
1183,0.0001,0
1184,0.0001,768
1185,0.0001,108
1186,0.0001,62
1187,0.0001,840
1188,0.0001,2678
1189,0.0001,123
1190,0.0001,838
1191,0.0001,616
1192,0.0001,0
1193,0.0001,0
1194,0.0001,2696
1195,0.0001,2468
1196,0.0001,139
1197,0.0001,814
1198,0.0001,123
1199,0.0001,896
1200,0.0001,62
1201,0.0001,31
1202,0.0001,63
1203,0.0001,1623
1204,0.0001,130
1205,0.0001,0
1206,0.0001,912
1207,0.0001,62
1208,0.0001,830
1209,0.0001,1518
1210,0.0001,2501
1211,0.0001,94
1212,0.0001,791
1213,0.0001,841
1214,0.0001,699
1215,0.0001,770
1216,0.0001,869
1217,0.0001,62
1218,0.0001,3559
1219,0.0001,31
1220,0.0001,704
1221,0.0001,0
1222,0.0001,16
1223,0.0001,103
1224,0.0001,124
1225,0.0001,62
1226,0.0001,643
1227,0.0001,0
1228,0.0001,16
1229,0.0001,77
1230,0.0001,0
1231,0.0001,78
1232,0.0001,1378
1233,0.0001,116
1234,0.0001,868
1235,0.0001,46
1236,0.0001,31
1237,0.0001,830
1238,0.0001,0
1239,0.0001,247
1240,0.0001,1551
1241,0.0001,891
1242,0.0001,776
1243,0.0001,0
1244,0.0001,115
1245,0.0001,31
1246,0.0001,830
1247,0.0001,85
1248,0.0001,0
1249,0.0001,82
1250,0.0001,46
1251,0.0001,795
1252,0.0001,920
1253,0.0001,3577
1254,0.0001,70
1255,0.0001,216
1256,0.0001,63
1257,0.0001,16
1258,0.0001,123
1259,0.0001,23
1260,0.0001,46
1261,0.0001,0
1262,0.0001,108
1263,0.0001,2068
1264,0.0001,62
1265,0.0001,674
1266,0.0001,0
1267,0.0001,0
1268,0.0001,774
1269,0.0001,614
1270,0.0001,3688
1271,0.0001,31
1272,0.0001,814
1273,0.0001,85
1274,0.0001,0
1275,0.0001,62
1276,0.0001,86
1277,0.0001,0
1278,0.0001,830
1279,0.0001,835
1280,0.0001,77
1281,0.0001,768
1282,0.0001,47
1283,0.0001,62
1284,0.0001,0
1285,0.0001,62
1286,0.0001,0
1287,0.0001,244
1288,0.0001,62
1289,0.0001,108
1290,0.0001,664
1291,0.0001,31
1292,0.0001,799
1293,0.0001,124
1294,0.0001,0
1295,0.0001,113
1296,0.0001,124
1297,0.0001,0
1298,0.0001,31
1299,0.0001,776
1300,0.0001,16
1301,0.0001,46
1302,0.0001,643
1303,0.0001,16
1304,0.0001,146
1305,0.0001,62
1306,0.0001,969
1307,0.0001,16
1308,0.0001,69
1309,0.0001,1476
1310,0.0001,72
1311,0.0001,0
1312,0.0001,31
1313,0.0001,62
1314,0.0001,47
1315,0.0001,817
1316,0.0001,85
1317,0.0001,123
1318,0.0001,690
1319,0.0001,31
1320,0.0001,815
1321,0.0001,46
1322,0.0001,1706
1323,0.0001,3616
1324,0.0001,0
1325,0.0001,109
1326,0.0001,3114
1327,0.0001,62
1328,0.0001,0
1329,0.0001,2517
1330,0.0001,1648
1331,0.0001,193
1332,0.0001,62
1333,0.0001,837
1334,0.0001,62
1335,0.0001,0
1336,0.0001,2282
1337,0.0001,1513
1338,0.0001,78
1339,0.0001,82
1340,0.0001,46
1341,0.0001,62
1342,0.0001,967
1343,0.0001,728
1344,0.0001,125
1345,0.0001,134
1346,0.0001,92
1347,0.0001,932
1348,0.0001,69
1349,0.0001,85
1350,0.0001,31
1351,0.0001,47
1352,0.0001,891
1353,0.0001,1569
1354,0.0001,108
1355,0.0001,797
1356,0.0001,206
1357,0.0001,777
1358,0.0001,0
1359,0.0001,46
1360,0.0001,177
1361,0.0001,124
1362,0.0001,674
1363,0.0001,1800
1364,0.0001,674
1365,0.0001,2203
1366,0.0001,770
1367,0.0001,0
1368,0.0001,102
1369,0.0001,41
1370,0.0001,23
1371,0.0001,2163
1372,0.0001,62
1373,0.0001,5652
1374,0.0001,768
1375,0.0001,82
1376,0.0001,200
1377,0.0001,918
1378,0.0001,77
1379,0.0001,62
1380,0.0001,31
1381,0.0001,77
1382,0.0001,31
1383,0.0001,801
1384,0.0001,31
1385,0.0001,2378
1386,0.0001,93
1387,0.0001,123
1388,0.0001,103
1389,0.0001,2315
1390,0.0001,23
1391,0.0001,39
1392,0.0001,16
1393,0.0001,46
1394,0.0001,62
1395,0.0001,85
1396,0.0001,626
1397,0.0001,108
1398,0.0001,0
1399,0.0001,47
1400,0.0001,0
1401,0.0001,0
1402,0.0001,909
1403,0.0001,1690
1404,0.0001,108
1405,0.0001,0
1406,0.0001,0
1407,0.0001,953
1408,0.0001,0
1409,0.0001,2151
1410,0.0001,193
1411,0.0001,0
1412,0.0001,46
1413,0.0001,62
1414,0.0001,1613
1415,0.0001,0
1416,0.0001,93
1417,0.0001,31
1418,0.0001,139
1419,0.0001,77
1420,0.0001,108
1421,0.0001,186
1422,0.0001,955
1423,0.0001,0
1424,0.0001,16
1425,0.0001,845
1426,0.0001,31
1427,0.0001,131
1428,0.0001,100
1429,0.0001,858
1430,0.0001,0
1431,0.0001,82
1432,0.0001,1669
1433,0.0001,614
1434,0.0001,101
1435,0.0001,62
1436,0.0001,1662
1437,0.0001,47
1438,0.0001,174
1439,0.0001,612
1440,0.0001,0
1441,0.0001,151
1442,0.0001,131
1443,0.0001,62
1444,0.0001,39
1445,0.0001,139
1446,0.0001,23
1447,0.0001,82
1448,0.0001,46
1449,0.0001,1692
1450,0.0001,165
1451,0.0001,0
1452,0.0001,46
1453,0.0001,0
1454,0.0001,169
1455,0.0001,0
1456,0.0001,1628
1457,0.0001,3217
1458,0.0001,63
1459,0.0001,62
1460,0.0001,3260
1461,0.0001,123
1462,0.0001,85
1463,0.0001,1230
1464,0.0001,62
1465,0.0001,31
1466,0.0001,968
1467,0.0001,93
1468,0.0001,102
1469,0.0001,82
1470,0.0001,23
1471,0.0001,728
1472,0.0001,46
1473,0.0001,46
1474,0.0001,4111
1475,0.0001,77
1476,0.0001,16
1477,0.0001,0
1478,0.0001,1608
1479,0.0001,830
1480,0.0001,93
1481,0.0001,0
1482,0.0001,840
1483,0.0001,950
1484,0.0001,77
1485,0.0001,0
1486,0.0001,247
1487,0.0001,825
1488,0.0001,128
1489,0.0001,2386
1490,0.0001,830
1491,0.0001,871
1492,0.0001,31
1493,0.0001,0
1494,0.0001,1091
1495,0.0001,41
1496,0.0001,46
1497,0.0001,69
1498,0.0001,194
1499,0.0001,108
1500,0.0001,63
1501,0.0001,100
1502,0.0001,940
1503,0.0001,132
1504,0.0001,629
1505,0.0001,770
1506,0.0001,77
1507,0.0001,62
1508,0.0001,155
1509,0.0001,1322
1510,0.0001,32
1511,0.0001,690
1512,0.0001,104
1513,0.0001,943
1514,0.0001,2183
1515,0.0001,93
1516,0.0001,21
1517,0.0001,706
1518,0.0001,85
1519,0.0001,216
1520,0.0001,770
1521,0.0001,0
1522,0.0001,128
1523,0.0001,0
1524,0.0001,62
1525,0.0001,62
1526,0.0001,799
1527,0.0001,62
1528,0.0001,0
1529,0.0001,47
1530,0.0001,62
1531,0.0001,63
1532,0.0001,0
1533,0.0001,62
1534,0.0001,62
1535,0.0001,822
1536,0.0001,139
1537,0.0001,0
1538,0.0001,914
1539,0.0001,810
1540,0.0001,16
1541,0.0001,46
1542,0.0001,720
1543,0.0001,631
1544,0.0001,115
1545,0.0001,62
1546,0.0001,47
1547,0.0001,833
1548,0.0001,123
1549,0.0001,93
1550,0.0001,47
1551,0.0001,190
1552,0.0001,184
1553,0.0001,88
1554,0.0001,863
1555,0.0001,62
1556,0.0001,3793
1557,0.0001,3218
1558,0.0001,822
1559,0.0001,62
1560,0.0001,62
1561,0.0001,208
1562,0.0001,231
1563,0.0001,31
1564,0.0001,2376
1565,0.0001,0
1566,0.0001,1536
1567,0.0001,62
1568,0.0001,1519
1569,0.0001,62
1570,0.0001,31
1571,0.0001,204
1572,0.0001,62
1573,0.0001,123
1574,0.0001,1465
1575,0.0001,0
1576,0.0001,62
1577,0.0001,62
1578,0.0001,2352
1579,0.0001,0
1580,0.0001,100
1581,0.0001,78
1582,0.0001,70
1583,0.0001,614
1584,0.0001,78
1585,0.0001,47
1586,0.0001,77
1587,0.0001,0
1588,0.0001,784
1589,0.0001,46
1590,0.0001,62
1591,0.0001,85
1592,0.0001,232
1593,0.0001,1063
1594,0.0001,783
1595,0.0001,176
1596,0.0001,0
1597,0.0001,831
1598,0.0001,0
1599,0.0001,31
1600,0.0001,704
1601,0.0001,125
1602,0.0001,895
1603,0.0001,612
1604,0.0001,92
1605,0.0001,46
1606,0.0001,93
1607,0.0001,62
1608,0.0001,208
1609,0.0001,1682
1610,0.0001,47
1611,0.0001,41
1612,0.0001,819
1613,0.0001,0
1614,0.0001,0
1615,0.0001,108
1616,0.0001,46
1617,0.0001,1368
1618,0.0001,1403
1619,0.0001,0
1620,0.0001,62
1621,0.0001,82
1622,0.0001,0
1623,0.0001,185
1624,0.0001,108
1625,0.0001,155
1626,0.0001,0
1627,0.0001,807
1628,0.0001,0
1629,0.0001,0
1630,0.0001,108
1631,0.0001,113
1632,0.0001,109
1633,0.0001,93
1634,0.0001,4142
1635,0.0001,93
1636,0.0001,784
1637,0.0001,92
1638,0.0001,46
1639,0.0001,1471
1640,0.0001,47
1641,0.0001,830
1642,0.0001,16
1643,0.0001,156
1644,0.0001,0
1645,0.0001,62
1646,0.0001,691
1647,0.0001,85
1648,0.0001,128
1649,0.0001,773
1650,0.0001,62
1651,0.0001,16
1652,0.0001,46
1653,0.0001,975
1654,0.0001,170
1655,0.0001,186
1656,0.0001,1462
1657,0.0001,0
1658,0.0001,31
1659,0.0001,698
1660,0.0001,23
1661,0.0001,914
1662,0.0001,1669
1663,0.0001,861
1664,0.0001,1438
1665,0.0001,0
1666,0.0001,155
1667,0.0001,295
1668,0.0001,0
1669,0.0001,674
1670,0.0001,62
1671,0.0001,961
1672,0.0001,378
1673,0.0001,835
1674,0.0001,31
1675,0.0001,210
1676,0.0001,0
1677,0.0001,0
1678,0.0001,182
1679,0.0001,0
1680,0.0001,670
1681,0.0001,4675
1682,0.0001,773
1683,0.0001,108
1684,0.0001,46
1685,0.0001,631
1686,0.0001,154
1687,0.0001,614
1688,0.0001,31
1689,0.0001,768
1690,0.0001,0
1691,0.0001,82
1692,0.0001,123
1693,0.0001,0
1694,0.0001,108
1695,0.0001,0
1696,0.0001,85
1697,0.0001,712
1698,0.0001,776
1699,0.0001,618
1700,0.0001,1118
1701,0.0001,624
1702,0.0001,187
1703,0.0001,1785
1704,0.0001,618
1705,0.0001,62
1706,0.0001,2203
1707,0.0001,113
1708,0.0001,62
1709,0.0001,1347
1710,0.0001,70
1711,0.0001,70
1712,0.0001,855
1713,0.0001,848
1714,0.0001,31
1715,0.0001,1535
1716,0.0001,0
1717,0.0001,773
1718,0.0001,23
1719,0.0001,876
1720,0.0001,876
1721,0.0001,0
1722,0.0001,170
1723,0.0001,1603
1724,0.0001,0
1725,0.0001,0
1726,0.0001,62
1727,0.0001,63
1728,0.0001,929
1729,0.0001,0
1730,0.0001,0
1731,0.0001,62
1732,0.0001,62
1733,0.0001,123
1734,0.0001,217
1735,0.0001,1900
1736,0.0001,85
1737,0.0001,0
1738,0.0001,16
1739,0.0001,0
1740,0.0001,162
1741,0.0001,144
1742,0.0001,0
1743,0.0001,31
1744,0.0001,31
1745,0.0001,31
1746,0.0001,62
1747,0.0001,62
1748,0.0001,46
1749,0.0001,146
1750,0.0001,0
1751,0.0001,223
1752,0.0001,62
1753,0.0001,93
1754,0.0001,46
1755,0.0001,62
1756,0.0001,144
1757,0.0001,1426
1758,0.0001,92
1759,0.0001,728
1760,0.0001,4095
1761,0.0001,93
1762,0.0001,801
1763,0.0001,46
1764,0.0001,2123
1765,0.0001,62
1766,0.0001,208
1767,0.0001,93
1768,0.0001,108
1769,0.0001,234
1770,0.0001,730
1771,0.0001,108
1772,0.0001,2257
1773,0.0001,46
1774,0.0001,140
1775,0.0001,62
1776,0.0001,46
1777,0.0001,154
1778,0.0001,697
1779,0.0001,155
1780,0.0001,0
1781,0.0001,3225
1782,0.0001,2219
1783,0.0001,103
1784,0.0001,3433
1785,0.0001,92
1786,0.0001,643
1787,0.0001,651
1788,0.0001,93
1789,0.0001,698
1790,0.0001,108
1791,0.0001,31
1792,0.0001,124
1793,0.0001,0
1794,0.0001,77
1795,0.0001,0
1796,0.0001,1139
1797,0.0001,861
1798,0.0001,0
1799,0.0001,24
1800,0.0001,187
1801,0.0001,77
1802,0.0001,31
1803,0.0001,0
1804,0.0001,0
1805,0.0001,62
1806,0.0001,0
1807,0.0001,239
1808,0.0001,122
1809,0.0001,2430
1810,0.0001,203
1811,0.0001,658
1812,0.0001,840
1813,0.0001,108
1814,0.0001,82
1815,0.0001,653
1816,0.0001,201
1817,0.0001,92
1818,0.0001,864
1819,0.0001,16
1820,0.0001,62
1821,0.0001,796
1822,0.0001,83
1823,0.0001,154
1824,0.0001,3217
1825,0.0001,92
1826,0.0001,16
1827,0.0001,62
1828,0.0001,82
1829,0.0001,705
1830,0.0001,710
1831,0.0001,1109
1832,0.0001,1736
1833,0.0001,1545
1834,0.0001,31
1835,0.0001,32
1836,0.0001,814
1837,0.0001,62
1838,0.0001,77
1839,0.0001,108
1840,0.0001,92
1841,0.0001,123
1842,0.0001,2246
1843,0.0001,108
1844,0.0001,832
1845,0.0001,820
1846,0.0001,0
1847,0.0001,31
1848,0.0001,898
1849,0.0001,1523
1850,0.0001,3201
1851,0.0001,62
1852,0.0001,1132
1853,0.0001,31
1854,0.0001,1900
1855,0.0001,843
1856,0.0001,793
1857,0.0001,891
1858,0.0001,912
1859,0.0001,134
1860,0.0001,41
1861,0.0001,141
1862,0.0001,144
1863,0.0001,2206
1864,0.0001,0
1865,0.0001,907
1866,0.0001,77
1867,0.0001,1487
1868,0.0001,23
1869,0.0001,117
1870,0.0001,150
1871,0.0001,92
1872,0.0001,93
1873,0.0001,1670
1874,0.0001,863
1875,0.0001,46
1876,0.0001,664
1877,0.0001,0
1878,0.0001,94
1879,0.0001,635
1880,0.0001,31
1881,0.0001,140
1882,0.0001,86
1883,0.0001,1280
1884,0.0001,16
1885,0.0001,62
1886,0.0001,72
1887,0.0001,0
1888,0.0001,809
1889,0.0001,85
1890,0.0001,85
1891,0.0001,0
1892,0.0001,3238
1893,0.0001,123
1894,0.0001,186
1895,0.0001,178
1896,0.0001,767
1897,0.0001,77
1898,0.0001,231
1899,0.0001,16
1900,0.0001,124
1901,0.0001,46
1902,0.0001,941
1903,0.0001,82
1904,0.0001,128
1905,0.0001,1604
1906,0.0001,63
1907,0.0001,108
1908,0.0001,881
1909,0.0001,692
1910,0.0001,997
1911,0.0001,31
1912,0.0001,23
1913,0.0001,3327
1914,0.0001,77
1915,0.0001,0
1916,0.0001,31
1917,0.0001,54
1918,0.0001,686
1919,0.0001,41
1920,0.0001,62
1921,0.0001,23
1922,0.0001,82
1923,0.0001,221
1924,0.0001,123
1925,0.0001,799
1926,0.0001,108
1927,0.0001,1469
1928,0.0001,154
1929,0.0001,2306
1930,0.0001,1554
1931,0.0001,0
1932,0.0001,41
1933,0.0001,912
1934,0.0001,85
1935,0.0001,0
1936,0.0001,0
1937,0.0001,16
1938,0.0001,16
1939,0.0001,85
1940,0.0001,819
1941,0.0001,0
1942,0.0001,912
1943,0.0001,124
1944,0.0001,912
1945,0.0001,0
1946,0.0001,93
1947,0.0001,62
1948,0.0001,770
1949,0.0001,154
1950,0.0001,1002
1951,0.0001,2275
1952,0.0001,147
1953,0.0001,0
1954,0.0001,0
1955,0.0001,62
1956,0.0001,124
1957,0.0001,62
1958,0.0001,77
1959,0.0001,31
1960,0.0001,872
1961,0.0001,88
1962,0.0001,770
1963,0.0001,47
1964,0.0001,123
1965,0.0001,817
1966,0.0001,123
1967,0.0001,176
1968,0.0001,31
1969,0.0001,830
1970,0.0001,783
1971,0.0001,0
1972,0.0001,722
1973,0.0001,93
1974,0.0001,134
1975,0.0001,1600
1976,0.0001,637
1977,0.0001,93
1978,0.0001,119
1979,0.0001,21
1980,0.0001,139
1981,0.0001,31
1982,0.0001,675
1983,0.0001,0
1984,0.0001,1122
1985,0.0001,93
1986,0.0001,46
1987,0.0001,62
1988,0.0001,0
1989,0.0001,0
1990,0.0001,31
1991,0.0001,2207
1992,0.0001,890
1993,0.0001,798
1994,0.0001,0
1995,0.0001,31
1996,0.0001,219
1997,0.0001,768
1998,0.0001,614
1999,0.0001,193
2000,0.0001,62
2001,0.0001,927
2002,0.0001,682
2003,0.0001,0
2004,0.0001,1672
2005,0.0001,956
2006,0.0001,845
2007,0.0001,0
2008,0.0001,170
2009,0.0001,123
2010,0.0001,46
2011,0.0001,0
2012,0.0001,1388
2013,0.0001,168
2014,0.0001,185
2015,0.0001,78
2016,0.0001,0
2017,0.0001,62
2018,0.0001,162
2019,0.0001,791
2020,0.0001,126
2021,0.0001,830
2022,0.0001,946
2023,0.0001,144
2024,0.0001,0
2025,0.0001,62
2026,0.0001,3233
2027,0.0001,1724
2028,0.0001,83
2029,0.0001,46
2030,0.0001,0
2031,0.0001,82
2032,0.0001,123
2033,0.0001,46
2034,0.0001,31
2035,0.0001,0
2036,0.0001,773
2037,0.0001,128
2038,0.0001,77
2039,0.0001,892
2040,0.0001,830
2041,0.0001,93
2042,0.0001,46
2043,0.0001,146
2044,0.0001,77
2045,0.0001,54
2046,0.0001,0
2047,0.0001,0
2048,0.0001,92
2049,0.0001,1446
2050,0.0001,62
2051,0.0001,54
2052,0.0001,612
2053,0.0001,953
2054,0.0001,123
2055,0.0001,1559
2056,0.0001,3528
2057,0.0001,4073
2058,0.0001,75
2059,0.0001,185
2060,0.0001,3452
2061,0.0001,46
2062,0.0001,850
2063,0.0001,62
2064,0.0001,857
2065,0.0001,93
2066,0.0001,0
2067,0.0001,185
2068,0.0001,139
2069,0.0001,77
2070,0.0001,93
2071,0.0001,62
2072,0.0001,1496
2073,0.0001,104
2074,0.0001,830
2075,0.0001,167
2076,0.0001,0
2077,0.0001,953
2078,0.0001,46
2079,0.0001,680
2080,0.0001,77
2081,0.0001,667
2082,0.0001,47
2083,0.0001,77
2084,0.0001,0
2085,0.0001,123
2086,0.0001,0
2087,0.0001,837
2088,0.0001,62
2089,0.0001,2085
2090,0.0001,93
2091,0.0001,31
2092,0.0001,31
2093,0.0001,1690
2094,0.0001,2067
2095,0.0001,981
2096,0.0001,78
2097,0.0001,0
2098,0.0001,614
2099,0.0001,78
2100,0.0001,31
2101,0.0001,791
2102,0.0001,765
2103,0.0001,871
2104,0.0001,46
2105,0.0001,666
2106,0.0001,62
2107,0.0001,0
2108,0.0001,23
2109,0.0001,1145
2110,0.0001,62
2111,0.0001,62
2112,0.0001,0
2113,0.0001,31
2114,0.0001,0
2115,0.0001,681
2116,0.0001,831
2117,0.0001,62
2118,0.0001,838
2119,0.0001,738
2120,0.0001,3900
2121,0.0001,854
2122,0.0001,208
2123,0.0001,814
2124,0.0001,86
2125,0.0001,674
2126,0.0001,805
2127,0.0001,31
2128,0.0001,955
2129,0.0001,16
2130,0.0001,31
2131,0.0001,860
2132,0.0001,62
2133,0.0001,62
2134,0.0001,0
2135,0.0001,31
2136,0.0001,185
2137,0.0001,82
2138,0.0001,768
2139,0.0001,101
2140,0.0001,119
2141,0.0001,3024
2142,0.0001,643
2143,0.0001,62
2144,0.0001,937
2145,0.0001,1721
2146,0.0001,98
2147,0.0001,31
2148,0.0001,1629
2149,0.0001,950
2150,0.0001,139
2151,0.0001,62
2152,0.0001,108
2153,0.0001,2453
2154,0.0001,129
2155,0.0001,830
2156,0.0001,845
2157,0.0001,676
2158,0.0001,114
2159,0.0001,124
2160,0.0001,691
2161,0.0001,799
2162,0.0001,65
2163,0.0001,31
2164,0.0001,69
2165,0.0001,1403
2166,0.0001,628
2167,0.0001,62
2168,0.0001,46
2169,0.0001,170
2170,0.0001,3248
2171,0.0001,24
2172,0.0001,787
2173,0.0001,830
2174,0.0001,92
2175,0.0001,0
2176,0.0001,0
2177,0.0001,31
2178,0.0001,77
2179,0.0001,77
2180,0.0001,62
2181,0.0001,92
2182,0.0001,0
2183,0.0001,93
2184,0.0001,874
2185,0.0001,614
2186,0.0001,0
2187,0.0001,123
2188,0.0001,740
2189,0.0001,162
2190,0.0001,62
2191,0.0001,862
2192,0.0001,3196
2193,0.0001,270
2194,0.0001,4456
2195,0.0001,103
2196,0.0001,0
2197,0.0001,46
2198,0.0001,62
2199,0.0001,62
2200,0.0001,876
2201,0.0001,31
2202,0.0001,1488
2203,0.0001,784
2204,0.0001,54
2205,0.0001,16
2206,0.0001,39
2207,0.0001,614
2208,0.0001,824
2209,0.0001,169
2210,0.0001,62
2211,0.0001,123
2212,0.0001,165
2213,0.0001,31
2214,0.0001,1740
2215,0.0001,63
2216,0.0001,62
2217,0.0001,108
2218,0.0001,16
2219,0.0001,144
2220,0.0001,876
2221,0.0001,82
2222,0.0001,169
2223,0.0001,82
2224,0.0001,876
2225,0.0001,0
2226,0.0001,85
2227,0.0001,98
2228,0.0001,0
2229,0.0001,108
2230,0.0001,116
2231,0.0001,77
2232,0.0001,65
2233,0.0001,2306
2234,0.0001,92
2235,0.0001,125
2236,0.0001,155
2237,0.0001,956
2238,0.0001,845
2239,0.0001,832
2240,0.0001,62
2241,0.0001,62
2242,0.0001,62
2243,0.0001,130
2244,0.0001,108
2245,0.0001,77
2246,0.0001,115
2247,0.0001,1554
2248,0.0001,756
2249,0.0001,797
2250,0.0001,954
2251,0.0001,123
2252,0.0001,114
2253,0.0001,93
2254,0.0001,62
2255,0.0001,62
2256,0.0001,47
2257,0.0001,202
2258,0.0001,123
2259,0.0001,124
2260,0.0001,1540
2261,0.0001,1772
2262,0.0001,907
2263,0.0001,1974
2264,0.0001,108
2265,0.0001,3529
2266,0.0001,31
2267,0.0001,860
2268,0.0001,77
2269,0.0001,62
2270,0.0001,47
2271,0.0001,631
2272,0.0001,4887
2273,0.0001,63
2274,0.0001,903
2275,0.0001,85
2276,0.0001,31
2277,0.0001,0
2278,0.0001,31
2279,0.0001,31
2280,0.0001,63
2281,0.0001,23
2282,0.0001,234
2283,0.0001,876
2284,0.0001,710
2285,0.0001,2928
2286,0.0001,31
2287,0.0001,0
2288,0.0001,62
2289,0.0001,77
2290,0.0001,0
2291,0.0001,938
2292,0.0001,92
2293,0.0001,0
2294,0.0001,0
2295,0.0001,55
2296,0.0001,82
2297,0.0001,0
2298,0.0001,77
2299,0.0001,46
2300,0.0001,0
2301,0.0001,117
2302,0.0001,31
2303,0.0001,1078
2304,0.0001,139
2305,0.0001,62
2306,0.0001,31
2307,0.0001,177
2308,0.0001,62
2309,0.0001,0
2310,0.0001,0
2311,0.0001,0
2312,0.0001,616
2313,0.0001,93
2314,0.0001,0
2315,0.0001,773
2316,0.0001,0
2317,0.0001,876
2318,0.0001,62
2319,0.0001,108
2320,0.0001,693
2321,0.0001,0
2322,0.0001,699
2323,0.0001,770
2324,0.0001,0
2325,0.0001,62
2326,0.0001,0
2327,0.0001,108
2328,0.0001,0
2329,0.0001,822
2330,0.0001,94
2331,0.0001,1456
2332,0.0001,47
2333,0.0001,92
2334,0.0001,85
2335,0.0001,808
2336,0.0001,835
2337,0.0001,940
2338,0.0001,0
2339,0.0001,16
2340,0.0001,54
2341,0.0001,722
2342,0.0001,855
2343,0.0001,154
2344,0.0001,31
2345,0.0001,16
2346,0.0001,62
2347,0.0001,47
2348,0.0001,77
2349,0.0001,773
2350,0.0001,31
2351,0.0001,711
2352,0.0001,658
2353,0.0001,834
2354,0.0001,240
2355,0.0001,1697
2356,0.0001,2220
2357,0.0001,62
2358,0.0001,54
2359,0.0001,169
2360,0.0001,776
2361,0.0001,2268
2362,0.0001,1071
2363,0.0001,200
2364,0.0001,0
2365,0.0001,0
2366,0.0001,1534
2367,0.0001,0
2368,0.0001,99
2369,0.0001,31
2370,0.0001,62
2371,0.0001,2258
2372,0.0001,116
2373,0.0001,85
2374,0.0001,1606
2375,0.0001,78
2376,0.0001,92
2377,0.0001,951
2378,0.0001,124
2379,0.0001,98
2380,0.0001,805
2381,0.0001,46
2382,0.0001,806
2383,0.0001,46
2384,0.0001,93
2385,0.0001,299
2386,0.0001,62
2387,0.0001,72
2388,0.0001,4285
2389,0.0001,92
2390,0.0001,47
2391,0.0001,0
2392,0.0001,1694
2393,0.0001,54
2394,0.0001,62
2395,0.0001,642
2396,0.0001,2337
2397,0.0001,77
2398,0.0001,0
2399,0.0001,899
2400,0.0001,786
2401,0.0001,92
2402,0.0001,16
2403,0.0001,0
2404,0.0001,46
2405,0.0001,0
2406,0.0001,215
2407,0.0001,47
2408,0.0001,0
2409,0.0001,0
2410,0.0001,134
2411,0.0001,1431
2412,0.0001,23
2413,0.0001,830
2414,0.0001,77
2415,0.0001,3217
2416,0.0001,0
2417,0.0001,2160
2418,0.0001,612
2419,0.0001,62
2420,0.0001,801
2421,0.0001,54
2422,0.0001,879
2423,0.0001,931
2424,0.0001,635
2425,0.0001,16
2426,0.0001,763
2427,0.0001,46
2428,0.0001,62
2429,0.0001,93
2430,0.0001,643
2431,0.0001,185
2432,0.0001,46
2433,0.0001,46
2434,0.0001,62
2435,0.0001,31
2436,0.0001,46
2437,0.0001,4431
2438,0.0001,272
2439,0.0001,0
2440,0.0001,85
2441,0.0001,738
2442,0.0001,3777
2443,0.0001,124
2444,0.0001,85
2445,0.0001,0
2446,0.0001,639
2447,0.0001,16
2448,0.0001,92
2449,0.0001,0
2450,0.0001,801
2451,0.0001,167
2452,0.0001,191
2453,0.0001,689
2454,0.0001,0
2455,0.0001,768
2456,0.0001,0
2457,0.0001,62
2458,0.0001,1556
2459,0.0001,889
2460,0.0001,62
2461,0.0001,860
2462,0.0001,861
2463,0.0001,155
2464,0.0001,3325
2465,0.0001,94
2466,0.0001,1712
2467,0.0001,54
2468,0.0001,64
2469,0.0001,1518
2470,0.0001,0
2471,0.0001,0
2472,0.0001,133
2473,0.0001,62
2474,0.0001,3553
2475,0.0001,93
2476,0.0001,41
2477,0.0001,54
2478,0.0001,0
2479,0.0001,31
2480,0.0001,82
2481,0.0001,31
2482,0.0001,46
2483,0.0001,128
2484,0.0001,1396
2485,0.0001,131
2486,0.0001,0
2487,0.0001,0
2488,0.0001,46
2489,0.0001,0
2490,0.0001,0
2491,0.0001,92
2492,0.0001,82
2493,0.0001,1093
2494,0.0001,139
2495,0.0001,77
2496,0.0001,93
2497,0.0001,814
2498,0.0001,31
2499,0.0001,773
2500,0.0001,146
2501,0.0001,46
2502,0.0001,209
2503,0.0001,129
2504,0.0001,31
2505,0.0001,1731
2506,0.0001,113
2507,0.0001,823
2508,0.0001,807
2509,0.0001,46
2510,0.0001,24
2511,0.0001,674
2512,0.0001,191
2513,0.0001,23
2514,0.0001,832
2515,0.0001,658
2516,0.0001,643
2517,0.0001,832
2518,0.0001,837
2519,0.0001,876
2520,0.0001,46
2521,0.0001,123
2522,0.0001,2376
2523,0.0001,0
2524,0.0001,82
2525,0.0001,832
2526,0.0001,0
2527,0.0001,162
2528,0.0001,899
2529,0.0001,46
2530,0.0001,70
2531,0.0001,3227
2532,0.0001,93
2533,0.0001,899
2534,0.0001,814
2535,0.0001,69
2536,0.0001,16
2537,0.0001,62
2538,0.0001,62
2539,0.0001,31
2540,0.0001,168
2541,0.0001,85
2542,0.0001,4148
2543,0.0001,855
2544,0.0001,124
2545,0.0001,875
2546,0.0001,92
2547,0.0001,190
2548,0.0001,2232
2549,0.0001,62
2550,0.0001,62
2551,0.0001,16
2552,0.0001,31
2553,0.0001,0
2554,0.0001,88
2555,0.0001,62
2556,0.0001,62
2557,0.0001,876
2558,0.0001,1342
2559,0.0001,155
2560,0.0001,62
2561,0.0001,0
2562,0.0001,0
2563,0.0001,31
2564,0.0001,46
2565,0.0001,614
2566,0.0001,614
2567,0.0001,23
2568,0.0001,16
2569,0.0001,92
2570,0.0001,103
2571,0.0001,0
2572,0.0001,0
2573,0.0001,210
2574,0.0001,63
2575,0.0001,848
2576,0.0001,93
2577,0.0001,0
2578,0.0001,770
2579,0.0001,131
2580,0.0001,736
2581,0.0001,62
2582,0.0001,0
2583,0.0001,46
2584,0.0001,31
2585,0.0001,135
2586,0.0001,77
2587,0.0001,77
2588,0.0001,77
2589,0.0001,23
2590,0.0001,92
2591,0.0001,31
2592,0.0001,765
2593,0.0001,1628
2594,0.0001,799
2595,0.0001,232
2596,0.0001,139
2597,0.0001,98
2598,0.0001,134
2599,0.0001,0
2600,0.0001,0
2601,0.0001,77
2602,0.0001,1562
2603,0.0001,46
2604,0.0001,21
2605,0.0001,830
2606,0.0001,298
2607,0.0001,794
2608,0.0001,3121
2609,0.0001,2955
2610,0.0001,31
2611,0.0001,0
2612,0.0001,31
2613,0.0001,0
2614,0.0001,62
2615,0.0001,985
2616,0.0001,830
2617,0.0001,31
2618,0.0001,0
2619,0.0001,722
2620,0.0001,140
2621,0.0001,643
2622,0.0001,1677
2623,0.0001,1685
2624,0.0001,85
2625,0.0001,62
2626,0.0001,54
2627,0.0001,98
2628,0.0001,62
2629,0.0001,162
2630,0.0001,1466
2631,0.0001,0
2632,0.0001,124
2633,0.0001,62
2634,0.0001,700
2635,0.0001,124
2636,0.0001,336
2637,0.0001,98
2638,0.0001,1232
2639,0.0001,645
2640,0.0001,881
2641,0.0001,1064
2642,0.0001,123
2643,0.0001,124
2644,0.0001,0
2645,0.0001,694
2646,0.0001,0
2647,0.0001,46
2648,0.0001,62
2649,0.0001,1512
2650,0.0001,46
2651,0.0001,31
2652,0.0001,92
2653,0.0001,766
2654,0.0001,82
2655,0.0001,0
2656,0.0001,784
2657,0.0001,123
2658,0.0001,1020
2659,0.0001,92
2660,0.0001,108
2661,0.0001,95
2662,0.0001,31
2663,0.0001,253
2664,0.0001,614
2665,0.0001,86
2666,0.0001,1576
2667,0.0001,0
2668,0.0001,139
2669,0.0001,882
2670,0.0001,100
2671,0.0001,16
2672,0.0001,16
2673,0.0001,146
2674,0.0001,662
2675,0.0001,891
2676,0.0001,110
2677,0.0001,818
2678,0.0001,31
2679,0.0001,126
2680,0.0001,62
2681,0.0001,807
2682,0.0001,62
2683,0.0001,768
2684,0.0001,23
2685,0.0001,47
2686,0.0001,77
2687,0.0001,768
2688,0.0001,31
2689,0.0001,665
2690,0.0001,70
2691,0.0001,125
2692,0.0001,16
2693,0.0001,1713
2694,0.0001,760
2695,0.0001,694
2696,0.0001,2325
2697,0.0001,792
2698,0.0001,139
2699,0.0001,192
2700,0.0001,105
2701,0.0001,47
2702,0.0001,146
2703,0.0001,1030
2704,0.0001,92
2705,0.0001,93
2706,0.0001,614
2707,0.0001,938
2708,0.0001,64
2709,0.0001,31
2710,0.0001,0
2711,0.0001,93
2712,0.0001,0
2713,0.0001,180
2714,0.0001,62
2715,0.0001,0
2716,0.0001,701
2717,0.0001,614
2718,0.0001,0
2719,0.0001,62
2720,0.0001,705
2721,0.0001,186
2722,0.0001,203
2723,0.0001,1565
2724,0.0001,105
2725,0.0001,31
2726,0.0001,116
2727,0.0001,92
2728,0.0001,641
2729,0.0001,705
2730,0.0001,186
2731,0.0001,62
2732,0.0001,62
2733,0.0001,175
2734,0.0001,82
2735,0.0001,54
2736,0.0001,77
2737,0.0001,31
2738,0.0001,46
2739,0.0001,3068
2740,0.0001,62
2741,0.0001,47
2742,0.0001,23
2743,0.0001,1621
2744,0.0001,47
2745,0.0001,139
2746,0.0001,2242
2747,0.0001,54
2748,0.0001,103
2749,0.0001,31
2750,0.0001,3252
2751,0.0001,814
2752,0.0001,779
2753,0.0001,69
2754,0.0001,185
2755,0.0001,107
2756,0.0001,31
2757,0.0001,170
2758,0.0001,171
2759,0.0001,0
2760,0.0001,32
2761,0.0001,123
2762,0.0001,139
2763,0.0001,31
2764,0.0001,902
2765,0.0001,797
2766,0.0001,924
2767,0.0001,136
2768,0.0001,1011
2769,0.0001,1380
2770,0.0001,0
2771,0.0001,791
2772,0.0001,773
2773,0.0001,139
2774,0.0001,128
2775,0.0001,23
2776,0.0001,62
2777,0.0001,799
2778,0.0001,861
2779,0.0001,799
2780,0.0001,294
2781,0.0001,776
2782,0.0001,85
2783,0.0001,0
2784,0.0001,108
2785,0.0001,85
2786,0.0001,1007
2787,0.0001,62
2788,0.0001,1478
2789,0.0001,768
2790,0.0001,93
2791,0.0001,93
2792,0.0001,58
2793,0.0001,47
2794,0.0001,71
2795,0.0001,735
2796,0.0001,0
2797,0.0001,1618
2798,0.0001,695
2799,0.0001,124
2800,0.0001,2466
2801,0.0001,710
2802,0.0001,47
2803,0.0001,129
2804,0.0001,47
2805,0.0001,62
2806,0.0001,46
2807,0.0001,2320
2808,0.0001,0
2809,0.0001,16
2810,0.0001,1598
2811,0.0001,1583
2812,0.0001,837
2813,0.0001,0
2814,0.0001,893
2815,0.0001,3183
2816,0.0001,1119
2817,0.0001,77
2818,0.0001,62
2819,0.0001,193
2820,0.0001,54
2821,0.0001,643
2822,0.0001,86
2823,0.0001,0
2824,0.0001,893
2825,0.0001,31
2826,0.0001,1523
2827,0.0001,794
2828,0.0001,759
2829,0.0001,31
2830,0.0001,62
2831,0.0001,778
2832,0.0001,0
2833,0.0001,108
2834,0.0001,94
2835,0.0001,775
2836,0.0001,0
2837,0.0001,692
2838,0.0001,77
2839,0.0001,1477
2840,0.0001,101
2841,0.0001,77
2842,0.0001,1528
2843,0.0001,31
2844,0.0001,0
2845,0.0001,62
2846,0.0001,62
2847,0.0001,108
2848,0.0001,706
2849,0.0001,47
2850,0.0001,46
2851,0.0001,16
2852,0.0001,876
2853,0.0001,0
2854,0.0001,1001
2855,0.0001,0
2856,0.0001,23
2857,0.0001,1794
2858,0.0001,54
2859,0.0001,830
2860,0.0001,177
2861,0.0001,198
2862,0.0001,0
2863,0.0001,62
2864,0.0001,108
2865,0.0001,799
2866,0.0001,93
2867,0.0001,152
2868,0.0001,0
2869,0.0001,1058
2870,0.0001,48
2871,0.0001,186
2872,0.0001,46
2873,0.0001,154
2874,0.0001,956
2875,0.0001,1086
2876,0.0001,31
2877,0.0001,82
2878,0.0001,47
2879,0.0001,16
2880,0.0001,116
2881,0.0001,70
2882,0.0001,62
2883,0.0001,70
2884,0.0001,790
2885,0.0001,84
2886,0.0001,129
2887,0.0001,0
2888,0.0001,0
2889,0.0001,102
2890,0.0001,70
2891,0.0001,78
2892,0.0001,77
2893,0.0001,139
2894,0.0001,0
2895,0.0001,930
2896,0.0001,801
2897,0.0001,131
2898,0.0001,16
2899,0.0001,739
2900,0.0001,92
2901,0.0001,62
2902,0.0001,62
2903,0.0001,93
2904,0.0001,70
2905,0.0001,62
2906,0.0001,123
2907,0.0001,109
2908,0.0001,93
2909,0.0001,108
2910,0.0001,0
2911,0.0001,77
2912,0.0001,124
2913,0.0001,154
2914,0.0001,144
2915,0.0001,768
2916,0.0001,3157
2917,0.0001,847
2918,0.0001,2950
2919,0.0001,0
2920,0.0001,0
2921,0.0001,31
2922,0.0001,0
2923,0.0001,0
2924,0.0001,1086
2925,0.0001,77
2926,0.0001,16
2927,0.0001,0
2928,0.0001,1086
2929,0.0001,46
2930,0.0001,818
2931,0.0001,177
2932,0.0001,154
2933,0.0001,46
2934,0.0001,0
2935,0.0001,103
2936,0.0001,0
2937,0.0001,62
2938,0.0001,2250
2939,0.0001,62
2940,0.0001,920
2941,0.0001,1127
2942,0.0001,92
2943,0.0001,165
2944,0.0001,0
2945,0.0001,0
2946,0.0001,1466
2947,0.0001,2174
2948,0.0001,293
2949,0.0001,1618
2950,0.0001,39
2951,0.0001,85
2952,0.0001,853
2953,0.0001,614
2954,0.0001,24
2955,0.0001,242
2956,0.0001,1384
2957,0.0001,157
2958,0.0001,653
2959,0.0001,62
2960,0.0001,207
2961,0.0001,1544
2962,0.0001,32
2963,0.0001,0
2964,0.0001,62
2965,0.0001,23
2966,0.0001,612
2967,0.0001,0
2968,0.0001,140
2969,0.0001,62
2970,0.0001,1097
2971,0.0001,1380
2972,0.0001,0
2973,0.0001,85
2974,0.0001,689
2975,0.0001,62
2976,0.0001,0
2977,0.0001,2376
2978,0.0001,837
2979,0.0001,705
2980,0.0001,793
2981,0.0001,1564
2982,0.0001,797
2983,0.0001,78
2984,0.0001,0
2985,0.0001,77
2986,0.0001,758
2987,0.0001,2832
2988,0.0001,645
2989,0.0001,184
2990,0.0001,704
2991,0.0001,62
2992,0.0001,0
2993,0.0001,0
2994,0.0001,16
2995,0.0001,31
2996,0.0001,31
2997,0.0001,0
2998,0.0001,23
2999,0.0001,62
3000,0.0001,776
3001,0.0001,185
3002,0.0001,200
3003,0.0001,116
3004,0.0001,899
3005,0.0001,1083
3006,0.0001,31
3007,0.0001,761
3008,0.0001,0
3009,0.0001,46
3010,0.0001,124
3011,0.0001,3958
3012,0.0001,31
3013,0.0001,62
3014,0.0001,246
3015,0.0001,1546
3016,0.0001,924
3017,0.0001,3500
3018,0.0001,46
3019,0.0001,155
3020,0.0001,108
3021,0.0001,768
3022,0.0001,164
3023,0.0001,778
3024,0.0001,103
3025,0.0001,2357
3026,0.0001,2620
3027,0.0001,62
3028,0.0001,1209
3029,0.0001,290
3030,0.0001,1520
3031,0.0001,0
3032,0.0001,0
3033,0.0001,653
3034,0.0001,16
3035,0.0001,0
3036,0.0001,898
3037,0.0001,164
3038,0.0001,791
3039,0.0001,821
3040,0.0001,46
3041,0.0001,124
3042,0.0001,892
3043,0.0001,46
3044,0.0001,123
3045,0.0001,86
3046,0.0001,855
3047,0.0001,77
3048,0.0001,0
3049,0.0001,62
3050,0.0001,1047
3051,0.0001,62
3052,0.0001,70
3053,0.0001,0
3054,0.0001,1428
3055,0.0001,202
3056,0.0001,1654
3057,0.0001,243
3058,0.0001,139
3059,0.0001,0
3060,0.0001,768
3061,0.0001,0
3062,0.0001,78
3063,0.0001,776
3064,0.0001,108
3065,0.0001,814
3066,0.0001,62
3067,0.0001,768
3068,0.0001,948
3069,0.0001,3839
3070,0.0001,167
3071,0.0001,46
3072,0.0001,612
3073,0.0001,103
3074,0.0001,861
3075,0.0001,770
3076,0.0001,689
3077,0.0001,62
3078,0.0001,62
3079,0.0001,46
3080,0.0001,1713
3081,0.0001,82
3082,0.0001,761
3083,0.0001,77
3084,0.0001,54
3085,0.0001,62
3086,0.0001,93
3087,0.0001,125
3088,0.0001,1458
3089,0.0001,47
3090,0.0001,23
3091,0.0001,687
3092,0.0001,47
3093,0.0001,144
3094,0.0001,39
3095,0.0001,144
3096,0.0001,1608
3097,0.0001,1600
3098,0.0001,1739
3099,0.0001,139
3100,0.0001,867
3101,0.0001,62
3102,0.0001,992
3103,0.0001,768
3104,0.0001,786
3105,0.0001,78
3106,0.0001,77
3107,0.0001,62
3108,0.0001,108
3109,0.0001,47
3110,0.0001,0
3111,0.0001,0
3112,0.0001,144
3113,0.0001,62
3114,0.0001,62
3115,0.0001,16
3116,0.0001,925
3117,0.0001,783
3118,0.0001,46
3119,0.0001,2429
3120,0.0001,0
3121,0.0001,773
3122,0.0001,814
3123,0.0001,780
3124,0.0001,16
3125,0.0001,0
3126,0.0001,0
3127,0.0001,805
3128,0.0001,62
3129,0.0001,132
3130,0.0001,0
3131,0.0001,93
3132,0.0001,807
3133,0.0001,62
3134,0.0001,31
3135,0.0001,123
3136,0.0001,832
3137,0.0001,46
3138,0.0001,735
3139,0.0001,23
3140,0.0001,876
3141,0.0001,164
3142,0.0001,93
3143,0.0001,0
3144,0.0001,31
3145,0.0001,92
3146,0.0001,62
3147,0.0001,1933
3148,0.0001,827
3149,0.0001,1388
3150,0.0001,873
3151,0.0001,169
3152,0.0001,0
3153,0.0001,46
3154,0.0001,0
3155,0.0001,0
3156,0.0001,819
3157,0.0001,783
3158,0.0001,1457
3159,0.0001,78
3160,0.0001,0
3161,0.0001,31
3162,0.0001,88
3163,0.0001,123
3164,0.0001,62
3165,0.0001,169
3166,0.0001,31
3167,0.0001,144
3168,0.0001,62
3169,0.0001,0
3170,0.0001,705
3171,0.0001,139
3172,0.0001,94
3173,0.0001,62
3174,0.0001,1480
3175,0.0001,1111
3176,0.0001,93
3177,0.0001,0
3178,0.0001,1553
3179,0.0001,47
3180,0.0001,889
3181,0.0001,139
3182,0.0001,0
3183,0.0001,909
3184,0.0001,770
3185,0.0001,62
3186,0.0001,773
3187,0.0001,817
3188,0.0001,62
3189,0.0001,1434
3190,0.0001,768
3191,0.0001,47
3192,0.0001,78
3193,0.0001,1551
3194,0.0001,31
3195,0.0001,830
3196,0.0001,871
3197,0.0001,799
3198,0.0001,154
3199,0.0001,786
3200,0.0001,93
3201,0.0001,31
3202,0.0001,93
3203,0.0001,82
3204,0.0001,817
3205,0.0001,92
3206,0.0001,31
3207,0.0001,1154
3208,0.0001,845
3209,0.0001,628
3210,0.0001,41
3211,0.0001,0
3212,0.0001,23
3213,0.0001,1531
3214,0.0001,62
3215,0.0001,46
3216,0.0001,1698
3217,0.0001,815
3218,0.0001,23
3219,0.0001,166
3220,0.0001,612
3221,0.0001,62
3222,0.0001,23
3223,0.0001,93
3224,0.0001,16
3225,0.0001,109
3226,0.0001,782
3227,0.0001,155
3228,0.0001,123
3229,0.0001,277
3230,0.0001,31
3231,0.0001,46
3232,0.0001,954
3233,0.0001,62
3234,0.0001,149
3235,0.0001,92
3236,0.0001,0
3237,0.0001,109
3238,0.0001,908
3239,0.0001,612
3240,0.0001,46
3241,0.0001,0
3242,0.0001,108
3243,0.0001,62
3244,0.0001,78
3245,0.0001,926
3246,0.0001,766
3247,0.0001,860
3248,0.0001,77
3249,0.0001,768
3250,0.0001,46
3251,0.0001,718
3252,0.0001,93
3253,0.0001,2469
3254,0.0001,62
3255,0.0001,39
3256,0.0001,0
3257,0.0001,126
3258,0.0001,31
3259,0.0001,1639
3260,0.0001,861
3261,0.0001,16
3262,0.0001,103
3263,0.0001,31
3264,0.0001,837
3265,0.0001,738
3266,0.0001,62
3267,0.0001,46
3268,0.0001,0
3269,0.0001,953
3270,0.0001,62
3271,0.0001,123
3272,0.0001,0
3273,0.0001,814
3274,0.0001,966
3275,0.0001,62
3276,0.0001,822
3277,0.0001,710
3278,0.0001,46
3279,0.0001,77
3280,0.0001,0
3281,0.0001,155
3282,0.0001,85
3283,0.0001,16
3284,0.0001,46
3285,0.0001,185
3286,0.0001,144
3287,0.0001,62
3288,0.0001,46
3289,0.0001,0
3290,0.0001,612
3291,0.0001,801
3292,0.0001,726
3293,0.0001,876
3294,0.0001,912
3295,0.0001,1023
3296,0.0001,963
3297,0.0001,170
3298,0.0001,122
3299,0.0001,154
3300,0.0001,0
3301,0.0001,1608
3302,0.0001,1558
3303,0.0001,144
3304,0.0001,169
3305,0.0001,1411
3306,0.0001,0
3307,0.0001,0
3308,0.0001,0
3309,0.0001,62
3310,0.0001,1649
3311,0.0001,139
3312,0.0001,93
3313,0.0001,85
3314,0.0001,834
3315,0.0001,108
3316,0.0001,0
3317,0.0001,93
3318,0.0001,788
3319,0.0001,93
3320,0.0001,62
3321,0.0001,0
3322,0.0001,612
3323,0.0001,0
3324,0.0001,0
3325,0.0001,0
3326,0.0001,106
3327,0.0001,46
3328,0.0001,16
3329,0.0001,0
3330,0.0001,689
3331,0.0001,0
3332,0.0001,1551
3333,0.0001,108
3334,0.0001,721
3335,0.0001,16
3336,0.0001,39
3337,0.0001,77
3338,0.0001,659
3339,0.0001,0
3340,0.0001,23
3341,0.0001,63
3342,0.0001,689
3343,0.0001,62
3344,0.0001,116
3345,0.0001,123
3346,0.0001,2476
3347,0.0001,0
3348,0.0001,23
3349,0.0001,0
3350,0.0001,169
3351,0.0001,87
3352,0.0001,874
3353,0.0001,1662
3354,0.0001,47
3355,0.0001,1546
3356,0.0001,0
3357,0.0001,46
3358,0.0001,62
3359,0.0001,1426
3360,0.0001,139
3361,0.0001,0
3362,0.0001,783
3363,0.0001,907
3364,0.0001,978
3365,0.0001,0
3366,0.0001,0
3367,0.0001,766
3368,0.0001,62
3369,0.0001,3375
3370,0.0001,791
3371,0.0001,1562
3372,0.0001,782
3373,0.0001,62
3374,0.0001,123
3375,0.0001,23
3376,0.0001,1729
3377,0.0001,172
3378,0.0001,108
3379,0.0001,180
3380,0.0001,144
3381,0.0001,82
3382,0.0001,108
3383,0.0001,891
3384,0.0001,861
3385,0.0001,105
3386,0.0001,46
3387,0.0001,157
3388,0.0001,62
3389,0.0001,134
3390,0.0001,0
3391,0.0001,62
3392,0.0001,23
3393,0.0001,31
3394,0.0001,140
3395,0.0001,62
3396,0.0001,0
3397,0.0001,635
3398,0.0001,108
3399,0.0001,1539
3400,0.0001,0
3401,0.0001,102
3402,0.0001,643
3403,0.0001,62
3404,0.0001,46
3405,0.0001,21
3406,0.0001,922
3407,0.0001,16
3408,0.0001,643
3409,0.0001,46
3410,0.0001,136
3411,0.0001,1386
3412,0.0001,1595
3413,0.0001,807
3414,0.0001,665
3415,0.0001,711
3416,0.0001,0
3417,0.0001,664
3418,0.0001,1513
3419,0.0001,655
3420,0.0001,796
3421,0.0001,124
3422,0.0001,0
3423,0.0001,845
3424,0.0001,31
3425,0.0001,108
3426,0.0001,770
3427,0.0001,131
3428,0.0001,167
3429,0.0001,814
3430,0.0001,0
3431,0.0001,3182
3432,0.0001,820
3433,0.0001,0
3434,0.0001,77
3435,0.0001,1519
3436,0.0001,0
3437,0.0001,46
3438,0.0001,82
3439,0.0001,868
3440,0.0001,922
3441,0.0001,0
3442,0.0001,612
3443,0.0001,78
3444,0.0001,62
3445,0.0001,63
3446,0.0001,3170
3447,0.0001,117
3448,0.0001,612
3449,0.0001,0
3450,0.0001,62
3451,0.0001,31
3452,0.0001,0
3453,0.0001,108
3454,0.0001,108
3455,0.0001,62
3456,0.0001,0
3457,0.0001,913
3458,0.0001,119
3459,0.0001,0
3460,0.0001,70
3461,0.0001,0
3462,0.0001,93
3463,0.0001,768
3464,0.0001,23
3465,0.0001,0
3466,0.0001,1826
3467,0.0001,62
3468,0.0001,108
3469,0.0001,46
3470,0.0001,3642
3471,0.0001,144
3472,0.0001,753
3473,0.0001,2452
3474,0.0001,1024
3475,0.0001,23
3476,0.0001,114
3477,0.0001,16
3478,0.0001,77
3479,0.0001,41
3480,0.0001,1565
3481,0.0001,16
3482,0.0001,116
3483,0.0001,63
3484,0.0001,77
3485,0.0001,2407
3486,0.0001,1659
3487,0.0001,32
3488,0.0001,93
3489,0.0001,974
3490,0.0001,162
3491,0.0001,1576
3492,0.0001,825
3493,0.0001,77
3494,0.0001,784
3495,0.0001,0
3496,0.0001,3962
3497,0.0001,612
3498,0.0001,92
3499,0.0001,1108
3500,0.0001,62
3501,0.0001,0
3502,0.0001,830
3503,0.0001,62
3504,0.0001,62
3505,0.0001,108
3506,0.0001,0
3507,0.0001,830
3508,0.0001,3308
3509,0.0001,804
3510,0.0001,47
3511,0.0001,201
3512,0.0001,0
3513,0.0001,78
3514,0.0001,82
3515,0.0001,801
3516,0.0001,77
3517,0.0001,62
3518,0.0001,751
3519,0.0001,46
3520,0.0001,2350
3521,0.0001,1603
3522,0.0001,23
3523,0.0001,1569
3524,0.0001,69
3525,0.0001,705
3526,0.0001,31
3527,0.0001,817
3528,0.0001,77
3529,0.0001,1654
3530,0.0001,46
3531,0.0001,41
3532,0.0001,78
3533,0.0001,770
3534,0.0001,123
3535,0.0001,612
3536,0.0001,69
3537,0.0001,62
3538,0.0001,201
3539,0.0001,658
3540,0.0001,106
3541,0.0001,62
3542,0.0001,158
3543,0.0001,1777
3544,0.0001,766
3545,0.0001,92
3546,0.0001,3365
3547,0.0001,679
3548,0.0001,108
3549,0.0001,0
3550,0.0001,953
3551,0.0001,2409
3552,0.0001,31
3553,0.0001,82
3554,0.0001,23
3555,0.0001,0
3556,0.0001,645
3557,0.0001,294
3558,0.0001,0
3559,0.0001,62
3560,0.0001,93
3561,0.0001,830
3562,0.0001,62
3563,0.0001,23
3564,0.0001,207
3565,0.0001,46
3566,0.0001,82
3567,0.0001,31
3568,0.0001,740
3569,0.0001,47
3570,0.0001,46
3571,0.0001,1628
3572,0.0001,77
3573,0.0001,16
3574,0.0001,2316
3575,0.0001,62
3576,0.0001,0
3577,0.0001,770
3578,0.0001,46
3579,0.0001,161
3580,0.0001,111
3581,0.0001,289
3582,0.0001,62
3583,0.0001,54
3584,0.0001,0
3585,0.0001,62
3586,0.0001,206
3587,0.0001,46
3588,0.0001,768
3589,0.0001,108
3590,0.0001,1757
3591,0.0001,124
3592,0.0001,123
3593,0.0001,768
3594,0.0001,156
3595,0.0001,82
3596,0.0001,47
3597,0.0001,23
3598,0.0001,144
3599,0.0001,801
3600,0.0001,62
3601,0.0001,16
3602,0.0001,62
3603,0.0001,1452
3604,0.0001,62
3605,0.0001,110
3606,0.0001,23
3607,0.0001,0
3608,0.0001,4010
3609,0.0001,877
3610,0.0001,0
3611,0.0001,62
3612,0.0001,23
3613,0.0001,1727
3614,0.0001,2172
3615,0.0001,62
3616,0.0001,54
3617,0.0001,200
3618,0.0001,116
3619,0.0001,0
3620,0.0001,0
3621,0.0001,21
3622,0.0001,1086
3623,0.0001,0
3624,0.0001,103
3625,0.0001,943
3626,0.0001,640
3627,0.0001,814
3628,0.0001,1163
3629,0.0001,1485
3630,0.0001,831
3631,0.0001,62
3632,0.0001,94
3633,0.0001,31
3634,0.0001,47
3635,0.0001,205
3636,0.0001,696
3637,0.0001,612
3638,0.0001,47
3639,0.0001,0
3640,0.0001,144
3641,0.0001,0
3642,0.0001,0
3643,0.0001,0
3644,0.0001,85
3645,0.0001,1504
3646,0.0001,108
3647,0.0001,0
3648,0.0001,2639
3649,0.0001,0
3650,0.0001,92
3651,0.0001,807
3652,0.0001,16
3653,0.0001,735
3654,0.0001,108
3655,0.0001,62
3656,0.0001,0
3657,0.0001,113
3658,0.0001,31
3659,0.0001,108
3660,0.0001,31
3661,0.0001,2342
3662,0.0001,2375
3663,0.0001,812
3664,0.0001,62
3665,0.0001,46
3666,0.0001,3147
3667,0.0001,134
3668,0.0001,78
3669,0.0001,63
3670,0.0001,77
3671,0.0001,658
3672,0.0001,139
3673,0.0001,62
3674,0.0001,185
3675,0.0001,0
3676,0.0001,0
3677,0.0001,62
3678,0.0001,93
3679,0.0001,131
3680,0.0001,3522
3681,0.0001,0
3682,0.0001,1113
3683,0.0001,947
3684,0.0001,0
3685,0.0001,82
3686,0.0001,674
3687,0.0001,1577
3688,0.0001,82
3689,0.0001,768
3690,0.0001,101
3691,0.0001,768
3692,0.0001,1055
3693,0.0001,0
3694,0.0001,3194
3695,0.0001,77
3696,0.0001,128
3697,0.0001,116
3698,0.0001,83
3699,0.0001,206
3700,0.0001,1054
3701,0.0001,0
3702,0.0001,722
3703,0.0001,62
3704,0.0001,267
3705,0.0001,149
3706,0.0001,1613
3707,0.0001,46
3708,0.0001,720
3709,0.0001,0
3710,0.0001,62
3711,0.0001,737
3712,0.0001,848
3713,0.0001,1622
3714,0.0001,31
3715,0.0001,77
3716,0.0001,78
3717,0.0001,77
3718,0.0001,1027
3719,0.0001,62
3720,0.0001,95
3721,0.0001,891
3722,0.0001,814
3723,0.0001,907
3724,0.0001,23
3725,0.0001,1168
3726,0.0001,108
3727,0.0001,24
3728,0.0001,62
3729,0.0001,704
3730,0.0001,108
3731,0.0001,16
3732,0.0001,0
3733,0.0001,691
3734,0.0001,69
3735,0.0001,819
3736,0.0001,62
3737,0.0001,62
3738,0.0001,139
3739,0.0001,62
3740,0.0001,46
3741,0.0001,77
3742,0.0001,16
3743,0.0001,46
3744,0.0001,82
3745,0.0001,799
3746,0.0001,62
3747,0.0001,139
3748,0.0001,2136
3749,0.0001,31
3750,0.0001,77
3751,0.0001,682
3752,0.0001,128
3753,0.0001,377
3754,0.0001,666
3755,0.0001,54
3756,0.0001,54
3757,0.0001,2321
3758,0.0001,912
3759,0.0001,1442
3760,0.0001,2322
3761,0.0001,0
3762,0.0001,165
3763,0.0001,139
3764,0.0001,858
3765,0.0001,93
3766,0.0001,0
3767,0.0001,1562
3768,0.0001,1624
3769,0.0001,31
3770,0.0001,628
3771,0.0001,124
3772,0.0001,62
3773,0.0001,0
3774,0.0001,0
3775,0.0001,775
3776,0.0001,104
3777,0.0001,77
3778,0.0001,86
3779,0.0001,69
3780,0.0001,77
3781,0.0001,832
3782,0.0001,876
3783,0.0001,702
3784,0.0001,840
3785,0.0001,183
3786,0.0001,0
3787,0.0001,101
3788,0.0001,1411
3789,0.0001,1380
3790,0.0001,86
3791,0.0001,3139
3792,0.0001,0
3793,0.0001,62
3794,0.0001,948
3795,0.0001,1629
3796,0.0001,674
3797,0.0001,123
3798,0.0001,704
3799,0.0001,658
3800,0.0001,0
3801,0.0001,768
3802,0.0001,969
3803,0.0001,802
3804,0.0001,62
3805,0.0001,0
3806,0.0001,0
3807,0.0001,1002
3808,0.0001,62
3809,0.0001,687
3810,0.0001,850
3811,0.0001,788
3812,0.0001,78
3813,0.0001,140
3814,0.0001,154
3815,0.0001,113
3816,0.0001,0
3817,0.0001,31
3818,0.0001,85
3819,0.0001,62
3820,0.0001,62
3821,0.0001,131
3822,0.0001,743
3823,0.0001,77
3824,0.0001,0
3825,0.0001,93
3826,0.0001,202
3827,0.0001,62
3828,0.0001,784
3829,0.0001,114
3830,0.0001,62
3831,0.0001,31
3832,0.0001,93
3833,0.0001,928
3834,0.0001,0
3835,0.0001,92
3836,0.0001,21
3837,0.0001,241
3838,0.0001,702
3839,0.0001,31
3840,0.0001,31
3841,0.0001,218
3842,0.0001,884
3843,0.0001,860
3844,0.0001,2390
3845,0.0001,144
3846,0.0001,1438
3847,0.0001,239
3848,0.0001,200
3849,0.0001,694
3850,0.0001,1562
3851,0.0001,116
3852,0.0001,909
3853,0.0001,1636
3854,0.0001,612
3855,0.0001,814
3856,0.0001,1936
3857,0.0001,0
3858,0.0001,1633
3859,0.0001,0
3860,0.0001,3811
3861,0.0001,209
3862,0.0001,139
3863,0.0001,108
3864,0.0001,82
3865,0.0001,62
3866,0.0001,31
3867,0.0001,805
3868,0.0001,73
3869,0.0001,899
3870,0.0001,116
3871,0.0001,62
3872,0.0001,768
3873,0.0001,147
3874,0.0001,82
3875,0.0001,31
3876,0.0001,0
3877,0.0001,1536
3878,0.0001,0
3879,0.0001,0
3880,0.0001,776
3881,0.0001,154
3882,0.0001,1531
3883,0.0001,878
3884,0.0001,2398
3885,0.0001,31
3886,0.0001,62
3887,0.0001,1744
3888,0.0001,41
3889,0.0001,184
3890,0.0001,618
3891,0.0001,46
3892,0.0001,0
3893,0.0001,197
3894,0.0001,0
3895,0.0001,0
3896,0.0001,62
3897,0.0001,46
3898,0.0001,31
3899,0.0001,52
3900,0.0001,42
3901,0.0001,46
3902,0.0001,116
3903,0.0001,876
3904,0.0001,62
3905,0.0001,0
3906,0.0001,62
3907,0.0001,782
3908,0.0001,845
3909,0.0001,21
3910,0.0001,904
3911,0.0001,77
3912,0.0001,1698
3913,0.0001,62
3914,0.0001,147
3915,0.0001,1050
3916,0.0001,838
3917,0.0001,123
3918,0.0001,46
3919,0.0001,707
3920,0.0001,62
3921,0.0001,62
3922,0.0001,0
3923,0.0001,797
3924,0.0001,108
3925,0.0001,0
3926,0.0001,142
3927,0.0001,92
3928,0.0001,0
3929,0.0001,612
3930,0.0001,1481
3931,0.0001,108
3932,0.0001,93
3933,0.0001,200
3934,0.0001,67
3935,0.0001,2321
3936,0.0001,16
3937,0.0001,0
3938,0.0001,62
3939,0.0001,123
3940,0.0001,82
3941,0.0001,62
3942,0.0001,745
3943,0.0001,791
3944,0.0001,92
3945,0.0001,113
3946,0.0001,252
3947,0.0001,190
3948,0.0001,768
3949,0.0001,0
3950,0.0001,93
3951,0.0001,62
3952,0.0001,768
3953,0.0001,705
3954,0.0001,85
3955,0.0001,46
3956,0.0001,160
3957,0.0001,0
3958,0.0001,860
3959,0.0001,616
3960,0.0001,32
3961,0.0001,77
3962,0.0001,16
3963,0.0001,16
3964,0.0001,85
3965,0.0001,2092
3966,0.0001,170
3967,0.0001,48
3968,0.0001,92
3969,0.0001,93
3970,0.0001,77
3971,0.0001,0
3972,0.0001,1631
3973,0.0001,164
3974,0.0001,881
3975,0.0001,778
3976,0.0001,1654
3977,0.0001,0
3978,0.0001,697
3979,0.0001,968
3980,0.0001,31
3981,0.0001,0
3982,0.0001,0
3983,0.0001,70
3984,0.0001,155
3985,0.0001,1124
3986,0.0001,2493
3987,0.0001,117
3988,0.0001,46
3989,0.0001,46
3990,0.0001,147
3991,0.0001,1582
3992,0.0001,865
3993,0.0001,109
3994,0.0001,108
3995,0.0001,768
3996,0.0001,104
3997,0.0001,93
3998,0.0001,47
3999,0.0001,46
4000,0.0001,0
4001,0.0001,3147
4002,0.0001,830
4003,0.0001,39
4004,0.0001,0
4005,0.0001,85
4006,0.0001,124
4007,0.0001,0
4008,0.0001,16
4009,0.0001,108
4010,0.0001,861
4011,0.0001,798
4012,0.0001,0
4013,0.0001,832
4014,0.0001,62
4015,0.0001,31
4016,0.0001,16
4017,0.0001,643
4018,0.0001,0
4019,0.0001,768
4020,0.0001,62
4021,0.0001,310
4022,0.0001,799
4023,0.0001,1092
4024,0.0001,1301
4025,0.0001,93
4026,0.0001,108
4027,0.0001,0
4028,0.0001,153
4029,0.0001,0
4030,0.0001,1608
4031,0.0001,139
4032,0.0001,0
4033,0.0001,0
4034,0.0001,24
4035,0.0001,54
4036,0.0001,3467
4037,0.0001,1536
4038,0.0001,108
4039,0.0001,108
4040,0.0001,16
4041,0.0001,836
4042,0.0001,1581
4043,0.0001,62
4044,0.0001,213
4045,0.0001,54
4046,0.0001,23
4047,0.0001,0
4048,0.0001,185
4049,0.0001,755
4050,0.0001,661
4051,0.0001,207
4052,0.0001,809
4053,0.0001,62
4054,0.0001,1496
4055,0.0001,0
4056,0.0001,0
4057,0.0001,140
4058,0.0001,224
4059,0.0001,1555
4060,0.0001,159
4061,0.0001,63
4062,0.0001,109
4063,0.0001,0
4064,0.0001,3400
4065,0.0001,31
4066,0.0001,1638
4067,0.0001,93
4068,0.0001,0
4069,0.0001,667
4070,0.0001,140
4071,0.0001,31
4072,0.0001,994
4073,0.0001,1693
4074,0.0001,63
4075,0.0001,32
4076,0.0001,835
4077,0.0001,52
4078,0.0001,0
4079,0.0001,162
4080,0.0001,643
4081,0.0001,201
4082,0.0001,23
4083,0.0001,93
4084,0.0001,55
4085,0.0001,4823
4086,0.0001,54
4087,0.0001,822
4088,0.0001,860
4089,0.0001,0
4090,0.0001,866
4091,0.0001,62
4092,0.0001,789
4093,0.0001,190
4094,0.0001,0
4095,0.0001,1125
4096,0.0001,244
4097,0.0001,31
4098,0.0001,47
4099,0.0001,789
4100,0.0001,108
4101,0.0001,103
4102,0.0001,31
4103,0.0001,0
4104,0.0001,69
4105,0.0001,830
4106,0.0001,102
4107,0.0001,0
4108,0.0001,23
4109,0.0001,46
4110,0.0001,2409
4111,0.0001,46
4112,0.0001,123
4113,0.0001,1286
4114,0.0001,3424
4115,0.0001,674
4116,0.0001,46
4117,0.0001,771
4118,0.0001,54
4119,0.0001,62
4120,0.0001,1601
4121,0.0001,1453
4122,0.0001,46
4123,0.0001,0
4124,0.0001,1595
4125,0.0001,1057
4126,0.0001,172
4127,0.0001,46
4128,0.0001,868
4129,0.0001,3148
4130,0.0001,31
4131,0.0001,62
4132,0.0001,1209
4133,0.0001,0
4134,0.0001,109
4135,0.0001,108
4136,0.0001,119
4137,0.0001,768
4138,0.0001,131
4139,0.0001,102
4140,0.0001,835
4141,0.0001,92
4142,0.0001,106
4143,0.0001,172
4144,0.0001,108
4145,0.0001,108
4146,0.0001,16
4147,0.0001,0
4148,0.0001,31
4149,0.0001,154
4150,0.0001,0
4151,0.0001,3320
4152,0.0001,93
4153,0.0001,891
4154,0.0001,180
4155,0.0001,1190
4156,0.0001,31
4157,0.0001,1294
4158,0.0001,123
4159,0.0001,46
4160,0.0001,1792
4161,0.0001,768
4162,0.0001,1078
4163,0.0001,1598
4164,0.0001,0
4165,0.0001,46
4166,0.0001,820
4167,0.0001,124
4168,0.0001,4186
4169,0.0001,1667
4170,0.0001,1044
4171,0.0001,46
4172,0.0001,31
4173,0.0001,640
4174,0.0001,46
4175,0.0001,0
4176,0.0001,46
4177,0.0001,132
4178,0.0001,31
4179,0.0001,31
4180,0.0001,41
4181,0.0001,1615
4182,0.0001,47
4183,0.0001,0
4184,0.0001,92
4185,0.0001,39
4186,0.0001,93
4187,0.0001,93
4188,0.0001,108
4189,0.0001,94
4190,0.0001,108
4191,0.0001,31
4192,0.0001,1084
4193,0.0001,670
4194,0.0001,0
4195,0.0001,1552
4196,0.0001,139
4197,0.0001,2466
4198,0.0001,1488
4199,0.0001,108
4200,0.0001,776
4201,0.0001,62
4202,0.0001,108
4203,0.0001,197
4204,0.0001,114
4205,0.0001,123
4206,0.0001,705
4207,0.0001,832
4208,0.0001,116
4209,0.0001,767
4210,0.0001,0
4211,0.0001,129
4212,0.0001,31
4213,0.0001,961
4214,0.0001,31
4215,0.0001,62
4216,0.0001,774
4217,0.0001,0
4218,0.0001,0
4219,0.0001,789
4220,0.0001,1149
4221,0.0001,31
4222,0.0001,62
4223,0.0001,93
4224,0.0001,132
4225,0.0001,876
4226,0.0001,116
4227,0.0001,819
4228,0.0001,0
4229,0.0001,847
4230,0.0001,1621
4231,0.0001,77
4232,0.0001,47
4233,0.0001,1729
4234,0.0001,0
4235,0.0001,108
4236,0.0001,0
4237,0.0001,878
4238,0.0001,123
4239,0.0001,2427
4240,0.0001,154
4241,0.0001,2108
4242,0.0001,0
4243,0.0001,62
4244,0.0001,129
4245,0.0001,78
4246,0.0001,150
4247,0.0001,239
4248,0.0001,47
4249,0.0001,4320
4250,0.0001,799
4251,0.0001,63
4252,0.0001,31
4253,0.0001,31
4254,0.0001,0
4255,0.0001,1292
4256,0.0001,82
4257,0.0001,69
4258,0.0001,62
4259,0.0001,612
4260,0.0001,85
4261,0.0001,900
4262,0.0001,23
4263,0.0001,0
4264,0.0001,46
4265,0.0001,62
4266,0.0001,62
4267,0.0001,93
4268,0.0001,175
4269,0.0001,1546
4270,0.0001,674
4271,0.0001,814
4272,0.0001,16
4273,0.0001,805
4274,0.0001,840
4275,0.0001,861
4276,0.0001,46
4277,0.0001,676
4278,0.0001,1022
4279,0.0001,93
4280,0.0001,200
4281,0.0001,614
4282,0.0001,718
4283,0.0001,21
4284,0.0001,32
4285,0.0001,145
4286,0.0001,886
4287,0.0001,0
4288,0.0001,1749
4289,0.0001,2745
4290,0.0001,186
4291,0.0001,78
4292,0.0001,1623
4293,0.0001,930
4294,0.0001,2199
4295,0.0001,108
4296,0.0001,821
4297,0.0001,946
4298,0.0001,1454
4299,0.0001,62
4300,0.0001,113
4301,0.0001,104
4302,0.0001,62
4303,0.0001,0
4304,0.0001,98
4305,0.0001,39
4306,0.0001,768
4307,0.0001,16
4308,0.0001,16
4309,0.0001,0
4310,0.0001,85
4311,0.0001,0
4312,0.0001,929
4313,0.0001,77
4314,0.0001,31
4315,0.0001,31
4316,0.0001,124
4317,0.0001,0
4318,0.0001,768
4319,0.0001,46
4320,0.0001,1508
4321,0.0001,1228
4322,0.0001,1550
4323,0.0001,876
4324,0.0001,31
4325,0.0001,148
4326,0.0001,156
4327,0.0001,73
4328,0.0001,23
4329,0.0001,920
4330,0.0001,846
4331,0.0001,139
4332,0.0001,16
4333,0.0001,63
4334,0.0001,94
4335,0.0001,23
4336,0.0001,3191
4337,0.0001,46
4338,0.0001,31
4339,0.0001,2268
4340,0.0001,215
4341,0.0001,108
4342,0.0001,109
4343,0.0001,64
4344,0.0001,774
4345,0.0001,92
4346,0.0001,925
4347,0.0001,62
4348,0.0001,0
4349,0.0001,0
4350,0.0001,0
4351,0.0001,1425
4352,0.0001,23
4353,0.0001,23
4354,0.0001,1838
4355,0.0001,0
4356,0.0001,0
4357,0.0001,791
4358,0.0001,1926
4359,0.0001,103
4360,0.0001,768
4361,0.0001,77
4362,0.0001,62
4363,0.0001,1538
4364,0.0001,1703
4365,0.0001,1178
4366,0.0001,0
4367,0.0001,1255
4368,0.0001,139
4369,0.0001,83
4370,0.0001,858
4371,0.0001,23
4372,0.0001,93
4373,0.0001,16
4374,0.0001,31
4375,0.0001,2150
4376,0.0001,736
4377,0.0001,31
4378,0.0001,187
4379,0.0001,658
4380,0.0001,0
4381,0.0001,62
4382,0.0001,54
4383,0.0001,850
4384,0.0001,799
4385,0.0001,62
4386,0.0001,1495
4387,0.0001,616
4388,0.0001,2534
4389,0.0001,0
4390,0.0001,62
4391,0.0001,157
4392,0.0001,62
4393,0.0001,77
4394,0.0001,132
4395,0.0001,123
4396,0.0001,678
4397,0.0001,47
4398,0.0001,0
4399,0.0001,103
4400,0.0001,1109
4401,0.0001,126
4402,0.0001,4919
4403,0.0001,1116
4404,0.0001,860
4405,0.0001,92
4406,0.0001,131
4407,0.0001,78
4408,0.0001,0
4409,0.0001,54
4410,0.0001,0
4411,0.0001,1519
4412,0.0001,139
4413,0.0001,1507
4414,0.0001,2473
4415,0.0001,1705
4416,0.0001,32
4417,0.0001,62
4418,0.0001,670
4419,0.0001,62
4420,0.0001,689
4421,0.0001,0
4422,0.0001,1231
4423,0.0001,46
4424,0.0001,0
4425,0.0001,1500
4426,0.0001,31
4427,0.0001,62
4428,0.0001,62
4429,0.0001,31
4430,0.0001,0
4431,0.0001,0
4432,0.0001,46
4433,0.0001,660
4434,0.0001,123
4435,0.0001,802
4436,0.0001,0
4437,0.0001,31
4438,0.0001,144
4439,0.0001,110
4440,0.0001,155
4441,0.0001,31
4442,0.0001,1500
4443,0.0001,78
4444,0.0001,108
4445,0.0001,146
4446,0.0001,78
4447,0.0001,720
4448,0.0001,32
4449,0.0001,1633
4450,0.0001,0
4451,0.0001,159
4452,0.0001,154
4453,0.0001,1396
4454,0.0001,0
4455,0.0001,674
4456,0.0001,801
4457,0.0001,154
4458,0.0001,1070
4459,0.0001,0
4460,0.0001,756
4461,0.0001,850
4462,0.0001,1793
4463,0.0001,1679
4464,0.0001,0
4465,0.0001,185
4466,0.0001,31
4467,0.0001,145
4468,0.0001,0
4469,0.0001,23
4470,0.0001,149
4471,0.0001,62
4472,0.0001,62
4473,0.0001,78
4474,0.0001,653
4475,0.0001,31
4476,0.0001,52
4477,0.0001,0
4478,0.0001,3192
4479,0.0001,676
4480,0.0001,0
4481,0.0001,32
4482,0.0001,140
4483,0.0001,31
4484,0.0001,139
4485,0.0001,0
4486,0.0001,229
4487,0.0001,198
4488,0.0001,1024
4489,0.0001,709
4490,0.0001,1623
4491,0.0001,62
4492,0.0001,47
4493,0.0001,3462
4494,0.0001,46
4495,0.0001,773
4496,0.0001,612
4497,0.0001,893
4498,0.0001,211
4499,0.0001,0
4500,0.0001,897
4501,0.0001,1641
4502,0.0001,70
4503,0.0001,84
4504,0.0001,54
4505,0.0001,108
4506,0.0001,855
4507,0.0001,77
4508,0.0001,185
4509,0.0001,41
4510,0.0001,930
4511,0.0001,62
4512,0.0001,0
4513,0.0001,1562
4514,0.0001,23
4515,0.0001,1024
4516,0.0001,612
4517,0.0001,935
4518,0.0001,0
4519,0.0001,128
4520,0.0001,876
4521,0.0001,0
4522,0.0001,768
4523,0.0001,796
4524,0.0001,16
4525,0.0001,643
4526,0.0001,146
4527,0.0001,93
4528,0.0001,0
4529,0.0001,1472
4530,0.0001,200
4531,0.0001,0
4532,0.0001,31
4533,0.0001,31
4534,0.0001,968
4535,0.0001,1490
4536,0.0001,108
4537,0.0001,1504
4538,0.0001,16
4539,0.0001,47
4540,0.0001,0
4541,0.0001,77
4542,0.0001,679
4543,0.0001,2572
4544,0.0001,62
4545,0.0001,1646
4546,0.0001,863
4547,0.0001,163
4548,0.0001,1655
4549,0.0001,0
4550,0.0001,768
4551,0.0001,893
4552,0.0001,0
4553,0.0001,54
4554,0.0001,799
4555,0.0001,92
4556,0.0001,0
4557,0.0001,124
4558,0.0001,93
4559,0.0001,0
4560,0.0001,39
4561,0.0001,77
4562,0.0001,720
4563,0.0001,146
4564,0.0001,31
4565,0.0001,1590
4566,0.0001,846
4567,0.0001,47
4568,0.0001,155
4569,0.0001,674
4570,0.0001,1654
4571,0.0001,659
4572,0.0001,1045
4573,0.0001,31
4574,0.0001,237
4575,0.0001,62
4576,0.0001,16
4577,0.0001,658
4578,0.0001,85
4579,0.0001,830
4580,0.0001,62
4581,0.0001,0
4582,0.0001,124
4583,0.0001,637
4584,0.0001,884
4585,0.0001,85
4586,0.0001,62
4587,0.0001,77
4588,0.0001,886
4589,0.0001,1055
4590,0.0001,1507
4591,0.0001,149
4592,0.0001,85
4593,0.0001,31
4594,0.0001,41
4595,0.0001,791
4596,0.0001,23
4597,0.0001,820
4598,0.0001,46
4599,0.0001,743
4600,0.0001,85
4601,0.0001,0
4602,0.0001,727
4603,0.0001,2373
4604,0.0001,784
4605,0.0001,62
4606,0.0001,69
4607,0.0001,68
4608,0.0001,16
4609,0.0001,164
4610,0.0001,115
4611,0.0001,0
4612,0.0001,0
4613,0.0001,0
4614,0.0001,832
4615,0.0001,77
4616,0.0001,2359
4617,0.0001,0
4618,0.0001,773
4619,0.0001,896
4620,0.0001,0
4621,0.0001,0
4622,0.0001,77
4623,0.0001,155
4624,0.0001,175
4625,0.0001,1024
4626,0.0001,46
4627,0.0001,92
4628,0.0001,0
4629,0.0001,0
4630,0.0001,131
4631,0.0001,46
4632,0.0001,0
4633,0.0001,31
4634,0.0001,614
4635,0.0001,1461
4636,0.0001,175
4637,0.0001,0
4638,0.0001,1601
4639,0.0001,765
4640,0.0001,768
4641,0.0001,845
4642,0.0001,123
4643,0.0001,16
4644,0.0001,0
4645,0.0001,82
4646,0.0001,169
4647,0.0001,693
4648,0.0001,62
4649,0.0001,0
4650,0.0001,162
4651,0.0001,23
4652,0.0001,85
4653,0.0001,23
4654,0.0001,3910
4655,0.0001,62
4656,0.0001,108
4657,0.0001,657
4658,0.0001,46
4659,0.0001,173
4660,0.0001,77
4661,0.0001,694
4662,0.0001,735
4663,0.0001,23
4664,0.0001,0
4665,0.0001,830
4666,0.0001,0
4667,0.0001,47
4668,0.0001,109
4669,0.0001,77
4670,0.0001,108
4671,0.0001,36
4672,0.0001,62
4673,0.0001,92
4674,0.0001,124
4675,0.0001,46
4676,0.0001,185
4677,0.0001,78
4678,0.0001,633
4679,0.0001,0
4680,0.0001,123
4681,0.0001,896
4682,0.0001,46
4683,0.0001,0
4684,0.0001,164
4685,0.0001,92
4686,0.0001,31
4687,0.0001,0
4688,0.0001,98
4689,0.0001,62
4690,0.0001,92
4691,0.0001,0
4692,0.0001,16
4693,0.0001,164
4694,0.0001,31
4695,0.0001,785
4696,0.0001,123
4697,0.0001,79
4698,0.0001,0
4699,0.0001,82
4700,0.0001,155
4701,0.0001,0
4702,0.0001,108
4703,0.0001,23
4704,0.0001,78
4705,0.0001,47
4706,0.0001,119
4707,0.0001,0
4708,0.0001,62
4709,0.0001,62
4710,0.0001,2529
4711,0.0001,62
4712,0.0001,1607
4713,0.0001,0
4714,0.0001,704
4715,0.0001,21
4716,0.0001,0
4717,0.0001,0
4718,0.0001,92
4719,0.0001,177
4720,0.0001,830
4721,0.0001,62
4722,0.0001,191
4723,0.0001,169
4724,0.0001,41
4725,0.0001,57
4726,0.0001,2361
4727,0.0001,128
4728,0.0001,938
4729,0.0001,62
4730,0.0001,0
4731,0.0001,868
4732,0.0001,62
4733,0.0001,139
4734,0.0001,31
4735,0.0001,854
4736,0.0001,31
4737,0.0001,1692
4738,0.0001,768
4739,0.0001,62
4740,0.0001,768
4741,0.0001,149
4742,0.0001,169
4743,0.0001,108
4744,0.0001,163
4745,0.0001,0
4746,0.0001,46
4747,0.0001,93
4748,0.0001,31
4749,0.0001,62
4750,0.0001,175
4751,0.0001,23
4752,0.0001,169
4753,0.0001,1446
4754,0.0001,784
4755,0.0001,23
4756,0.0001,674
4757,0.0001,108
4758,0.0001,0
4759,0.0001,16
4760,0.0001,62
4761,0.0001,175
4762,0.0001,31
4763,0.0001,643
4764,0.0001,1066
4765,0.0001,108
4766,0.0001,116
4767,0.0001,83
4768,0.0001,31
4769,0.0001,126
4770,0.0001,0
4771,0.0001,78
4772,0.0001,834
4773,0.0001,870
4774,0.0001,675
4775,0.0001,62
4776,0.0001,46
4777,0.0001,137
4778,0.0001,1132
4779,0.0001,62
4780,0.0001,85
4781,0.0001,0
4782,0.0001,101
4783,0.0001,77
4784,0.0001,190
4785,0.0001,16
4786,0.0001,62
4787,0.0001,78
4788,0.0001,4210
4789,0.0001,1144
4790,0.0001,31
4791,0.0001,853
4792,0.0001,1531
4793,0.0001,0
4794,0.0001,23
4795,0.0001,165
4796,0.0001,63
4797,0.0001,845
4798,0.0001,31
4799,0.0001,830
4800,0.0001,223
4801,0.0001,87
4802,0.0001,828
4803,0.0001,0
4804,0.0001,64
4805,0.0001,1124
4806,0.0001,72
4807,0.0001,0
4808,0.0001,850
4809,0.0001,807
4810,0.0001,145
4811,0.0001,62
4812,0.0001,62
4813,0.0001,16
4814,0.0001,0
4815,0.0001,0
4816,0.0001,47
4817,0.0001,31
4818,0.0001,31
4819,0.0001,822
4820,0.0001,77
4821,0.0001,1190
4822,0.0001,16
4823,0.0001,258
4824,0.0001,46
4825,0.0001,124
4826,0.0001,92
4827,0.0001,167
4828,0.0001,246
4829,0.0001,3871
4830,0.0001,78
4831,0.0001,881
4832,0.0001,1593
4833,0.0001,23
4834,0.0001,123
4835,0.0001,830
4836,0.0001,46
4837,0.0001,16
4838,0.0001,0
4839,0.0001,0
4840,0.0001,0
4841,0.0001,935
4842,0.0001,1550
4843,0.0001,205
4844,0.0001,85
4845,0.0001,154
4846,0.0001,902
4847,0.0001,1614
4848,0.0001,171
4849,0.0001,0
4850,0.0001,943
4851,0.0001,62
4852,0.0001,861
4853,0.0001,99
4854,0.0001,864
4855,0.0001,933
4856,0.0001,893
4857,0.0001,23
4858,0.0001,103
4859,0.0001,154
4860,0.0001,185
4861,0.0001,16
4862,0.0001,46
4863,0.0001,3375
4864,0.0001,39
4865,0.0001,93
4866,0.0001,751
4867,0.0001,0
4868,0.0001,93
4869,0.0001,100
4870,0.0001,144
4871,0.0001,649
4872,0.0001,169
4873,0.0001,132
4874,0.0001,134
4875,0.0001,2227
4876,0.0001,54
4877,0.0001,62
4878,0.0001,77
4879,0.0001,26
4880,0.0001,16
4881,0.0001,768
4882,0.0001,1113
4883,0.0001,1246
4884,0.0001,2342
4885,0.0001,1647
4886,0.0001,682
4887,0.0001,67
4888,0.0001,971
4889,0.0001,87
4890,0.0001,101
4891,0.0001,1444
4892,0.0001,62
4893,0.0001,31
4894,0.0001,840
4895,0.0001,175
4896,0.0001,77
4897,0.0001,1482
4898,0.0001,801
4899,0.0001,139
4900,0.0001,674
4901,0.0001,46
4902,0.0001,2438
4903,0.0001,1147
4904,0.0001,141
4905,0.0001,54
4906,0.0001,62
4907,0.0001,644
4908,0.0001,0
4909,0.0001,1112
4910,0.0001,898
4911,0.0001,39
4912,0.0001,1228
4913,0.0001,31
4914,0.0001,181
4915,0.0001,3227
4916,0.0001,1557
4917,0.0001,864
4918,0.0001,0
4919,0.0001,47
4920,0.0001,2666
4921,0.0001,3385
4922,0.0001,62
4923,0.0001,62
4924,0.0001,32
4925,0.0001,78
4926,0.0001,776
4927,0.0001,0
4928,0.0001,697
4929,0.0001,1301
4930,0.0001,46
4931,0.0001,131
4932,0.0001,62
4933,0.0001,0
4934,0.0001,31
4935,0.0001,47
4936,0.0001,92
4937,0.0001,965
4938,0.0001,1446
4939,0.0001,628
4940,0.0001,92
4941,0.0001,791
4942,0.0001,807
4943,0.0001,47
4944,0.0001,85
4945,0.0001,63
4946,0.0001,764
4947,0.0001,77
4948,0.0001,54
4949,0.0001,770
4950,0.0001,0
4951,0.0001,54
4952,0.0001,885
4953,0.0001,31
4954,0.0001,46
4955,0.0001,92
4956,0.0001,3689
4957,0.0001,1089
4958,0.0001,1140
4959,0.0001,124
4960,0.0001,31
4961,0.0001,657
4962,0.0001,123
4963,0.0001,0
4964,0.0001,63
4965,0.0001,629
4966,0.0001,819
4967,0.0001,773
4968,0.0001,1197
4969,0.0001,612
4970,0.0001,62
4971,0.0001,1608
4972,0.0001,822
4973,0.0001,77
4974,0.0001,860
4975,0.0001,861
4976,0.0001,1652
4977,0.0001,62
4978,0.0001,62
4979,0.0001,0
4980,0.0001,16
4981,0.0001,69
4982,0.0001,31
4983,0.0001,0
4984,0.0001,199
4985,0.0001,139
4986,0.0001,1675
4987,0.0001,0
4988,0.0001,697
4989,0.0001,899
4990,0.0001,683
4991,0.0001,162
4992,0.0001,46
4993,0.0001,2391
4994,0.0001,193
4995,0.0001,190
4996,0.0001,150
4997,0.0001,149
4998,0.0001,62
4999,0.0001,46
5000,0.0001,798
5001,0.0001,144
5002,0.0001,1461
5003,0.0001,612
5004,0.0001,0
5005,0.0001,0
5006,0.0001,2128
5007,0.0001,776
5008,0.0001,94
5009,0.0001,62
5010,0.0001,1506
5011,0.0001,832
5012,0.0001,801
5013,0.0001,0
5014,0.0001,2487
5015,0.0001,0
5016,0.0001,108
5017,0.0001,63
5018,0.0001,0
5019,0.0001,1683
5020,0.0001,0
5021,0.0001,231
5022,0.0001,0
5023,0.0001,288
5024,0.0001,94
5025,0.0001,0
5026,0.0001,899
5027,0.0001,0
5028,0.0001,174
5029,0.0001,870
5030,0.0001,699
5031,0.0001,31
5032,0.0001,2391
5033,0.0001,31
5034,0.0001,1449
5035,0.0001,930
5036,0.0001,0
5037,0.0001,87
5038,0.0001,85
5039,0.0001,0
5040,0.0001,878
5041,0.0001,16
5042,0.0001,62
5043,0.0001,46
5044,0.0001,858
5045,0.0001,612
5046,0.0001,41
5047,0.0001,108
5048,0.0001,1547
5049,0.0001,0
5050,0.0001,0
5051,0.0001,62
5052,0.0001,62
5053,0.0001,1092
5054,0.0001,907
5055,0.0001,31
5056,0.0001,46
5057,0.0001,0
5058,0.0001,54
5059,0.0001,108
5060,0.0001,822
5061,0.0001,643
5062,0.0001,185
5063,0.0001,0
5064,0.0001,134
5065,0.0001,31
5066,0.0001,139
5067,0.0001,1757
5068,0.0001,172
5069,0.0001,282
5070,0.0001,159
5071,0.0001,31
5072,0.0001,47
5073,0.0001,86
5074,0.0001,85
5075,0.0001,773
5076,0.0001,0
5077,0.0001,31
5078,0.0001,62
5079,0.0001,47
5080,0.0001,47
5081,0.0001,830
5082,0.0001,70
5083,0.0001,1616
5084,0.0001,169
5085,0.0001,31
5086,0.0001,93
5087,0.0001,114
5088,0.0001,31
5089,0.0001,93
5090,0.0001,0
5091,0.0001,1454
5092,0.0001,1583
5093,0.0001,711
5094,0.0001,1637
5095,0.0001,0
5096,0.0001,635
5097,0.0001,77
5098,0.0001,55
5099,0.0001,162
5100,0.0001,93
5101,0.0001,0
5102,0.0001,175
5103,0.0001,131
5104,0.0001,16
5105,0.0001,46
5106,0.0001,62
5107,0.0001,938
5108,0.0001,109
5109,0.0001,1536
5110,0.0001,612
5111,0.0001,155
5112,0.0001,108
5113,0.0001,47
5114,0.0001,92
5115,0.0001,62
5116,0.0001,776
5117,0.0001,0
5118,0.0001,78
5119,0.0001,697
5120,0.0001,860
5121,0.0001,31
5122,0.0001,868
5123,0.0001,130
5124,0.0001,92
5125,0.0001,172
5126,0.0001,1480
5127,0.0001,23
5128,0.0001,62
5129,0.0001,109
5130,0.0001,159
5131,0.0001,863
5132,0.0001,55
5133,0.0001,0
5134,0.0001,616
5135,0.0001,0
5136,0.0001,711
5137,0.0001,0
5138,0.0001,1687
5139,0.0001,768
5140,0.0001,149
5141,0.0001,641
5142,0.0001,643
5143,0.0001,63
5144,0.0001,892
5145,0.0001,77
5146,0.0001,802
5147,0.0001,929
5148,0.0001,1101
5149,0.0001,891
5150,0.0001,16
5151,0.0001,659
5152,0.0001,1439
5153,0.0001,41
5154,0.0001,77
5155,0.0001,31
5156,0.0001,1707
5157,0.0001,791
5158,0.0001,2886
5159,0.0001,0
5160,0.0001,0
5161,0.0001,62
5162,0.0001,1024
5163,0.0001,270
5164,0.0001,863
5165,0.0001,46
5166,0.0001,69
5167,0.0001,3162
5168,0.0001,123
5169,0.0001,801
5170,0.0001,933
5171,0.0001,23
5172,0.0001,1123
5173,0.0001,2414
5174,0.0001,0
5175,0.0001,109
5176,0.0001,123
5177,0.0001,0
5178,0.0001,0
5179,0.0001,62
5180,0.0001,913
5181,0.0001,881
5182,0.0001,78
5183,0.0001,31
5184,0.0001,0
5185,0.0001,0
5186,0.0001,16
5187,0.0001,31
5188,0.0001,46
5189,0.0001,832
5190,0.0001,1413
5191,0.0001,164
5192,0.0001,0
5193,0.0001,0
5194,0.0001,185
5195,0.0001,100
5196,0.0001,62
5197,0.0001,144
5198,0.0001,1488
5199,0.0001,1111
5200,0.0001,0
5201,0.0001,0
5202,0.0001,82
5203,0.0001,0
5204,0.0001,754
5205,0.0001,612
5206,0.0001,62
5207,0.0001,0
5208,0.0001,0
5209,0.0001,676
5210,0.0001,77
5211,0.0001,941
5212,0.0001,925
5213,0.0001,62
5214,0.0001,119
5215,0.0001,124
5216,0.0001,814
5217,0.0001,70
5218,0.0001,809
5219,0.0001,790
5220,0.0001,768
5221,0.0001,0
5222,0.0001,0
5223,0.0001,31
5224,0.0001,118
5225,0.0001,144
5226,0.0001,0
5227,0.0001,92
5228,0.0001,69
5229,0.0001,0
5230,0.0001,1792
5231,0.0001,82
5232,0.0001,108
5233,0.0001,85
5234,0.0001,832
5235,0.0001,275
5236,0.0001,146
5237,0.0001,62
5238,0.0001,40
5239,0.0001,109
5240,0.0001,31
5241,0.0001,720
5242,0.0001,62
5243,0.0001,62
5244,0.0001,876
5245,0.0001,179
5246,0.0001,85
5247,0.0001,1548
5248,0.0001,23
5249,0.0001,0
5250,0.0001,1590
5251,0.0001,46
5252,0.0001,657
5253,0.0001,830
5254,0.0001,1446
5255,0.0001,811
5256,0.0001,164
5257,0.0001,2352
5258,0.0001,1531
5259,0.0001,691
5260,0.0001,31
5261,0.0001,1670
5262,0.0001,0
5263,0.0001,0
5264,0.0001,907
5265,0.0001,32
5266,0.0001,758
5267,0.0001,16
5268,0.0001,144
5269,0.0001,1541
5270,0.0001,0
5271,0.0001,0
5272,0.0001,1024
5273,0.0001,46
5274,0.0001,133
5275,0.0001,2330
5276,0.0001,31
5277,0.0001,31
5278,0.0001,829
5279,0.0001,77
5280,0.0001,156
5281,0.0001,766
5282,0.0001,799
5283,0.0001,0
5284,0.0001,31
5285,0.0001,191
5286,0.0001,71
5287,0.0001,1134
5288,0.0001,31
5289,0.0001,1734
5290,0.0001,24
5291,0.0001,78
5292,0.0001,46
5293,0.0001,815
5294,0.0001,768
5295,0.0001,16
5296,0.0001,0
5297,0.0001,108
5298,0.0001,185
5299,0.0001,768
5300,0.0001,812
5301,0.0001,0
5302,0.0001,118
5303,0.0001,227
5304,0.0001,139
5305,0.0001,31
5306,0.0001,0
5307,0.0001,94
5308,0.0001,897
5309,0.0001,210
5310,0.0001,77
5311,0.0001,680
5312,0.0001,938
5313,0.0001,1477
5314,0.0001,913
5315,0.0001,183
5316,0.0001,0
5317,0.0001,77
5318,0.0001,876
5319,0.0001,21
5320,0.0001,100
5321,0.0001,614
5322,0.0001,1454
5323,0.0001,855
5324,0.0001,814
5325,0.0001,1616
5326,0.0001,16
5327,0.0001,188
5328,0.0001,92
5329,0.0001,668
5330,0.0001,1089
5331,0.0001,62
5332,0.0001,773
5333,0.0001,791
5334,0.0001,1500
5335,0.0001,88
5336,0.0001,768
5337,0.0001,73
5338,0.0001,649
5339,0.0001,810
5340,0.0001,135
5341,0.0001,768
5342,0.0001,722
5343,0.0001,2377
5344,0.0001,77
5345,0.0001,23
5346,0.0001,3433
5347,0.0001,1168
5348,0.0001,32
5349,0.0001,845
5350,0.0001,23
5351,0.0001,31
5352,0.0001,85
5353,0.0001,0
5354,0.0001,139
5355,0.0001,54
5356,0.0001,1500
5357,0.0001,85
5358,0.0001,822
5359,0.0001,1360
5360,0.0001,0
5361,0.0001,126
5362,0.0001,906
5363,0.0001,62
5364,0.0001,714
5365,0.0001,92
5366,0.0001,31
5367,0.0001,830
5368,0.0001,41
5369,0.0001,92
5370,0.0001,704
5371,0.0001,21
5372,0.0001,155
5373,0.0001,31
5374,0.0001,169
5375,0.0001,0
5376,0.0001,142
5377,0.0001,811
5378,0.0001,686
5379,0.0001,1577
5380,0.0001,839
5381,0.0001,78
5382,0.0001,123
5383,0.0001,0
5384,0.0001,77
5385,0.0001,1585
5386,0.0001,63
5387,0.0001,102
5388,0.0001,62
5389,0.0001,2345
5390,0.0001,3897
5391,0.0001,786
5392,0.0001,0
5393,0.0001,799
5394,0.0001,3954
5395,0.0001,3163
5396,0.0001,93
5397,0.0001,618
5398,0.0001,62
5399,0.0001,31
5400,0.0001,62
5401,0.0001,31
5402,0.0001,16
5403,0.0001,23
5404,0.0001,63
5405,0.0001,47
5406,0.0001,1592
5407,0.0001,31
5408,0.0001,124
5409,0.0001,0
5410,0.0001,154
5411,0.0001,0
5412,0.0001,309
5413,0.0001,92
5414,0.0001,938
5415,0.0001,1045
5416,0.0001,93
5417,0.0001,77
5418,0.0001,108
5419,0.0001,3119
5420,0.0001,77
5421,0.0001,108
5422,0.0001,32
5423,0.0001,176
5424,0.0001,652
5425,0.0001,92
5426,0.0001,94
5427,0.0001,67
5428,0.0001,1566
5429,0.0001,205
5430,0.0001,840
5431,0.0001,131
5432,0.0001,814
5433,0.0001,768
5434,0.0001,62
5435,0.0001,1729
5436,0.0001,47
5437,0.0001,876
5438,0.0001,62
5439,0.0001,0
5440,0.0001,63
5441,0.0001,628
5442,0.0001,907
5443,0.0001,93
5444,0.0001,968
5445,0.0001,816
5446,0.0001,0
5447,0.0001,845
5448,0.0001,778
5449,0.0001,200
5450,0.0001,54
5451,0.0001,129
5452,0.0001,85
5453,0.0001,16
5454,0.0001,891
5455,0.0001,108
5456,0.0001,108
5457,0.0001,62
5458,0.0001,93
5459,0.0001,0
5460,0.0001,140
5461,0.0001,2125
5462,0.0001,788
5463,0.0001,175
5464,0.0001,1511
5465,0.0001,144
5466,0.0001,108
5467,0.0001,85
5468,0.0001,77
5469,0.0001,1905
5470,0.0001,46
5471,0.0001,77
5472,0.0001,1382
5473,0.0001,144
5474,0.0001,628
5475,0.0001,209
5476,0.0001,830
5477,0.0001,108
5478,0.0001,31
5479,0.0001,78
5480,0.0001,201
5481,0.0001,108
5482,0.0001,0
5483,0.0001,700
5484,0.0001,47
5485,0.0001,1569
5486,0.0001,0
5487,0.0001,3958
5488,0.0001,697
5489,0.0001,663
5490,0.0001,0
5491,0.0001,16
5492,0.0001,1243
5493,0.0001,77
5494,0.0001,139
5495,0.0001,1597
5496,0.0001,46
5497,0.0001,1104
5498,0.0001,62
5499,0.0001,82
5500,0.0001,1637
5501,0.0001,822
5502,0.0001,77
5503,0.0001,884
5504,0.0001,861
5505,0.0001,108
5506,0.0001,46
5507,0.0001,735
5508,0.0001,967
5509,0.0001,46
5510,0.0001,108
5511,0.0001,801
5512,0.0001,93
5513,0.0001,224
5514,0.0001,1393
5515,0.0001,62
5516,0.0001,144
5517,0.0001,830
5518,0.0001,23
5519,0.0001,767
5520,0.0001,62
5521,0.0001,1639
5522,0.0001,845
5523,0.0001,31
5524,0.0001,108
5525,0.0001,123
5526,0.0001,881
5527,0.0001,186
5528,0.0001,1481
5529,0.0001,210
5530,0.0001,0
5531,0.0001,31
5532,0.0001,4111
5533,0.0001,23
5534,0.0001,830
5535,0.0001,62
5536,0.0001,83
5537,0.0001,134
5538,0.0001,47
5539,0.0001,46
5540,0.0001,751
5541,0.0001,1538
5542,0.0001,186
5543,0.0001,674
5544,0.0001,853
5545,0.0001,105
5546,0.0001,817
5547,0.0001,678
5548,0.0001,759
5549,0.0001,895
5550,0.0001,86
5551,0.0001,104
5552,0.0001,41
5553,0.0001,0
5554,0.0001,21
5555,0.0001,77
5556,0.0001,891
5557,0.0001,47
5558,0.0001,853
5559,0.0001,1520
5560,0.0001,0
5561,0.0001,93
5562,0.0001,47
5563,0.0001,0
5564,0.0001,225
5565,0.0001,101
5566,0.0001,63
5567,0.0001,108
5568,0.0001,0
5569,0.0001,830
5570,0.0001,108
5571,0.0001,77
5572,0.0001,31
5573,0.0001,4860
5574,0.0001,1608
5575,0.0001,94
5576,0.0001,82
5577,0.0001,47
5578,0.0001,171
5579,0.0001,46
5580,0.0001,83
5581,0.0001,160
5582,0.0001,46
5583,0.0001,16
5584,0.0001,62
5585,0.0001,31
5586,0.0001,912
5587,0.0001,62
5588,0.0001,108
5589,0.0001,169
5590,0.0001,812
5591,0.0001,3353
5592,0.0001,31
5593,0.0001,2494
5594,0.0001,123
5595,0.0001,62
5596,0.0001,173
5597,0.0001,93
5598,0.0001,770
5599,0.0001,62
5600,0.0001,643
5601,0.0001,21
5602,0.0001,3473
5603,0.0001,62
5604,0.0001,0
5605,0.0001,93
5606,0.0001,1147
5607,0.0001,62
5608,0.0001,766
5609,0.0001,62
5610,0.0001,908
5611,0.0001,77
5612,0.0001,155
5613,0.0001,0
5614,0.0001,144
5615,0.0001,736
5616,0.0001,139
5617,0.0001,47
5618,0.0001,46
5619,0.0001,697
5620,0.0001,16
5621,0.0001,254
5622,0.0001,793
5623,0.0001,859
5624,0.0001,891
5625,0.0001,169
5626,0.0001,62
5627,0.0001,62
5628,0.0001,0
5629,0.0001,799
5630,0.0001,0
5631,0.0001,100
5632,0.0001,680
5633,0.0001,119
5634,0.0001,62
5635,0.0001,155
5636,0.0001,31
5637,0.0001,139
5638,0.0001,0
5639,0.0001,16
5640,0.0001,32
5641,0.0001,31
5642,0.0001,164
5643,0.0001,177
5644,0.0001,1491
5645,0.0001,23
5646,0.0001,0
5647,0.0001,0
5648,0.0001,830
5649,0.0001,23
5650,0.0001,2110
5651,0.0001,937
5652,0.0001,78
5653,0.0001,108
5654,0.0001,1639
5655,0.0001,678
5656,0.0001,118
5657,0.0001,0
5658,0.0001,151
5659,0.0001,185
5660,0.0001,130
5661,0.0001,0
5662,0.0001,206
5663,0.0001,722
5664,0.0001,643
5665,0.0001,78
5666,0.0001,1552
5667,0.0001,31
5668,0.0001,0
5669,0.0001,23
5670,0.0001,0
5671,0.0001,140
5672,0.0001,62
5673,0.0001,77
5674,0.0001,77
5675,0.0001,54
5676,0.0001,31
5677,0.0001,956
5678,0.0001,860
5679,0.0001,85
5680,0.0001,108
5681,0.0001,0
5682,0.0001,92
5683,0.0001,128
5684,0.0001,1628
5685,0.0001,125
5686,0.0001,2949
5687,0.0001,113
5688,0.0001,93
5689,0.0001,903
5690,0.0001,2562
5691,0.0001,0
5692,0.0001,0
5693,0.0001,612
5694,0.0001,0
5695,0.0001,109
5696,0.0001,832
5697,0.0001,85
5698,0.0001,0
5699,0.0001,247
5700,0.0001,2390
5701,0.0001,140
5702,0.0001,743
5703,0.0001,62
5704,0.0001,108
5705,0.0001,77
5706,0.0001,85
5707,0.0001,941
5708,0.0001,31
5709,0.0001,206
5710,0.0001,77
5711,0.0001,93
5712,0.0001,773
5713,0.0001,62
5714,0.0001,0
5715,0.0001,704
5716,0.0001,0
5717,0.0001,0
5718,0.0001,1685
5719,0.0001,0
5720,0.0001,101
5721,0.0001,0
5722,0.0001,78
5723,0.0001,700
5724,0.0001,994
5725,0.0001,681
5726,0.0001,1045
5727,0.0001,31
5728,0.0001,2489
5729,0.0001,157
5730,0.0001,46
5731,0.0001,170
5732,0.0001,955
5733,0.0001,139
5734,0.0001,1752
5735,0.0001,0
5736,0.0001,23
5737,0.0001,939
5738,0.0001,0
5739,0.0001,2206
5740,0.0001,129
5741,0.0001,16
5742,0.0001,1009
5743,0.0001,215
5744,0.0001,24
5745,0.0001,703
5746,0.0001,108
5747,0.0001,160
5748,0.0001,83
5749,0.0001,181
5750,0.0001,103
5751,0.0001,0
5752,0.0001,892
5753,0.0001,46
5754,0.0001,3000
5755,0.0001,1396
5756,0.0001,24
5757,0.0001,41
5758,0.0001,93
5759,0.0001,962
5760,0.0001,101
5761,0.0001,0
5762,0.0001,1046
5763,0.0001,961
5764,0.0001,1184
5765,0.0001,16
5766,0.0001,3233
5767,0.0001,973
5768,0.0001,46
5769,0.0001,116
5770,0.0001,47
5771,0.0001,47
5772,0.0001,135
5773,0.0001,125
5774,0.0001,47
5775,0.0001,139
5776,0.0001,124
5777,0.0001,682
5778,0.0001,108
5779,0.0001,216
5780,0.0001,0
5781,0.0001,770
5782,0.0001,776
5783,0.0001,215
5784,0.0001,77
5785,0.0001,31
5786,0.0001,0
5787,0.0001,73
5788,0.0001,31
5789,0.0001,92
5790,0.0001,1301
5791,0.0001,108
5792,0.0001,1738
5793,0.0001,108
5794,0.0001,62
5795,0.0001,92
5796,0.0001,812
5797,0.0001,224
5798,0.0001,46
5799,0.0001,115
5800,0.0001,131
5801,0.0001,1173
5802,0.0001,680
5803,0.0001,169
5804,0.0001,54
5805,0.0001,148
5806,0.0001,4917
5807,0.0001,62
5808,0.0001,92
5809,0.0001,775
5810,0.0001,1470
5811,0.0001,1592
5812,0.0001,735
5813,0.0001,0
5814,0.0001,1560
5815,0.0001,170
5816,0.0001,0
5817,0.0001,912
5818,0.0001,0
5819,0.0001,868
5820,0.0001,1674
5821,0.0001,1813
5822,0.0001,31
5823,0.0001,144
5824,0.0001,1636
5825,0.0001,760
5826,0.0001,62
5827,0.0001,3377
5828,0.0001,2230
5829,0.0001,62
5830,0.0001,215
5831,0.0001,1349
5832,0.0001,634
5833,0.0001,870
5834,0.0001,77
5835,0.0001,799
5836,0.0001,16
5837,0.0001,155
5838,0.0001,93
5839,0.0001,62
5840,0.0001,23
5841,0.0001,62
5842,0.0001,0
5843,0.0001,47
5844,0.0001,21
5845,0.0001,98
5846,0.0001,0
5847,0.0001,0
5848,0.0001,185
5849,0.0001,124
5850,0.0001,676
5851,0.0001,614
5852,0.0001,1574
5853,0.0001,85
5854,0.0001,156
5855,0.0001,2275
5856,0.0001,704
5857,0.0001,82
5858,0.0001,907
5859,0.0001,0
5860,0.0001,3198
5861,0.0001,206
5862,0.0001,93
5863,0.0001,16
5864,0.0001,92
5865,0.0001,0
5866,0.0001,0
5867,0.0001,82
5868,0.0001,108
5869,0.0001,170
5870,0.0001,124
5871,0.0001,896
5872,0.0001,62
5873,0.0001,62
5874,0.0001,31
5875,0.0001,1620
5876,0.0001,725
5877,0.0001,46
5878,0.0001,0
5879,0.0001,23
5880,0.0001,976
5881,0.0001,2330
5882,0.0001,799
5883,0.0001,766
5884,0.0001,108
5885,0.0001,42
5886,0.0001,859
5887,0.0001,93
5888,0.0001,0
5889,0.0001,170
5890,0.0001,123
5891,0.0001,31
5892,0.0001,2332
5893,0.0001,643
5894,0.0001,0
5895,0.0001,835
5896,0.0001,240
5897,0.0001,62
5898,0.0001,177
5899,0.0001,0
5900,0.0001,0
5901,0.0001,103
5902,0.0001,77
5903,0.0001,185
5904,0.0001,124
5905,0.0001,52
5906,0.0001,3457
5907,0.0001,934
5908,0.0001,0
5909,0.0001,838
5910,0.0001,830
5911,0.0001,612
5912,0.0001,0
5913,0.0001,945
5914,0.0001,78
5915,0.0001,185
5916,0.0001,21
5917,0.0001,16
5918,0.0001,63
5919,0.0001,116
5920,0.0001,108
5921,0.0001,4432
5922,0.0001,1175
5923,0.0001,31
5924,0.0001,0
5925,0.0001,87
5926,0.0001,113
5927,0.0001,0
5928,0.0001,915
5929,0.0001,85
5930,0.0001,93
5931,0.0001,768
5932,0.0001,31
5933,0.0001,883
5934,0.0001,23
5935,0.0001,77
5936,0.0001,768
5937,0.0001,3420
5938,0.0001,0
5939,0.0001,0
5940,0.0001,21
5941,0.0001,0
5942,0.0001,670
5943,0.0001,31
5944,0.0001,1534
5945,0.0001,31
5946,0.0001,154
5947,0.0001,0
5948,0.0001,1261
5949,0.0001,1503
5950,0.0001,1468
5951,0.0001,983
5952,0.0001,0
5953,0.0001,0
5954,0.0001,778
5955,0.0001,16
5956,0.0001,3062
5957,0.0001,77
5958,0.0001,54
5959,0.0001,85
5960,0.0001,830
5961,0.0001,170
5962,0.0001,782
5963,0.0001,77
5964,0.0001,823
5965,0.0001,877
5966,0.0001,0
5967,0.0001,108
5968,0.0001,16
5969,0.0001,1006
5970,0.0001,1500
5971,0.0001,42
5972,0.0001,0
5973,0.0001,70
5974,0.0001,923
5975,0.0001,899
5976,0.0001,123
5977,0.0001,1055
5978,0.0001,47
5979,0.0001,0
5980,0.0001,152
5981,0.0001,31
5982,0.0001,657
5983,0.0001,46
5984,0.0001,0
5985,0.0001,55
5986,0.0001,776
5987,0.0001,62
5988,0.0001,185
5989,0.0001,225
5990,0.0001,62
5991,0.0001,776
5992,0.0001,32
5993,0.0001,31
5994,0.0001,47
5995,0.0001,0
5996,0.0001,776
5997,0.0001,0
5998,0.0001,131
5999,0.0001,0
6000,0.0001,62
6001,0.0001,108
6002,0.0001,23
6003,0.0001,0
6004,0.0001,46
6005,0.0001,1569
6006,0.0001,0
6007,0.0001,0
6008,0.0001,224
6009,0.0001,956
6010,0.0001,77
6011,0.0001,0
6012,0.0001,1545
6013,0.0001,47
6014,0.0001,82
6015,0.0001,23
6016,0.0001,768
6017,0.0001,838
6018,0.0001,854
6019,0.0001,108
6020,0.0001,660
6021,0.0001,792
6022,0.0001,277
6023,0.0001,254
6024,0.0001,1480
6025,0.0001,177
6026,0.0001,16
6027,0.0001,855
6028,0.0001,0
6029,0.0001,46
6030,0.0001,745
6031,0.0001,108
6032,0.0001,0
6033,0.0001,31
6034,0.0001,832
6035,0.0001,0
6036,0.0001,110
6037,0.0001,0
6038,0.0001,62
6039,0.0001,62
6040,0.0001,199
6041,0.0001,118
6042,0.0001,32
6043,0.0001,0
6044,0.0001,154
6045,0.0001,31
6046,0.0001,894
6047,0.0001,612
6048,0.0001,54
6049,0.0001,3124
6050,0.0001,768
6051,0.0001,869
6052,0.0001,1533
6053,0.0001,659
6054,0.0001,156
6055,0.0001,0
6056,0.0001,67
6057,0.0001,1662
6058,0.0001,92
6059,0.0001,62
6060,0.0001,144
6061,0.0001,148
6062,0.0001,0
6063,0.0001,93
6064,0.0001,751
6065,0.0001,31
6066,0.0001,784
6067,0.0001,735
6068,0.0001,799
6069,0.0001,31
6070,0.0001,799
6071,0.0001,109
6072,0.0001,85
6073,0.0001,108
6074,0.0001,41
6075,0.0001,21
6076,0.0001,62
6077,0.0001,124
6078,0.0001,735
6079,0.0001,770
6080,0.0001,0
6081,0.0001,801
6082,0.0001,46
6083,0.0001,2304
6084,0.0001,1632
6085,0.0001,31
6086,0.0001,0
6087,0.0001,69
6088,0.0001,674
6089,0.0001,108
6090,0.0001,0
6091,0.0001,1055
6092,0.0001,1567
6093,0.0001,62
6094,0.0001,612
6095,0.0001,0
6096,0.0001,62
6097,0.0001,162
6098,0.0001,82
6099,0.0001,801
6100,0.0001,23
6101,0.0001,46
6102,0.0001,813
6103,0.0001,55
6104,0.0001,207
6105,0.0001,2266
6106,0.0001,190
6107,0.0001,1644
6108,0.0001,123
6109,0.0001,660
6110,0.0001,85
6111,0.0001,768
6112,0.0001,62
6113,0.0001,93
6114,0.0001,44
6115,0.0001,1148
6116,0.0001,786
6117,0.0001,0
6118,0.0001,144
6119,0.0001,923
6120,0.0001,0
6121,0.0001,0
6122,0.0001,885
6123,0.0001,46
6124,0.0001,932
6125,0.0001,907
6126,0.0001,814
6127,0.0001,100
6128,0.0001,103
6129,0.0001,83
6130,0.0001,62
6131,0.0001,709
6132,0.0001,0
6133,0.0001,725
6134,0.0001,78
6135,0.0001,93
6136,0.0001,31
6137,0.0001,92
6138,0.0001,0
6139,0.0001,23
6140,0.0001,77
6141,0.0001,108
6142,0.0001,155
6143,0.0001,119
6144,0.0001,822
6145,0.0001,943
6146,0.0001,0
6147,0.0001,0
6148,0.0001,85
6149,0.0001,82
6150,0.0001,675
6151,0.0001,92
6152,0.0001,0
6153,0.0001,930
6154,0.0001,93
6155,0.0001,46
6156,0.0001,1554
6157,0.0001,824
6158,0.0001,994
6159,0.0001,77
6160,0.0001,105
6161,0.0001,31
6162,0.0001,2204
6163,0.0001,0
6164,0.0001,830
6165,0.0001,155
6166,0.0001,62
6167,0.0001,62
6168,0.0001,75
6169,0.0001,3186
6170,0.0001,167
6171,0.0001,46
6172,0.0001,31
6173,0.0001,42
6174,0.0001,93
6175,0.0001,714
6176,0.0001,758
6177,0.0001,82
6178,0.0001,0
6179,0.0001,0
6180,0.0001,0
6181,0.0001,2381
6182,0.0001,62
6183,0.0001,31
6184,0.0001,1209
6185,0.0001,62
6186,0.0001,1631
6187,0.0001,108
6188,0.0001,108
6189,0.0001,46
6190,0.0001,139
6191,0.0001,154
6192,0.0001,31
6193,0.0001,77
6194,0.0001,108
6195,0.0001,786
6196,0.0001,62
6197,0.0001,879
6198,0.0001,31
6199,0.0001,628
6200,0.0001,0
6201,0.0001,31
6202,0.0001,871
6203,0.0001,894
6204,0.0001,46
6205,0.0001,5365
6206,0.0001,0
6207,0.0001,1736
6208,0.0001,47
6209,0.0001,169
6210,0.0001,23
6211,0.0001,16
6212,0.0001,109
6213,0.0001,42
6214,0.0001,92
6215,0.0001,624
6216,0.0001,0
6217,0.0001,31
6218,0.0001,0
6219,0.0001,0
6220,0.0001,62
6221,0.0001,31
6222,0.0001,1654
6223,0.0001,193
6224,0.0001,108
6225,0.0001,1534
6226,0.0001,46
6227,0.0001,146
6228,0.0001,148
6229,0.0001,62
6230,0.0001,1575
6231,0.0001,16
6232,0.0001,92
6233,0.0001,155
6234,0.0001,31
6235,0.0001,0
6236,0.0001,62
6237,0.0001,46
6238,0.0001,185
6239,0.0001,1840
6240,0.0001,62
6241,0.0001,0
6242,0.0001,2533
6243,0.0001,115
6244,0.0001,0
6245,0.0001,247
6246,0.0001,93
6247,0.0001,57
6248,0.0001,23
6249,0.0001,46
6250,0.0001,155
6251,0.0001,113
6252,0.0001,125
6253,0.0001,1293
6254,0.0001,923
6255,0.0001,146
6256,0.0001,139
6257,0.0001,113
6258,0.0001,46
6259,0.0001,155
6260,0.0001,809
6261,0.0001,114
6262,0.0001,123
6263,0.0001,77
6264,0.0001,0
6265,0.0001,935
6266,0.0001,123
6267,0.0001,46
6268,0.0001,299
6269,0.0001,0
6270,0.0001,41
6271,0.0001,624
6272,0.0001,0
6273,0.0001,23
6274,0.0001,62
6275,0.0001,78
6276,0.0001,690
6277,0.0001,47
6278,0.0001,93
6279,0.0001,0
6280,0.0001,216
6281,0.0001,0
6282,0.0001,62
6283,0.0001,108
6284,0.0001,1086
6285,0.0001,742
6286,0.0001,108
6287,0.0001,0
6288,0.0001,72
6289,0.0001,868
6290,0.0001,614
6291,0.0001,82
6292,0.0001,0
6293,0.0001,134
6294,0.0001,47
6295,0.0001,878
6296,0.0001,109
6297,0.0001,92
6298,0.0001,0
6299,0.0001,0
6300,0.0001,116
6301,0.0001,93
6302,0.0001,16
6303,0.0001,735
6304,0.0001,3255
6305,0.0001,992
6306,0.0001,180
6307,0.0001,174
6308,0.0001,884
6309,0.0001,23
6310,0.0001,0
6311,0.0001,0
6312,0.0001,0
6313,0.0001,773
6314,0.0001,16
6315,0.0001,62
6316,0.0001,31
6317,0.0001,82
6318,0.0001,23
6319,0.0001,95
6320,0.0001,93
6321,0.0001,62
6322,0.0001,860
6323,0.0001,125
6324,0.0001,807
6325,0.0001,78
6326,0.0001,830
6327,0.0001,31
6328,0.0001,16
6329,0.0001,31
6330,0.0001,92
6331,0.0001,23
6332,0.0001,0
6333,0.0001,694
6334,0.0001,82
6335,0.0001,62
6336,0.0001,0
6337,0.0001,830
6338,0.0001,2218
6339,0.0001,62
6340,0.0001,46
6341,0.0001,31
6342,0.0001,884
6343,0.0001,31
6344,0.0001,92
6345,0.0001,93
6346,0.0001,46
6347,0.0001,1404
6348,0.0001,680
6349,0.0001,125
6350,0.0001,93
6351,0.0001,899
6352,0.0001,108
6353,0.0001,23
6354,0.0001,85
6355,0.0001,0
6356,0.0001,1027
6357,0.0001,108
6358,0.0001,62
6359,0.0001,666
6360,0.0001,176
6361,0.0001,159
6362,0.0001,109
6363,0.0001,196
6364,0.0001,0
6365,0.0001,832
6366,0.0001,3205
6367,0.0001,817
6368,0.0001,114
6369,0.0001,0
6370,0.0001,876
6371,0.0001,70
6372,0.0001,215
6373,0.0001,131
6374,0.0001,770
6375,0.0001,82
6376,0.0001,697
6377,0.0001,141
6378,0.0001,961
6379,0.0001,918
6380,0.0001,1616
6381,0.0001,23
6382,0.0001,123
6383,0.0001,39
6384,0.0001,1005
6385,0.0001,809
6386,0.0001,643
6387,0.0001,720
6388,0.0001,62
6389,0.0001,62
6390,0.0001,1718
6391,0.0001,0
6392,0.0001,32
6393,0.0001,0
6394,0.0001,108
6395,0.0001,31
6396,0.0001,907
6397,0.0001,0
6398,0.0001,0
6399,0.0001,93
6400,0.0001,768
6401,0.0001,118
6402,0.0001,46
6403,0.0001,70
6404,0.0001,1330
6405,0.0001,0
6406,0.0001,23
6407,0.0001,624
6408,0.0001,830
6409,0.0001,816
6410,0.0001,62
6411,0.0001,124
6412,0.0001,3250
6413,0.0001,995
6414,0.0001,123
6415,0.0001,1426
6416,0.0001,93
6417,0.0001,751
6418,0.0001,994
6419,0.0001,128
6420,0.0001,0
6421,0.0001,0
6422,0.0001,1669
6423,0.0001,1667
6424,0.0001,23
6425,0.0001,954
6426,0.0001,720
6427,0.0001,1715
6428,0.0001,0
6429,0.0001,47
6430,0.0001,62
6431,0.0001,92
6432,0.0001,105
6433,0.0001,674
6434,0.0001,31
6435,0.0001,854
6436,0.0001,3742
6437,0.0001,108
6438,0.0001,0
6439,0.0001,31
6440,0.0001,123
6441,0.0001,192
6442,0.0001,125
6443,0.0001,93
6444,0.0001,830
6445,0.0001,253
6446,0.0001,1532
6447,0.0001,31
6448,0.0001,16
6449,0.0001,0
6450,0.0001,62
6451,0.0001,1639
6452,0.0001,1519
6453,0.0001,647
6454,0.0001,46
6455,0.0001,1515
6456,0.0001,47
6457,0.0001,85
6458,0.0001,62
6459,0.0001,1109
6460,0.0001,46
6461,0.0001,766
6462,0.0001,54
6463,0.0001,24
6464,0.0001,31
6465,0.0001,660
6466,0.0001,92
6467,0.0001,169
6468,0.0001,157
6469,0.0001,3206
6470,0.0001,716
6471,0.0001,123
6472,0.0001,77
6473,0.0001,659
6474,0.0001,0
6475,0.0001,31
6476,0.0001,62
6477,0.0001,0
6478,0.0001,2357
6479,0.0001,124
6480,0.0001,132
6481,0.0001,78
6482,0.0001,768
6483,0.0001,62
6484,0.0001,62
6485,0.0001,0
6486,0.0001,185
6487,0.0001,0
6488,0.0001,108
6489,0.0001,793
6490,0.0001,768
6491,0.0001,735
6492,0.0001,92
6493,0.0001,680
6494,0.0001,123
6495,0.0001,1579
6496,0.0001,0
6497,0.0001,1831
6498,0.0001,643
6499,0.0001,612
6500,0.0001,16
6501,0.0001,169
6502,0.0001,31
6503,0.0001,31
6504,0.0001,871
6505,0.0001,872
6506,0.0001,46
6507,0.0001,922
6508,0.0001,163
6509,0.0001,2367
6510,0.0001,123
6511,0.0001,776
6512,0.0001,85
6513,0.0001,77
6514,0.0001,0
6515,0.0001,674
6516,0.0001,85
6517,0.0001,16
6518,0.0001,124
6519,0.0001,63
6520,0.0001,130
6521,0.0001,0
6522,0.0001,93
6523,0.0001,946
6524,0.0001,23
6525,0.0001,154
6526,0.0001,226
6527,0.0001,612
6528,0.0001,0
6529,0.0001,768
6530,0.0001,3424
6531,0.0001,814
6532,0.0001,1020
6533,0.0001,768
6534,0.0001,0
6535,0.0001,62
6536,0.0001,618
6537,0.0001,680
6538,0.0001,31
6539,0.0001,0
6540,0.0001,124
6541,0.0001,31
6542,0.0001,98
6543,0.0001,819
6544,0.0001,139
6545,0.0001,628
6546,0.0001,876
6547,0.0001,77
6548,0.0001,62
6549,0.0001,7621
6550,0.0001,0
6551,0.0001,1506
6552,0.0001,139
6553,0.0001,980
6554,0.0001,124
6555,0.0001,31
6556,0.0001,768
6557,0.0001,31
6558,0.0001,123
6559,0.0001,31
6560,0.0001,162
6561,0.0001,54
6562,0.0001,838
6563,0.0001,814
6564,0.0001,177
6565,0.0001,968
6566,0.0001,883
6567,0.0001,31
6568,0.0001,259
6569,0.0001,710
6570,0.0001,1056
6571,0.0001,92
6572,0.0001,46
6573,0.0001,62
6574,0.0001,119
6575,0.0001,0
6576,0.0001,2251
6577,0.0001,1488
6578,0.0001,3174
6579,0.0001,92
6580,0.0001,1163
6581,0.0001,77
6582,0.0001,832
6583,0.0001,92
6584,0.0001,16
6585,0.0001,1027
6586,0.0001,832
6587,0.0001,1524
6588,0.0001,31
6589,0.0001,108
6590,0.0001,78
6591,0.0001,123
6592,0.0001,2114
6593,0.0001,62
6594,0.0001,47
6595,0.0001,47
6596,0.0001,102
6597,0.0001,846
6598,0.0001,63
6599,0.0001,0
6600,0.0001,0
6601,0.0001,0
6602,0.0001,54
6603,0.0001,953
6604,0.0001,1577
6605,0.0001,169
6606,0.0001,87
6607,0.0001,720
6608,0.0001,147
6609,0.0001,154
6610,0.0001,0
6611,0.0001,85
6612,0.0001,675
6613,0.0001,82
6614,0.0001,0
6615,0.0001,4207
6616,0.0001,77
6617,0.0001,993
6618,0.0001,3663
6619,0.0001,1137
6620,0.0001,1486
6621,0.0001,156
6622,0.0001,0
6623,0.0001,46
6624,0.0001,0
6625,0.0001,47
6626,0.0001,0
6627,0.0001,139
6628,0.0001,740
6629,0.0001,1726
6630,0.0001,0
6631,0.0001,62
6632,0.0001,108
6633,0.0001,46
6634,0.0001,16
6635,0.0001,222
6636,0.0001,612
6637,0.0001,1054
6638,0.0001,31
6639,0.0001,804
6640,0.0001,62
6641,0.0001,108
6642,0.0001,960
6643,0.0001,3323
6644,0.0001,768
6645,0.0001,47
6646,0.0001,69
6647,0.0001,830
6648,0.0001,107
6649,0.0001,46
6650,0.0001,0
6651,0.0001,0
6652,0.0001,1411
6653,0.0001,0
6654,0.0001,833
6655,0.0001,768
6656,0.0001,93
6657,0.0001,48
6658,0.0001,24
6659,0.0001,0
6660,0.0001,16
6661,0.0001,70
6662,0.0001,675
6663,0.0001,46
6664,0.0001,4108
6665,0.0001,618
6666,0.0001,891
6667,0.0001,92
6668,0.0001,92
6669,0.0001,206
6670,0.0001,106
6671,0.0001,853
6672,0.0001,62
6673,0.0001,1531
6674,0.0001,1661
6675,0.0001,797
6676,0.0001,41
6677,0.0001,54
6678,0.0001,0
6679,0.0001,140
6680,0.0001,62
6681,0.0001,614
6682,0.0001,878
6683,0.0001,0
6684,0.0001,62
6685,0.0001,0
6686,0.0001,108
6687,0.0001,169
6688,0.0001,660
6689,0.0001,62
6690,0.0001,93
6691,0.0001,1554
6692,0.0001,820
6693,0.0001,77
6694,0.0001,0
6695,0.0001,95
6696,0.0001,1472
6697,0.0001,47
6698,0.0001,124
6699,0.0001,62
6700,0.0001,0
6701,0.0001,0
6702,0.0001,77
6703,0.0001,874
6704,0.0001,2412
6705,0.0001,154
6706,0.0001,31
6707,0.0001,123
6708,0.0001,1543
6709,0.0001,16
6710,0.0001,814
6711,0.0001,693
6712,0.0001,4601
6713,0.0001,1490
6714,0.0001,635
6715,0.0001,150
6716,0.0001,46
6717,0.0001,4143
6718,0.0001,47
6719,0.0001,93
6720,0.0001,78
6721,0.0001,101
6722,0.0001,62
6723,0.0001,0
6724,0.0001,31
6725,0.0001,946
6726,0.0001,0
6727,0.0001,123
6728,0.0001,254
6729,0.0001,1641
6730,0.0001,32
6731,0.0001,1142
6732,0.0001,77
6733,0.0001,738
6734,0.0001,55
6735,0.0001,114
6736,0.0001,0
6737,0.0001,891
6738,0.0001,31
6739,0.0001,649
6740,0.0001,54
6741,0.0001,24
6742,0.0001,800
6743,0.0001,2422
6744,0.0001,948
6745,0.0001,0
6746,0.0001,16
6747,0.0001,108
6748,0.0001,57
6749,0.0001,1119
6750,0.0001,1174
6751,0.0001,93
6752,0.0001,47
6753,0.0001,884
6754,0.0001,78
6755,0.0001,132
6756,0.0001,62
6757,0.0001,858
6758,0.0001,77
6759,0.0001,54
6760,0.0001,62
6761,0.0001,69
6762,0.0001,159
6763,0.0001,31
6764,0.0001,178
6765,0.0001,254
6766,0.0001,62
6767,0.0001,178
6768,0.0001,16
6769,0.0001,0
6770,0.0001,16
6771,0.0001,1437
6772,0.0001,62
6773,0.0001,854
6774,0.0001,5377
6775,0.0001,39
6776,0.0001,139
6777,0.0001,0
6778,0.0001,935
6779,0.0001,16
6780,0.0001,0
6781,0.0001,85
6782,0.0001,134
6783,0.0001,177
6784,0.0001,1593
6785,0.0001,62
6786,0.0001,69
6787,0.0001,712
6788,0.0001,64
6789,0.0001,0
6790,0.0001,1562
6791,0.0001,996
6792,0.0001,16
6793,0.0001,23
6794,0.0001,86
6795,0.0001,16
6796,0.0001,715
6797,0.0001,46
6798,0.0001,214
6799,0.0001,792
6800,0.0001,102
6801,0.0001,2945
6802,0.0001,16
6803,0.0001,0
6804,0.0001,62
6805,0.0001,1792
6806,0.0001,77
6807,0.0001,146
6808,0.0001,31
6809,0.0001,46
6810,0.0001,82
6811,0.0001,686
6812,0.0001,1388
6813,0.0001,31
6814,0.0001,1690
6815,0.0001,108
6816,0.0001,62
6817,0.0001,812
6818,0.0001,884
6819,0.0001,62
6820,0.0001,0
6821,0.0001,830
6822,0.0001,16
6823,0.0001,804
6824,0.0001,0
6825,0.0001,77
6826,0.0001,128
6827,0.0001,93
6828,0.0001,0
6829,0.0001,976
6830,0.0001,658
6831,0.0001,132
6832,0.0001,218
6833,0.0001,129
6834,0.0001,0
6835,0.0001,39
6836,0.0001,47
6837,0.0001,639
6838,0.0001,144
6839,0.0001,31
6840,0.0001,93
6841,0.0001,39
6842,0.0001,32
6843,0.0001,31
6844,0.0001,46
6845,0.0001,753
6846,0.0001,689
6847,0.0001,0
6848,0.0001,1554
6849,0.0001,830
6850,0.0001,155
6851,0.0001,101
6852,0.0001,46
6853,0.0001,0
6854,0.0001,907
6855,0.0001,0
6856,0.0001,1693
6857,0.0001,762
6858,0.0001,62
6859,0.0001,614
6860,0.0001,0
6861,0.0001,1055
6862,0.0001,697
6863,0.0001,129
6864,0.0001,783
6865,0.0001,52
6866,0.0001,93
6867,0.0001,144
6868,0.0001,0
6869,0.0001,0
6870,0.0001,881
6871,0.0001,232
6872,0.0001,0
6873,0.0001,836
6874,0.0001,832
6875,0.0001,1705
6876,0.0001,69
6877,0.0001,31
6878,0.0001,62
6879,0.0001,1736
6880,0.0001,0
6881,0.0001,0
6882,0.0001,47
6883,0.0001,124
6884,0.0001,72
6885,0.0001,77
6886,0.0001,31
6887,0.0001,131
6888,0.0001,139
6889,0.0001,31
6890,0.0001,46
6891,0.0001,0
6892,0.0001,953
6893,0.0001,658
6894,0.0001,3431
6895,0.0001,78
6896,0.0001,799
6897,0.0001,62
6898,0.0001,93
6899,0.0001,832
6900,0.0001,31
6901,0.0001,252
6902,0.0001,943
6903,0.0001,32
6904,0.0001,123
6905,0.0001,0
6906,0.0001,239
6907,0.0001,46
6908,0.0001,941
6909,0.0001,31
6910,0.0001,31
6911,0.0001,47
6912,0.0001,926
6913,0.0001,775
6914,0.0001,720
6915,0.0001,23
6916,0.0001,0
6917,0.0001,0
6918,0.0001,0
6919,0.0001,69
6920,0.0001,31
6921,0.0001,31
6922,0.0001,0
6923,0.0001,768
6924,0.0001,78
6925,0.0001,0
6926,0.0001,0
6927,0.0001,46
6928,0.0001,46
6929,0.0001,0
6930,0.0001,628
6931,0.0001,105
6932,0.0001,768
6933,0.0001,123
6934,0.0001,673
6935,0.0001,853
6936,0.0001,92
6937,0.0001,618
6938,0.0001,47
6939,0.0001,93
6940,0.0001,62
6941,0.0001,128
6942,0.0001,750
6943,0.0001,1432
6944,0.0001,1180
6945,0.0001,0
6946,0.0001,886
6947,0.0001,124
6948,0.0001,0
6949,0.0001,0
6950,0.0001,46
6951,0.0001,31
6952,0.0001,869
6953,0.0001,31
6954,0.0001,1752
6955,0.0001,0
6956,0.0001,198
6957,0.0001,1470
6958,0.0001,200
6959,0.0001,616
6960,0.0001,807
6961,0.0001,39
6962,0.0001,31
6963,0.0001,707
6964,0.0001,0
6965,0.0001,674
6966,0.0001,42
6967,0.0001,814
6968,0.0001,139
6969,0.0001,0
6970,0.0001,94
6971,0.0001,755
6972,0.0001,850
6973,0.0001,109
6974,0.0001,93
6975,0.0001,77
6976,0.0001,31
6977,0.0001,77
6978,0.0001,108
6979,0.0001,93
6980,0.0001,62
6981,0.0001,722
6982,0.0001,1653
6983,0.0001,62
6984,0.0001,46
6985,0.0001,131
6986,0.0001,809
6987,0.0001,0
6988,0.0001,62
6989,0.0001,1759
6990,0.0001,77
6991,0.0001,109
6992,0.0001,924
6993,0.0001,214
6994,0.0001,108
6995,0.0001,766
6996,0.0001,32
6997,0.0001,768
6998,0.0001,799
6999,0.0001,687
7000,0.0001,1536
7001,0.0001,247
7002,0.0001,164
7003,0.0001,958
7004,0.0001,0
7005,0.0001,47
7006,0.0001,2367
7007,0.0001,0
7008,0.0001,31
7009,0.0001,768
7010,0.0001,39
7011,0.0001,62
7012,0.0001,205
7013,0.0001,908
7014,0.0001,46
7015,0.0001,108
7016,0.0001,46
7017,0.0001,2965
7018,0.0001,0
7019,0.0001,70
7020,0.0001,82
7021,0.0001,703
7022,0.0001,0
7023,0.0001,0
7024,0.0001,46
7025,0.0001,855
7026,0.0001,0
7027,0.0001,1426
7028,0.0001,1286
7029,0.0001,92
7030,0.0001,616
7031,0.0001,116
7032,0.0001,0
7033,0.0001,0
7034,0.0001,31
7035,0.0001,967
7036,0.0001,47
7037,0.0001,145
7038,0.0001,23
7039,0.0001,124
7040,0.0001,94
7041,0.0001,62
7042,0.0001,108
7043,0.0001,697
7044,0.0001,0
7045,0.0001,16
7046,0.0001,871
7047,0.0001,105
7048,0.0001,154
7049,0.0001,139
7050,0.0001,2673
7051,0.0001,0
7052,0.0001,108
7053,0.0001,1058
7054,0.0001,133
7055,0.0001,938
7056,0.0001,0
7057,0.0001,0
7058,0.0001,1675
7059,0.0001,3367
7060,0.0001,62
7061,0.0001,109
7062,0.0001,93
7063,0.0001,31
7064,0.0001,1286
7065,0.0001,799
7066,0.0001,1671
7067,0.0001,48
7068,0.0001,39
7069,0.0001,876
7070,0.0001,123
7071,0.0001,869
7072,0.0001,1024
7073,0.0001,4008
7074,0.0001,39
7075,0.0001,871
7076,0.0001,1428
7077,0.0001,922
7078,0.0001,806
7079,0.0001,174
7080,0.0001,2298
7081,0.0001,907
7082,0.0001,62
7083,0.0001,108
7084,0.0001,139
7085,0.0001,164
7086,0.0001,93
7087,0.0001,2888
7088,0.0001,777
7089,0.0001,47
7090,0.0001,705
7091,0.0001,925
7092,0.0001,41
7093,0.0001,658
7094,0.0001,82
7095,0.0001,899
7096,0.0001,63
7097,0.0001,2245
7098,0.0001,93
7099,0.0001,46
7100,0.0001,108
7101,0.0001,52
7102,0.0001,31
7103,0.0001,0
7104,0.0001,46
7105,0.0001,63
7106,0.0001,815
7107,0.0001,0
7108,0.0001,860
7109,0.0001,175
7110,0.0001,196
7111,0.0001,46
7112,0.0001,77
7113,0.0001,861
7114,0.0001,62
7115,0.0001,23
7116,0.0001,134
7117,0.0001,93
7118,0.0001,0
7119,0.0001,123
7120,0.0001,841
7121,0.0001,124
7122,0.0001,77
7123,0.0001,768
7124,0.0001,0
7125,0.0001,139
7126,0.0001,103
7127,0.0001,23
7128,0.0001,41
7129,0.0001,79
7130,0.0001,123
7131,0.0001,0
7132,0.0001,185
7133,0.0001,106
7134,0.0001,85
7135,0.0001,0
7136,0.0001,0
7137,0.0001,85
7138,0.0001,70
7139,0.0001,69
7140,0.0001,133
7141,0.0001,0
7142,0.0001,123
7143,0.0001,612
7144,0.0001,46
7145,0.0001,31
7146,0.0001,948
7147,0.0001,3167
7148,0.0001,0
7149,0.0001,39
7150,0.0001,31
7151,0.0001,0
7152,0.0001,159
7153,0.0001,31
7154,0.0001,0
7155,0.0001,1048
7156,0.0001,124
7157,0.0001,62
7158,0.0001,23
7159,0.0001,801
7160,0.0001,1670
7161,0.0001,612
7162,0.0001,78
7163,0.0001,0
7164,0.0001,0
7165,0.0001,77
7166,0.0001,24
7167,0.0001,0
7168,0.0001,46
7169,0.0001,837
7170,0.0001,0
7171,0.0001,123
7172,0.0001,85
7173,0.0001,660
7174,0.0001,2435
7175,0.0001,1605
7176,0.0001,23
7177,0.0001,23
7178,0.0001,0
7179,0.0001,31
7180,0.0001,626
7181,0.0001,109
7182,0.0001,628
7183,0.0001,93
7184,0.0001,689
7185,0.0001,860
7186,0.0001,231
7187,0.0001,0
7188,0.0001,62
7189,0.0001,830
7190,0.0001,770
7191,0.0001,132
7192,0.0001,139
7193,0.0001,62
7194,0.0001,62
7195,0.0001,46
7196,0.0001,124
7197,0.0001,47
7198,0.0001,1567
7199,0.0001,1656
7200,0.0001,1716
7201,0.0001,157
7202,0.0001,861
7203,0.0001,0
7204,0.0001,23
7205,0.0001,62
7206,0.0001,62
7207,0.0001,93
7208,0.0001,92
7209,0.0001,665
7210,0.0001,768
7211,0.0001,719
7212,0.0001,92
7213,0.0001,62
7214,0.0001,116
7215,0.0001,108
7216,0.0001,2496
7217,0.0001,0
7218,0.0001,123
7219,0.0001,1045
7220,0.0001,47
7221,0.0001,100
7222,0.0001,186
7223,0.0001,163
7224,0.0001,2310
7225,0.0001,98
7226,0.0001,830
7227,0.0001,871
7228,0.0001,3787
7229,0.0001,853
7230,0.0001,62
7231,0.0001,124
7232,0.0001,124
7233,0.0001,31
7234,0.0001,819
7235,0.0001,147
7236,0.0001,46
7237,0.0001,70
7238,0.0001,313
7239,0.0001,31
7240,0.0001,926
7241,0.0001,0
7242,0.0001,62
7243,0.0001,108
7244,0.0001,55
7245,0.0001,101
7246,0.0001,104
7247,0.0001,211
7248,0.0001,871
7249,0.0001,743
7250,0.0001,78
7251,0.0001,132
7252,0.0001,0
7253,0.0001,77
7254,0.0001,801
7255,0.0001,2299
7256,0.0001,77
7257,0.0001,868
7258,0.0001,39
7259,0.0001,937
7260,0.0001,163
7261,0.0001,0
7262,0.0001,1536
7263,0.0001,154
7264,0.0001,0
7265,0.0001,676
7266,0.0001,109
7267,0.0001,3602
7268,0.0001,1617
7269,0.0001,93
7270,0.0001,968
7271,0.0001,0
7272,0.0001,23
7273,0.0001,3119
7274,0.0001,0
7275,0.0001,880
7276,0.0001,176
7277,0.0001,814
7278,0.0001,1795
7279,0.0001,162
7280,0.0001,124
7281,0.0001,196
7282,0.0001,77
7283,0.0001,102
7284,0.0001,0
7285,0.0001,1739
7286,0.0001,681
7287,0.0001,86
7288,0.0001,773
7289,0.0001,109
7290,0.0001,0
7291,0.0001,123
7292,0.0001,0
7293,0.0001,195
7294,0.0001,109
7295,0.0001,1815
7296,0.0001,82
7297,0.0001,0
7298,0.0001,770
7299,0.0001,739
7300,0.0001,0
7301,0.0001,31
7302,0.0001,62
7303,0.0001,93
7304,0.0001,0
7305,0.0001,834
7306,0.0001,46
7307,0.0001,768
7308,0.0001,31
7309,0.0001,0
7310,0.0001,776
7311,0.0001,83
7312,0.0001,774
7313,0.0001,616
7314,0.0001,768
7315,0.0001,649
7316,0.0001,46
7317,0.0001,16
7318,0.0001,0
7319,0.0001,757
7320,0.0001,0
7321,0.0001,845
7322,0.0001,108
7323,0.0001,0
7324,0.0001,46
7325,0.0001,960
7326,0.0001,3385
7327,0.0001,1596
7328,0.0001,612
7329,0.0001,1717
7330,0.0001,1586
7331,0.0001,774
7332,0.0001,0
7333,0.0001,82
7334,0.0001,92
7335,0.0001,93
7336,0.0001,23
7337,0.0001,1024
7338,0.0001,62
7339,0.0001,814
7340,0.0001,144
7341,0.0001,75
7342,0.0001,1608
7343,0.0001,876
7344,0.0001,907
7345,0.0001,23
7346,0.0001,46
7347,0.0001,100
7348,0.0001,0
7349,0.0001,1612
7350,0.0001,209
7351,0.0001,316
7352,0.0001,77
7353,0.0001,216
7354,0.0001,894
7355,0.0001,23
7356,0.0001,123
7357,0.0001,77
7358,0.0001,0
7359,0.0001,146
7360,0.0001,149
7361,0.0001,810
7362,0.0001,835
7363,0.0001,1628
7364,0.0001,830
7365,0.0001,4048
7366,0.0001,23
7367,0.0001,0
7368,0.0001,0
7369,0.0001,124
7370,0.0001,32
7371,0.0001,177
7372,0.0001,845
7373,0.0001,0
7374,0.0001,124
7375,0.0001,63
7376,0.0001,0
7377,0.0001,2308
7378,0.0001,0
7379,0.0001,237
7380,0.0001,108
7381,0.0001,31
7382,0.0001,85
7383,0.0001,3181
7384,0.0001,155
7385,0.0001,0
7386,0.0001,31
7387,0.0001,866
7388,0.0001,1349
7389,0.0001,31
7390,0.0001,54
7391,0.0001,0
7392,0.0001,140
7393,0.0001,753
7394,0.0001,47
7395,0.0001,16
7396,0.0001,254
7397,0.0001,31
7398,0.0001,1089
7399,0.0001,883
7400,0.0001,31
7401,0.0001,0
7402,0.0001,697
7403,0.0001,141
7404,0.0001,16
7405,0.0001,0
7406,0.0001,0
7407,0.0001,1546
7408,0.0001,1640
7409,0.0001,108
7410,0.0001,70
7411,0.0001,108
7412,0.0001,0
7413,0.0001,1583
7414,0.0001,860
7415,0.0001,125
7416,0.0001,768
7417,0.0001,46
7418,0.0001,62
7419,0.0001,390
7420,0.0001,62
7421,0.0001,82
7422,0.0001,127
7423,0.0001,54
7424,0.0001,139
7425,0.0001,612
7426,0.0001,62
7427,0.0001,776
7428,0.0001,0
7429,0.0001,85
7430,0.0001,0
7431,0.0001,794
7432,0.0001,129
7433,0.0001,758
7434,0.0001,1685
7435,0.0001,62
7436,0.0001,705
7437,0.0001,2766
7438,0.0001,62
7439,0.0001,0
7440,0.0001,126
7441,0.0001,0
7442,0.0001,4133
7443,0.0001,786
7444,0.0001,93
7445,0.0001,0
7446,0.0001,31
7447,0.0001,85
7448,0.0001,0
7449,0.0001,0
7450,0.0001,817
7451,0.0001,113
7452,0.0001,655
7453,0.0001,16
7454,0.0001,1538
7455,0.0001,715
7456,0.0001,62
7457,0.0001,108
7458,0.0001,0
7459,0.0001,77
7460,0.0001,96
7461,0.0001,1537
7462,0.0001,876
7463,0.0001,751
7464,0.0001,246
7465,0.0001,31
7466,0.0001,612
7467,0.0001,109
7468,0.0001,0
7469,0.0001,46
7470,0.0001,0
7471,0.0001,62
7472,0.0001,23
7473,0.0001,78
7474,0.0001,251
7475,0.0001,727
7476,0.0001,3375
7477,0.0001,93
7478,0.0001,23
7479,0.0001,187
7480,0.0001,1536
7481,0.0001,180
7482,0.0001,176
7483,0.0001,92
7484,0.0001,1038
7485,0.0001,78
7486,0.0001,108
7487,0.0001,0
7488,0.0001,31
7489,0.0001,47
7490,0.0001,0
7491,0.0001,123
7492,0.0001,125
7493,0.0001,57
7494,0.0001,77
7495,0.0001,1470
7496,0.0001,113
7497,0.0001,1101
7498,0.0001,0
7499,0.0001,3160
7500,0.0001,133
7501,0.0001,63
7502,0.0001,139
7503,0.0001,614
7504,0.0001,124
7505,0.0001,206
7506,0.0001,154
7507,0.0001,149
7508,0.0001,786
7509,0.0001,0
7510,0.0001,738
7511,0.0001,768
7512,0.0001,169
7513,0.0001,92
7514,0.0001,0
7515,0.0001,31
7516,0.0001,93
7517,0.0001,46
7518,0.0001,54
7519,0.0001,0
7520,0.0001,0
7521,0.0001,46
7522,0.0001,0
7523,0.0001,817
7524,0.0001,0
7525,0.0001,92
7526,0.0001,16
7527,0.0001,108
7528,0.0001,0
7529,0.0001,78
7530,0.0001,0
7531,0.0001,0
7532,0.0001,0
7533,0.0001,897
7534,0.0001,889
7535,0.0001,77
7536,0.0001,46
7537,0.0001,23
7538,0.0001,0
7539,0.0001,0
7540,0.0001,26
7541,0.0001,0
7542,0.0001,46
7543,0.0001,31
7544,0.0001,0
7545,0.0001,0
7546,0.0001,62
7547,0.0001,116
7548,0.0001,789
7549,0.0001,169
7550,0.0001,109
7551,0.0001,124
7552,0.0001,3604
7553,0.0001,23
7554,0.0001,62
7555,0.0001,0
7556,0.0001,2468
7557,0.0001,93
7558,0.0001,0
7559,0.0001,154
7560,0.0001,78
7561,0.0001,208
7562,0.0001,108
7563,0.0001,1631
7564,0.0001,63
7565,0.0001,124
7566,0.0001,835
7567,0.0001,192
7568,0.0001,85
7569,0.0001,0
7570,0.0001,134
7571,0.0001,900
7572,0.0001,124
7573,0.0001,186
7574,0.0001,691
7575,0.0001,0
7576,0.0001,46
7577,0.0001,830
7578,0.0001,31
7579,0.0001,62
7580,0.0001,47
7581,0.0001,1582
7582,0.0001,16
7583,0.0001,70
7584,0.0001,145
7585,0.0001,125
7586,0.0001,2496
7587,0.0001,786
7588,0.0001,46
7589,0.0001,86
7590,0.0001,691
7591,0.0001,62
7592,0.0001,70
7593,0.0001,922
7594,0.0001,0
7595,0.0001,62
7596,0.0001,46
7597,0.0001,194
7598,0.0001,0
7599,0.0001,46
7600,0.0001,2476
7601,0.0001,31
7602,0.0001,768
7603,0.0001,816
7604,0.0001,0
7605,0.0001,116
7606,0.0001,16
7607,0.0001,1040
7608,0.0001,47
7609,0.0001,108
7610,0.0001,62
7611,0.0001,62
7612,0.0001,62
7613,0.0001,124
7614,0.0001,670
7615,0.0001,0
7616,0.0001,31
7617,0.0001,139
7618,0.0001,1440
7619,0.0001,1626
7620,0.0001,616
7621,0.0001,32
7622,0.0001,835
7623,0.0001,848
7624,0.0001,154
7625,0.0001,162
7626,0.0001,62
7627,0.0001,2469
7628,0.0001,108
7629,0.0001,108
7630,0.0001,770
7631,0.0001,46
7632,0.0001,102
7633,0.0001,0
7634,0.0001,618
7635,0.0001,62
7636,0.0001,768
7637,0.0001,114
7638,0.0001,1661
7639,0.0001,614
7640,0.0001,614
7641,0.0001,0
7642,0.0001,614
7643,0.0001,93
7644,0.0001,109
7645,0.0001,1559
7646,0.0001,139
7647,0.0001,87
7648,0.0001,46
7649,0.0001,791
7650,0.0001,63
7651,0.0001,0
7652,0.0001,3564
7653,0.0001,1715
7654,0.0001,83
7655,0.0001,108
7656,0.0001,116
7657,0.0001,861
7658,0.0001,823
7659,0.0001,63
7660,0.0001,0
7661,0.0001,1631
7662,0.0001,814
7663,0.0001,46
7664,0.0001,164
7665,0.0001,73
7666,0.0001,868
7667,0.0001,167
7668,0.0001,0
7669,0.0001,46
7670,0.0001,46
7671,0.0001,123
7672,0.0001,1503
7673,0.0001,715
7674,0.0001,159
7675,0.0001,863
7676,0.0001,31
7677,0.0001,686
7678,0.0001,0
7679,0.0001,41
7680,0.0001,47
7681,0.0001,768
7682,0.0001,0
7683,0.0001,93
7684,0.0001,800
7685,0.0001,46
7686,0.0001,783
7687,0.0001,231
7688,0.0001,93
7689,0.0001,0
7690,0.0001,0
7691,0.0001,139
7692,0.0001,62
7693,0.0001,1449
7694,0.0001,16
7695,0.0001,16
7696,0.0001,1468
7697,0.0001,616
7698,0.0001,124
7699,0.0001,136
7700,0.0001,1056
7701,0.0001,47
7702,0.0001,0
7703,0.0001,0
7704,0.0001,82
7705,0.0001,31
7706,0.0001,154
7707,0.0001,773
7708,0.0001,23
7709,0.0001,98
7710,0.0001,85
7711,0.0001,830
7712,0.0001,63
7713,0.0001,1574
7714,0.0001,766
7715,0.0001,0
7716,0.0001,868
7717,0.0001,47
7718,0.0001,46
7719,0.0001,62
7720,0.0001,79
7721,0.0001,983
7722,0.0001,614
7723,0.0001,92
7724,0.0001,31
7725,0.0001,0
7726,0.0001,103
7727,0.0001,746
7728,0.0001,62
7729,0.0001,3313
7730,0.0001,174
7731,0.0001,830
7732,0.0001,92
7733,0.0001,113
7734,0.0001,109
7735,0.0001,108
7736,0.0001,31
7737,0.0001,62
7738,0.0001,891
7739,0.0001,776
7740,0.0001,16
7741,0.0001,16
7742,0.0001,0
7743,0.0001,2429
7744,0.0001,159
7745,0.0001,62
7746,0.0001,845
7747,0.0001,239
7748,0.0001,1572
7749,0.0001,62
7750,0.0001,31
7751,0.0001,2372
7752,0.0001,23
7753,0.0001,0
7754,0.0001,686
7755,0.0001,41
7756,0.0001,62
7757,0.0001,0
7758,0.0001,46
7759,0.0001,0
7760,0.0001,108
7761,0.0001,124
7762,0.0001,31
7763,0.0001,796
7764,0.0001,776
7765,0.0001,62
7766,0.0001,47
7767,0.0001,768
7768,0.0001,0
7769,0.0001,62
7770,0.0001,31
7771,0.0001,620
7772,0.0001,23
7773,0.0001,46
7774,0.0001,0
7775,0.0001,123
7776,0.0001,185
7777,0.0001,62
7778,0.0001,0
7779,0.0001,116
7780,0.0001,171
7781,0.0001,0
7782,0.0001,124
7783,0.0001,16
7784,0.0001,92
7785,0.0001,85
7786,0.0001,958
7787,0.0001,0
7788,0.0001,77
7789,0.0001,1592
7790,0.0001,0
7791,0.0001,62
7792,0.0001,3140
7793,0.0001,92
7794,0.0001,31
7795,0.0001,128
7796,0.0001,175
7797,0.0001,62
7798,0.0001,754
7799,0.0001,108
7800,0.0001,101
7801,0.0001,47
7802,0.0001,129
7803,0.0001,16
7804,0.0001,853
7805,0.0001,376
7806,0.0001,660
7807,0.0001,860
7808,0.0001,2068
7809,0.0001,1577
7810,0.0001,140
7811,0.0001,62
7812,0.0001,154
7813,0.0001,2524
7814,0.0001,31
7815,0.0001,0
7816,0.0001,154
7817,0.0001,1603
7818,0.0001,16
7819,0.0001,69
7820,0.0001,658
7821,0.0001,93
7822,0.0001,1752
7823,0.0001,198
7824,0.0001,182
7825,0.0001,2102
7826,0.0001,3403
7827,0.0001,46
7828,0.0001,46
7829,0.0001,62
7830,0.0001,853
7831,0.0001,1007
7832,0.0001,1612
7833,0.0001,123
7834,0.0001,211
7835,0.0001,830
7836,0.0001,2438
7837,0.0001,3262
7838,0.0001,727
7839,0.0001,16
7840,0.0001,92
7841,0.0001,46
7842,0.0001,46
7843,0.0001,16
7844,0.0001,54
7845,0.0001,0
7846,0.0001,144
7847,0.0001,863
7848,0.0001,93
7849,0.0001,932
7850,0.0001,0
7851,0.0001,727
7852,0.0001,16
7853,0.0001,103
7854,0.0001,46
7855,0.0001,884
7856,0.0001,185
7857,0.0001,674
7858,0.0001,144
7859,0.0001,956
7860,0.0001,2265
7861,0.0001,46
7862,0.0001,934
7863,0.0001,0
7864,0.0001,93
7865,0.0001,776
7866,0.0001,899
7867,0.0001,62
7868,0.0001,77
7869,0.0001,218
7870,0.0001,87
7871,0.0001,1086
7872,0.0001,206
7873,0.0001,16
7874,0.0001,101
7875,0.0001,1435
7876,0.0001,23
7877,0.0001,797
7878,0.0001,879
7879,0.0001,0
7880,0.0001,31
7881,0.0001,69
7882,0.0001,835
7883,0.0001,23
7884,0.0001,799
7885,0.0001,931
7886,0.0001,126
7887,0.0001,0
7888,0.0001,101
7889,0.0001,113
7890,0.0001,77
7891,0.0001,62
7892,0.0001,0
7893,0.0001,93
7894,0.0001,54
7895,0.0001,128
7896,0.0001,0
7897,0.0001,21
7898,0.0001,825
7899,0.0001,46
7900,0.0001,0
7901,0.0001,46
7902,0.0001,159
7903,0.0001,2194
7904,0.0001,62
7905,0.0001,108
7906,0.0001,77
7907,0.0001,46
7908,0.0001,175
7909,0.0001,2778
7910,0.0001,139
7911,0.0001,3181
7912,0.0001,6697
7913,0.0001,54
7914,0.0001,922
7915,0.0001,62
7916,0.0001,101
7917,0.0001,46
7918,0.0001,137
7919,0.0001,31
7920,0.0001,31
7921,0.0001,1426
7922,0.0001,93
7923,0.0001,870
7924,0.0001,23
7925,0.0001,62
7926,0.0001,31
7927,0.0001,770
7928,0.0001,82
7929,0.0001,0
7930,0.0001,0
7931,0.0001,78
7932,0.0001,923
7933,0.0001,165
7934,0.0001,907
7935,0.0001,3855
7936,0.0001,206
7937,0.0001,178
7938,0.0001,1024
7939,0.0001,155
7940,0.0001,82
7941,0.0001,78
7942,0.0001,170
7943,0.0001,2947
7944,0.0001,16
7945,0.0001,930
7946,0.0001,151
7947,0.0001,136
7948,0.0001,678
7949,0.0001,863
7950,0.0001,62
7951,0.0001,855
7952,0.0001,62
7953,0.0001,31
7954,0.0001,799
7955,0.0001,0
7956,0.0001,124
7957,0.0001,62
7958,0.0001,62
7959,0.0001,223
7960,0.0001,283
7961,0.0001,2701
7962,0.0001,0
7963,0.0001,82
7964,0.0001,123
7965,0.0001,1613
7966,0.0001,912
7967,0.0001,776
7968,0.0001,1644
7969,0.0001,0
7970,0.0001,774
7971,0.0001,54
7972,0.0001,878
7973,0.0001,614
7974,0.0001,612
7975,0.0001,73
7976,0.0001,62
7977,0.0001,46
7978,0.0001,848
7979,0.0001,31
7980,0.0001,0
7981,0.0001,688
7982,0.0001,0
7983,0.0001,31
7984,0.0001,77
7985,0.0001,0
7986,0.0001,0
7987,0.0001,85
7988,0.0001,93
7989,0.0001,768
7990,0.0001,871
7991,0.0001,3226
7992,0.0001,971
7993,0.0001,85
7994,0.0001,821
7995,0.0001,1473
7996,0.0001,82
7997,0.0001,46
7998,0.0001,78
7999,0.0001,108
8000,0.0001,1698
8001,0.0001,692
8002,0.0001,82
8003,0.0001,735
8004,0.0001,802
8005,0.0001,62
8006,0.0001,984
8007,0.0001,131
8008,0.0001,0
8009,0.0001,886
8010,0.0001,23
8011,0.0001,751
8012,0.0001,95
8013,0.0001,717
8014,0.0001,1677
8015,0.0001,612
8016,0.0001,46
8017,0.0001,940
8018,0.0001,1863
8019,0.0001,77
8020,0.0001,62
8021,0.0001,103
8022,0.0001,77
8023,0.0001,46
8024,0.0001,175
8025,0.0001,62
8026,0.0001,46
8027,0.0001,804
8028,0.0001,861
8029,0.0001,0
8030,0.0001,123
8031,0.0001,0
8032,0.0001,92
8033,0.0001,0
8034,0.0001,46
8035,0.0001,39
8036,0.0001,175
8037,0.0001,46
8038,0.0001,784
8039,0.0001,768
8040,0.0001,47
8041,0.0001,668
8042,0.0001,2000
8043,0.0001,0
8044,0.0001,77
8045,0.0001,3819
8046,0.0001,793
8047,0.0001,768
8048,0.0001,140
8049,0.0001,54
8050,0.0001,0
8051,0.0001,0
8052,0.0001,0
8053,0.0001,16
8054,0.0001,881
8055,0.0001,288
8056,0.0001,62
8057,0.0001,108
8058,0.0001,773
8059,0.0001,1380
8060,0.0001,92
8061,0.0001,3628
8062,0.0001,735
8063,0.0001,31
8064,0.0001,876
8065,0.0001,16
8066,0.0001,62
8067,0.0001,0
8068,0.0001,1582
8069,0.0001,766
8070,0.0001,155
8071,0.0001,23
8072,0.0001,832
8073,0.0001,23
8074,0.0001,844
8075,0.0001,46
8076,0.0001,3173
8077,0.0001,0
8078,0.0001,16
8079,0.0001,46
8080,0.0001,77
8081,0.0001,768
8082,0.0001,4007
8083,0.0001,47
8084,0.0001,927
8085,0.0001,55
8086,0.0001,106
8087,0.0001,162
8088,0.0001,105
8089,0.0001,77
8090,0.0001,0
8091,0.0001,924
8092,0.0001,0
8093,0.0001,63
8094,0.0001,845
8095,0.0001,949
8096,0.0001,0
8097,0.0001,110
8098,0.0001,676
8099,0.0001,0
8100,0.0001,732
8101,0.0001,93
8102,0.0001,154
8103,0.0001,834
8104,0.0001,23
8105,0.0001,37
8106,0.0001,46
8107,0.0001,748
8108,0.0001,182
8109,0.0001,77
8110,0.0001,850
8111,0.0001,0
8112,0.0001,1007
8113,0.0001,177
8114,0.0001,124
8115,0.0001,1708
8116,0.0001,144
8117,0.0001,108
8118,0.0001,0
8119,0.0001,673
8120,0.0001,815
8121,0.0001,131
8122,0.0001,16
8123,0.0001,126
8124,0.0001,644
8125,0.0001,82
8126,0.0001,0
8127,0.0001,0
8128,0.0001,154
8129,0.0001,46
8130,0.0001,144
8131,0.0001,46
8132,0.0001,41
8133,0.0001,62
8134,0.0001,219
8135,0.0001,69
8136,0.0001,93
8137,0.0001,678
8138,0.0001,82
8139,0.0001,1382
8140,0.0001,155
8141,0.0001,874
8142,0.0001,896
8143,0.0001,165
8144,0.0001,881
8145,0.0001,190
8146,0.0001,55
8147,0.0001,0
8148,0.0001,117
8149,0.0001,905
8150,0.0001,77
8151,0.0001,0
8152,0.0001,62
8153,0.0001,969
8154,0.0001,46
8155,0.0001,93
8156,0.0001,139
8157,0.0001,108
8158,0.0001,1685
8159,0.0001,768
8160,0.0001,123
8161,0.0001,31
8162,0.0001,866
8163,0.0001,72
8164,0.0001,0
8165,0.0001,62
8166,0.0001,62
8167,0.0001,62
8168,0.0001,16
8169,0.0001,62
8170,0.0001,2960
8171,0.0001,1132
8172,0.0001,31
8173,0.0001,0
8174,0.0001,876
8175,0.0001,46
8176,0.0001,0
8177,0.0001,311
8178,0.0001,4003
8179,0.0001,62
8180,0.0001,776
8181,0.0001,77
8182,0.0001,108
8183,0.0001,4533
8184,0.0001,0
8185,0.0001,878
8186,0.0001,0
8187,0.0001,154
8188,0.0001,23
8189,0.0001,1178
8190,0.0001,31
8191,0.0001,62
8192,0.0001,31
8193,0.0001,92
8194,0.0001,23
8195,0.0001,62
8196,0.0001,1407
8197,0.0001,23
8198,0.0001,0
8199,0.0001,62
8200,0.0001,908
8201,0.0001,186
8202,0.0001,0
8203,0.0001,77
8204,0.0001,31
8205,0.0001,0
8206,0.0001,193
8207,0.0001,230
8208,0.0001,62
8209,0.0001,93
8210,0.0001,612
8211,0.0001,3840
8212,0.0001,1280
8213,0.0001,620
8214,0.0001,140
8215,0.0001,3370
8216,0.0001,83
8217,0.0001,46
8218,0.0001,44
8219,0.0001,835
8220,0.0001,54
8221,0.0001,31
8222,0.0001,799
8223,0.0001,876
8224,0.0001,85
8225,0.0001,1669
8226,0.0001,0
8227,0.0001,144
8228,0.0001,70
8229,0.0001,21
8230,0.0001,123
8231,0.0001,77
8232,0.0001,41
8233,0.0001,0
8234,0.0001,62
8235,0.0001,92
8236,0.0001,1656
8237,0.0001,922
8238,0.0001,87
8239,0.0001,41
8240,0.0001,0
8241,0.0001,139
8242,0.0001,1549
8243,0.0001,743
8244,0.0001,2319
8245,0.0001,0
8246,0.0001,712
8247,0.0001,31
8248,0.0001,768
8249,0.0001,31
8250,0.0001,62
8251,0.0001,31
8252,0.0001,168
8253,0.0001,756
8254,0.0001,46
8255,0.0001,679
8256,0.0001,0
8257,0.0001,47
8258,0.0001,185
8259,0.0001,62
8260,0.0001,612
8261,0.0001,205
8262,0.0001,626
8263,0.0001,0
8264,0.0001,46
8265,0.0001,742
8266,0.0001,31
8267,0.0001,128
8268,0.0001,77
8269,0.0001,169
8270,0.0001,31
8271,0.0001,201
8272,0.0001,817
8273,0.0001,1868
8274,0.0001,31
8275,0.0001,883
8276,0.0001,46
8277,0.0001,62
8278,0.0001,139
8279,0.0001,62
8280,0.0001,134
8281,0.0001,735
8282,0.0001,1608
8283,0.0001,108
8284,0.0001,175
8285,0.0001,23
8286,0.0001,0
8287,0.0001,868
8288,0.0001,3043
8289,0.0001,0
8290,0.0001,0
8291,0.0001,62
8292,0.0001,70
8293,0.0001,93
8294,0.0001,1049
8295,0.0001,861
8296,0.0001,924
8297,0.0001,937
8298,0.0001,139
8299,0.0001,155
8300,0.0001,139
8301,0.0001,614
8302,0.0001,1562
8303,0.0001,77
8304,0.0001,612
8305,0.0001,62
8306,0.0001,0
8307,0.0001,0
8308,0.0001,1675
8309,0.0001,62
8310,0.0001,690
8311,0.0001,1692
8312,0.0001,989
8313,0.0001,233
8314,0.0001,0
8315,0.0001,31
8316,0.0001,1479
8317,0.0001,87
8318,0.0001,0
8319,0.0001,108
8320,0.0001,860
8321,0.0001,124
8322,0.0001,37
8323,0.0001,0
8324,0.0001,800
8325,0.0001,23
8326,0.0001,46
8327,0.0001,1599
8328,0.0001,31
8329,0.0001,0
8330,0.0001,768
8331,0.0001,1519
8332,0.0001,77
8333,0.0001,216
8334,0.0001,0
8335,0.0001,195
8336,0.0001,47
8337,0.0001,770
8338,0.0001,144
8339,0.0001,47
8340,0.0001,4885
8341,0.0001,146
8342,0.0001,0
8343,0.0001,0
8344,0.0001,163
8345,0.0001,0
8346,0.0001,0
8347,0.0001,92
8348,0.0001,147
8349,0.0001,0
8350,0.0001,0
8351,0.0001,185
8352,0.0001,46
8353,0.0001,123
8354,0.0001,0
8355,0.0001,902
8356,0.0001,79
8357,0.0001,1849
8358,0.0001,93
8359,0.0001,0
8360,0.0001,758
8361,0.0001,766
8362,0.0001,139
8363,0.0001,78
8364,0.0001,0
8365,0.0001,791
8366,0.0001,636
8367,0.0001,689
8368,0.0001,0
8369,0.0001,85
8370,0.0001,1127
8371,0.0001,108
8372,0.0001,165
8373,0.0001,82
8374,0.0001,876
8375,0.0001,77
8376,0.0001,123
8377,0.0001,735
8378,0.0001,915
8379,0.0001,720
8380,0.0001,720
8381,0.0001,1690
8382,0.0001,1050
8383,0.0001,0
8384,0.0001,78
8385,0.0001,62
8386,0.0001,47
8387,0.0001,62
8388,0.0001,0
8389,0.0001,2322
8390,0.0001,47
8391,0.0001,0
8392,0.0001,77
8393,0.0001,880
8394,0.0001,124
8395,0.0001,23
8396,0.0001,770
8397,0.0001,93
8398,0.0001,1693
8399,0.0001,31
8400,0.0001,92
8401,0.0001,1595
8402,0.0001,47
8403,0.0001,0
8404,0.0001,31
8405,0.0001,643
8406,0.0001,0
8407,0.0001,0
8408,0.0001,31
8409,0.0001,0
8410,0.0001,128
8411,0.0001,1577
8412,0.0001,0
8413,0.0001,46
8414,0.0001,0
8415,0.0001,1639
8416,0.0001,77
8417,0.0001,303
8418,0.0001,770
8419,0.0001,31
8420,0.0001,1479
8421,0.0001,0
8422,0.0001,62
8423,0.0001,62
8424,0.0001,0
8425,0.0001,845
8426,0.0001,54
8427,0.0001,108
8428,0.0001,628
8429,0.0001,117
8430,0.0001,46
8431,0.0001,0
8432,0.0001,876
8433,0.0001,62
8434,0.0001,0
8435,0.0001,172
8436,0.0001,2961
8437,0.0001,23
8438,0.0001,188
8439,0.0001,800
8440,0.0001,1641
8441,0.0001,31
8442,0.0001,31
8443,0.0001,46
8444,0.0001,41
8445,0.0001,770
8446,0.0001,0
8447,0.0001,1752
8448,0.0001,54
8449,0.0001,0
8450,0.0001,0
8451,0.0001,784
8452,0.0001,0
8453,0.0001,67
8454,0.0001,807
8455,0.0001,77
8456,0.0001,62
8457,0.0001,0
8458,0.0001,131
8459,0.0001,0
8460,0.0001,0
8461,0.0001,47
8462,0.0001,23
8463,0.0001,155
8464,0.0001,898
8465,0.0001,612
8466,0.0001,0
8467,0.0001,31
8468,0.0001,1465
8469,0.0001,0
8470,0.0001,799
8471,0.0001,108
8472,0.0001,3310
8473,0.0001,768
8474,0.0001,1508
8475,0.0001,108
8476,0.0001,939
8477,0.0001,914
8478,0.0001,1623
8479,0.0001,135
8480,0.0001,77
8481,0.0001,170
8482,0.0001,108
8483,0.0001,676
8484,0.0001,62
8485,0.0001,0
8486,0.0001,735
8487,0.0001,46
8488,0.0001,77
8489,0.0001,0
8490,0.0001,1501
8491,0.0001,31
8492,0.0001,0
8493,0.0001,1903
8494,0.0001,124
8495,0.0001,62
8496,0.0001,204
8497,0.0001,902
8498,0.0001,0
8499,0.0001,124
8500,0.0001,0
8501,0.0001,1469
8502,0.0001,4554
8503,0.0001,907
8504,0.0001,135
8505,0.0001,809
8506,0.0001,46
8507,0.0001,164
8508,0.0001,0
8509,0.0001,659
8510,0.0001,103
8511,0.0001,23
8512,0.0001,62
8513,0.0001,31
8514,0.0001,794
8515,0.0001,3786
8516,0.0001,92
8517,0.0001,62
8518,0.0001,2043
8519,0.0001,0
8520,0.0001,42
8521,0.0001,0
8522,0.0001,62
8523,0.0001,806
8524,0.0001,830
8525,0.0001,170
8526,0.0001,62
8527,0.0001,817
8528,0.0001,155
8529,0.0001,4427
8530,0.0001,46
8531,0.0001,0
8532,0.0001,208
8533,0.0001,31
8534,0.0001,768
8535,0.0001,108
8536,0.0001,822
8537,0.0001,93
8538,0.0001,694
8539,0.0001,62
8540,0.0001,1515
8541,0.0001,31
8542,0.0001,141
8543,0.0001,745
8544,0.0001,0
8545,0.0001,46
8546,0.0001,152
8547,0.0001,1721
8548,0.0001,62
8549,0.0001,62
8550,0.0001,876
8551,0.0001,62
8552,0.0001,62
8553,0.0001,0
8554,0.0001,62
8555,0.0001,0
8556,0.0001,0
8557,0.0001,108
8558,0.0001,891
8559,0.0001,793
8560,0.0001,2545
8561,0.0001,135
8562,0.0001,0
8563,0.0001,2348
8564,0.0001,0
8565,0.0001,791
8566,0.0001,817
8567,0.0001,778
8568,0.0001,111
8569,0.0001,768
8570,0.0001,31
8571,0.0001,129
8572,0.0001,139
8573,0.0001,185
8574,0.0001,62
8575,0.0001,32
8576,0.0001,93
8577,0.0001,16
8578,0.0001,77
8579,0.0001,116
8580,0.0001,42
8581,0.0001,907
8582,0.0001,0
8583,0.0001,2251
8584,0.0001,852
8585,0.0001,0
8586,0.0001,1644
8587,0.0001,932
8588,0.0001,728
8589,0.0001,0
8590,0.0001,47
8591,0.0001,93
8592,0.0001,147
8593,0.0001,2197
8594,0.0001,62
8595,0.0001,139
8596,0.0001,46
8597,0.0001,186
8598,0.0001,1911
8599,0.0001,876
8600,0.0001,83
8601,0.0001,129
8602,0.0001,108
8603,0.0001,46
8604,0.0001,848
8605,0.0001,77
8606,0.0001,62
8607,0.0001,93
8608,0.0001,674
8609,0.0001,109
8610,0.0001,0
8611,0.0001,3969
8612,0.0001,92
8613,0.0001,154
8614,0.0001,62
8615,0.0001,768
8616,0.0001,110
8617,0.0001,666
8618,0.0001,262
8619,0.0001,181
8620,0.0001,0
8621,0.0001,3207
8622,0.0001,0
8623,0.0001,108
8624,0.0001,628
8625,0.0001,117
8626,0.0001,92
8627,0.0001,0
8628,0.0001,46
8629,0.0001,612
8630,0.0001,1024
8631,0.0001,123
8632,0.0001,47
8633,0.0001,0
8634,0.0001,809
8635,0.0001,31
8636,0.0001,62
8637,0.0001,62
8638,0.0001,62
8639,0.0001,47
8640,0.0001,850
8641,0.0001,3169
8642,0.0001,635
8643,0.0001,62
8644,0.0001,1588
8645,0.0001,31
8646,0.0001,31
8647,0.0001,62
8648,0.0001,110
8649,0.0001,0
8650,0.0001,16
8651,0.0001,689
8652,0.0001,853
8653,0.0001,46
8654,0.0001,124
8655,0.0001,0
8656,0.0001,757
8657,0.0001,93
8658,0.0001,299
8659,0.0001,794
8660,0.0001,46
8661,0.0001,104
8662,0.0001,0
8663,0.0001,674
8664,0.0001,31
8665,0.0001,0
8666,0.0001,203
8667,0.0001,830
8668,0.0001,41
8669,0.0001,0
8670,0.0001,1713
8671,0.0001,0
8672,0.0001,31
8673,0.0001,2115
8674,0.0001,3117
8675,0.0001,77
8676,0.0001,767
8677,0.0001,1541
8678,0.0001,188
8679,0.0001,2747
8680,0.0001,0
8681,0.0001,116
8682,0.0001,770
8683,0.0001,31
8684,0.0001,1616
8685,0.0001,16
8686,0.0001,804
8687,0.0001,201
8688,0.0001,47
8689,0.0001,228
8690,0.0001,0
8691,0.0001,907
8692,0.0001,0
8693,0.0001,239
8694,0.0001,23
8695,0.0001,1931
8696,0.0001,909
8697,0.0001,0
8698,0.0001,175
8699,0.0001,728
8700,0.0001,70
8701,0.0001,0
8702,0.0001,674
8703,0.0001,31
8704,0.0001,98
8705,0.0001,2398
8706,0.0001,21
8707,0.0001,0
8708,0.0001,735
8709,0.0001,2211
8710,0.0001,169
8711,0.0001,1478
8712,0.0001,116
8713,0.0001,830
8714,0.0001,54
8715,0.0001,915
8716,0.0001,62
8717,0.0001,828
8718,0.0001,62
8719,0.0001,1654
8720,0.0001,16
8721,0.0001,612
8722,0.0001,186
8723,0.0001,16
8724,0.0001,62
8725,0.0001,3771
8726,0.0001,2173
8727,0.0001,47
8728,0.0001,847
8729,0.0001,62
8730,0.0001,23
8731,0.0001,123
8732,0.0001,812
8733,0.0001,62
8734,0.0001,41
8735,0.0001,92
8736,0.0001,103
8737,0.0001,0
8738,0.0001,0
8739,0.0001,970
8740,0.0001,108
8741,0.0001,70
8742,0.0001,123
8743,0.0001,0
8744,0.0001,162
8745,0.0001,1590
8746,0.0001,0
8747,0.0001,47
8748,0.0001,47
8749,0.0001,1109
8750,0.0001,848
8751,0.0001,0
8752,0.0001,41
8753,0.0001,2742
8754,0.0001,170
8755,0.0001,23
8756,0.0001,847
8757,0.0001,991
8758,0.0001,676
8759,0.0001,85
8760,0.0001,108
8761,0.0001,0
8762,0.0001,31
8763,0.0001,655
8764,0.0001,78
8765,0.0001,62
8766,0.0001,31
8767,0.0001,799
8768,0.0001,46
8769,0.0001,2990
8770,0.0001,0
8771,0.0001,776
8772,0.0001,3936
8773,0.0001,31
8774,0.0001,47
8775,0.0001,69
8776,0.0001,0
8777,0.0001,77
8778,0.0001,735
8779,0.0001,976
8780,0.0001,1304
8781,0.0001,0
8782,0.0001,62
8783,0.0001,124
8784,0.0001,93
8785,0.0001,0
8786,0.0001,123
8787,0.0001,0
8788,0.0001,1511
8789,0.0001,232
8790,0.0001,108
8791,0.0001,31
8792,0.0001,185
8793,0.0001,946
8794,0.0001,94
8795,0.0001,0
8796,0.0001,876
8797,0.0001,31
8798,0.0001,243
8799,0.0001,899
8800,0.0001,0
8801,0.0001,46
8802,0.0001,1457
8803,0.0001,87
8804,0.0001,0
8805,0.0001,0
8806,0.0001,46
8807,0.0001,775
8808,0.0001,799
8809,0.0001,46
8810,0.0001,79
8811,0.0001,791
8812,0.0001,3380
8813,0.0001,0
8814,0.0001,62
8815,0.0001,98
8816,0.0001,31
8817,0.0001,802
8818,0.0001,124
8819,0.0001,868
8820,0.0001,116
8821,0.0001,62
8822,0.0001,715
8823,0.0001,801
8824,0.0001,105
8825,0.0001,47
8826,0.0001,54
8827,0.0001,62
8828,0.0001,78
8829,0.0001,1109
8830,0.0001,849
8831,0.0001,129
8832,0.0001,62
8833,0.0001,2153
8834,0.0001,67
8835,0.0001,92
8836,0.0001,31
8837,0.0001,797
8838,0.0001,63
8839,0.0001,0
8840,0.0001,190
8841,0.0001,105
8842,0.0001,98
8843,0.0001,1615
8844,0.0001,62
8845,0.0001,85
8846,0.0001,82
8847,0.0001,1027
8848,0.0001,768
8849,0.0001,46
8850,0.0001,85
8851,0.0001,2525
8852,0.0001,102
8853,0.0001,0
8854,0.0001,63
8855,0.0001,16
8856,0.0001,215
8857,0.0001,63
8858,0.0001,753
8859,0.0001,77
8860,0.0001,802
8861,0.0001,21
8862,0.0001,660
8863,0.0001,0
8864,0.0001,871
8865,0.0001,62
8866,0.0001,77
8867,0.0001,1501
8868,0.0001,113
8869,0.0001,1445
8870,0.0001,62
8871,0.0001,1303
8872,0.0001,31
8873,0.0001,2316
8874,0.0001,123
8875,0.0001,140
8876,0.0001,103
8877,0.0001,4190
8878,0.0001,0
8879,0.0001,0
8880,0.0001,165
8881,0.0001,1531
8882,0.0001,1446
8883,0.0001,92
8884,0.0001,162
8885,0.0001,47
8886,0.0001,31
8887,0.0001,0
8888,0.0001,93
8889,0.0001,1505
8890,0.0001,782
8891,0.0001,185
8892,0.0001,931
8893,0.0001,0
8894,0.0001,63
8895,0.0001,637
8896,0.0001,123
8897,0.0001,77
8898,0.0001,0
8899,0.0001,93
8900,0.0001,231
8901,0.0001,123
8902,0.0001,93
8903,0.0001,858
8904,0.0001,1620
8905,0.0001,0
8906,0.0001,1519
8907,0.0001,931
8908,0.0001,0
8909,0.0001,101
8910,0.0001,16
8911,0.0001,108
8912,0.0001,773
8913,0.0001,1504
8914,0.0001,2409
8915,0.0001,0
8916,0.0001,907
8917,0.0001,1055
8918,0.0001,770
8919,0.0001,69
8920,0.0001,93
8921,0.0001,1592
8922,0.0001,93
8923,0.0001,776
8924,0.0001,108
8925,0.0001,817
8926,0.0001,877
8927,0.0001,124
8928,0.0001,699
8929,0.0001,92
8930,0.0001,132
8931,0.0001,46
8932,0.0001,164
8933,0.0001,1768
8934,0.0001,0
8935,0.0001,31
8936,0.0001,46
8937,0.0001,124
8938,0.0001,129
8939,0.0001,751
8940,0.0001,0
8941,0.0001,799
8942,0.0001,62
8943,0.0001,123
8944,0.0001,47
8945,0.0001,956
8946,0.0001,16
8947,0.0001,155
8948,0.0001,62
8949,0.0001,676
8950,0.0001,620
8951,0.0001,187
8952,0.0001,1147
8953,0.0001,937
8954,0.0001,0
8955,0.0001,1838
8956,0.0001,768
8957,0.0001,47
8958,0.0001,62
8959,0.0001,123
8960,0.0001,46
8961,0.0001,799
8962,0.0001,832
8963,0.0001,77
8964,0.0001,751
8965,0.0001,131
8966,0.0001,784
8967,0.0001,77
8968,0.0001,82
8969,0.0001,31
8970,0.0001,191
8971,0.0001,0
8972,0.0001,108
8973,0.0001,16
8974,0.0001,0
8975,0.0001,46
8976,0.0001,797
8977,0.0001,918
8978,0.0001,103
8979,0.0001,93
8980,0.0001,128
8981,0.0001,645
8982,0.0001,768
8983,0.0001,0
8984,0.0001,809
8985,0.0001,1148
8986,0.0001,0
8987,0.0001,92
8988,0.0001,139
8989,0.0001,117
8990,0.0001,109
8991,0.0001,93
8992,0.0001,0
8993,0.0001,0
8994,0.0001,78
8995,0.0001,674
8996,0.0001,46
8997,0.0001,0
8998,0.0001,0
8999,0.0001,0
9000,0.0001,1562
9001,0.0001,938
9002,0.0001,0
9003,0.0001,0
9004,0.0001,0
9005,0.0001,0
9006,0.0001,62
9007,0.0001,825
9008,0.0001,674
9009,0.0001,93
9010,0.0001,0
9011,0.0001,0
9012,0.0001,0
9013,0.0001,132
9014,0.0001,62
9015,0.0001,63
9016,0.0001,31
9017,0.0001,1616
9018,0.0001,46
9019,0.0001,31
9020,0.0001,70
9021,0.0001,140
9022,0.0001,780
9023,0.0001,62
9024,0.0001,193
9025,0.0001,131
9026,0.0001,927
9027,0.0001,879
9028,0.0001,0
9029,0.0001,689
9030,0.0001,77
9031,0.0001,0
9032,0.0001,77
9033,0.0001,124
9034,0.0001,46
9035,0.0001,125
9036,0.0001,129
9037,0.0001,148
9038,0.0001,93
9039,0.0001,612
9040,0.0001,62
9041,0.0001,869
9042,0.0001,162
9043,0.0001,0
9044,0.0001,612
9045,0.0001,866
9046,0.0001,93
9047,0.0001,62
9048,0.0001,801
9049,0.0001,1509
9050,0.0001,46
9051,0.0001,845
9052,0.0001,0
9053,0.0001,1629
9054,0.0001,62
9055,0.0001,308
9056,0.0001,139
9057,0.0001,647
9058,0.0001,1086
9059,0.0001,2340
9060,0.0001,62
9061,0.0001,46
9062,0.0001,177
9063,0.0001,1225
9064,0.0001,223
9065,0.0001,77
9066,0.0001,31
9067,0.0001,1668
9068,0.0001,92
9069,0.0001,186
9070,0.0001,31
9071,0.0001,0
9072,0.0001,3176
9073,0.0001,39
9074,0.0001,62
9075,0.0001,31
9076,0.0001,216
9077,0.0001,753
9078,0.0001,3409
9079,0.0001,773
9080,0.0001,3150
9081,0.0001,62
9082,0.0001,62
9083,0.0001,662
9084,0.0001,46
9085,0.0001,0
9086,0.0001,93
9087,0.0001,876
9088,0.0001,0
9089,0.0001,16
9090,0.0001,172
9091,0.0001,124
9092,0.0001,54
9093,0.0001,837
9094,0.0001,917
9095,0.0001,237
9096,0.0001,117
9097,0.0001,31
9098,0.0001,0
9099,0.0001,2509
9100,0.0001,155
9101,0.0001,0
9102,0.0001,781
9103,0.0001,31
9104,0.0001,0
9105,0.0001,678
9106,0.0001,47
9107,0.0001,157
9108,0.0001,31
9109,0.0001,93
9110,0.0001,145
9111,0.0001,2352
9112,0.0001,830
9113,0.0001,62
9114,0.0001,804
9115,0.0001,922
9116,0.0001,16
9117,0.0001,768
9118,0.0001,70
9119,0.0001,52
9120,0.0001,177
9121,0.0001,0
9122,0.0001,910
9123,0.0001,770
9124,0.0001,930
9125,0.0001,828
9126,0.0001,93
9127,0.0001,853
9128,0.0001,791
9129,0.0001,725
9130,0.0001,123
9131,0.0001,108
9132,0.0001,822
9133,0.0001,2282
9134,0.0001,713
9135,0.0001,23
9136,0.0001,39
9137,0.0001,155
9138,0.0001,62
9139,0.0001,62
9140,0.0001,907
9141,0.0001,1478
9142,0.0001,960
9143,0.0001,93
9144,0.0001,612
9145,0.0001,0
9146,0.0001,1427
9147,0.0001,817
9148,0.0001,830
9149,0.0001,0
9150,0.0001,151
9151,0.0001,914
9152,0.0001,31
9153,0.0001,324
9154,0.0001,863
9155,0.0001,0
9156,0.0001,46
9157,0.0001,1611
9158,0.0001,78
9159,0.0001,659
9160,0.0001,0
9161,0.0001,0
9162,0.0001,768
9163,0.0001,770
9164,0.0001,1659
9165,0.0001,0
9166,0.0001,46
9167,0.0001,31
9168,0.0001,961
9169,0.0001,0
9170,0.0001,255
9171,0.0001,39
9172,0.0001,0
9173,0.0001,915
9174,0.0001,62
9175,0.0001,0
9176,0.0001,31
9177,0.0001,845
9178,0.0001,108
9179,0.0001,31
9180,0.0001,62
9181,0.0001,62
9182,0.0001,123
9183,0.0001,1667
9184,0.0001,139
9185,0.0001,62
9186,0.0001,0
9187,0.0001,612
9188,0.0001,23
9189,0.0001,658
9190,0.0001,46
9191,0.0001,310
9192,0.0001,100
9193,0.0001,817
9194,0.0001,62
9195,0.0001,46
9196,0.0001,989
9197,0.0001,16
9198,0.0001,114
9199,0.0001,31
9200,0.0001,46
9201,0.0001,119
9202,0.0001,92
9203,0.0001,135
9204,0.0001,115
9205,0.0001,1128
9206,0.0001,63
9207,0.0001,955
9208,0.0001,98
9209,0.0001,799
9210,0.0001,77
9211,0.0001,93
9212,0.0001,47
9213,0.0001,830
9214,0.0001,665
9215,0.0001,728
9216,0.0001,21
9217,0.0001,1020
9218,0.0001,840
9219,0.0001,0
9220,0.0001,899
9221,0.0001,93
9222,0.0001,92
9223,0.0001,850
9224,0.0001,23
9225,0.0001,105
9226,0.0001,876
9227,0.0001,129
9228,0.0001,46
9229,0.0001,123
9230,0.0001,144
9231,0.0001,0
9232,0.0001,0
9233,0.0001,23
9234,0.0001,62
9235,0.0001,79
9236,0.0001,840
9237,0.0001,814
9238,0.0001,82
9239,0.0001,886
9240,0.0001,0
9241,0.0001,3198
9242,0.0001,72
9243,0.0001,676
9244,0.0001,23
9245,0.0001,46
9246,0.0001,85
9247,0.0001,93
9248,0.0001,23
9249,0.0001,62
9250,0.0001,93
9251,0.0001,0
9252,0.0001,726
9253,0.0001,1208
9254,0.0001,893
9255,0.0001,144
9256,0.0001,0
9257,0.0001,213
9258,0.0001,4661
9259,0.0001,1628
9260,0.0001,62
9261,0.0001,31
9262,0.0001,62
9263,0.0001,0
9264,0.0001,72
9265,0.0001,69
9266,0.0001,170
9267,0.0001,1503
9268,0.0001,62
9269,0.0001,217
9270,0.0001,0
9271,0.0001,31
9272,0.0001,98
9273,0.0001,715
9274,0.0001,23
9275,0.0001,140
9276,0.0001,31
9277,0.0001,70
9278,0.0001,807
9279,0.0001,1492
9280,0.0001,1050
9281,0.0001,62
9282,0.0001,770
9283,0.0001,57
9284,0.0001,846
9285,0.0001,3406
9286,0.0001,109
9287,0.0001,1496
9288,0.0001,123
9289,0.0001,62
9290,0.0001,186
9291,0.0001,77
9292,0.0001,154
9293,0.0001,16
9294,0.0001,0
9295,0.0001,82
9296,0.0001,1360
9297,0.0001,1736
9298,0.0001,165
9299,0.0001,69
9300,0.0001,134
9301,0.0001,822
9302,0.0001,1030
9303,0.0001,123
9304,0.0001,0
9305,0.0001,1101
9306,0.0001,62
9307,0.0001,830
9308,0.0001,108
9309,0.0001,612
9310,0.0001,23
9311,0.0001,62
9312,0.0001,83
9313,0.0001,139
9314,0.0001,649
9315,0.0001,23
9316,0.0001,46
9317,0.0001,46
9318,0.0001,867
9319,0.0001,0
9320,0.0001,1535
9321,0.0001,1755
9322,0.0001,92
9323,0.0001,712
9324,0.0001,2273
9325,0.0001,23
9326,0.0001,46
9327,0.0001,704
9328,0.0001,735
9329,0.0001,93
9330,0.0001,46
9331,0.0001,0
9332,0.0001,1262
9333,0.0001,139
9334,0.0001,0
9335,0.0001,23
9336,0.0001,46
9337,0.0001,93
9338,0.0001,0
9339,0.0001,773
9340,0.0001,818
9341,0.0001,180
9342,0.0001,1905
9343,0.0001,0
9344,0.0001,69
9345,0.0001,917
9346,0.0001,195
9347,0.0001,784
9348,0.0001,221
9349,0.0001,1071
9350,0.0001,78
9351,0.0001,132
9352,0.0001,92
9353,0.0001,205
9354,0.0001,123
9355,0.0001,16
9356,0.0001,23
9357,0.0001,1582
9358,0.0001,91
9359,0.0001,128
9360,0.0001,863
9361,0.0001,676
9362,0.0001,57
9363,0.0001,32
9364,0.0001,123
9365,0.0001,1030
9366,0.0001,77
9367,0.0001,92
9368,0.0001,108
9369,0.0001,770
9370,0.0001,41
9371,0.0001,92
9372,0.0001,123
9373,0.0001,31
9374,0.0001,62
9375,0.0001,108
9376,0.0001,612
9377,0.0001,0
9378,0.0001,616
9379,0.0001,720
9380,0.0001,105
9381,0.0001,288
9382,0.0001,62
9383,0.0001,62
9384,0.0001,815
9385,0.0001,0
9386,0.0001,3452
9387,0.0001,124
9388,0.0001,134
9389,0.0001,614
9390,0.0001,659
9391,0.0001,833
9392,0.0001,82
9393,0.0001,108
9394,0.0001,62
9395,0.0001,31
9396,0.0001,85
9397,0.0001,1109
9398,0.0001,201
9399,0.0001,1519
9400,0.0001,892
9401,0.0001,968
9402,0.0001,907
9403,0.0001,658
9404,0.0001,62
9405,0.0001,31
9406,0.0001,1582
9407,0.0001,211
9408,0.0001,64
9409,0.0001,167
9410,0.0001,119
9411,0.0001,62
9412,0.0001,203
9413,0.0001,876
9414,0.0001,108
9415,0.0001,4704
9416,0.0001,660
9417,0.0001,771
9418,0.0001,139
9419,0.0001,62
9420,0.0001,781
9421,0.0001,154
9422,0.0001,31
9423,0.0001,876
9424,0.0001,770
9425,0.0001,897
9426,0.0001,134
9427,0.0001,62
9428,0.0001,23
9429,0.0001,0
9430,0.0001,0
9431,0.0001,47
9432,0.0001,1425
9433,0.0001,802
9434,0.0001,39
9435,0.0001,175
9436,0.0001,46
9437,0.0001,0
9438,0.0001,1198
9439,0.0001,3801
9440,0.0001,46
9441,0.0001,23
9442,0.0001,93
9443,0.0001,0
9444,0.0001,840
9445,0.0001,1536
9446,0.0001,124
9447,0.0001,93
9448,0.0001,46
9449,0.0001,937
9450,0.0001,62
9451,0.0001,62
9452,0.0001,612
9453,0.0001,41
9454,0.0001,109
9455,0.0001,108
9456,0.0001,77
9457,0.0001,109
9458,0.0001,1523
9459,0.0001,140
9460,0.0001,1541
9461,0.0001,46
9462,0.0001,54
9463,0.0001,768
9464,0.0001,0
9465,0.0001,103
9466,0.0001,612
9467,0.0001,62
9468,0.0001,0
9469,0.0001,2128
9470,0.0001,123
9471,0.0001,885
9472,0.0001,0
9473,0.0001,31
9474,0.0001,692
9475,0.0001,109
9476,0.0001,82
9477,0.0001,177
9478,0.0001,612
9479,0.0001,116
9480,0.0001,0
9481,0.0001,69
9482,0.0001,39
9483,0.0001,2381
9484,0.0001,111
9485,0.0001,756
9486,0.0001,799
9487,0.0001,1688
9488,0.0001,3270
9489,0.0001,41
9490,0.0001,830
9491,0.0001,119
9492,0.0001,164
9493,0.0001,0
9494,0.0001,62
9495,0.0001,135
9496,0.0001,46
9497,0.0001,190
9498,0.0001,93
9499,0.0001,93
9500,0.0001,108
9501,0.0001,0
9502,0.0001,186
9503,0.0001,0
9504,0.0001,62
9505,0.0001,820
9506,0.0001,63
9507,0.0001,23
9508,0.0001,696
9509,0.0001,955
9510,0.0001,128
9511,0.0001,32
9512,0.0001,211
9513,0.0001,252
9514,0.0001,0
9515,0.0001,612
9516,0.0001,62
9517,0.0001,146
9518,0.0001,46
9519,0.0001,0
9520,0.0001,62
9521,0.0001,1492
9522,0.0001,0
9523,0.0001,930
9524,0.0001,788
9525,0.0001,1403
9526,0.0001,793
9527,0.0001,1674
9528,0.0001,1644
9529,0.0001,1506
9530,0.0001,31
9531,0.0001,830
9532,0.0001,82
9533,0.0001,131
9534,0.0001,863
9535,0.0001,1654
9536,0.0001,706
9537,0.0001,77
9538,0.0001,47
9539,0.0001,72
9540,0.0001,93
9541,0.0001,62
9542,0.0001,78
9543,0.0001,681
9544,0.0001,0
9545,0.0001,78
9546,0.0001,845
9547,0.0001,2928
9548,0.0001,817
9549,0.0001,2430
9550,0.0001,767
9551,0.0001,0
9552,0.0001,69
9553,0.0001,0
9554,0.0001,77
9555,0.0001,125
9556,0.0001,645
9557,0.0001,83
9558,0.0001,853
9559,0.0001,46
9560,0.0001,694
9561,0.0001,16
9562,0.0001,31
9563,0.0001,46
9564,0.0001,123
9565,0.0001,891
9566,0.0001,955
9567,0.0001,84
9568,0.0001,727
9569,0.0001,31
9570,0.0001,162
9571,0.0001,830
9572,0.0001,147
9573,0.0001,46
9574,0.0001,917
9575,0.0001,16
9576,0.0001,830
9577,0.0001,208
9578,0.0001,95
9579,0.0001,123
9580,0.0001,62
9581,0.0001,1459
9582,0.0001,0
9583,0.0001,0
9584,0.0001,899
9585,0.0001,62
9586,0.0001,62
9587,0.0001,201
9588,0.0001,1403
9589,0.0001,0
9590,0.0001,904
9591,0.0001,889
9592,0.0001,93
9593,0.0001,109
9594,0.0001,82
9595,0.0001,139
9596,0.0001,62
9597,0.0001,877
9598,0.0001,0
9599,0.0001,77
9600,0.0001,16
9601,0.0001,109
9602,0.0001,46
9603,0.0001,62
9604,0.0001,171
9605,0.0001,144
9606,0.0001,72
9607,0.0001,23
9608,0.0001,1583
9609,0.0001,659
9610,0.0001,131
9611,0.0001,0
9612,0.0001,82
9613,0.0001,140
9614,0.0001,907
9615,0.0001,82
9616,0.0001,86
9617,0.0001,62
9618,0.0001,23
9619,0.0001,820
9620,0.0001,144
9621,0.0001,119
9622,0.0001,700
9623,0.0001,1986
9624,0.0001,31
9625,0.0001,643
9626,0.0001,124
9627,0.0001,124
9628,0.0001,93
9629,0.0001,249
9630,0.0001,147
9631,0.0001,845
9632,0.0001,31
9633,0.0001,108
9634,0.0001,0
9635,0.0001,771
9636,0.0001,16
9637,0.0001,92
9638,0.0001,123
9639,0.0001,1577
9640,0.0001,209
9641,0.0001,63
9642,0.0001,62
9643,0.0001,154
9644,0.0001,791
9645,0.0001,1715
9646,0.0001,713
9647,0.0001,93
9648,0.0001,660
9649,0.0001,23
9650,0.0001,54
9651,0.0001,47
9652,0.0001,23
9653,0.0001,54
9654,0.0001,1592
9655,0.0001,812
9656,0.0001,892
9657,0.0001,46
9658,0.0001,863
9659,0.0001,0
9660,0.0001,0
9661,0.0001,696
9662,0.0001,2201
9663,0.0001,31
9664,0.0001,92
9665,0.0001,768
9666,0.0001,1546
9667,0.0001,1503
9668,0.0001,891
9669,0.0001,3438
9670,0.0001,78
9671,0.0001,966
9672,0.0001,77
9673,0.0001,1598
9674,0.0001,124
9675,0.0001,93
9676,0.0001,92
9677,0.0001,47
9678,0.0001,116
9679,0.0001,1677
9680,0.0001,109
9681,0.0001,62
9682,0.0001,0
9683,0.0001,1516
9684,0.0001,1576
9685,0.0001,46
9686,0.0001,124
9687,0.0001,0
9688,0.0001,131
9689,0.0001,78
9690,0.0001,1684
9691,0.0001,850
9692,0.0001,832
9693,0.0001,123
9694,0.0001,62
9695,0.0001,914
9696,0.0001,871
9697,0.0001,187
9698,0.0001,2736
9699,0.0001,46
9700,0.0001,41
9701,0.0001,16
9702,0.0001,0
9703,0.0001,0
9704,0.0001,773
9705,0.0001,0
9706,0.0001,62
9707,0.0001,821
9708,0.0001,54
9709,0.0001,645
9710,0.0001,62
9711,0.0001,0
9712,0.0001,156
9713,0.0001,751
9714,0.0001,959
9715,0.0001,943
9716,0.0001,108
9717,0.0001,208
9718,0.0001,3284
9719,0.0001,83
9720,0.0001,54
9721,0.0001,2355
9722,0.0001,838
9723,0.0001,191
9724,0.0001,635
9725,0.0001,884
9726,0.0001,0
9727,0.0001,108
9728,0.0001,149
9729,0.0001,31
9730,0.0001,211
9731,0.0001,23
9732,0.0001,812
9733,0.0001,169
9734,0.0001,0
9735,0.0001,1859
9736,0.0001,36
9737,0.0001,23
9738,0.0001,77
9739,0.0001,109
9740,0.0001,0
9741,0.0001,1625
9742,0.0001,62
9743,0.0001,85
9744,0.0001,260
9745,0.0001,1026
9746,0.0001,0
9747,0.0001,801
9748,0.0001,891
9749,0.0001,881
9750,0.0001,0
9751,0.0001,0
9752,0.0001,72
9753,0.0001,77
9754,0.0001,2211
9755,0.0001,1496
9756,0.0001,687
9757,0.0001,109
9758,0.0001,0
9759,0.0001,46
9760,0.0001,0
9761,0.0001,178
9762,0.0001,57
9763,0.0001,46
9764,0.0001,756
9765,0.0001,0
9766,0.0001,46
9767,0.0001,0
9768,0.0001,62
9769,0.0001,46
9770,0.0001,46
9771,0.0001,764
9772,0.0001,77
9773,0.0001,837
9774,0.0001,867
9775,0.0001,2325
9776,0.0001,3048
9777,0.0001,140
9778,0.0001,104
9779,0.0001,16
9780,0.0001,0
9781,0.0001,1070
9782,0.0001,891
9783,0.0001,614
9784,0.0001,731
9785,0.0001,178
9786,0.0001,768
9787,0.0001,0
9788,0.0001,653
9789,0.0001,637
9790,0.0001,54
9791,0.0001,1027
9792,0.0001,0
9793,0.0001,62
9794,0.0001,3457
9795,0.0001,2364
9796,0.0001,31
9797,0.0001,697
9798,0.0001,85
9799,0.0001,62
9800,0.0001,113
9801,0.0001,770
9802,0.0001,2210
9803,0.0001,200
9804,0.0001,39
9805,0.0001,0
9806,0.0001,745
9807,0.0001,1532
9808,0.0001,62
9809,0.0001,64
9810,0.0001,0
9811,0.0001,1477
9812,0.0001,691
9813,0.0001,1534
9814,0.0001,0
9815,0.0001,0
9816,0.0001,31
9817,0.0001,92
9818,0.0001,236
9819,0.0001,63
9820,0.0001,0
9821,0.0001,31
9822,0.0001,31
9823,0.0001,77
9824,0.0001,62
9825,0.0001,845
9826,0.0001,164
9827,0.0001,899
9828,0.0001,85
9829,0.0001,886
9830,0.0001,0
9831,0.0001,614
9832,0.0001,768
9833,0.0001,78
9834,0.0001,82
9835,0.0001,114
9836,0.0001,23
9837,0.0001,124
9838,0.0001,31
9839,0.0001,23
9840,0.0001,817
9841,0.0001,860
9842,0.0001,70
9843,0.0001,822
9844,0.0001,54
9845,0.0001,77
9846,0.0001,2544
9847,0.0001,125
9848,0.0001,1584
9849,0.0001,1683
9850,0.0001,0
9851,0.0001,46
9852,0.0001,108
9853,0.0001,0
9854,0.0001,108
9855,0.0001,1045
9856,0.0001,0
9857,0.0001,46
9858,0.0001,149
9859,0.0001,116
9860,0.0001,0
9861,0.0001,154
9862,0.0001,171
9863,0.0001,167
9864,0.0001,170
9865,0.0001,52
9866,0.0001,21
9867,0.0001,3923
9868,0.0001,0
9869,0.0001,845
9870,0.0001,63
9871,0.0001,139
9872,0.0001,100
9873,0.0001,3644
9874,0.0001,794
9875,0.0001,16
9876,0.0001,124
9877,0.0001,82
9878,0.0001,108
9879,0.0001,868
9880,0.0001,131
9881,0.0001,899
9882,0.0001,902
9883,0.0001,16
9884,0.0001,108
9885,0.0001,82
9886,0.0001,46
9887,0.0001,62
9888,0.0001,963
9889,0.0001,802
9890,0.0001,3427
9891,0.0001,82
9892,0.0001,62
9893,0.0001,1101
9894,0.0001,0
9895,0.0001,674
9896,0.0001,1493
9897,0.0001,48
9898,0.0001,124
9899,0.0001,93
9900,0.0001,23
9901,0.0001,1033
9902,0.0001,16
9903,0.0001,39
9904,0.0001,0
9905,0.0001,46
9906,0.0001,773
9907,0.0001,3938
9908,0.0001,31
9909,0.0001,925
9910,0.0001,57
9911,0.0001,0
9912,0.0001,917
9913,0.0001,0
9914,0.0001,659
9915,0.0001,2376
9916,0.0001,2513
9917,0.0001,876
9918,0.0001,77
9919,0.0001,123
9920,0.0001,216
9921,0.0001,4224
9922,0.0001,31
9923,0.0001,23
9924,0.0001,154
9925,0.0001,185
9926,0.0001,3622
9927,0.0001,82
9928,0.0001,77
9929,0.0001,0
9930,0.0001,1941
9931,0.0001,0
9932,0.0001,220
9933,0.0001,3109
9934,0.0001,768
9935,0.0001,0
9936,0.0001,93
9937,0.0001,0
9938,0.0001,0
9939,0.0001,157
9940,0.0001,169
9941,0.0001,3171
9942,0.0001,0
9943,0.0001,768
9944,0.0001,23
9945,0.0001,1562
9946,0.0001,123
9947,0.0001,82
9948,0.0001,32
9949,0.0001,93
9950,0.0001,124
9951,0.0001,62
9952,0.0001,618
9953,0.0001,108
9954,0.0001,31
9955,0.0001,0
9956,0.0001,1647
9957,0.0001,143
9958,0.0001,62
9959,0.0001,0
9960,0.0001,84
9961,0.0001,16
9962,0.0001,0
9963,0.0001,116
9964,0.0001,0
9965,0.0001,0
9966,0.0001,0
9967,0.0001,103
9968,0.0001,0
9969,0.0001,893
9970,0.0001,232
9971,0.0001,834
9972,0.0001,2220
9973,0.0001,78
9974,0.0001,866
9975,0.0001,853
9976,0.0001,0
9977,0.0001,700
9978,0.0001,46
9979,0.0001,618
9980,0.0001,0
9981,0.0001,863
9982,0.0001,93
9983,0.0001,768
9984,0.0001,47
9985,0.0001,62
9986,0.0001,92
9987,0.0001,828
9988,0.0001,146
9989,0.0001,817
9990,0.0001,170
9991,0.0001,817
9992,0.0001,1025
9993,0.0001,709
9994,0.0001,207
9995,0.0001,64
9996,0.0001,82
9997,0.0001,0
9998,0.0001,139
9999,0.0001,907
