simulation_id,probability,payoutMultiplier
0,0.0001,205
1,0.0001,109
2,0.0001,124
3,0.0001,849
4,0.0001,1519
5,0.0001,909
6,0.0001,5765
7,0.0001,123
8,0.0001,32
9,0.0001,231
10,0.0001,0
11,0.0001,164
12,0.0001,169
13,0.0001,201
14,0.0001,108
15,0.0001,46
16,0.0001,5835
17,0.0001,1290
18,0.0001,0
19,0.0001,1648
20,0.0001,78
21,0.0001,391
22,0.0001,914
23,0.0001,237
24,0.0001,766
25,0.0001,140
26,0.0001,5696
27,0.0001,1742
28,0.0001,103
29,0.0001,892
30,0.0001,241
31,0.0001,124
32,0.0001,101
33,0.0001,1857
34,0.0001,117
35,0.0001,108
36,0.0001,4586
37,0.0001,786
38,0.0001,664
39,0.0001,123
40,0.0001,2079
41,0.0001,78
42,0.0001,1040
43,0.0001,85
44,0.0001,47
45,0.0001,109
46,0.0001,85
47,0.0001,267
48,0.0001,3442
49,0.0001,1571
50,0.0001,895
51,0.0001,124
52,0.0001,786
53,0.0001,3112
54,0.0001,141
55,0.0001,630
56,0.0001,776
57,0.0001,73
58,0.0001,118
59,0.0001,157
60,0.0001,1104
61,0.0001,788
62,0.0001,16
63,0.0001,3646
64,0.0001,838
65,0.0001,791
66,0.0001,160
67,0.0001,760
68,0.0001,162
69,0.0001,846
70,0.0001,1155
71,0.0001,832
72,0.0001,124
73,0.0001,124
74,0.0001,1240
75,0.0001,997
76,0.0001,132
77,0.0001,1539
78,0.0001,139
79,0.0001,776
80,0.0001,756
81,0.0001,23
82,0.0001,339
83,0.0001,3457
84,0.0001,154
85,0.0001,170
86,0.0001,162
87,0.0001,1503
88,0.0001,4274
89,0.0001,108
90,0.0001,46
91,0.0001,188
92,0.0001,62
93,0.0001,209
94,0.0001,790
95,0.0001,0
96,0.0001,3306
97,0.0001,246
98,0.0001,1090
99,0.0001,2445
100,0.0001,31
101,0.0001,2368
102,0.0001,900
103,0.0001,302
104,0.0001,850
105,0.0001,93
106,0.0001,37
107,0.0001,946
108,0.0001,991
109,0.0001,963
110,0.0001,173
111,0.0001,257
112,0.0001,46
113,0.0001,672
114,0.0001,157
115,0.0001,910
116,0.0001,207
117,0.0001,31
118,0.0001,5136
119,0.0001,1513
120,0.0001,2533
121,0.0001,871
122,0.0001,2005
123,0.0001,85
124,0.0001,46
125,0.0001,109
126,0.0001,3289
127,0.0001,994
128,0.0001,70
129,0.0001,1075
130,0.0001,1520
131,0.0001,1115
132,0.0001,832
133,0.0001,126
134,0.0001,2435
135,0.0001,737
136,0.0001,31
137,0.0001,140
138,0.0001,940
139,0.0001,3090
140,0.0001,1765
141,0.0001,47
142,0.0001,1044
143,0.0001,200
144,0.0001,116
145,0.0001,801
146,0.0001,1855
147,0.0001,190
148,0.0001,6611
149,0.0001,23
150,0.0001,52
151,0.0001,125
152,0.0001,940
153,0.0001,85
154,0.0001,155
155,0.0001,290
156,0.0001,624
157,0.0001,1555
158,0.0001,77
159,0.0001,131
160,0.0001,203
161,0.0001,140
162,0.0001,87
163,0.0001,1553
164,0.0001,628
165,0.0001,62
166,0.0001,88
167,0.0001,676
168,0.0001,839
169,0.0001,1180
170,0.0001,201
171,0.0001,863
172,0.0001,109
173,0.0001,170
174,0.0001,2586
175,0.0001,2633
176,0.0001,54
177,0.0001,93
178,0.0001,877
179,0.0001,734
180,0.0001,262
181,0.0001,114
182,0.0001,878
183,0.0001,2492
184,0.0001,813
185,0.0001,807
186,0.0001,141
187,0.0001,124
188,0.0001,85
189,0.0001,1569
190,0.0001,743
191,0.0001,736
192,0.0001,187
193,0.0001,815
194,0.0001,1966
195,0.0001,4533
196,0.0001,131
197,0.0001,264
198,0.0001,720
199,0.0001,923
200,0.0001,2991
201,0.0001,2265
202,0.0001,693
203,0.0001,171
204,0.0001,624
205,0.0001,930
206,0.0001,139
207,0.0001,93
208,0.0001,213
209,0.0001,46
210,0.0001,1797
211,0.0001,139
212,0.0001,54
213,0.0001,139
214,0.0001,811
215,0.0001,2220
216,0.0001,770
217,0.0001,1639
218,0.0001,221
219,0.0001,743
220,0.0001,1025
221,0.0001,155
222,0.0001,204
223,0.0001,2230
224,0.0001,1147
225,0.0001,62
226,0.0001,775
227,0.0001,874
228,0.0001,24
229,0.0001,700
230,0.0001,77
231,0.0001,303
232,0.0001,269
233,0.0001,123
234,0.0001,1695
235,0.0001,1053
236,0.0001,165
237,0.0001,93
238,0.0001,93
239,0.0001,63
240,0.0001,47
241,0.0001,850
242,0.0001,882
243,0.0001,108
244,0.0001,933
245,0.0001,46
246,0.0001,1523
247,0.0001,787
248,0.0001,1026
249,0.0001,175
250,0.0001,201
251,0.0001,1105
252,0.0001,141
253,0.0001,1688
254,0.0001,1041
255,0.0001,349
256,0.0001,876
257,0.0001,1452
258,0.0001,902
259,0.0001,790
260,0.0001,714
261,0.0001,2527
262,0.0001,47
263,0.0001,103
264,0.0001,833
265,0.0001,3394
266,0.0001,3229
267,0.0001,848
268,0.0001,0
269,0.0001,290
270,0.0001,845
271,0.0001,4044
272,0.0001,147
273,0.0001,832
274,0.0001,1449
275,0.0001,1883
276,0.0001,612
277,0.0001,131
278,0.0001,727
279,0.0001,930
280,0.0001,1523
281,0.0001,140
282,0.0001,1047
283,0.0001,62
284,0.0001,953
285,0.0001,85
286,0.0001,234
287,0.0001,894
288,0.0001,902
289,0.0001,149
290,0.0001,32
291,0.0001,649
292,0.0001,919
293,0.0001,207
294,0.0001,145
295,0.0001,943
296,0.0001,177
297,0.0001,2368
298,0.0001,118
299,0.0001,2290
300,0.0001,86
301,0.0001,1541
302,0.0001,31
303,0.0001,171
304,0.0001,154
305,0.0001,2195
306,0.0001,2686
307,0.0001,94
308,0.0001,865
309,0.0001,863
310,0.0001,16
311,0.0001,899
312,0.0001,1601
313,0.0001,1198
314,0.0001,154
315,0.0001,31
316,0.0001,2367
317,0.0001,2309
318,0.0001,167
319,0.0001,94
320,0.0001,2152
321,0.0001,168
322,0.0001,186
323,0.0001,876
324,0.0001,3345
325,0.0001,817
326,0.0001,851
327,0.0001,288
328,0.0001,2621
329,0.0001,953
330,0.0001,1296
331,0.0001,88
332,0.0001,1072
333,0.0001,135
334,0.0001,134
335,0.0001,62
336,0.0001,909
337,0.0001,922
338,0.0001,939
339,0.0001,16
340,0.0001,924
341,0.0001,77
342,0.0001,77
343,0.0001,940
344,0.0001,83
345,0.0001,16
346,0.0001,209
347,0.0001,1575
348,0.0001,1614
349,0.0001,1659
350,0.0001,116
351,0.0001,871
352,0.0001,691
353,0.0001,1623
354,0.0001,1085
355,0.0001,139
356,0.0001,212
357,0.0001,910
358,0.0001,310
359,0.0001,1672
360,0.0001,831
361,0.0001,62
362,0.0001,727
363,0.0001,232
364,0.0001,2438
365,0.0001,1705
366,0.0001,876
367,0.0001,79
368,0.0001,164
369,0.0001,1802
370,0.0001,62
371,0.0001,1040
372,0.0001,148
373,0.0001,163
374,0.0001,1062
375,0.0001,62
376,0.0001,922
377,0.0001,961
378,0.0001,3789
379,0.0001,3199
380,0.0001,1019
381,0.0001,78
382,0.0001,219
383,0.0001,689
384,0.0001,157
385,0.0001,77
386,0.0001,1665
387,0.0001,817
388,0.0001,1710
389,0.0001,817
390,0.0001,866
391,0.0001,899
392,0.0001,1530
393,0.0001,939
394,0.0001,3067
395,0.0001,46
396,0.0001,1539
397,0.0001,165
398,0.0001,3037
399,0.0001,77
400,0.0001,1801
401,0.0001,62
402,0.0001,178
403,0.0001,1099
404,0.0001,62
405,0.0001,1684
406,0.0001,738
407,0.0001,668
408,0.0001,883
409,0.0001,1473
410,0.0001,323
411,0.0001,335
412,0.0001,874
413,0.0001,612
414,0.0001,170
415,0.0001,109
416,0.0001,618
417,0.0001,1628
418,0.0001,47
419,0.0001,835
420,0.0001,47
421,0.0001,1771
422,0.0001,78
423,0.0001,853
424,0.0001,682
425,0.0001,1597
426,0.0001,1066
427,0.0001,1673
428,0.0001,1616
429,0.0001,2309
430,0.0001,2525
431,0.0001,311
432,0.0001,861
433,0.0001,720
434,0.0001,817
435,0.0001,77
436,0.0001,62
437,0.0001,1734
438,0.0001,249
439,0.0001,938
440,0.0001,2955
441,0.0001,873
442,0.0001,871
443,0.0001,773
444,0.0001,881
445,0.0001,712
446,0.0001,1025
447,0.0001,155
448,0.0001,823
449,0.0001,818
450,0.0001,224
451,0.0001,826
452,0.0001,62
453,0.0001,4385
454,0.0001,3957
455,0.0001,797
456,0.0001,154
457,0.0001,1521
458,0.0001,0
459,0.0001,992
460,0.0001,923
461,0.0001,1073
462,0.0001,853
463,0.0001,810
464,0.0001,660
465,0.0001,46
466,0.0001,139
467,0.0001,146
468,0.0001,47
469,0.0001,711
470,0.0001,2251
471,0.0001,47
472,0.0001,108
473,0.0001,880
474,0.0001,707
475,0.0001,1518
476,0.0001,1040
477,0.0001,971
478,0.0001,108
479,0.0001,31
480,0.0001,971
481,0.0001,0
482,0.0001,162
483,0.0001,1745
484,0.0001,47
485,0.0001,884
486,0.0001,1425
487,0.0001,169
488,0.0001,79
489,0.0001,139
490,0.0001,1054
491,0.0001,70
492,0.0001,1055
493,0.0001,255
494,0.0001,82
495,0.0001,2372
496,0.0001,124
497,0.0001,62
498,0.0001,2268
499,0.0001,1692
500,0.0001,868
501,0.0001,93
502,0.0001,2150
503,0.0001,902
504,0.0001,930
505,0.0001,278
506,0.0001,1097
507,0.0001,146
508,0.0001,300
509,0.0001,175
510,0.0001,203
511,0.0001,899
512,0.0001,742
513,0.0001,1558
514,0.0001,70
515,0.0001,684
516,0.0001,93
517,0.0001,23
518,0.0001,147
519,0.0001,170
520,0.0001,1062
521,0.0001,171
522,0.0001,304
523,0.0001,770
524,0.0001,1118
525,0.0001,0
526,0.0001,70
527,0.0001,278
528,0.0001,1102
529,0.0001,123
530,0.0001,879
531,0.0001,16
532,0.0001,0
533,0.0001,1945
534,0.0001,144
535,0.0001,758
536,0.0001,915
537,0.0001,2303
538,0.0001,863
539,0.0001,139
540,0.0001,677
541,0.0001,1205
542,0.0001,239
543,0.0001,1474
544,0.0001,412
545,0.0001,855
546,0.0001,77
547,0.0001,1088
548,0.0001,1589
549,0.0001,124
550,0.0001,2460
551,0.0001,31
552,0.0001,1537
553,0.0001,879
554,0.0001,863
555,0.0001,171
556,0.0001,1670
557,0.0001,124
558,0.0001,884
559,0.0001,31
560,0.0001,46
561,0.0001,94
562,0.0001,1017
563,0.0001,154
564,0.0001,1613
565,0.0001,185
566,0.0001,181
567,0.0001,639
568,0.0001,148
569,0.0001,1632
570,0.0001,3231
571,0.0001,114
572,0.0001,853
573,0.0001,126
574,0.0001,1701
575,0.0001,1003
576,0.0001,923
577,0.0001,850
578,0.0001,773
579,0.0001,1862
580,0.0001,154
581,0.0001,767
582,0.0001,720
583,0.0001,140
584,0.0001,1154
585,0.0001,908
586,0.0001,154
587,0.0001,31
588,0.0001,144
589,0.0001,110
590,0.0001,2271
591,0.0001,171
592,0.0001,1459
593,0.0001,2447
594,0.0001,4693
595,0.0001,863
596,0.0001,202
597,0.0001,200
598,0.0001,207
599,0.0001,78
600,0.0001,0
601,0.0001,871
602,0.0001,1710
603,0.0001,160
604,0.0001,216
605,0.0001,70
606,0.0001,912
607,0.0001,187
608,0.0001,1765
609,0.0001,960
610,0.0001,189
611,0.0001,705
612,0.0001,143
613,0.0001,894
614,0.0001,93
615,0.0001,892
616,0.0001,736
617,0.0001,207
618,0.0001,784
619,0.0001,62
620,0.0001,2987
621,0.0001,252
622,0.0001,899
623,0.0001,935
624,0.0001,162
625,0.0001,1848
626,0.0001,876
627,0.0001,710
628,0.0001,850
629,0.0001,108
630,0.0001,214
631,0.0001,882
632,0.0001,301
633,0.0001,691
634,0.0001,3242
635,0.0001,0
636,0.0001,31
637,0.0001,861
638,0.0001,186
639,0.0001,877
640,0.0001,154
641,0.0001,899
642,0.0001,201
643,0.0001,832
644,0.0001,0
645,0.0001,93
646,0.0001,3897
647,0.0001,630
648,0.0001,185
649,0.0001,925
650,0.0001,217
651,0.0001,990
652,0.0001,180
653,0.0001,1745
654,0.0001,721
655,0.0001,116
656,0.0001,218
657,0.0001,756
658,0.0001,23
659,0.0001,93
660,0.0001,206
661,0.0001,116
662,0.0001,93
663,0.0001,118
664,0.0001,3053
665,0.0001,1380
666,0.0001,154
667,0.0001,108
668,0.0001,62
669,0.0001,170
670,0.0001,872
671,0.0001,170
672,0.0001,771
673,0.0001,798
674,0.0001,139
675,0.0001,109
676,0.0001,933
677,0.0001,1446
678,0.0001,31
679,0.0001,2730
680,0.0001,139
681,0.0001,830
682,0.0001,1565
683,0.0001,108
684,0.0001,1166
685,0.0001,145
686,0.0001,971
687,0.0001,2367
688,0.0001,62
689,0.0001,3318
690,0.0001,1613
691,0.0001,912
692,0.0001,131
693,0.0001,1963
694,0.0001,912
695,0.0001,763
696,0.0001,47
697,0.0001,170
698,0.0001,47
699,0.0001,2044
700,0.0001,754
701,0.0001,951
702,0.0001,108
703,0.0001,674
704,0.0001,972
705,0.0001,139
706,0.0001,804
707,0.0001,155
708,0.0001,1562
709,0.0001,1177
710,0.0001,792
711,0.0001,1666
712,0.0001,758
713,0.0001,1660
714,0.0001,983
715,0.0001,1000
716,0.0001,152
717,0.0001,1692
718,0.0001,1489
719,0.0001,123
720,0.0001,31
721,0.0001,62
722,0.0001,137
723,0.0001,913
724,0.0001,768
725,0.0001,958
726,0.0001,3436
727,0.0001,775
728,0.0001,3900
729,0.0001,170
730,0.0001,140
731,0.0001,185
732,0.0001,753
733,0.0001,100
734,0.0001,2440
735,0.0001,908
736,0.0001,1772
737,0.0001,932
738,0.0001,899
739,0.0001,224
740,0.0001,1604
741,0.0001,23
742,0.0001,124
743,0.0001,213
744,0.0001,0
745,0.0001,1038
746,0.0001,1699
747,0.0001,123
748,0.0001,1576
749,0.0001,239
750,0.0001,984
751,0.0001,2423
752,0.0001,224
753,0.0001,201
754,0.0001,3178
755,0.0001,1204
756,0.0001,1566
757,0.0001,1720
758,0.0001,176
759,0.0001,738
760,0.0001,899
761,0.0001,124
762,0.0001,62
763,0.0001,722
764,0.0001,63
765,0.0001,5788
766,0.0001,3175
767,0.0001,245
768,0.0001,836
769,0.0001,149
770,0.0001,806
771,0.0001,1700
772,0.0001,1527
773,0.0001,0
774,0.0001,93
775,0.0001,103
776,0.0001,16
777,0.0001,63
778,0.0001,741
779,0.0001,0
780,0.0001,123
781,0.0001,70
782,0.0001,866
783,0.0001,1570
784,0.0001,1598
785,0.0001,1691
786,0.0001,4143
787,0.0001,1587
788,0.0001,1759
789,0.0001,23
790,0.0001,0
791,0.0001,820
792,0.0001,0
793,0.0001,155
794,0.0001,1066
795,0.0001,46
796,0.0001,0
797,0.0001,1068
798,0.0001,938
799,0.0001,1669
800,0.0001,216
801,0.0001,963
802,0.0001,995
803,0.0001,202
804,0.0001,814
805,0.0001,262
806,0.0001,62
807,0.0001,167
808,0.0001,929
809,0.0001,1194
810,0.0001,47
811,0.0001,788
812,0.0001,109
813,0.0001,1396
814,0.0001,705
815,0.0001,170
816,0.0001,31
817,0.0001,204
818,0.0001,2527
819,0.0001,224
820,0.0001,985
821,0.0001,127
822,0.0001,124
823,0.0001,1788
824,0.0001,154
825,0.0001,21
826,0.0001,2802
827,0.0001,172
828,0.0001,93
829,0.0001,6783
830,0.0001,4272
831,0.0001,174
832,0.0001,133
833,0.0001,675
834,0.0001,720
835,0.0001,2261
836,0.0001,209
837,0.0001,77
838,0.0001,95
839,0.0001,1015
840,0.0001,814
841,0.0001,1652
842,0.0001,355
843,0.0001,981
844,0.0001,108
845,0.0001,70
846,0.0001,0
847,0.0001,1813
848,0.0001,1502
849,0.0001,2232
850,0.0001,994
851,0.0001,166
852,0.0001,108
853,0.0001,1762
854,0.0001,4246
855,0.0001,94
856,0.0001,1015
857,0.0001,1781
858,0.0001,876
859,0.0001,110
860,0.0001,63
861,0.0001,0
862,0.0001,62
863,0.0001,123
864,0.0001,270
865,0.0001,172
866,0.0001,154
867,0.0001,55
868,0.0001,104
869,0.0001,0
870,0.0001,261
871,0.0001,337
872,0.0001,869
873,0.0001,2198
874,0.0001,191
875,0.0001,1691
876,0.0001,217
877,0.0001,182
878,0.0001,178
879,0.0001,168
880,0.0001,866
881,0.0001,1117
882,0.0001,770
883,0.0001,190
884,0.0001,92
885,0.0001,173
886,0.0001,16
887,0.0001,85
888,0.0001,155
889,0.0001,1134
890,0.0001,23
891,0.0001,784
892,0.0001,705
893,0.0001,874
894,0.0001,953
895,0.0001,2435
896,0.0001,355
897,0.0001,300
898,0.0001,123
899,0.0001,162
900,0.0001,674
901,0.0001,865
902,0.0001,807
903,0.0001,23
904,0.0001,706
905,0.0001,780
906,0.0001,62
907,0.0001,846
908,0.0001,766
909,0.0001,830
910,0.0001,200
911,0.0001,39
912,0.0001,132
913,0.0001,1944
914,0.0001,1525
915,0.0001,354
916,0.0001,94
917,0.0001,62
918,0.0001,47
919,0.0001,1332
920,0.0001,1597
921,0.0001,743
922,0.0001,2943
923,0.0001,124
924,0.0001,1458
925,0.0001,1643
926,0.0001,370
927,0.0001,3498
928,0.0001,217
929,0.0001,72
930,0.0001,62
931,0.0001,202
932,0.0001,700
933,0.0001,198
934,0.0001,1081
935,0.0001,1892
936,0.0001,1091
937,0.0001,154
938,0.0001,910
939,0.0001,158
940,0.0001,2103
941,0.0001,1844
942,0.0001,266
943,0.0001,0
944,0.0001,70
945,0.0001,3097
946,0.0001,216
947,0.0001,943
948,0.0001,109
949,0.0001,232
950,0.0001,46
951,0.0001,1451
952,0.0001,210
953,0.0001,1701
954,0.0001,819
955,0.0001,828
956,0.0001,877
957,0.0001,774
958,0.0001,101
959,0.0001,203
960,0.0001,93
961,0.0001,219
962,0.0001,207
963,0.0001,208
964,0.0001,815
965,0.0001,46
966,0.0001,726
967,0.0001,761
968,0.0001,2370
969,0.0001,922
970,0.0001,172
971,0.0001,93
972,0.0001,0
973,0.0001,879
974,0.0001,874
975,0.0001,46
976,0.0001,645
977,0.0001,3509
978,0.0001,62
979,0.0001,900
980,0.0001,216
981,0.0001,125
982,0.0001,203
983,0.0001,659
984,0.0001,1669
985,0.0001,186
986,0.0001,124
987,0.0001,921
988,0.0001,1034
989,0.0001,0
990,0.0001,745
991,0.0001,724
992,0.0001,262
993,0.0001,2545
994,0.0001,62
995,0.0001,101
996,0.0001,1598
997,0.0001,1271
998,0.0001,2448
999,0.0001,187
1000,0.0001,871
1001,0.0001,248
1002,0.0001,32
1003,0.0001,46
1004,0.0001,0
1005,0.0001,817
1006,0.0001,0
1007,0.0001,2188
1008,0.0001,1069
1009,0.0001,3427
1010,0.0001,743
1011,0.0001,1778
1012,0.0001,31
1013,0.0001,164
1014,0.0001,1439
1015,0.0001,920
1016,0.0001,229
1017,0.0001,178
1018,0.0001,171
1019,0.0001,845
1020,0.0001,93
1021,0.0001,1773
1022,0.0001,1461
1023,0.0001,886
1024,0.0001,945
1025,0.0001,47
1026,0.0001,181
1027,0.0001,1289
1028,0.0001,119
1029,0.0001,116
1030,0.0001,125
1031,0.0001,898
1032,0.0001,986
1033,0.0001,94
1034,0.0001,800
1035,0.0001,211
1036,0.0001,23
1037,0.0001,62
1038,0.0001,0
1039,0.0001,1861
1040,0.0001,47
1041,0.0001,77
1042,0.0001,46
1043,0.0001,7371
1044,0.0001,147
1045,0.0001,82
1046,0.0001,114
1047,0.0001,177
1048,0.0001,1149
1049,0.0001,792
1050,0.0001,2979
1051,0.0001,62
1052,0.0001,4005
1053,0.0001,173
1054,0.0001,77
1055,0.0001,882
1056,0.0001,3226
1057,0.0001,666
1058,0.0001,889
1059,0.0001,2161
1060,0.0001,2407
1061,0.0001,768
1062,0.0001,139
1063,0.0001,1416
1064,0.0001,954
1065,0.0001,231
1066,0.0001,1504
1067,0.0001,82
1068,0.0001,46
1069,0.0001,47
1070,0.0001,124
1071,0.0001,62
1072,0.0001,690
1073,0.0001,62
1074,0.0001,255
1075,0.0001,108
1076,0.0001,78
1077,0.0001,210
1078,0.0001,155
1079,0.0001,179
1080,0.0001,952
1081,0.0001,4597
1082,0.0001,298
1083,0.0001,156
1084,0.0001,140
1085,0.0001,93
1086,0.0001,196
1087,0.0001,3881
1088,0.0001,1825
1089,0.0001,1592
1090,0.0001,0
1091,0.0001,286
1092,0.0001,927
1093,0.0001,62
1094,0.0001,814
1095,0.0001,838
1096,0.0001,185
1097,0.0001,1554
1098,0.0001,735
1099,0.0001,832
1100,0.0001,154
1101,0.0001,156
1102,0.0001,107
1103,0.0001,797
1104,0.0001,185
1105,0.0001,793
1106,0.0001,125
1107,0.0001,57
1108,0.0001,85
1109,0.0001,768
1110,0.0001,129
1111,0.0001,23
1112,0.0001,1008
1113,0.0001,4325
1114,0.0001,98
1115,0.0001,1799
1116,0.0001,175
1117,0.0001,819
1118,0.0001,236
1119,0.0001,0
1120,0.0001,849
1121,0.0001,883
1122,0.0001,1643
1123,0.0001,140
1124,0.0001,612
1125,0.0001,241
1126,0.0001,177
1127,0.0001,1037
1128,0.0001,2527
1129,0.0001,792
1130,0.0001,135
1131,0.0001,1009
1132,0.0001,616
1133,0.0001,216
1134,0.0001,876
1135,0.0001,78
1136,0.0001,928
1137,0.0001,134
1138,0.0001,178
1139,0.0001,31
1140,0.0001,896
1141,0.0001,93
1142,0.0001,0
1143,0.0001,62
1144,0.0001,0
1145,0.0001,62
1146,0.0001,129
1147,0.0001,31
1148,0.0001,754
1149,0.0001,112
1150,0.0001,190
1151,0.0001,262
1152,0.0001,21
1153,0.0001,1121
1154,0.0001,252
1155,0.0001,690
1156,0.0001,868
1157,0.0001,784
1158,0.0001,77
1159,0.0001,809
1160,0.0001,770
1161,0.0001,55
1162,0.0001,85
1163,0.0001,833
1164,0.0001,1027
1165,0.0001,72
1166,0.0001,139
1167,0.0001,201
1168,0.0001,170
1169,0.0001,63
1170,0.0001,884
1171,0.0001,944
1172,0.0001,31
1173,0.0001,675
1174,0.0001,1544
1175,0.0001,163
1176,0.0001,78
1177,0.0001,614
1178,0.0001,963
1179,0.0001,116
1180,0.0001,85
1181,0.0001,817
1182,0.0001,218
1183,0.0001,101
1184,0.0001,1101
1185,0.0001,114
1186,0.0001,123
1187,0.0001,123
1188,0.0001,1223
1189,0.0001,87
1190,0.0001,0
1191,0.0001,1469
1192,0.0001,31
1193,0.0001,178
1194,0.0001,1649
1195,0.0001,64
1196,0.0001,786
1197,0.0001,2388
1198,0.0001,2242
1199,0.0001,996
1200,0.0001,0
1201,0.0001,145
1202,0.0001,1945
1203,0.0001,1624
1204,0.0001,98
1205,0.0001,123
1206,0.0001,0
1207,0.0001,94
1208,0.0001,2565
1209,0.0001,893
1210,0.0001,941
1211,0.0001,1551
1212,0.0001,838
1213,0.0001,1623
1214,0.0001,2488
1215,0.0001,966
1216,0.0001,0
1217,0.0001,319
1218,0.0001,784
1219,0.0001,145
1220,0.0001,927
1221,0.0001,108
1222,0.0001,196
1223,0.0001,752
1224,0.0001,62
1225,0.0001,3323
1226,0.0001,186
1227,0.0001,861
1228,0.0001,781
1229,0.0001,3927
1230,0.0001,116
1231,0.0001,123
1232,0.0001,285
1233,0.0001,1285
1234,0.0001,982
1235,0.0001,2239
1236,0.0001,768
1237,0.0001,23
1238,0.0001,183
1239,0.0001,1033
1240,0.0001,2539
1241,0.0001,46
1242,0.0001,4125
1243,0.0001,62
1244,0.0001,1472
1245,0.0001,116
1246,0.0001,249
1247,0.0001,0
1248,0.0001,124
1249,0.0001,1520
1250,0.0001,111
1251,0.0001,0
1252,0.0001,39
1253,0.0001,116
1254,0.0001,156
1255,0.0001,216
1256,0.0001,93
1257,0.0001,1859
1258,0.0001,108
1259,0.0001,195
1260,0.0001,2439
1261,0.0001,783
1262,0.0001,945
1263,0.0001,732
1264,0.0001,108
1265,0.0001,865
1266,0.0001,46
1267,0.0001,762
1268,0.0001,0
1269,0.0001,108
1270,0.0001,87
1271,0.0001,805
1272,0.0001,1014
1273,0.0001,1911
1274,0.0001,62
1275,0.0001,93
1276,0.0001,177
1277,0.0001,108
1278,0.0001,805
1279,0.0001,86
1280,0.0001,2864
1281,0.0001,210
1282,0.0001,159
1283,0.0001,124
1284,0.0001,294
1285,0.0001,204
1286,0.0001,109
1287,0.0001,139
1288,0.0001,227
1289,0.0001,93
1290,0.0001,278
1291,0.0001,868
1292,0.0001,248
1293,0.0001,0
1294,0.0001,773
1295,0.0001,201
1296,0.0001,1727
1297,0.0001,289
1298,0.0001,3584
1299,0.0001,247
1300,0.0001,1564
1301,0.0001,1695
1302,0.0001,2688
1303,0.0001,139
1304,0.0001,1618
1305,0.0001,147
1306,0.0001,3367
1307,0.0001,830
1308,0.0001,884
1309,0.0001,1454
1310,0.0001,892
1311,0.0001,1695
1312,0.0001,1662
1313,0.0001,114
1314,0.0001,31
1315,0.0001,1675
1316,0.0001,416
1317,0.0001,2332
1318,0.0001,23
1319,0.0001,63
1320,0.0001,125
1321,0.0001,263
1322,0.0001,402
1323,0.0001,175
1324,0.0001,2453
1325,0.0001,948
1326,0.0001,783
1327,0.0001,149
1328,0.0001,881
1329,0.0001,23
1330,0.0001,1605
1331,0.0001,77
1332,0.0001,3365
1333,0.0001,0
1334,0.0001,744
1335,0.0001,47
1336,0.0001,82
1337,0.0001,3747
1338,0.0001,1132
1339,0.0001,47
1340,0.0001,2524
1341,0.0001,1578
1342,0.0001,62
1343,0.0001,2410
1344,0.0001,1030
1345,0.0001,2211
1346,0.0001,62
1347,0.0001,140
1348,0.0001,224
1349,0.0001,179
1350,0.0001,124
1351,0.0001,47
1352,0.0001,1475
1353,0.0001,612
1354,0.0001,263
1355,0.0001,898
1356,0.0001,637
1357,0.0001,1047
1358,0.0001,123
1359,0.0001,5590
1360,0.0001,123
1361,0.0001,2941
1362,0.0001,116
1363,0.0001,185
1364,0.0001,46
1365,0.0001,116
1366,0.0001,108
1367,0.0001,807
1368,0.0001,101
1369,0.0001,1334
1370,0.0001,1408
1371,0.0001,712
1372,0.0001,63
1373,0.0001,897
1374,0.0001,787
1375,0.0001,1672
1376,0.0001,109
1377,0.0001,62
1378,0.0001,180
1379,0.0001,178
1380,0.0001,927
1381,0.0001,31
1382,0.0001,254
1383,0.0001,62
1384,0.0001,63
1385,0.0001,876
1386,0.0001,144
1387,0.0001,876
1388,0.0001,31
1389,0.0001,16
1390,0.0001,188
1391,0.0001,982
1392,0.0001,1644
1393,0.0001,1602
1394,0.0001,78
1395,0.0001,681
1396,0.0001,618
1397,0.0001,186
1398,0.0001,2147
1399,0.0001,117
1400,0.0001,4668
1401,0.0001,1605
1402,0.0001,190
1403,0.0001,100
1404,0.0001,1585
1405,0.0001,932
1406,0.0001,930
1407,0.0001,235
1408,0.0001,62
1409,0.0001,877
1410,0.0001,123
1411,0.0001,93
1412,0.0001,996
1413,0.0001,2397
1414,0.0001,954
1415,0.0001,144
1416,0.0001,161
1417,0.0001,1758
1418,0.0001,884
1419,0.0001,1583
1420,0.0001,256
1421,0.0001,62
1422,0.0001,635
1423,0.0001,787
1424,0.0001,1030
1425,0.0001,154
1426,0.0001,125
1427,0.0001,814
1428,0.0001,848
1429,0.0001,188
1430,0.0001,300
1431,0.0001,155
1432,0.0001,0
1433,0.0001,293
1434,0.0001,125
1435,0.0001,147
1436,0.0001,2799
1437,0.0001,200
1438,0.0001,853
1439,0.0001,1671
1440,0.0001,924
1441,0.0001,47
1442,0.0001,235
1443,0.0001,0
1444,0.0001,139
1445,0.0001,116
1446,0.0001,786
1447,0.0001,2243
1448,0.0001,147
1449,0.0001,173
1450,0.0001,4567
1451,0.0001,98
1452,0.0001,1708
1453,0.0001,165
1454,0.0001,156
1455,0.0001,2467
1456,0.0001,933
1457,0.0001,47
1458,0.0001,210
1459,0.0001,146
1460,0.0001,1667
1461,0.0001,32
1462,0.0001,867
1463,0.0001,102
1464,0.0001,237
1465,0.0001,2275
1466,0.0001,139
1467,0.0001,211
1468,0.0001,1542
1469,0.0001,16
1470,0.0001,966
1471,0.0001,163
1472,0.0001,31
1473,0.0001,239
1474,0.0001,3008
1475,0.0001,699
1476,0.0001,384
1477,0.0001,828
1478,0.0001,92
1479,0.0001,1577
1480,0.0001,69
1481,0.0001,1731
1482,0.0001,147
1483,0.0001,214
1484,0.0001,2871
1485,0.0001,1835
1486,0.0001,170
1487,0.0001,1000
1488,0.0001,187
1489,0.0001,839
1490,0.0001,1020
1491,0.0001,3233
1492,0.0001,1329
1493,0.0001,3109
1494,0.0001,31
1495,0.0001,859
1496,0.0001,0
1497,0.0001,984
1498,0.0001,1616
1499,0.0001,177
1500,0.0001,159
1501,0.0001,62
1502,0.0001,137
1503,0.0001,1780
1504,0.0001,124
1505,0.0001,930
1506,0.0001,265
1507,0.0001,246
1508,0.0001,1358
1509,0.0001,4302
1510,0.0001,1523
1511,0.0001,85
1512,0.0001,868
1513,0.0001,883
1514,0.0001,62
1515,0.0001,62
1516,0.0001,1664
1517,0.0001,706
1518,0.0001,60
1519,0.0001,104
1520,0.0001,703
1521,0.0001,910
1522,0.0001,180
1523,0.0001,200
1524,0.0001,970
1525,0.0001,250
1526,0.0001,709
1527,0.0001,227
1528,0.0001,1000
1529,0.0001,157
1530,0.0001,992
1531,0.0001,62
1532,0.0001,2353
1533,0.0001,940
1534,0.0001,842
1535,0.0001,185
1536,0.0001,85
1537,0.0001,1606
1538,0.0001,251
1539,0.0001,1719
1540,0.0001,931
1541,0.0001,169
1542,0.0001,2390
1543,0.0001,108
1544,0.0001,926
1545,0.0001,209
1546,0.0001,897
1547,0.0001,150
1548,0.0001,2256
1549,0.0001,1529
1550,0.0001,0
1551,0.0001,2178
1552,0.0001,93
1553,0.0001,830
1554,0.0001,3732
1555,0.0001,804
1556,0.0001,77
1557,0.0001,0
1558,0.0001,899
1559,0.0001,206
1560,0.0001,93
1561,0.0001,1623
1562,0.0001,864
1563,0.0001,124
1564,0.0001,1552
1565,0.0001,3909
1566,0.0001,31
1567,0.0001,1250
1568,0.0001,169
1569,0.0001,119
1570,0.0001,47
1571,0.0001,67
1572,0.0001,62
1573,0.0001,140
1574,0.0001,2553
1575,0.0001,956
1576,0.0001,710
1577,0.0001,78
1578,0.0001,1560
1579,0.0001,974
1580,0.0001,3904
1581,0.0001,100
1582,0.0001,237
1583,0.0001,140
1584,0.0001,31
1585,0.0001,1562
1586,0.0001,157
1587,0.0001,3034
1588,0.0001,130
1589,0.0001,41
1590,0.0001,1002
1591,0.0001,23
1592,0.0001,283
1593,0.0001,449
1594,0.0001,171
1595,0.0001,819
1596,0.0001,131
1597,0.0001,1617
1598,0.0001,951
1599,0.0001,202
1600,0.0001,63
1601,0.0001,93
1602,0.0001,31
1603,0.0001,46
1604,0.0001,39
1605,0.0001,261
1606,0.0001,154
1607,0.0001,984
1608,0.0001,737
1609,0.0001,0
1610,0.0001,109
1611,0.0001,1026
1612,0.0001,156
1613,0.0001,1773
1614,0.0001,46
1615,0.0001,998
1616,0.0001,1012
1617,0.0001,154
1618,0.0001,1437
1619,0.0001,744
1620,0.0001,93
1621,0.0001,31
1622,0.0001,31
1623,0.0001,185
1624,0.0001,94
1625,0.0001,155
1626,0.0001,4501
1627,0.0001,186
1628,0.0001,2052
1629,0.0001,164
1630,0.0001,3086
1631,0.0001,310
1632,0.0001,1413
1633,0.0001,70
1634,0.0001,190
1635,0.0001,860
1636,0.0001,984
1637,0.0001,108
1638,0.0001,1568
1639,0.0001,233
1640,0.0001,0
1641,0.0001,77
1642,0.0001,904
1643,0.0001,1966
1644,0.0001,93
1645,0.0001,993
1646,0.0001,854
1647,0.0001,2287
1648,0.0001,171
1649,0.0001,1990
1650,0.0001,78
1651,0.0001,1639
1652,0.0001,2501
1653,0.0001,735
1654,0.0001,31
1655,0.0001,117
1656,0.0001,786
1657,0.0001,815
1658,0.0001,102
1659,0.0001,1601
1660,0.0001,92
1661,0.0001,124
1662,0.0001,154
1663,0.0001,252
1664,0.0001,78
1665,0.0001,1552
1666,0.0001,974
1667,0.0001,0
1668,0.0001,47
1669,0.0001,224
1670,0.0001,3948
1671,0.0001,1136
1672,0.0001,141
1673,0.0001,192
1674,0.0001,226
1675,0.0001,1399
1676,0.0001,31
1677,0.0001,3186
1678,0.0001,0
1679,0.0001,36
1680,0.0001,768
1681,0.0001,108
1682,0.0001,207
1683,0.0001,101
1684,0.0001,1609
1685,0.0001,231
1686,0.0001,905
1687,0.0001,284
1688,0.0001,910
1689,0.0001,1679
1690,0.0001,144
1691,0.0001,916
1692,0.0001,729
1693,0.0001,31
1694,0.0001,249
1695,0.0001,93
1696,0.0001,2248
1697,0.0001,1115
1698,0.0001,979
1699,0.0001,0
1700,0.0001,342
1701,0.0001,3058
1702,0.0001,0
1703,0.0001,1015
1704,0.0001,31
1705,0.0001,1550
1706,0.0001,1690
1707,0.0001,923
1708,0.0001,3945
1709,0.0001,100
1710,0.0001,843
1711,0.0001,1887
1712,0.0001,155
1713,0.0001,699
1714,0.0001,706
1715,0.0001,1133
1716,0.0001,1154
1717,0.0001,281
1718,0.0001,2175
1719,0.0001,918
1720,0.0001,815
1721,0.0001,255
1722,0.0001,108
1723,0.0001,201
1724,0.0001,886
1725,0.0001,186
1726,0.0001,170
1727,0.0001,2344
1728,0.0001,1442
1729,0.0001,0
1730,0.0001,682
1731,0.0001,78
1732,0.0001,213
1733,0.0001,62
1734,0.0001,93
1735,0.0001,291
1736,0.0001,62
1737,0.0001,16
1738,0.0001,240
1739,0.0001,73
1740,0.0001,1664
1741,0.0001,218
1742,0.0001,124
1743,0.0001,62
1744,0.0001,151
1745,0.0001,0
1746,0.0001,710
1747,0.0001,4006
1748,0.0001,142
1749,0.0001,78
1750,0.0001,190
1751,0.0001,302
1752,0.0001,845
1753,0.0001,778
1754,0.0001,2160
1755,0.0001,167
1756,0.0001,1244
1757,0.0001,114
1758,0.0001,171
1759,0.0001,1373
1760,0.0001,195
1761,0.0001,2107
1762,0.0001,4368
1763,0.0001,3186
1764,0.0001,1822
1765,0.0001,47
1766,0.0001,92
1767,0.0001,109
1768,0.0001,111
1769,0.0001,185
1770,0.0001,47
1771,0.0001,704
1772,0.0001,196
1773,0.0001,109
1774,0.0001,154
1775,0.0001,1019
1776,0.0001,0
1777,0.0001,3296
1778,0.0001,709
1779,0.0001,628
1780,0.0001,1631
1781,0.0001,923
1782,0.0001,819
1783,0.0001,872
1784,0.0001,3539
1785,0.0001,1571
1786,0.0001,162
1787,0.0001,77
1788,0.0001,1496
1789,0.0001,93
1790,0.0001,174
1791,0.0001,0
1792,0.0001,193
1793,0.0001,94
1794,0.0001,1544
1795,0.0001,821
1796,0.0001,23
1797,0.0001,215
1798,0.0001,165
1799,0.0001,3480
1800,0.0001,892
1801,0.0001,811
1802,0.0001,382
1803,0.0001,63
1804,0.0001,177
1805,0.0001,57
1806,0.0001,1107
1807,0.0001,923
1808,0.0001,262
1809,0.0001,231
1810,0.0001,653
1811,0.0001,108
1812,0.0001,737
1813,0.0001,164
1814,0.0001,1393
1815,0.0001,108
1816,0.0001,231
1817,0.0001,891
1818,0.0001,77
1819,0.0001,1092
1820,0.0001,145
1821,0.0001,124
1822,0.0001,151
1823,0.0001,211
1824,0.0001,822
1825,0.0001,938
1826,0.0001,825
1827,0.0001,46
1828,0.0001,72
1829,0.0001,1462
1830,0.0001,121
1831,0.0001,162
1832,0.0001,3529
1833,0.0001,937
1834,0.0001,108
1835,0.0001,2628
1836,0.0001,905
1837,0.0001,2466
1838,0.0001,16
1839,0.0001,290
1840,0.0001,984
1841,0.0001,757
1842,0.0001,0
1843,0.0001,1519
1844,0.0001,689
1845,0.0001,170
1846,0.0001,99
1847,0.0001,62
1848,0.0001,256
1849,0.0001,917
1850,0.0001,0
1851,0.0001,123
1852,0.0001,82
1853,0.0001,821
1854,0.0001,1417
1855,0.0001,2288
1856,0.0001,1767
1857,0.0001,77
1858,0.0001,185
1859,0.0001,928
1860,0.0001,966
1861,0.0001,77
1862,0.0001,1534
1863,0.0001,3609
1864,0.0001,132
1865,0.0001,78
1866,0.0001,116
1867,0.0001,966
1868,0.0001,910
1869,0.0001,39
1870,0.0001,190
1871,0.0001,3293
1872,0.0001,85
1873,0.0001,78
1874,0.0001,108
1875,0.0001,758
1876,0.0001,1699
1877,0.0001,47
1878,0.0001,856
1879,0.0001,816
1880,0.0001,789
1881,0.0001,775
1882,0.0001,101
1883,0.0001,703
1884,0.0001,88
1885,0.0001,956
1886,0.0001,170
1887,0.0001,23
1888,0.0001,150
1889,0.0001,191
1890,0.0001,925
1891,0.0001,207
1892,0.0001,1018
1893,0.0001,681
1894,0.0001,204
1895,0.0001,709
1896,0.0001,1159
1897,0.0001,107
1898,0.0001,131
1899,0.0001,194
1900,0.0001,274
1901,0.0001,4769
1902,0.0001,1723
1903,0.0001,977
1904,0.0001,825
1905,0.0001,1586
1906,0.0001,2176
1907,0.0001,116
1908,0.0001,186
1909,0.0001,113
1910,0.0001,125
1911,0.0001,77
1912,0.0001,77
1913,0.0001,902
1914,0.0001,217
1915,0.0001,953
1916,0.0001,208
1917,0.0001,144
1918,0.0001,62
1919,0.0001,1084
1920,0.0001,196
1921,0.0001,186
1922,0.0001,213
1923,0.0001,991
1924,0.0001,923
1925,0.0001,2410
1926,0.0001,720
1927,0.0001,958
1928,0.0001,994
1929,0.0001,131
1930,0.0001,2192
1931,0.0001,3543
1932,0.0001,699
1933,0.0001,93
1934,0.0001,1547
1935,0.0001,859
1936,0.0001,898
1937,0.0001,902
1938,0.0001,63
1939,0.0001,70
1940,0.0001,202
1941,0.0001,245
1942,0.0001,437
1943,0.0001,915
1944,0.0001,830
1945,0.0001,47
1946,0.0001,326
1947,0.0001,82
1948,0.0001,1257
1949,0.0001,1826
1950,0.0001,92
1951,0.0001,828
1952,0.0001,175
1953,0.0001,1825
1954,0.0001,1447
1955,0.0001,4175
1956,0.0001,881
1957,0.0001,1193
1958,0.0001,1001
1959,0.0001,1551
1960,0.0001,3960
1961,0.0001,796
1962,0.0001,4415
1963,0.0001,1565
1964,0.0001,3803
1965,0.0001,193
1966,0.0001,62
1967,0.0001,1444
1968,0.0001,139
1969,0.0001,1147
1970,0.0001,0
1971,0.0001,861
1972,0.0001,268
1973,0.0001,2231
1974,0.0001,1621
1975,0.0001,42
1976,0.0001,263
1977,0.0001,726
1978,0.0001,117
1979,0.0001,1282
1980,0.0001,193
1981,0.0001,2231
1982,0.0001,123
1983,0.0001,1015
1984,0.0001,884
1985,0.0001,233
1986,0.0001,799
1987,0.0001,2255
1988,0.0001,1791
1989,0.0001,108
1990,0.0001,157
1991,0.0001,2937
1992,0.0001,67
1993,0.0001,1031
1994,0.0001,674
1995,0.0001,145
1996,0.0001,1698
1997,0.0001,1675
1998,0.0001,793
1999,0.0001,1734
2000,0.0001,124
2001,0.0001,866
2002,0.0001,1560
2003,0.0001,1041
2004,0.0001,145
2005,0.0001,238
2006,0.0001,290
2007,0.0001,1396
2008,0.0001,1490
2009,0.0001,852
2010,0.0001,674
2011,0.0001,170
2012,0.0001,822
2013,0.0001,984
2014,0.0001,843
2015,0.0001,3080
2016,0.0001,1373
2017,0.0001,93
2018,0.0001,31
2019,0.0001,144
2020,0.0001,925
2021,0.0001,126
2022,0.0001,1818
2023,0.0001,927
2024,0.0001,5840
2025,0.0001,3912
2026,0.0001,63
2027,0.0001,155
2028,0.0001,1937
2029,0.0001,286
2030,0.0001,145
2031,0.0001,699
2032,0.0001,753
2033,0.0001,172
2034,0.0001,1870
2035,0.0001,317
2036,0.0001,794
2037,0.0001,1590
2038,0.0001,132
2039,0.0001,830
2040,0.0001,177
2041,0.0001,846
2042,0.0001,93
2043,0.0001,1493
2044,0.0001,893
2045,0.0001,653
2046,0.0001,1255
2047,0.0001,751
2048,0.0001,899
2049,0.0001,178
2050,0.0001,907
2051,0.0001,116
2052,0.0001,967
2053,0.0001,201
2054,0.0001,200
2055,0.0001,1281
2056,0.0001,879
2057,0.0001,756
2058,0.0001,219
2059,0.0001,1607
2060,0.0001,124
2061,0.0001,635
2062,0.0001,938
2063,0.0001,144
2064,0.0001,46
2065,0.0001,125
2066,0.0001,0
2067,0.0001,944
2068,0.0001,170
2069,0.0001,132
2070,0.0001,859
2071,0.0001,313
2072,0.0001,94
2073,0.0001,1629
2074,0.0001,843
2075,0.0001,0
2076,0.0001,2111
2077,0.0001,0
2078,0.0001,124
2079,0.0001,1626
2080,0.0001,1639
2081,0.0001,1933
2082,0.0001,953
2083,0.0001,163
2084,0.0001,925
2085,0.0001,242
2086,0.0001,1390
2087,0.0001,155
2088,0.0001,943
2089,0.0001,138
2090,0.0001,1538
2091,0.0001,1603
2092,0.0001,46
2093,0.0001,1652
2094,0.0001,70
2095,0.0001,770
2096,0.0001,1665
2097,0.0001,972
2098,0.0001,208
2099,0.0001,850
2100,0.0001,5149
2101,0.0001,4063
2102,0.0001,892
2103,0.0001,2451
2104,0.0001,830
2105,0.0001,319
2106,0.0001,201
2107,0.0001,116
2108,0.0001,267
2109,0.0001,144
2110,0.0001,124
2111,0.0001,127
2112,0.0001,123
2113,0.0001,1434
2114,0.0001,0
2115,0.0001,861
2116,0.0001,1708
2117,0.0001,1530
2118,0.0001,178
2119,0.0001,63
2120,0.0001,23
2121,0.0001,0
2122,0.0001,971
2123,0.0001,129
2124,0.0001,753
2125,0.0001,980
2126,0.0001,247
2127,0.0001,1278
2128,0.0001,868
2129,0.0001,2059
2130,0.0001,826
2131,0.0001,4776
2132,0.0001,23
2133,0.0001,1666
2134,0.0001,180
2135,0.0001,284
2136,0.0001,82
2137,0.0001,864
2138,0.0001,255
2139,0.0001,1413
2140,0.0001,170
2141,0.0001,108
2142,0.0001,177
2143,0.0001,132
2144,0.0001,1617
2145,0.0001,3959
2146,0.0001,1868
2147,0.0001,1608
2148,0.0001,2282
2149,0.0001,23
2150,0.0001,853
2151,0.0001,727
2152,0.0001,1314
2153,0.0001,175
2154,0.0001,131
2155,0.0001,32
2156,0.0001,930
2157,0.0001,148
2158,0.0001,93
2159,0.0001,1881
2160,0.0001,1025
2161,0.0001,132
2162,0.0001,0
2163,0.0001,200
2164,0.0001,647
2165,0.0001,124
2166,0.0001,129
2167,0.0001,3737
2168,0.0001,0
2169,0.0001,809
2170,0.0001,643
2171,0.0001,1416
2172,0.0001,188
2173,0.0001,3379
2174,0.0001,162
2175,0.0001,169
2176,0.0001,147
2177,0.0001,47
2178,0.0001,231
2179,0.0001,1655
2180,0.0001,125
2181,0.0001,3124
2182,0.0001,953
2183,0.0001,108
2184,0.0001,248
2185,0.0001,841
2186,0.0001,2462
2187,0.0001,2768
2188,0.0001,187
2189,0.0001,706
2190,0.0001,108
2191,0.0001,2468
2192,0.0001,110
2193,0.0001,616
2194,0.0001,1527
2195,0.0001,65
2196,0.0001,1565
2197,0.0001,720
2198,0.0001,47
2199,0.0001,1076
2200,0.0001,618
2201,0.0001,31
2202,0.0001,108
2203,0.0001,3029
2204,0.0001,3874
2205,0.0001,144
2206,0.0001,152
2207,0.0001,189
2208,0.0001,1715
2209,0.0001,108
2210,0.0001,296
2211,0.0001,2422
2212,0.0001,1672
2213,0.0001,62
2214,0.0001,155
2215,0.0001,1394
2216,0.0001,154
2217,0.0001,103
2218,0.0001,969
2219,0.0001,773
2220,0.0001,878
2221,0.0001,324
2222,0.0001,1051
2223,0.0001,129
2224,0.0001,124
2225,0.0001,1572
2226,0.0001,1149
2227,0.0001,1511
2228,0.0001,109
2229,0.0001,783
2230,0.0001,992
2231,0.0001,126
2232,0.0001,3381
2233,0.0001,1143
2234,0.0001,1188
2235,0.0001,2376
2236,0.0001,46
2237,0.0001,1921
2238,0.0001,830
2239,0.0001,1089
2240,0.0001,94
2241,0.0001,1275
2242,0.0001,187
2243,0.0001,1504
2244,0.0001,3839
2245,0.0001,871
2246,0.0001,296
2247,0.0001,77
2248,0.0001,1188
2249,0.0001,1047
2250,0.0001,372
2251,0.0001,0
2252,0.0001,863
2253,0.0001,124
2254,0.0001,131
2255,0.0001,2414
2256,0.0001,124
2257,0.0001,204
2258,0.0001,83
2259,0.0001,62
2260,0.0001,216
2261,0.0001,131
2262,0.0001,1687
2263,0.0001,910
2264,0.0001,160
2265,0.0001,853
2266,0.0001,1028
2267,0.0001,201
2268,0.0001,119
2269,0.0001,93
2270,0.0001,31
2271,0.0001,1523
2272,0.0001,1706
2273,0.0001,658
2274,0.0001,62
2275,0.0001,3472
2276,0.0001,674
2277,0.0001,699
2278,0.0001,185
2279,0.0001,1522
2280,0.0001,1722
2281,0.0001,915
2282,0.0001,202
2283,0.0001,124
2284,0.0001,0
2285,0.0001,154
2286,0.0001,716
2287,0.0001,3346
2288,0.0001,47
2289,0.0001,0
2290,0.0001,3306
2291,0.0001,373
2292,0.0001,1648
2293,0.0001,701
2294,0.0001,23
2295,0.0001,1845
2296,0.0001,154
2297,0.0001,164
2298,0.0001,165
2299,0.0001,139
2300,0.0001,193
2301,0.0001,248
2302,0.0001,1586
2303,0.0001,125
2304,0.0001,2363
2305,0.0001,1346
2306,0.0001,1581
2307,0.0001,149
2308,0.0001,2163
2309,0.0001,66
2310,0.0001,1631
2311,0.0001,863
2312,0.0001,1031
2313,0.0001,962
2314,0.0001,196
2315,0.0001,0
2316,0.0001,124
2317,0.0001,1726
2318,0.0001,913
2319,0.0001,2160
2320,0.0001,884
2321,0.0001,131
2322,0.0001,949
2323,0.0001,1329
2324,0.0001,1704
2325,0.0001,85
2326,0.0001,238
2327,0.0001,1112
2328,0.0001,31
2329,0.0001,1465
2330,0.0001,3811
2331,0.0001,193
2332,0.0001,1262
2333,0.0001,2619
2334,0.0001,339
2335,0.0001,1773
2336,0.0001,85
2337,0.0001,1501
2338,0.0001,140
2339,0.0001,2041
2340,0.0001,1571
2341,0.0001,0
2342,0.0001,248
2343,0.0001,0
2344,0.0001,3753
2345,0.0001,125
2346,0.0001,861
2347,0.0001,814
2348,0.0001,238
2349,0.0001,163
2350,0.0001,77
2351,0.0001,214
2352,0.0001,341
2353,0.0001,1535
2354,0.0001,1518
2355,0.0001,878
2356,0.0001,92
2357,0.0001,758
2358,0.0001,1605
2359,0.0001,1900
2360,0.0001,109
2361,0.0001,790
2362,0.0001,139
2363,0.0001,1026
2364,0.0001,259
2365,0.0001,233
2366,0.0001,124
2367,0.0001,672
2368,0.0001,980
2369,0.0001,1706
2370,0.0001,1352
2371,0.0001,225
2372,0.0001,154
2373,0.0001,952
2374,0.0001,0
2375,0.0001,1041
2376,0.0001,6617
2377,0.0001,1731
2378,0.0001,837
2379,0.0001,178
2380,0.0001,804
2381,0.0001,240
2382,0.0001,0
2383,0.0001,0
2384,0.0001,46
2385,0.0001,678
2386,0.0001,140
2387,0.0001,3452
2388,0.0001,280
2389,0.0001,386
2390,0.0001,1755
2391,0.0001,723
2392,0.0001,817
2393,0.0001,140
2394,0.0001,78
2395,0.0001,802
2396,0.0001,132
2397,0.0001,1364
2398,0.0001,155
2399,0.0001,842
2400,0.0001,3048
2401,0.0001,616
2402,0.0001,1209
2403,0.0001,242
2404,0.0001,23
2405,0.0001,144
2406,0.0001,774
2407,0.0001,3870
2408,0.0001,46
2409,0.0001,170
2410,0.0001,94
2411,0.0001,691
2412,0.0001,211
2413,0.0001,246
2414,0.0001,31
2415,0.0001,85
2416,0.0001,114
2417,0.0001,4158
2418,0.0001,916
2419,0.0001,205
2420,0.0001,799
2421,0.0001,62
2422,0.0001,3211
2423,0.0001,922
2424,0.0001,1036
2425,0.0001,164
2426,0.0001,1643
2427,0.0001,139
2428,0.0001,207
2429,0.0001,952
2430,0.0001,156
2431,0.0001,137
2432,0.0001,1566
2433,0.0001,220
2434,0.0001,1630
2435,0.0001,817
2436,0.0001,82
2437,0.0001,756
2438,0.0001,144
2439,0.0001,0
2440,0.0001,148
2441,0.0001,1754
2442,0.0001,163
2443,0.0001,973
2444,0.0001,930
2445,0.0001,871
2446,0.0001,186
2447,0.0001,139
2448,0.0001,1092
2449,0.0001,1621
2450,0.0001,62
2451,0.0001,174
2452,0.0001,216
2453,0.0001,0
2454,0.0001,0
2455,0.0001,165
2456,0.0001,186
2457,0.0001,3569
2458,0.0001,2435
2459,0.0001,154
2460,0.0001,1659
2461,0.0001,759
2462,0.0001,1020
2463,0.0001,883
2464,0.0001,1016
2465,0.0001,1459
2466,0.0001,1217
2467,0.0001,1078
2468,0.0001,2161
2469,0.0001,156
2470,0.0001,167
2471,0.0001,93
2472,0.0001,85
2473,0.0001,791
2474,0.0001,3605
2475,0.0001,883
2476,0.0001,201
2477,0.0001,139
2478,0.0001,77
2479,0.0001,232
2480,0.0001,2539
2481,0.0001,3180
2482,0.0001,1718
2483,0.0001,185
2484,0.0001,16
2485,0.0001,893
2486,0.0001,208
2487,0.0001,1455
2488,0.0001,1507
2489,0.0001,612
2490,0.0001,85
2491,0.0001,1432
2492,0.0001,2395
2493,0.0001,134
2494,0.0001,1640
2495,0.0001,325
2496,0.0001,1640
2497,0.0001,830
2498,0.0001,191
2499,0.0001,1540
2500,0.0001,1695
2501,0.0001,221
2502,0.0001,4244
2503,0.0001,863
2504,0.0001,4185
2505,0.0001,1672
2506,0.0001,1661
2507,0.0001,684
2508,0.0001,798
2509,0.0001,804
2510,0.0001,163
2511,0.0001,180
2512,0.0001,3237
2513,0.0001,711
2514,0.0001,2442
2515,0.0001,1461
2516,0.0001,758
2517,0.0001,124
2518,0.0001,83
2519,0.0001,309
2520,0.0001,1004
2521,0.0001,340
2522,0.0001,681
2523,0.0001,1027
2524,0.0001,179
2525,0.0001,1824
2526,0.0001,277
2527,0.0001,1006
2528,0.0001,93
2529,0.0001,145
2530,0.0001,134
2531,0.0001,3257
2532,0.0001,878
2533,0.0001,128
2534,0.0001,751
2535,0.0001,237
2536,0.0001,31
2537,0.0001,149
2538,0.0001,688
2539,0.0001,945
2540,0.0001,817
2541,0.0001,1170
2542,0.0001,171
2543,0.0001,47
2544,0.0001,116
2545,0.0001,969
2546,0.0001,118
2547,0.0001,1588
2548,0.0001,140
2549,0.0001,4191
2550,0.0001,31
2551,0.0001,0
2552,0.0001,154
2553,0.0001,880
2554,0.0001,1698
2555,0.0001,830
2556,0.0001,108
2557,0.0001,192
2558,0.0001,104
2559,0.0001,93
2560,0.0001,938
2561,0.0001,1080
2562,0.0001,85
2563,0.0001,915
2564,0.0001,70
2565,0.0001,1000
2566,0.0001,140
2567,0.0001,280
2568,0.0001,931
2569,0.0001,0
2570,0.0001,1729
2571,0.0001,109
2572,0.0001,113
2573,0.0001,1711
2574,0.0001,934
2575,0.0001,3276
2576,0.0001,1716
2577,0.0001,663
2578,0.0001,201
2579,0.0001,3242
2580,0.0001,815
2581,0.0001,2228
2582,0.0001,5586
2583,0.0001,0
2584,0.0001,108
2585,0.0001,889
2586,0.0001,1138
2587,0.0001,47
2588,0.0001,821
2589,0.0001,1499
2590,0.0001,817
2591,0.0001,801
2592,0.0001,139
2593,0.0001,1059
2594,0.0001,154
2595,0.0001,325
2596,0.0001,1845
2597,0.0001,815
2598,0.0001,963
2599,0.0001,931
2600,0.0001,93
2601,0.0001,1516
2602,0.0001,815
2603,0.0001,63
2604,0.0001,1613
2605,0.0001,1628
2606,0.0001,729
2607,0.0001,149
2608,0.0001,171
2609,0.0001,942
2610,0.0001,165
2611,0.0001,108
2612,0.0001,1071
2613,0.0001,124
2614,0.0001,100
2615,0.0001,23
2616,0.0001,856
2617,0.0001,758
2618,0.0001,833
2619,0.0001,46
2620,0.0001,225
2621,0.0001,845
2622,0.0001,830
2623,0.0001,62
2624,0.0001,1005
2625,0.0001,170
2626,0.0001,266
2627,0.0001,100
2628,0.0001,1539
2629,0.0001,47
2630,0.0001,938
2631,0.0001,882
2632,0.0001,217
2633,0.0001,62
2634,0.0001,129
2635,0.0001,1783
2636,0.0001,2165
2637,0.0001,948
2638,0.0001,643
2639,0.0001,1146
2640,0.0001,1013
2641,0.0001,878
2642,0.0001,94
2643,0.0001,804
2644,0.0001,3572
2645,0.0001,831
2646,0.0001,309
2647,0.0001,0
2648,0.0001,1131
2649,0.0001,139
2650,0.0001,1243
2651,0.0001,894
2652,0.0001,1610
2653,0.0001,1726
2654,0.0001,3741
2655,0.0001,1465
2656,0.0001,108
2657,0.0001,832
2658,0.0001,670
2659,0.0001,101
2660,0.0001,971
2661,0.0001,860
2662,0.0001,2389
2663,0.0001,989
2664,0.0001,894
2665,0.0001,62
2666,0.0001,123
2667,0.0001,1708
2668,0.0001,835
2669,0.0001,46
2670,0.0001,3529
2671,0.0001,772
2672,0.0001,223
2673,0.0001,735
2674,0.0001,108
2675,0.0001,116
2676,0.0001,1536
2677,0.0001,31
2678,0.0001,3038
2679,0.0001,4936
2680,0.0001,165
2681,0.0001,140
2682,0.0001,4558
2683,0.0001,1788
2684,0.0001,196
2685,0.0001,0
2686,0.0001,1109
2687,0.0001,85
2688,0.0001,93
2689,0.0001,3036
2690,0.0001,1454
2691,0.0001,23
2692,0.0001,801
2693,0.0001,144
2694,0.0001,1608
2695,0.0001,5468
2696,0.0001,819
2697,0.0001,62
2698,0.0001,23
2699,0.0001,148
2700,0.0001,46
2701,0.0001,914
2702,0.0001,108
2703,0.0001,0
2704,0.0001,1519
2705,0.0001,1624
2706,0.0001,877
2707,0.0001,1550
2708,0.0001,3872
2709,0.0001,2354
2710,0.0001,1091
2711,0.0001,855
2712,0.0001,93
2713,0.0001,109
2714,0.0001,1221
2715,0.0001,31
2716,0.0001,1435
2717,0.0001,243
2718,0.0001,894
2719,0.0001,139
2720,0.0001,1492
2721,0.0001,55
2722,0.0001,139
2723,0.0001,720
2724,0.0001,93
2725,0.0001,308
2726,0.0001,1421
2727,0.0001,260
2728,0.0001,93
2729,0.0001,1488
2730,0.0001,109
2731,0.0001,119
2732,0.0001,155
2733,0.0001,971
2734,0.0001,171
2735,0.0001,139
2736,0.0001,894
2737,0.0001,1012
2738,0.0001,95
2739,0.0001,275
2740,0.0001,262
2741,0.0001,1014
2742,0.0001,3151
2743,0.0001,2260
2744,0.0001,774
2745,0.0001,46
2746,0.0001,882
2747,0.0001,2846
2748,0.0001,1684
2749,0.0001,896
2750,0.0001,109
2751,0.0001,1242
2752,0.0001,4807
2753,0.0001,229
2754,0.0001,832
2755,0.0001,1015
2756,0.0001,730
2757,0.0001,3098
2758,0.0001,618
2759,0.0001,4143
2760,0.0001,745
2761,0.0001,726
2762,0.0001,2195
2763,0.0001,0
2764,0.0001,185
2765,0.0001,109
2766,0.0001,226
2767,0.0001,93
2768,0.0001,108
2769,0.0001,1497
2770,0.0001,1670
2771,0.0001,837
2772,0.0001,3702
2773,0.0001,722
2774,0.0001,267
2775,0.0001,2307
2776,0.0001,2579
2777,0.0001,139
2778,0.0001,168
2779,0.0001,3810
2780,0.0001,226
2781,0.0001,257
2782,0.0001,185
2783,0.0001,1666
2784,0.0001,77
2785,0.0001,963
2786,0.0001,1212
2787,0.0001,3179
2788,0.0001,941
2789,0.0001,1394
2790,0.0001,1683
2791,0.0001,142
2792,0.0001,149
2793,0.0001,245
2794,0.0001,93
2795,0.0001,1047
2796,0.0001,98
2797,0.0001,848
2798,0.0001,2473
2799,0.0001,23
2800,0.0001,140
2801,0.0001,123
2802,0.0001,0
2803,0.0001,224
2804,0.0001,3395
2805,0.0001,57
2806,0.0001,270
2807,0.0001,1127
2808,0.0001,1785
2809,0.0001,77
2810,0.0001,3054
2811,0.0001,1691
2812,0.0001,108
2813,0.0001,108
2814,0.0001,1628
2815,0.0001,3150
2816,0.0001,109
2817,0.0001,637
2818,0.0001,3937
2819,0.0001,810
2820,0.0001,93
2821,0.0001,108
2822,0.0001,264
2823,0.0001,103
2824,0.0001,69
2825,0.0001,3115
2826,0.0001,207
2827,0.0001,827
2828,0.0001,948
2829,0.0001,98
2830,0.0001,124
2831,0.0001,268
2832,0.0001,101
2833,0.0001,239
2834,0.0001,24
2835,0.0001,280
2836,0.0001,31
2837,0.0001,32
2838,0.0001,3191
2839,0.0001,838
2840,0.0001,1815
2841,0.0001,2609
2842,0.0001,918
2843,0.0001,3100
2844,0.0001,1546
2845,0.0001,139
2846,0.0001,132
2847,0.0001,735
2848,0.0001,100
2849,0.0001,1089
2850,0.0001,117
2851,0.0001,144
2852,0.0001,56
2853,0.0001,1074
2854,0.0001,1740
2855,0.0001,1577
2856,0.0001,216
2857,0.0001,93
2858,0.0001,692
2859,0.0001,0
2860,0.0001,78
2861,0.0001,101
2862,0.0001,289
2863,0.0001,1800
2864,0.0001,93
2865,0.0001,2000
2866,0.0001,136
2867,0.0001,3883
2868,0.0001,3191
2869,0.0001,169
2870,0.0001,123
2871,0.0001,85
2872,0.0001,1127
2873,0.0001,48
2874,0.0001,70
2875,0.0001,333
2876,0.0001,1780
2877,0.0001,203
2878,0.0001,1722
2879,0.0001,0
2880,0.0001,0
2881,0.0001,220
2882,0.0001,1086
2883,0.0001,784
2884,0.0001,1562
2885,0.0001,63
2886,0.0001,155
2887,0.0001,46
2888,0.0001,62
2889,0.0001,838
2890,0.0001,3350
2891,0.0001,0
2892,0.0001,1814
2893,0.0001,722
2894,0.0001,171
2895,0.0001,1186
2896,0.0001,218
2897,0.0001,834
2898,0.0001,1477
2899,0.0001,192
2900,0.0001,716
2901,0.0001,185
2902,0.0001,726
2903,0.0001,81
2904,0.0001,0
2905,0.0001,1654
2906,0.0001,868
2907,0.0001,101
2908,0.0001,881
2909,0.0001,861
2910,0.0001,1690
2911,0.0001,62
2912,0.0001,804
2913,0.0001,147
2914,0.0001,131
2915,0.0001,63
2916,0.0001,78
2917,0.0001,1007
2918,0.0001,143
2919,0.0001,694
2920,0.0001,817
2921,0.0001,214
2922,0.0001,31
2923,0.0001,1602
2924,0.0001,1181
2925,0.0001,1554
2926,0.0001,186
2927,0.0001,85
2928,0.0001,997
2929,0.0001,800
2930,0.0001,85
2931,0.0001,62
2932,0.0001,2301
2933,0.0001,757
2934,0.0001,178
2935,0.0001,766
2936,0.0001,820
2937,0.0001,82
2938,0.0001,941
2939,0.0001,3094
2940,0.0001,1493
2941,0.0001,123
2942,0.0001,232
2943,0.0001,157
2944,0.0001,1526
2945,0.0001,2301
2946,0.0001,835
2947,0.0001,1523
2948,0.0001,94
2949,0.0001,1570
2950,0.0001,23
2951,0.0001,923
2952,0.0001,766
2953,0.0001,144
2954,0.0001,708
2955,0.0001,93
2956,0.0001,124
2957,0.0001,77
2958,0.0001,171
2959,0.0001,841
2960,0.0001,4288
2961,0.0001,1024
2962,0.0001,31
2963,0.0001,4347
2964,0.0001,47
2965,0.0001,63
2966,0.0001,758
2967,0.0001,2765
2968,0.0001,82
2969,0.0001,279
2970,0.0001,3196
2971,0.0001,817
2972,0.0001,190
2973,0.0001,70
2974,0.0001,0
2975,0.0001,2460
2976,0.0001,330
2977,0.0001,139
2978,0.0001,156
2979,0.0001,254
2980,0.0001,108
2981,0.0001,131
2982,0.0001,190
2983,0.0001,879
2984,0.0001,308
2985,0.0001,140
2986,0.0001,0
2987,0.0001,47
2988,0.0001,170
2989,0.0001,69
2990,0.0001,874
2991,0.0001,4060
2992,0.0001,802
2993,0.0001,125
2994,0.0001,781
2995,0.0001,941
2996,0.0001,705
2997,0.0001,156
2998,0.0001,62
2999,0.0001,247
3000,0.0001,31
3001,0.0001,373
3002,0.0001,2086
3003,0.0001,131
3004,0.0001,116
3005,0.0001,247
3006,0.0001,720
3007,0.0001,108
3008,0.0001,93
3009,0.0001,999
3010,0.0001,1799
3011,0.0001,1391
3012,0.0001,1333
3013,0.0001,226
3014,0.0001,0
3015,0.0001,0
3016,0.0001,1461
3017,0.0001,191
3018,0.0001,928
3019,0.0001,2754
3020,0.0001,1301
3021,0.0001,180
3022,0.0001,139
3023,0.0001,116
3024,0.0001,185
3025,0.0001,824
3026,0.0001,159
3027,0.0001,54
3028,0.0001,62
3029,0.0001,1282
3030,0.0001,78
3031,0.0001,175
3032,0.0001,107
3033,0.0001,830
3034,0.0001,1508
3035,0.0001,645
3036,0.0001,2277
3037,0.0001,62
3038,0.0001,1879
3039,0.0001,62
3040,0.0001,944
3041,0.0001,185
3042,0.0001,886
3043,0.0001,1006
3044,0.0001,971
3045,0.0001,147
3046,0.0001,132
3047,0.0001,78
3048,0.0001,1990
3049,0.0001,900
3050,0.0001,0
3051,0.0001,1650
3052,0.0001,1580
3053,0.0001,23
3054,0.0001,1308
3055,0.0001,845
3056,0.0001,46
3057,0.0001,3413
3058,0.0001,713
3059,0.0001,109
3060,0.0001,897
3061,0.0001,2354
3062,0.0001,46
3063,0.0001,0
3064,0.0001,1682
3065,0.0001,117
3066,0.0001,154
3067,0.0001,1908
3068,0.0001,139
3069,0.0001,79
3070,0.0001,1803
3071,0.0001,78
3072,0.0001,289
3073,0.0001,813
3074,0.0001,185
3075,0.0001,894
3076,0.0001,1524
3077,0.0001,108
3078,0.0001,2108
3079,0.0001,797
3080,0.0001,2411
3081,0.0001,1437
3082,0.0001,149
3083,0.0001,1001
3084,0.0001,221
3085,0.0001,170
3086,0.0001,41
3087,0.0001,124
3088,0.0001,108
3089,0.0001,113
3090,0.0001,198
3091,0.0001,209
3092,0.0001,279
3093,0.0001,31
3094,0.0001,2568
3095,0.0001,2548
3096,0.0001,23
3097,0.0001,1859
3098,0.0001,822
3099,0.0001,154
3100,0.0001,2784
3101,0.0001,63
3102,0.0001,1585
3103,0.0001,102
3104,0.0001,858
3105,0.0001,868
3106,0.0001,252
3107,0.0001,62
3108,0.0001,676
3109,0.0001,62
3110,0.0001,154
3111,0.0001,1551
3112,0.0001,140
3113,0.0001,309
3114,0.0001,154
3115,0.0001,983
3116,0.0001,773
3117,0.0001,234
3118,0.0001,325
3119,0.0001,124
3120,0.0001,3275
3121,0.0001,841
3122,0.0001,64
3123,0.0001,2270
3124,0.0001,1720
3125,0.0001,848
3126,0.0001,31
3127,0.0001,658
3128,0.0001,82
3129,0.0001,936
3130,0.0001,774
3131,0.0001,0
3132,0.0001,62
3133,0.0001,679
3134,0.0001,710
3135,0.0001,101
3136,0.0001,1058
3137,0.0001,1675
3138,0.0001,125
3139,0.0001,1739
3140,0.0001,1664
3141,0.0001,2621
3142,0.0001,3632
3143,0.0001,846
3144,0.0001,186
3145,0.0001,1695
3146,0.0001,0
3147,0.0001,170
3148,0.0001,109
3149,0.0001,1770
3150,0.0001,891
3151,0.0001,983
3152,0.0001,1512
3153,0.0001,227
3154,0.0001,1024
3155,0.0001,793
3156,0.0001,773
3157,0.0001,798
3158,0.0001,31
3159,0.0001,848
3160,0.0001,791
3161,0.0001,62
3162,0.0001,941
3163,0.0001,324
3164,0.0001,109
3165,0.0001,319
3166,0.0001,155
3167,0.0001,769
3168,0.0001,971
3169,0.0001,1688
3170,0.0001,879
3171,0.0001,178
3172,0.0001,243
3173,0.0001,662
3174,0.0001,108
3175,0.0001,1600
3176,0.0001,682
3177,0.0001,31
3178,0.0001,1585
3179,0.0001,225
3180,0.0001,1007
3181,0.0001,224
3182,0.0001,953
3183,0.0001,62
3184,0.0001,878
3185,0.0001,229
3186,0.0001,82
3187,0.0001,871
3188,0.0001,124
3189,0.0001,1217
3190,0.0001,3027
3191,0.0001,178
3192,0.0001,46
3193,0.0001,0
3194,0.0001,2724
3195,0.0001,139
3196,0.0001,2185
3197,0.0001,1905
3198,0.0001,62
3199,0.0001,4829
3200,0.0001,32
3201,0.0001,93
3202,0.0001,0
3203,0.0001,689
3204,0.0001,1534
3205,0.0001,62
3206,0.0001,1495
3207,0.0001,106
3208,0.0001,129
3209,0.0001,78
3210,0.0001,124
3211,0.0001,1475
3212,0.0001,351
3213,0.0001,93
3214,0.0001,413
3215,0.0001,180
3216,0.0001,31
3217,0.0001,233
3218,0.0001,31
3219,0.0001,801
3220,0.0001,1711
3221,0.0001,240
3222,0.0001,310
3223,0.0001,62
3224,0.0001,78
3225,0.0001,5107
3226,0.0001,149
3227,0.0001,171
3228,0.0001,868
3229,0.0001,1021
3230,0.0001,154
3231,0.0001,3698
3232,0.0001,124
3233,0.0001,195
3234,0.0001,255
3235,0.0001,146
3236,0.0001,218
3237,0.0001,912
3238,0.0001,720
3239,0.0001,239
3240,0.0001,881
3241,0.0001,853
3242,0.0001,286
3243,0.0001,77
3244,0.0001,3914
3245,0.0001,77
3246,0.0001,788
3247,0.0001,155
3248,0.0001,856
3249,0.0001,1588
3250,0.0001,4049
3251,0.0001,786
3252,0.0001,1001
3253,0.0001,700
3254,0.0001,799
3255,0.0001,93
3256,0.0001,155
3257,0.0001,216
3258,0.0001,177
3259,0.0001,1670
3260,0.0001,4649
3261,0.0001,892
3262,0.0001,1559
3263,0.0001,982
3264,0.0001,2345
3265,0.0001,1852
3266,0.0001,161
3267,0.0001,947
3268,0.0001,2386
3269,0.0001,78
3270,0.0001,88
3271,0.0001,257
3272,0.0001,185
3273,0.0001,2503
3274,0.0001,113
3275,0.0001,1012
3276,0.0001,1545
3277,0.0001,82
3278,0.0001,841
3279,0.0001,201
3280,0.0001,113
3281,0.0001,1328
3282,0.0001,185
3283,0.0001,262
3284,0.0001,108
3285,0.0001,1733
3286,0.0001,141
3287,0.0001,144
3288,0.0001,306
3289,0.0001,735
3290,0.0001,93
3291,0.0001,5456
3292,0.0001,2562
3293,0.0001,1486
3294,0.0001,1135
3295,0.0001,1413
3296,0.0001,187
3297,0.0001,1163
3298,0.0001,109
3299,0.0001,0
3300,0.0001,852
3301,0.0001,1548
3302,0.0001,842
3303,0.0001,92
3304,0.0001,186
3305,0.0001,177
3306,0.0001,711
3307,0.0001,77
3308,0.0001,0
3309,0.0001,945
3310,0.0001,1189
3311,0.0001,2856
3312,0.0001,774
3313,0.0001,977
3314,0.0001,703
3315,0.0001,2524
3316,0.0001,1706
3317,0.0001,258
3318,0.0001,154
3319,0.0001,860
3320,0.0001,0
3321,0.0001,722
3322,0.0001,2391
3323,0.0001,3579
3324,0.0001,403
3325,0.0001,166
3326,0.0001,1238
3327,0.0001,104
3328,0.0001,923
3329,0.0001,140
3330,0.0001,825
3331,0.0001,46
3332,0.0001,125
3333,0.0001,145
3334,0.0001,2442
3335,0.0001,321
3336,0.0001,32
3337,0.0001,953
3338,0.0001,1000
3339,0.0001,4267
3340,0.0001,777
3341,0.0001,125
3342,0.0001,1132
3343,0.0001,1607
3344,0.0001,976
3345,0.0001,1587
3346,0.0001,804
3347,0.0001,773
3348,0.0001,987
3349,0.0001,3170
3350,0.0001,1583
3351,0.0001,843
3352,0.0001,170
3353,0.0001,239
3354,0.0001,131
3355,0.0001,691
3356,0.0001,62
3357,0.0001,938
3358,0.0001,41
3359,0.0001,101
3360,0.0001,689
3361,0.0001,176
3362,0.0001,965
3363,0.0001,845
3364,0.0001,4032
3365,0.0001,23
3366,0.0001,144
3367,0.0001,3727
3368,0.0001,155
3369,0.0001,62
3370,0.0001,5521
3371,0.0001,356
3372,0.0001,1129
3373,0.0001,176
3374,0.0001,894
3375,0.0001,1500
3376,0.0001,39
3377,0.0001,148
3378,0.0001,3395
3379,0.0001,943
3380,0.0001,2491
3381,0.0001,140
3382,0.0001,1650
3383,0.0001,85
3384,0.0001,320
3385,0.0001,200
3386,0.0001,46
3387,0.0001,193
3388,0.0001,706
3389,0.0001,108
3390,0.0001,1486
3391,0.0001,976
3392,0.0001,0
3393,0.0001,301
3394,0.0001,0
3395,0.0001,1825
3396,0.0001,2656
3397,0.0001,1051
3398,0.0001,124
3399,0.0001,668
3400,0.0001,1644
3401,0.0001,185
3402,0.0001,139
3403,0.0001,186
3404,0.0001,251
3405,0.0001,170
3406,0.0001,170
3407,0.0001,704
3408,0.0001,1452
3409,0.0001,185
3410,0.0001,32
3411,0.0001,1734
3412,0.0001,876
3413,0.0001,226
3414,0.0001,171
3415,0.0001,201
3416,0.0001,200
3417,0.0001,303
3418,0.0001,1035
3419,0.0001,931
3420,0.0001,178
3421,0.0001,221
3422,0.0001,707
3423,0.0001,31
3424,0.0001,232
3425,0.0001,233
3426,0.0001,170
3427,0.0001,154
3428,0.0001,93
3429,0.0001,932
3430,0.0001,100
3431,0.0001,3260
3432,0.0001,1083
3433,0.0001,894
3434,0.0001,103
3435,0.0001,114
3436,0.0001,963
3437,0.0001,221
3438,0.0001,201
3439,0.0001,129
3440,0.0001,406
3441,0.0001,77
3442,0.0001,132
3443,0.0001,108
3444,0.0001,891
3445,0.0001,1702
3446,0.0001,224
3447,0.0001,140
3448,0.0001,899
3449,0.0001,2289
3450,0.0001,148
3451,0.0001,912
3452,0.0001,740
3453,0.0001,233
3454,0.0001,2079
3455,0.0001,3988
3456,0.0001,54
3457,0.0001,874
3458,0.0001,94
3459,0.0001,898
3460,0.0001,217
3461,0.0001,0
3462,0.0001,2336
3463,0.0001,801
3464,0.0001,224
3465,0.0001,945
3466,0.0001,31
3467,0.0001,999
3468,0.0001,1971
3469,0.0001,110
3470,0.0001,837
3471,0.0001,1022
3472,0.0001,160
3473,0.0001,256
3474,0.0001,62
3475,0.0001,2233
3476,0.0001,1444
3477,0.0001,78
3478,0.0001,62
3479,0.0001,218
3480,0.0001,54
3481,0.0001,918
3482,0.0001,2358
3483,0.0001,46
3484,0.0001,146
3485,0.0001,3129
3486,0.0001,94
3487,0.0001,31
3488,0.0001,928
3489,0.0001,0
3490,0.0001,334
3491,0.0001,147
3492,0.0001,47
3493,0.0001,889
3494,0.0001,943
3495,0.0001,812
3496,0.0001,1507
3497,0.0001,220
3498,0.0001,108
3499,0.0001,216
3500,0.0001,2125
3501,0.0001,899
3502,0.0001,1371
3503,0.0001,815
3504,0.0001,923
3505,0.0001,2130
3506,0.0001,4914
3507,0.0001,62
3508,0.0001,2067
3509,0.0001,248
3510,0.0001,696
3511,0.0001,140
3512,0.0001,147
3513,0.0001,62
3514,0.0001,683
3515,0.0001,108
3516,0.0001,131
3517,0.0001,201
3518,0.0001,1492
3519,0.0001,2731
3520,0.0001,972
3521,0.0001,135
3522,0.0001,2248
3523,0.0001,110
3524,0.0001,78
3525,0.0001,3002
3526,0.0001,1737
3527,0.0001,93
3528,0.0001,125
3529,0.0001,139
3530,0.0001,3373
3531,0.0001,1083
3532,0.0001,3490
3533,0.0001,93
3534,0.0001,273
3535,0.0001,1140
3536,0.0001,955
3537,0.0001,155
3538,0.0001,139
3539,0.0001,344
3540,0.0001,784
3541,0.0001,93
3542,0.0001,1716
3543,0.0001,109
3544,0.0001,730
3545,0.0001,145
3546,0.0001,147
3547,0.0001,302
3548,0.0001,854
3549,0.0001,879
3550,0.0001,658
3551,0.0001,177
3552,0.0001,70
3553,0.0001,1646
3554,0.0001,210
3555,0.0001,155
3556,0.0001,23
3557,0.0001,62
3558,0.0001,47
3559,0.0001,82
3560,0.0001,178
3561,0.0001,147
3562,0.0001,620
3563,0.0001,1305
3564,0.0001,70
3565,0.0001,1050
3566,0.0001,119
3567,0.0001,186
3568,0.0001,269
3569,0.0001,752
3570,0.0001,960
3571,0.0001,85
3572,0.0001,956
3573,0.0001,46
3574,0.0001,1606
3575,0.0001,0
3576,0.0001,768
3577,0.0001,758
3578,0.0001,109
3579,0.0001,198
3580,0.0001,1747
3581,0.0001,3398
3582,0.0001,1603
3583,0.0001,2390
3584,0.0001,2288
3585,0.0001,88
3586,0.0001,132
3587,0.0001,160
3588,0.0001,124
3589,0.0001,924
3590,0.0001,130
3591,0.0001,751
3592,0.0001,69
3593,0.0001,109
3594,0.0001,1561
3595,0.0001,232
3596,0.0001,77
3597,0.0001,665
3598,0.0001,838
3599,0.0001,1661
3600,0.0001,169
3601,0.0001,744
3602,0.0001,93
3603,0.0001,889
3604,0.0001,1458
3605,0.0001,954
3606,0.0001,651
3607,0.0001,1072
3608,0.0001,93
3609,0.0001,3072
3610,0.0001,814
3611,0.0001,1584
3612,0.0001,1213
3613,0.0001,202
3614,0.0001,1744
3615,0.0001,898
3616,0.0001,1032
3617,0.0001,62
3618,0.0001,3297
3619,0.0001,110
3620,0.0001,23
3621,0.0001,658
3622,0.0001,0
3623,0.0001,263
3624,0.0001,62
3625,0.0001,1890
3626,0.0001,924
3627,0.0001,155
3628,0.0001,0
3629,0.0001,1443
3630,0.0001,169
3631,0.0001,814
3632,0.0001,775
3633,0.0001,966
3634,0.0001,215
3635,0.0001,940
3636,0.0001,287
3637,0.0001,938
3638,0.0001,170
3639,0.0001,769
3640,0.0001,635
3641,0.0001,0
3642,0.0001,281
3643,0.0001,699
3644,0.0001,908
3645,0.0001,62
3646,0.0001,125
3647,0.0001,131
3648,0.0001,131
3649,0.0001,2110
3650,0.0001,1482
3651,0.0001,152
3652,0.0001,614
3653,0.0001,154
3654,0.0001,78
3655,0.0001,902
3656,0.0001,692
3657,0.0001,1502
3658,0.0001,879
3659,0.0001,979
3660,0.0001,1598
3661,0.0001,77
3662,0.0001,271
3663,0.0001,955
3664,0.0001,125
3665,0.0001,31
3666,0.0001,170
3667,0.0001,236
3668,0.0001,722
3669,0.0001,684
3670,0.0001,3182
3671,0.0001,170
3672,0.0001,86
3673,0.0001,94
3674,0.0001,818
3675,0.0001,787
3676,0.0001,1011
3677,0.0001,193
3678,0.0001,1718
3679,0.0001,850
3680,0.0001,1638
3681,0.0001,186
3682,0.0001,1879
3683,0.0001,31
3684,0.0001,796
3685,0.0001,665
3686,0.0001,928
3687,0.0001,323
3688,0.0001,269
3689,0.0001,734
3690,0.0001,1010
3691,0.0001,778
3692,0.0001,1716
3693,0.0001,62
3694,0.0001,876
3695,0.0001,612
3696,0.0001,848
3697,0.0001,1075
3698,0.0001,2376
3699,0.0001,77
3700,0.0001,817
3701,0.0001,170
3702,0.0001,249
3703,0.0001,1468
3704,0.0001,217
3705,0.0001,175
3706,0.0001,241
3707,0.0001,177
3708,0.0001,5273
3709,0.0001,108
3710,0.0001,211
3711,0.0001,2615
3712,0.0001,271
3713,0.0001,232
3714,0.0001,209
3715,0.0001,2360
3716,0.0001,108
3717,0.0001,2359
3718,0.0001,1534
3719,0.0001,94
3720,0.0001,895
3721,0.0001,83
3722,0.0001,3388
3723,0.0001,813
3724,0.0001,85
3725,0.0001,62
3726,0.0001,1724
3727,0.0001,0
3728,0.0001,46
3729,0.0001,83
3730,0.0001,77
3731,0.0001,883
3732,0.0001,156
3733,0.0001,139
3734,0.0001,973
3735,0.0001,938
3736,0.0001,308
3737,0.0001,3100
3738,0.0001,239
3739,0.0001,185
3740,0.0001,170
3741,0.0001,178
3742,0.0001,817
3743,0.0001,200
3744,0.0001,724
3745,0.0001,1677
3746,0.0001,108
3747,0.0001,922
3748,0.0001,62
3749,0.0001,912
3750,0.0001,73
3751,0.0001,1732
3752,0.0001,2573
3753,0.0001,145
3754,0.0001,108
3755,0.0001,229
3756,0.0001,793
3757,0.0001,1589
3758,0.0001,0
3759,0.0001,927
3760,0.0001,0
3761,0.0001,803
3762,0.0001,82
3763,0.0001,62
3764,0.0001,154
3765,0.0001,54
3766,0.0001,140
3767,0.0001,2497
3768,0.0001,3139
3769,0.0001,927
3770,0.0001,841
3771,0.0001,4269
3772,0.0001,63
3773,0.0001,943
3774,0.0001,109
3775,0.0001,158
3776,0.0001,2048
3777,0.0001,156
3778,0.0001,1554
3779,0.0001,93
3780,0.0001,3646
3781,0.0001,719
3782,0.0001,1119
3783,0.0001,786
3784,0.0001,722
3785,0.0001,78
3786,0.0001,242
3787,0.0001,4176
3788,0.0001,217
3789,0.0001,799
3790,0.0001,1705
3791,0.0001,1266
3792,0.0001,206
3793,0.0001,1550
3794,0.0001,92
3795,0.0001,3300
3796,0.0001,674
3797,0.0001,694
3798,0.0001,109
3799,0.0001,1489
3800,0.0001,944
3801,0.0001,124
3802,0.0001,108
3803,0.0001,807
3804,0.0001,791
3805,0.0001,860
3806,0.0001,966
3807,0.0001,862
3808,0.0001,94
3809,0.0001,163
3810,0.0001,183
3811,0.0001,2538
3812,0.0001,2338
3813,0.0001,724
3814,0.0001,165
3815,0.0001,676
3816,0.0001,0
3817,0.0001,1054
3818,0.0001,0
3819,0.0001,155
3820,0.0001,2203
3821,0.0001,2414
3822,0.0001,3178
3823,0.0001,1065
3824,0.0001,1501
3825,0.0001,965
3826,0.0001,123
3827,0.0001,662
3828,0.0001,1602
3829,0.0001,128
3830,0.0001,1519
3831,0.0001,115
3832,0.0001,1224
3833,0.0001,1570
3834,0.0001,233
3835,0.0001,62
3836,0.0001,1021
3837,0.0001,175
3838,0.0001,144
3839,0.0001,958
3840,0.0001,109
3841,0.0001,1491
3842,0.0001,741
3843,0.0001,786
3844,0.0001,171
3845,0.0001,854
3846,0.0001,139
3847,0.0001,784
3848,0.0001,748
3849,0.0001,783
3850,0.0001,47
3851,0.0001,1702
3852,0.0001,2294
3853,0.0001,176
3854,0.0001,1926
3855,0.0001,907
3856,0.0001,855
3857,0.0001,1017
3858,0.0001,1504
3859,0.0001,113
3860,0.0001,139
3861,0.0001,39
3862,0.0001,742
3863,0.0001,256
3864,0.0001,123
3865,0.0001,108
3866,0.0001,938
3867,0.0001,928
3868,0.0001,202
3869,0.0001,172
3870,0.0001,124
3871,0.0001,123
3872,0.0001,1187
3873,0.0001,53
3874,0.0001,212
3875,0.0001,1496
3876,0.0001,0
3877,0.0001,182
3878,0.0001,917
3879,0.0001,162
3880,0.0001,1999
3881,0.0001,194
3882,0.0001,766
3883,0.0001,3899
3884,0.0001,778
3885,0.0001,2553
3886,0.0001,1524
3887,0.0001,124
3888,0.0001,109
3889,0.0001,953
3890,0.0001,237
3891,0.0001,93
3892,0.0001,896
3893,0.0001,169
3894,0.0001,206
3895,0.0001,46
3896,0.0001,2984
3897,0.0001,124
3898,0.0001,109
3899,0.0001,1762
3900,0.0001,239
3901,0.0001,1000
3902,0.0001,1634
3903,0.0001,839
3904,0.0001,46
3905,0.0001,62
3906,0.0001,851
3907,0.0001,185
3908,0.0001,106
3909,0.0001,86
3910,0.0001,840
3911,0.0001,47
3912,0.0001,925
3913,0.0001,830
3914,0.0001,618
3915,0.0001,877
3916,0.0001,83
3917,0.0001,124
3918,0.0001,1025
3919,0.0001,2286
3920,0.0001,47
3921,0.0001,78
3922,0.0001,334
3923,0.0001,140
3924,0.0001,1946
3925,0.0001,211
3926,0.0001,268
3927,0.0001,794
3928,0.0001,1724
3929,0.0001,47
3930,0.0001,693
3931,0.0001,752
3932,0.0001,682
3933,0.0001,188
3934,0.0001,63
3935,0.0001,1737
3936,0.0001,878
3937,0.0001,743
3938,0.0001,123
3939,0.0001,331
3940,0.0001,860
3941,0.0001,186
3942,0.0001,62
3943,0.0001,966
3944,0.0001,831
3945,0.0001,768
3946,0.0001,4623
3947,0.0001,896
3948,0.0001,1539
3949,0.0001,344
3950,0.0001,1605
3951,0.0001,92
3952,0.0001,1270
3953,0.0001,1454
3954,0.0001,0
3955,0.0001,108
3956,0.0001,676
3957,0.0001,891
3958,0.0001,803
3959,0.0001,186
3960,0.0001,131
3961,0.0001,3957
3962,0.0001,837
3963,0.0001,963
3964,0.0001,3667
3965,0.0001,175
3966,0.0001,1388
3967,0.0001,220
3968,0.0001,741
3969,0.0001,267
3970,0.0001,728
3971,0.0001,744
3972,0.0001,161
3973,0.0001,0
3974,0.0001,146
3975,0.0001,1905
3976,0.0001,1119
3977,0.0001,830
3978,0.0001,966
3979,0.0001,1411
3980,0.0001,1325
3981,0.0001,124
3982,0.0001,4774
3983,0.0001,845
3984,0.0001,92
3985,0.0001,235
3986,0.0001,832
3987,0.0001,711
3988,0.0001,62
3989,0.0001,176
3990,0.0001,255
3991,0.0001,736
3992,0.0001,114
3993,0.0001,140
3994,0.0001,109
3995,0.0001,1580
3996,0.0001,1577
3997,0.0001,1003
3998,0.0001,2579
3999,0.0001,93
4000,0.0001,221
4001,0.0001,640
4002,0.0001,62
4003,0.0001,62
4004,0.0001,753
4005,0.0001,714
4006,0.0001,6491
4007,0.0001,155
4008,0.0001,1308
4009,0.0001,823
4010,0.0001,186
4011,0.0001,231
4012,0.0001,1602
4013,0.0001,247
4014,0.0001,128
4015,0.0001,162
4016,0.0001,255
4017,0.0001,822
4018,0.0001,197
4019,0.0001,2379
4020,0.0001,239
4021,0.0001,1667
4022,0.0001,812
4023,0.0001,47
4024,0.0001,77
4025,0.0001,850
4026,0.0001,93
4027,0.0001,100
4028,0.0001,676
4029,0.0001,109
4030,0.0001,144
4031,0.0001,249
4032,0.0001,2399
4033,0.0001,992
4034,0.0001,1186
4035,0.0001,270
4036,0.0001,31
4037,0.0001,349
4038,0.0001,838
4039,0.0001,2477
4040,0.0001,141
4041,0.0001,262
4042,0.0001,832
4043,0.0001,47
4044,0.0001,1012
4045,0.0001,3998
4046,0.0001,1613
4047,0.0001,186
4048,0.0001,743
4049,0.0001,662
4050,0.0001,1523
4051,0.0001,1401
4052,0.0001,3916
4053,0.0001,720
4054,0.0001,111
4055,0.0001,93
4056,0.0001,108
4057,0.0001,125
4058,0.0001,932
4059,0.0001,1830
4060,0.0001,814
4061,0.0001,216
4062,0.0001,32
4063,0.0001,109
4064,0.0001,139
4065,0.0001,1475
4066,0.0001,165
4067,0.0001,319
4068,0.0001,170
4069,0.0001,1498
4070,0.0001,1217
4071,0.0001,1732
4072,0.0001,125
4073,0.0001,149
4074,0.0001,1177
4075,0.0001,1460
4076,0.0001,62
4077,0.0001,186
4078,0.0001,1046
4079,0.0001,16
4080,0.0001,1223
4081,0.0001,2884
4082,0.0001,1762
4083,0.0001,62
4084,0.0001,1691
4085,0.0001,105
4086,0.0001,156
4087,0.0001,62
4088,0.0001,85
4089,0.0001,2368
4090,0.0001,0
4091,0.0001,984
4092,0.0001,108
4093,0.0001,649
4094,0.0001,3224
4095,0.0001,2263
4096,0.0001,77
4097,0.0001,2477
4098,0.0001,185
4099,0.0001,229
4100,0.0001,1479
4101,0.0001,876
4102,0.0001,848
4103,0.0001,1670
4104,0.0001,123
4105,0.0001,2725
4106,0.0001,124
4107,0.0001,1534
4108,0.0001,1561
4109,0.0001,194
4110,0.0001,873
4111,0.0001,54
4112,0.0001,109
4113,0.0001,31
4114,0.0001,62
4115,0.0001,1015
4116,0.0001,0
4117,0.0001,95
4118,0.0001,220
4119,0.0001,347
4120,0.0001,1497
4121,0.0001,16
4122,0.0001,77
4123,0.0001,1024
4124,0.0001,54
4125,0.0001,791
4126,0.0001,404
4127,0.0001,70
4128,0.0001,77
4129,0.0001,31
4130,0.0001,3320
4131,0.0001,796
4132,0.0001,1002
4133,0.0001,1711
4134,0.0001,1573
4135,0.0001,108
4136,0.0001,1633
4137,0.0001,1388
4138,0.0001,721
4139,0.0001,768
4140,0.0001,873
4141,0.0001,47
4142,0.0001,171
4143,0.0001,109
4144,0.0001,127
4145,0.0001,139
4146,0.0001,64
4147,0.0001,2943
4148,0.0001,2344
4149,0.0001,181
4150,0.0001,108
4151,0.0001,795
4152,0.0001,2420
4153,0.0001,1545
4154,0.0001,31
4155,0.0001,186
4156,0.0001,904
4157,0.0001,643
4158,0.0001,117
4159,0.0001,46
4160,0.0001,1695
4161,0.0001,178
4162,0.0001,934
4163,0.0001,222
4164,0.0001,844
4165,0.0001,3093
4166,0.0001,270
4167,0.0001,93
4168,0.0001,2378
4169,0.0001,78
4170,0.0001,808
4171,0.0001,760
4172,0.0001,1036
4173,0.0001,5513
4174,0.0001,753
4175,0.0001,0
4176,0.0001,77
4177,0.0001,255
4178,0.0001,853
4179,0.0001,39
4180,0.0001,16
4181,0.0001,154
4182,0.0001,268
4183,0.0001,2102
4184,0.0001,182
4185,0.0001,0
4186,0.0001,634
4187,0.0001,1042
4188,0.0001,62
4189,0.0001,968
4190,0.0001,1945
4191,0.0001,836
4192,0.0001,782
4193,0.0001,119
4194,0.0001,1427
4195,0.0001,143
4196,0.0001,185
4197,0.0001,930
4198,0.0001,154
4199,0.0001,79
4200,0.0001,1118
4201,0.0001,881
4202,0.0001,201
4203,0.0001,171
4204,0.0001,146
4205,0.0001,31
4206,0.0001,77
4207,0.0001,1528
4208,0.0001,279
4209,0.0001,2428
4210,0.0001,139
4211,0.0001,1264
4212,0.0001,924
4213,0.0001,0
4214,0.0001,884
4215,0.0001,191
4216,0.0001,3735
4217,0.0001,241
4218,0.0001,170
4219,0.0001,1784
4220,0.0001,152
4221,0.0001,1100
4222,0.0001,1424
4223,0.0001,1637
4224,0.0001,3514
4225,0.0001,209
4226,0.0001,1486
4227,0.0001,0
4228,0.0001,866
4229,0.0001,46
4230,0.0001,31
4231,0.0001,170
4232,0.0001,1473
4233,0.0001,1767
4234,0.0001,940
4235,0.0001,1833
4236,0.0001,748
4237,0.0001,917
4238,0.0001,16
4239,0.0001,809
4240,0.0001,42
4241,0.0001,938
4242,0.0001,267
4243,0.0001,1713
4244,0.0001,0
4245,0.0001,0
4246,0.0001,724
4247,0.0001,1084
4248,0.0001,277
4249,0.0001,180
4250,0.0001,62
4251,0.0001,70
4252,0.0001,984
4253,0.0001,1631
4254,0.0001,178
4255,0.0001,125
4256,0.0001,956
4257,0.0001,280
4258,0.0001,84
4259,0.0001,154
4260,0.0001,732
4261,0.0001,940
4262,0.0001,93
4263,0.0001,140
4264,0.0001,2598
4265,0.0001,145
4266,0.0001,1601
4267,0.0001,1609
4268,0.0001,2725
4269,0.0001,203
4270,0.0001,167
4271,0.0001,52
4272,0.0001,140
4273,0.0001,1671
4274,0.0001,666
4275,0.0001,62
4276,0.0001,93
4277,0.0001,258
4278,0.0001,174
4279,0.0001,742
4280,0.0001,280
4281,0.0001,0
4282,0.0001,697
4283,0.0001,1843
4284,0.0001,853
4285,0.0001,994
4286,0.0001,62
4287,0.0001,2320
4288,0.0001,0
4289,0.0001,195
4290,0.0001,863
4291,0.0001,1608
4292,0.0001,844
4293,0.0001,755
4294,0.0001,254
4295,0.0001,872
4296,0.0001,4330
4297,0.0001,1721
4298,0.0001,1031
4299,0.0001,842
4300,0.0001,2556
4301,0.0001,1069
4302,0.0001,193
4303,0.0001,155
4304,0.0001,3221
4305,0.0001,177
4306,0.0001,1649
4307,0.0001,311
4308,0.0001,181
4309,0.0001,3672
4310,0.0001,1803
4311,0.0001,823
4312,0.0001,16
4313,0.0001,78
4314,0.0001,1790
4315,0.0001,726
4316,0.0001,660
4317,0.0001,125
4318,0.0001,1607
4319,0.0001,710
4320,0.0001,177
4321,0.0001,1428
4322,0.0001,129
4323,0.0001,860
4324,0.0001,993
4325,0.0001,2453
4326,0.0001,863
4327,0.0001,47
4328,0.0001,1403
4329,0.0001,714
4330,0.0001,832
4331,0.0001,840
4332,0.0001,131
4333,0.0001,109
4334,0.0001,882
4335,0.0001,47
4336,0.0001,974
4337,0.0001,680
4338,0.0001,31
4339,0.0001,123
4340,0.0001,690
4341,0.0001,932
4342,0.0001,165
4343,0.0001,910
4344,0.0001,154
4345,0.0001,78
4346,0.0001,109
4347,0.0001,1349
4348,0.0001,23
4349,0.0001,614
4350,0.0001,93
4351,0.0001,1083
4352,0.0001,1470
4353,0.0001,62
4354,0.0001,2313
4355,0.0001,203
4356,0.0001,1006
4357,0.0001,252
4358,0.0001,860
4359,0.0001,93
4360,0.0001,219
4361,0.0001,1563
4362,0.0001,836
4363,0.0001,62
4364,0.0001,1658
4365,0.0001,412
4366,0.0001,92
4367,0.0001,915
4368,0.0001,123
4369,0.0001,203
4370,0.0001,139
4371,0.0001,643
4372,0.0001,200
4373,0.0001,77
4374,0.0001,52
4375,0.0001,1008
4376,0.0001,864
4377,0.0001,156
4378,0.0001,848
4379,0.0001,31
4380,0.0001,92
4381,0.0001,838
4382,0.0001,47
4383,0.0001,78
4384,0.0001,1007
4385,0.0001,975
4386,0.0001,723
4387,0.0001,111
4388,0.0001,140
4389,0.0001,2210
4390,0.0001,775
4391,0.0001,31
4392,0.0001,1031
4393,0.0001,2406
4394,0.0001,907
4395,0.0001,0
4396,0.0001,0
4397,0.0001,1171
4398,0.0001,219
4399,0.0001,798
4400,0.0001,3129
4401,0.0001,930
4402,0.0001,789
4403,0.0001,885
4404,0.0001,1649
4405,0.0001,241
4406,0.0001,118
4407,0.0001,2512
4408,0.0001,866
4409,0.0001,108
4410,0.0001,108
4411,0.0001,880
4412,0.0001,31
4413,0.0001,54
4414,0.0001,47
4415,0.0001,47
4416,0.0001,101
4417,0.0001,108
4418,0.0001,154
4419,0.0001,77
4420,0.0001,0
4421,0.0001,732
4422,0.0001,239
4423,0.0001,234
4424,0.0001,217
4425,0.0001,179
4426,0.0001,62
4427,0.0001,1020
4428,0.0001,0
4429,0.0001,886
4430,0.0001,3744
4431,0.0001,139
4432,0.0001,188
4433,0.0001,612
4434,0.0001,71
4435,0.0001,802
4436,0.0001,201
4437,0.0001,1556
4438,0.0001,846
4439,0.0001,177
4440,0.0001,62
4441,0.0001,1521
4442,0.0001,77
4443,0.0001,4262
4444,0.0001,239
4445,0.0001,225
4446,0.0001,2370
4447,0.0001,93
4448,0.0001,147
4449,0.0001,109
4450,0.0001,248
4451,0.0001,16
4452,0.0001,1547
4453,0.0001,78
4454,0.0001,1683
4455,0.0001,92
4456,0.0001,139
4457,0.0001,1629
4458,0.0001,823
4459,0.0001,992
4460,0.0001,92
4461,0.0001,668
4462,0.0001,144
4463,0.0001,1007
4464,0.0001,102
4465,0.0001,210
4466,0.0001,1312
4467,0.0001,123
4468,0.0001,1187
4469,0.0001,770
4470,0.0001,925
4471,0.0001,98
4472,0.0001,173
4473,0.0001,908
4474,0.0001,54
4475,0.0001,3887
4476,0.0001,3224
4477,0.0001,2398
4478,0.0001,252
4479,0.0001,128
4480,0.0001,748
4481,0.0001,69
4482,0.0001,1332
4483,0.0001,1502
4484,0.0001,773
4485,0.0001,1209
4486,0.0001,2614
4487,0.0001,55
4488,0.0001,93
4489,0.0001,1002
4490,0.0001,1026
4491,0.0001,201
4492,0.0001,863
4493,0.0001,155
4494,0.0001,2359
4495,0.0001,62
4496,0.0001,233
4497,0.0001,1670
4498,0.0001,337
4499,0.0001,246
4500,0.0001,92
4501,0.0001,949
4502,0.0001,116
4503,0.0001,123
4504,0.0001,191
4505,0.0001,887
4506,0.0001,915
4507,0.0001,110
4508,0.0001,31
4509,0.0001,1733
4510,0.0001,132
4511,0.0001,185
4512,0.0001,109
4513,0.0001,1607
4514,0.0001,31
4515,0.0001,1072
4516,0.0001,1815
4517,0.0001,108
4518,0.0001,31
4519,0.0001,1674
4520,0.0001,1565
4521,0.0001,62
4522,0.0001,55
4523,0.0001,1527
4524,0.0001,139
4525,0.0001,46
4526,0.0001,82
4527,0.0001,1023
4528,0.0001,155
4529,0.0001,156
4530,0.0001,2461
4531,0.0001,948
4532,0.0001,125
4533,0.0001,284
4534,0.0001,803
4535,0.0001,849
4536,0.0001,916
4537,0.0001,1688
4538,0.0001,160
4539,0.0001,877
4540,0.0001,54
4541,0.0001,1068
4542,0.0001,193
4543,0.0001,346
4544,0.0001,3664
4545,0.0001,1886
4546,0.0001,3191
4547,0.0001,78
4548,0.0001,170
4549,0.0001,46
4550,0.0001,0
4551,0.0001,2325
4552,0.0001,822
4553,0.0001,108
4554,0.0001,803
4555,0.0001,276
4556,0.0001,129
4557,0.0001,0
4558,0.0001,885
4559,0.0001,695
4560,0.0001,228
4561,0.0001,1505
4562,0.0001,133
4563,0.0001,3968
4564,0.0001,927
4565,0.0001,205
4566,0.0001,3385
4567,0.0001,169
4568,0.0001,2381
4569,0.0001,108
4570,0.0001,123
4571,0.0001,255
4572,0.0001,697
4573,0.0001,172
4574,0.0001,1788
4575,0.0001,955
4576,0.0001,756
4577,0.0001,1590
4578,0.0001,1534
4579,0.0001,247
4580,0.0001,4018
4581,0.0001,3503
4582,0.0001,649
4583,0.0001,740
4584,0.0001,751
4585,0.0001,1841
4586,0.0001,740
4587,0.0001,1629
4588,0.0001,211
4589,0.0001,1810
4590,0.0001,171
4591,0.0001,146
4592,0.0001,46
4593,0.0001,777
4594,0.0001,46
4595,0.0001,62
4596,0.0001,0
4597,0.0001,0
4598,0.0001,1768
4599,0.0001,956
4600,0.0001,116
4601,0.0001,223
4602,0.0001,822
4603,0.0001,861
4604,0.0001,158
4605,0.0001,2612
4606,0.0001,863
4607,0.0001,832
4608,0.0001,804
4609,0.0001,70
4610,0.0001,78
4611,0.0001,190
4612,0.0001,62
4613,0.0001,169
4614,0.0001,1074
4615,0.0001,845
4616,0.0001,907
4617,0.0001,956
4618,0.0001,93
4619,0.0001,154
4620,0.0001,155
4621,0.0001,77
4622,0.0001,124
4623,0.0001,79
4624,0.0001,200
4625,0.0001,4621
4626,0.0001,62
4627,0.0001,23
4628,0.0001,46
4629,0.0001,736
4630,0.0001,1551
4631,0.0001,93
4632,0.0001,62
4633,0.0001,154
4634,0.0001,1669
4635,0.0001,714
4636,0.0001,833
4637,0.0001,1695
4638,0.0001,1944
4639,0.0001,1503
4640,0.0001,197
4641,0.0001,1220
4642,0.0001,83
4643,0.0001,3221
4644,0.0001,124
4645,0.0001,0
4646,0.0001,933
4647,0.0001,123
4648,0.0001,145
4649,0.0001,1430
4650,0.0001,1907
4651,0.0001,848
4652,0.0001,77
4653,0.0001,93
4654,0.0001,108
4655,0.0001,1536
4656,0.0001,835
4657,0.0001,108
4658,0.0001,134
4659,0.0001,886
4660,0.0001,1752
4661,0.0001,186
4662,0.0001,2481
4663,0.0001,1366
4664,0.0001,178
4665,0.0001,92
4666,0.0001,1227
4667,0.0001,812
4668,0.0001,208
4669,0.0001,4015
4670,0.0001,124
4671,0.0001,0
4672,0.0001,93
4673,0.0001,909
4674,0.0001,77
4675,0.0001,31
4676,0.0001,1193
4677,0.0001,729
4678,0.0001,178
4679,0.0001,84
4680,0.0001,31
4681,0.0001,1476
4682,0.0001,47
4683,0.0001,208
4684,0.0001,130
4685,0.0001,124
4686,0.0001,249
4687,0.0001,123
4688,0.0001,62
4689,0.0001,208
4690,0.0001,1486
4691,0.0001,796
4692,0.0001,93
4693,0.0001,248
4694,0.0001,1767
4695,0.0001,805
4696,0.0001,54
4697,0.0001,23
4698,0.0001,2548
4699,0.0001,4844
4700,0.0001,1647
4701,0.0001,90
4702,0.0001,109
4703,0.0001,904
4704,0.0001,871
4705,0.0001,47
4706,0.0001,232
4707,0.0001,791
4708,0.0001,2376
4709,0.0001,0
4710,0.0001,1070
4711,0.0001,216
4712,0.0001,775
4713,0.0001,224
4714,0.0001,2129
4715,0.0001,23
4716,0.0001,960
4717,0.0001,757
4718,0.0001,1800
4719,0.0001,207
4720,0.0001,614
4721,0.0001,922
4722,0.0001,3173
4723,0.0001,186
4724,0.0001,3759
4725,0.0001,839
4726,0.0001,108
4727,0.0001,984
4728,0.0001,864
4729,0.0001,0
4730,0.0001,168
4731,0.0001,1557
4732,0.0001,3176
4733,0.0001,1530
4734,0.0001,1442
4735,0.0001,93
4736,0.0001,155
4737,0.0001,1618
4738,0.0001,643
4739,0.0001,1646
4740,0.0001,0
4741,0.0001,1589
4742,0.0001,304
4743,0.0001,127
4744,0.0001,848
4745,0.0001,181
4746,0.0001,288
4747,0.0001,124
4748,0.0001,1163
4749,0.0001,1309
4750,0.0001,139
4751,0.0001,1485
4752,0.0001,1749
4753,0.0001,186
4754,0.0001,802
4755,0.0001,4037
4756,0.0001,2405
4757,0.0001,3203
4758,0.0001,159
4759,0.0001,141
4760,0.0001,103
4761,0.0001,2403
4762,0.0001,1711
4763,0.0001,179
4764,0.0001,827
4765,0.0001,1895
4766,0.0001,1915
4767,0.0001,758
4768,0.0001,242
4769,0.0001,124
4770,0.0001,94
4771,0.0001,882
4772,0.0001,3188
4773,0.0001,799
4774,0.0001,77
4775,0.0001,1508
4776,0.0001,878
4777,0.0001,730
4778,0.0001,257
4779,0.0001,721
4780,0.0001,2432
4781,0.0001,205
4782,0.0001,201
4783,0.0001,77
4784,0.0001,867
4785,0.0001,93
4786,0.0001,836
4787,0.0001,2222
4788,0.0001,185
4789,0.0001,216
4790,0.0001,2464
4791,0.0001,31
4792,0.0001,175
4793,0.0001,1590
4794,0.0001,273
4795,0.0001,2095
4796,0.0001,1401
4797,0.0001,2212
4798,0.0001,1682
4799,0.0001,821
4800,0.0001,1573
4801,0.0001,108
4802,0.0001,229
4803,0.0001,109
4804,0.0001,881
4805,0.0001,2949
4806,0.0001,187
4807,0.0001,78
4808,0.0001,1667
4809,0.0001,1170
4810,0.0001,832
4811,0.0001,878
4812,0.0001,31
4813,0.0001,0
4814,0.0001,85
4815,0.0001,1627
4816,0.0001,62
4817,0.0001,2427
4818,0.0001,4056
4819,0.0001,178
4820,0.0001,231
4821,0.0001,47
4822,0.0001,146
4823,0.0001,920
4824,0.0001,660
4825,0.0001,46
4826,0.0001,94
4827,0.0001,171
4828,0.0001,1364
4829,0.0001,858
4830,0.0001,213
4831,0.0001,1792
4832,0.0001,93
4833,0.0001,3208
4834,0.0001,3182
4835,0.0001,1492
4836,0.0001,1417
4837,0.0001,720
4838,0.0001,108
4839,0.0001,643
4840,0.0001,805
4841,0.0001,885
4842,0.0001,799
4843,0.0001,858
4844,0.0001,847
4845,0.0001,154
4846,0.0001,2984
4847,0.0001,1010
4848,0.0001,1878
4849,0.0001,287
4850,0.0001,1137
4851,0.0001,116
4852,0.0001,108
4853,0.0001,977
4854,0.0001,876
4855,0.0001,497
4856,0.0001,1283
4857,0.0001,2119
4858,0.0001,116
4859,0.0001,686
4860,0.0001,908
4861,0.0001,690
4862,0.0001,185
4863,0.0001,295
4864,0.0001,162
4865,0.0001,1500
4866,0.0001,2266
4867,0.0001,253
4868,0.0001,925
4869,0.0001,863
4870,0.0001,208
4871,0.0001,908
4872,0.0001,39
4873,0.0001,984
4874,0.0001,123
4875,0.0001,103
4876,0.0001,1730
4877,0.0001,0
4878,0.0001,116
4879,0.0001,912
4880,0.0001,123
4881,0.0001,303
4882,0.0001,47
4883,0.0001,93
4884,0.0001,804
4885,0.0001,2801
4886,0.0001,152
4887,0.0001,252
4888,0.0001,1472
4889,0.0001,191
4890,0.0001,129
4891,0.0001,1492
4892,0.0001,1019
4893,0.0001,933
4894,0.0001,815
4895,0.0001,103
4896,0.0001,188
4897,0.0001,62
4898,0.0001,935
4899,0.0001,0
4900,0.0001,0
4901,0.0001,208
4902,0.0001,215
4903,0.0001,146
4904,0.0001,77
4905,0.0001,992
4906,0.0001,2273
4907,0.0001,711
4908,0.0001,996
4909,0.0001,1592
4910,0.0001,737
4911,0.0001,129
4912,0.0001,1554
4913,0.0001,1757
4914,0.0001,134
4915,0.0001,31
4916,0.0001,193
4917,0.0001,93
4918,0.0001,170
4919,0.0001,1102
4920,0.0001,154
4921,0.0001,920
4922,0.0001,139
4923,0.0001,3045
4924,0.0001,202
4925,0.0001,31
4926,0.0001,3846
4927,0.0001,47
4928,0.0001,1102
4929,0.0001,791
4930,0.0001,1360
4931,0.0001,16
4932,0.0001,1480
4933,0.0001,295
4934,0.0001,4064
4935,0.0001,178
4936,0.0001,784
4937,0.0001,31
4938,0.0001,46
4939,0.0001,211
4940,0.0001,1707
4941,0.0001,85
4942,0.0001,3211
4943,0.0001,201
4944,0.0001,173
4945,0.0001,103
4946,0.0001,70
4947,0.0001,157
4948,0.0001,866
4949,0.0001,216
4950,0.0001,123
4951,0.0001,2368
4952,0.0001,46
4953,0.0001,190
4954,0.0001,1560
4955,0.0001,878
4956,0.0001,216
4957,0.0001,47
4958,0.0001,62
4959,0.0001,155
4960,0.0001,222
4961,0.0001,133
4962,0.0001,738
4963,0.0001,201
4964,0.0001,194
4965,0.0001,903
4966,0.0001,218
4967,0.0001,77
4968,0.0001,1321
4969,0.0001,62
4970,0.0001,742
4971,0.0001,1055
4972,0.0001,147
4973,0.0001,86
4974,0.0001,23
4975,0.0001,92
4976,0.0001,3613
4977,0.0001,891
4978,0.0001,126
4979,0.0001,772
4980,0.0001,1125
4981,0.0001,186
4982,0.0001,823
4983,0.0001,92
4984,0.0001,2274
4985,0.0001,181
4986,0.0001,1069
4987,0.0001,2370
4988,0.0001,369
4989,0.0001,163
4990,0.0001,3540
4991,0.0001,139
4992,0.0001,892
4993,0.0001,171
4994,0.0001,893
4995,0.0001,342
4996,0.0001,231
4997,0.0001,1689
4998,0.0001,161
4999,0.0001,129
5000,0.0001,907
5001,0.0001,859
5002,0.0001,1606
5003,0.0001,146
5004,0.0001,896
5005,0.0001,93
5006,0.0001,1638
5007,0.0001,930
5008,0.0001,838
5009,0.0001,2440
5010,0.0001,4799
5011,0.0001,753
5012,0.0001,111
5013,0.0001,275
5014,0.0001,0
5015,0.0001,1575
5016,0.0001,1031
5017,0.0001,737
5018,0.0001,70
5019,0.0001,247
5020,0.0001,154
5021,0.0001,178
5022,0.0001,3389
5023,0.0001,31
5024,0.0001,633
5025,0.0001,892
5026,0.0001,234
5027,0.0001,154
5028,0.0001,4697
5029,0.0001,2152
5030,0.0001,3670
5031,0.0001,47
5032,0.0001,206
5033,0.0001,155
5034,0.0001,1915
5035,0.0001,876
5036,0.0001,55
5037,0.0001,3347
5038,0.0001,62
5039,0.0001,0
5040,0.0001,1449
5041,0.0001,125
5042,0.0001,838
5043,0.0001,78
5044,0.0001,31
5045,0.0001,745
5046,0.0001,123
5047,0.0001,154
5048,0.0001,943
5049,0.0001,289
5050,0.0001,760
5051,0.0001,892
5052,0.0001,1601
5053,0.0001,3211
5054,0.0001,1229
5055,0.0001,85
5056,0.0001,154
5057,0.0001,32
5058,0.0001,55
5059,0.0001,157
5060,0.0001,0
5061,0.0001,46
5062,0.0001,106
5063,0.0001,152
5064,0.0001,0
5065,0.0001,1031
5066,0.0001,123
5067,0.0001,1024
5068,0.0001,184
5069,0.0001,117
5070,0.0001,0
5071,0.0001,290
5072,0.0001,249
5073,0.0001,3224
5074,0.0001,162
5075,0.0001,62
5076,0.0001,783
5077,0.0001,198
5078,0.0001,144
5079,0.0001,267
5080,0.0001,55
5081,0.0001,62
5082,0.0001,132
5083,0.0001,3932
5084,0.0001,93
5085,0.0001,92
5086,0.0001,200
5087,0.0001,1664
5088,0.0001,925
5089,0.0001,4119
5090,0.0001,103
5091,0.0001,0
5092,0.0001,439
5093,0.0001,52
5094,0.0001,1716
5095,0.0001,217
5096,0.0001,151
5097,0.0001,108
5098,0.0001,62
5099,0.0001,23
5100,0.0001,132
5101,0.0001,126
5102,0.0001,46
5103,0.0001,855
5104,0.0001,216
5105,0.0001,47
5106,0.0001,219
5107,0.0001,1664
5108,0.0001,78
5109,0.0001,700
5110,0.0001,2186
5111,0.0001,129
5112,0.0001,4510
5113,0.0001,204
5114,0.0001,891
5115,0.0001,309
5116,0.0001,2394
5117,0.0001,139
5118,0.0001,3324
5119,0.0001,221
5120,0.0001,1689
5121,0.0001,2194
5122,0.0001,139
5123,0.0001,791
5124,0.0001,1527
5125,0.0001,1427
5126,0.0001,155
5127,0.0001,16
5128,0.0001,1465
5129,0.0001,863
5130,0.0001,0
5131,0.0001,23
5132,0.0001,876
5133,0.0001,985
5134,0.0001,830
5135,0.0001,1056
5136,0.0001,147
5137,0.0001,878
5138,0.0001,2759
5139,0.0001,2112
5140,0.0001,172
5141,0.0001,264
5142,0.0001,763
5143,0.0001,155
5144,0.0001,206
5145,0.0001,148
5146,0.0001,825
5147,0.0001,282
5148,0.0001,201
5149,0.0001,928
5150,0.0001,62
5151,0.0001,48
5152,0.0001,154
5153,0.0001,2751
5154,0.0001,84
5155,0.0001,1380
5156,0.0001,2545
5157,0.0001,141
5158,0.0001,4253
5159,0.0001,128
5160,0.0001,134
5161,0.0001,929
5162,0.0001,247
5163,0.0001,62
5164,0.0001,1641
5165,0.0001,82
5166,0.0001,1489
5167,0.0001,681
5168,0.0001,187
5169,0.0001,2860
5170,0.0001,773
5171,0.0001,2996
5172,0.0001,85
5173,0.0001,768
5174,0.0001,1658
5175,0.0001,147
5176,0.0001,1505
5177,0.0001,3808
5178,0.0001,272
5179,0.0001,822
5180,0.0001,108
5181,0.0001,231
5182,0.0001,876
5183,0.0001,846
5184,0.0001,232
5185,0.0001,108
5186,0.0001,222
5187,0.0001,118
5188,0.0001,1967
5189,0.0001,154
5190,0.0001,16
5191,0.0001,71
5192,0.0001,3267
5193,0.0001,324
5194,0.0001,1465
5195,0.0001,1609
5196,0.0001,16
5197,0.0001,0
5198,0.0001,154
5199,0.0001,1501
5200,0.0001,114
5201,0.0001,1192
5202,0.0001,645
5203,0.0001,113
5204,0.0001,101
5205,0.0001,16
5206,0.0001,3522
5207,0.0001,0
5208,0.0001,1709
5209,0.0001,195
5210,0.0001,2057
5211,0.0001,1063
5212,0.0001,2522
5213,0.0001,201
5214,0.0001,140
5215,0.0001,94
5216,0.0001,718
5217,0.0001,853
5218,0.0001,205
5219,0.0001,258
5220,0.0001,1410
5221,0.0001,645
5222,0.0001,991
5223,0.0001,832
5224,0.0001,47
5225,0.0001,3390
5226,0.0001,1844
5227,0.0001,1424
5228,0.0001,270
5229,0.0001,1560
5230,0.0001,1474
5231,0.0001,110
5232,0.0001,1705
5233,0.0001,1123
5234,0.0001,1070
5235,0.0001,1577
5236,0.0001,922
5237,0.0001,31
5238,0.0001,868
5239,0.0001,46
5240,0.0001,1572
5241,0.0001,973
5242,0.0001,716
5243,0.0001,695
5244,0.0001,171
5245,0.0001,1186
5246,0.0001,971
5247,0.0001,231
5248,0.0001,954
5249,0.0001,619
5250,0.0001,928
5251,0.0001,832
5252,0.0001,113
5253,0.0001,62
5254,0.0001,124
5255,0.0001,841
5256,0.0001,953
5257,0.0001,1086
5258,0.0001,99
5259,0.0001,837
5260,0.0001,871
5261,0.0001,202
5262,0.0001,102
5263,0.0001,370
5264,0.0001,766
5265,0.0001,246
5266,0.0001,108
5267,0.0001,860
5268,0.0001,927
5269,0.0001,3210
5270,0.0001,4842
5271,0.0001,2384
5272,0.0001,108
5273,0.0001,907
5274,0.0001,894
5275,0.0001,0
5276,0.0001,124
5277,0.0001,799
5278,0.0001,944
5279,0.0001,770
5280,0.0001,1080
5281,0.0001,798
5282,0.0001,185
5283,0.0001,753
5284,0.0001,1559
5285,0.0001,23
5286,0.0001,3124
5287,0.0001,145
5288,0.0001,108
5289,0.0001,175
5290,0.0001,863
5291,0.0001,672
5292,0.0001,88
5293,0.0001,62
5294,0.0001,2176
5295,0.0001,786
5296,0.0001,1616
5297,0.0001,1192
5298,0.0001,960
5299,0.0001,3134
5300,0.0001,186
5301,0.0001,78
5302,0.0001,116
5303,0.0001,645
5304,0.0001,765
5305,0.0001,1264
5306,0.0001,1536
5307,0.0001,108
5308,0.0001,0
5309,0.0001,881
5310,0.0001,1237
5311,0.0001,1446
5312,0.0001,62
5313,0.0001,125
5314,0.0001,139
5315,0.0001,2560
5316,0.0001,124
5317,0.0001,1616
5318,0.0001,639
5319,0.0001,175
5320,0.0001,1532
5321,0.0001,109
5322,0.0001,1523
5323,0.0001,2377
5324,0.0001,1587
5325,0.0001,878
5326,0.0001,248
5327,0.0001,145
5328,0.0001,93
5329,0.0001,63
5330,0.0001,93
5331,0.0001,3660
5332,0.0001,108
5333,0.0001,4910
5334,0.0001,291
5335,0.0001,201
5336,0.0001,832
5337,0.0001,735
5338,0.0001,1213
5339,0.0001,93
5340,0.0001,170
5341,0.0001,1520
5342,0.0001,961
5343,0.0001,1606
5344,0.0001,93
5345,0.0001,724
5346,0.0001,2337
5347,0.0001,46
5348,0.0001,639
5349,0.0001,107
5350,0.0001,804
5351,0.0001,4159
5352,0.0001,3490
5353,0.0001,0
5354,0.0001,858
5355,0.0001,218
5356,0.0001,984
5357,0.0001,966
5358,0.0001,372
5359,0.0001,123
5360,0.0001,889
5361,0.0001,855
5362,0.0001,46
5363,0.0001,78
5364,0.0001,936
5365,0.0001,897
5366,0.0001,318
5367,0.0001,859
5368,0.0001,164
5369,0.0001,109
5370,0.0001,125
5371,0.0001,900
5372,0.0001,139
5373,0.0001,978
5374,0.0001,134
5375,0.0001,201
5376,0.0001,186
5377,0.0001,139
5378,0.0001,1027
5379,0.0001,2554
5380,0.0001,108
5381,0.0001,147
5382,0.0001,85
5383,0.0001,2530
5384,0.0001,201
5385,0.0001,62
5386,0.0001,228
5387,0.0001,899
5388,0.0001,982
5389,0.0001,192
5390,0.0001,948
5391,0.0001,1663
5392,0.0001,3173
5393,0.0001,5092
5394,0.0001,819
5395,0.0001,139
5396,0.0001,2466
5397,0.0001,23
5398,0.0001,809
5399,0.0001,63
5400,0.0001,969
5401,0.0001,193
5402,0.0001,1828
5403,0.0001,858
5404,0.0001,5564
5405,0.0001,612
5406,0.0001,1944
5407,0.0001,16
5408,0.0001,927
5409,0.0001,693
5410,0.0001,2287
5411,0.0001,1017
5412,0.0001,131
5413,0.0001,693
5414,0.0001,134
5415,0.0001,200
5416,0.0001,876
5417,0.0001,31
5418,0.0001,635
5419,0.0001,370
5420,0.0001,113
5421,0.0001,881
5422,0.0001,128
5423,0.0001,1020
5424,0.0001,910
5425,0.0001,1154
5426,0.0001,830
5427,0.0001,263
5428,0.0001,1026
5429,0.0001,70
5430,0.0001,79
5431,0.0001,94
5432,0.0001,4788
5433,0.0001,1655
5434,0.0001,2966
5435,0.0001,974
5436,0.0001,910
5437,0.0001,47
5438,0.0001,1645
5439,0.0001,1382
5440,0.0001,678
5441,0.0001,897
5442,0.0001,65
5443,0.0001,1016
5444,0.0001,0
5445,0.0001,3402
5446,0.0001,133
5447,0.0001,234
5448,0.0001,140
5449,0.0001,274
5450,0.0001,927
5451,0.0001,2983
5452,0.0001,815
5453,0.0001,146
5454,0.0001,133
5455,0.0001,1569
5456,0.0001,1642
5457,0.0001,908
5458,0.0001,32
5459,0.0001,162
5460,0.0001,47
5461,0.0001,928
5462,0.0001,912
5463,0.0001,707
5464,0.0001,227
5465,0.0001,46
5466,0.0001,741
5467,0.0001,110
5468,0.0001,140
5469,0.0001,114
5470,0.0001,31
5471,0.0001,926
5472,0.0001,3820
5473,0.0001,162
5474,0.0001,1582
5475,0.0001,1641
5476,0.0001,704
5477,0.0001,2648
5478,0.0001,1127
5479,0.0001,908
5480,0.0001,908
5481,0.0001,1123
5482,0.0001,210
5483,0.0001,113
5484,0.0001,639
5485,0.0001,1628
5486,0.0001,883
5487,0.0001,16
5488,0.0001,77
5489,0.0001,135
5490,0.0001,1689
5491,0.0001,1737
5492,0.0001,2028
5493,0.0001,170
5494,0.0001,0
5495,0.0001,1166
5496,0.0001,1685
5497,0.0001,1674
5498,0.0001,47
5499,0.0001,93
5500,0.0001,62
5501,0.0001,680
5502,0.0001,813
5503,0.0001,3615
5504,0.0001,139
5505,0.0001,1015
5506,0.0001,62
5507,0.0001,124
5508,0.0001,211
5509,0.0001,77
5510,0.0001,1602
5511,0.0001,845
5512,0.0001,992
5513,0.0001,213
5514,0.0001,674
5515,0.0001,784
5516,0.0001,78
5517,0.0001,228
5518,0.0001,830
5519,0.0001,782
5520,0.0001,155
5521,0.0001,853
5522,0.0001,2448
5523,0.0001,194
5524,0.0001,781
5525,0.0001,5458
5526,0.0001,2177
5527,0.0001,226
5528,0.0001,166
5529,0.0001,314
5530,0.0001,124
5531,0.0001,140
5532,0.0001,732
5533,0.0001,200
5534,0.0001,1014
5535,0.0001,186
5536,0.0001,155
5537,0.0001,994
5538,0.0001,1208
5539,0.0001,832
5540,0.0001,772
5541,0.0001,863
5542,0.0001,976
5543,0.0001,92
5544,0.0001,46
5545,0.0001,853
5546,0.0001,1596
5547,0.0001,896
5548,0.0001,154
5549,0.0001,123
5550,0.0001,62
5551,0.0001,1428
5552,0.0001,1691
5553,0.0001,249
5554,0.0001,945
5555,0.0001,861
5556,0.0001,3410
5557,0.0001,2430
5558,0.0001,93
5559,0.0001,263
5560,0.0001,85
5561,0.0001,256
5562,0.0001,1578
5563,0.0001,891
5564,0.0001,766
5565,0.0001,108
5566,0.0001,69
5567,0.0001,62
5568,0.0001,837
5569,0.0001,753
5570,0.0001,924
5571,0.0001,31
5572,0.0001,0
5573,0.0001,109
5574,0.0001,658
5575,0.0001,124
5576,0.0001,810
5577,0.0001,726
5578,0.0001,1920
5579,0.0001,1561
5580,0.0001,894
5581,0.0001,117
5582,0.0001,288
5583,0.0001,1061
5584,0.0001,768
5585,0.0001,131
5586,0.0001,93
5587,0.0001,1701
5588,0.0001,737
5589,0.0001,140
5590,0.0001,1708
5591,0.0001,858
5592,0.0001,139
5593,0.0001,39
5594,0.0001,119
5595,0.0001,236
5596,0.0001,62
5597,0.0001,1649
5598,0.0001,999
5599,0.0001,1656
5600,0.0001,93
5601,0.0001,763
5602,0.0001,182
5603,0.0001,618
5604,0.0001,1650
5605,0.0001,3384
5606,0.0001,288
5607,0.0001,3788
5608,0.0001,201
5609,0.0001,1663
5610,0.0001,1746
5611,0.0001,631
5612,0.0001,1594
5613,0.0001,880
5614,0.0001,845
5615,0.0001,31
5616,0.0001,0
5617,0.0001,1493
5618,0.0001,988
5619,0.0001,157
5620,0.0001,0
5621,0.0001,978
5622,0.0001,786
5623,0.0001,1640
5624,0.0001,78
5625,0.0001,139
5626,0.0001,921
5627,0.0001,190
5628,0.0001,808
5629,0.0001,948
5630,0.0001,674
5631,0.0001,5119
5632,0.0001,193
5633,0.0001,154
5634,0.0001,1736
5635,0.0001,181
5636,0.0001,830
5637,0.0001,123
5638,0.0001,233
5639,0.0001,85
5640,0.0001,907
5641,0.0001,645
5642,0.0001,2275
5643,0.0001,93
5644,0.0001,211
5645,0.0001,0
5646,0.0001,131
5647,0.0001,1528
5648,0.0001,170
5649,0.0001,0
5650,0.0001,863
5651,0.0001,822
5652,0.0001,0
5653,0.0001,1631
5654,0.0001,23
5655,0.0001,704
5656,0.0001,1573
5657,0.0001,3240
5658,0.0001,942
5659,0.0001,1641
5660,0.0001,2214
5661,0.0001,1613
5662,0.0001,1696
5663,0.0001,108
5664,0.0001,3379
5665,0.0001,123
5666,0.0001,1510
5667,0.0001,85
5668,0.0001,194
5669,0.0001,891
5670,0.0001,124
5671,0.0001,0
5672,0.0001,0
5673,0.0001,711
5674,0.0001,124
5675,0.0001,1252
5676,0.0001,32
5677,0.0001,674
5678,0.0001,1972
5679,0.0001,2404
5680,0.0001,953
5681,0.0001,78
5682,0.0001,884
5683,0.0001,154
5684,0.0001,170
5685,0.0001,247
5686,0.0001,660
5687,0.0001,681
5688,0.0001,1105
5689,0.0001,3109
5690,0.0001,258
5691,0.0001,93
5692,0.0001,93
5693,0.0001,917
5694,0.0001,117
5695,0.0001,16
5696,0.0001,674
5697,0.0001,3087
5698,0.0001,3919
5699,0.0001,144
5700,0.0001,108
5701,0.0001,2445
5702,0.0001,2928
5703,0.0001,62
5704,0.0001,77
5705,0.0001,791
5706,0.0001,16
5707,0.0001,612
5708,0.0001,1609
5709,0.0001,70
5710,0.0001,162
5711,0.0001,693
5712,0.0001,853
5713,0.0001,62
5714,0.0001,123
5715,0.0001,974
5716,0.0001,108
5717,0.0001,880
5718,0.0001,46
5719,0.0001,93
5720,0.0001,31
5721,0.0001,124
5722,0.0001,2173
5723,0.0001,2864
5724,0.0001,1076
5725,0.0001,132
5726,0.0001,46
5727,0.0001,1070
5728,0.0001,85
5729,0.0001,1109
5730,0.0001,0
5731,0.0001,46
5732,0.0001,772
5733,0.0001,4298
5734,0.0001,999
5735,0.0001,78
5736,0.0001,2414
5737,0.0001,85
5738,0.0001,124
5739,0.0001,139
5740,0.0001,93
5741,0.0001,16
5742,0.0001,834
5743,0.0001,911
5744,0.0001,77
5745,0.0001,123
5746,0.0001,93
5747,0.0001,4900
5748,0.0001,62
5749,0.0001,46
5750,0.0001,16
5751,0.0001,108
5752,0.0001,62
5753,0.0001,190
5754,0.0001,123
5755,0.0001,72
5756,0.0001,3295
5757,0.0001,31
5758,0.0001,168
5759,0.0001,54
5760,0.0001,948
5761,0.0001,283
5762,0.0001,920
5763,0.0001,1500
5764,0.0001,124
5765,0.0001,614
5766,0.0001,2446
5767,0.0001,78
5768,0.0001,31
5769,0.0001,103
5770,0.0001,3541
5771,0.0001,898
5772,0.0001,109
5773,0.0001,16
5774,0.0001,1061
5775,0.0001,1656
5776,0.0001,3651
5777,0.0001,784
5778,0.0001,784
5779,0.0001,612
5780,0.0001,223
5781,0.0001,85
5782,0.0001,0
5783,0.0001,2343
5784,0.0001,860
5785,0.0001,1282
5786,0.0001,3013
5787,0.0001,246
5788,0.0001,206
5789,0.0001,1489
5790,0.0001,869
5791,0.0001,209
5792,0.0001,284
5793,0.0001,666
5794,0.0001,177
5795,0.0001,92
5796,0.0001,1000
5797,0.0001,1381
5798,0.0001,860
5799,0.0001,70
5800,0.0001,205
5801,0.0001,892
5802,0.0001,294
5803,0.0001,31
5804,0.0001,853
5805,0.0001,0
5806,0.0001,1307
5807,0.0001,947
5808,0.0001,192
5809,0.0001,779
5810,0.0001,814
5811,0.0001,643
5812,0.0001,800
5813,0.0001,857
5814,0.0001,2182
5815,0.0001,1073
5816,0.0001,1890
5817,0.0001,988
5818,0.0001,999
5819,0.0001,2631
5820,0.0001,23
5821,0.0001,2309
5822,0.0001,94
5823,0.0001,141
5824,0.0001,802
5825,0.0001,32
5826,0.0001,108
5827,0.0001,764
5828,0.0001,876
5829,0.0001,805
5830,0.0001,896
5831,0.0001,958
5832,0.0001,0
5833,0.0001,860
5834,0.0001,676
5835,0.0001,62
5836,0.0001,108
5837,0.0001,2390
5838,0.0001,139
5839,0.0001,2256
5840,0.0001,930
5841,0.0001,47
5842,0.0001,154
5843,0.0001,138
5844,0.0001,827
5845,0.0001,977
5846,0.0001,698
5847,0.0001,788
5848,0.0001,102
5849,0.0001,830
5850,0.0001,736
5851,0.0001,942
5852,0.0001,1735
5853,0.0001,23
5854,0.0001,876
5855,0.0001,864
5856,0.0001,159
5857,0.0001,47
5858,0.0001,201
5859,0.0001,108
5860,0.0001,62
5861,0.0001,16
5862,0.0001,1001
5863,0.0001,224
5864,0.0001,956
5865,0.0001,894
5866,0.0001,77
5867,0.0001,848
5868,0.0001,62
5869,0.0001,62
5870,0.0001,1713
5871,0.0001,3179
5872,0.0001,1697
5873,0.0001,140
5874,0.0001,933
5875,0.0001,171
5876,0.0001,3078
5877,0.0001,125
5878,0.0001,170
5879,0.0001,950
5880,0.0001,124
5881,0.0001,359
5882,0.0001,1578
5883,0.0001,133
5884,0.0001,54
5885,0.0001,693
5886,0.0001,44
5887,0.0001,1513
5888,0.0001,767
5889,0.0001,185
5890,0.0001,946
5891,0.0001,1655
5892,0.0001,755
5893,0.0001,915
5894,0.0001,93
5895,0.0001,982
5896,0.0001,200
5897,0.0001,841
5898,0.0001,98
5899,0.0001,1656
5900,0.0001,674
5901,0.0001,31
5902,0.0001,982
5903,0.0001,1820
5904,0.0001,760
5905,0.0001,939
5906,0.0001,1654
5907,0.0001,180
5908,0.0001,904
5909,0.0001,147
5910,0.0001,1384
5911,0.0001,1265
5912,0.0001,62
5913,0.0001,201
5914,0.0001,97
5915,0.0001,953
5916,0.0001,78
5917,0.0001,1469
5918,0.0001,3239
5919,0.0001,70
5920,0.0001,0
5921,0.0001,111
5922,0.0001,817
5923,0.0001,62
5924,0.0001,835
5925,0.0001,77
5926,0.0001,170
5927,0.0001,4394
5928,0.0001,616
5929,0.0001,16
5930,0.0001,976
5931,0.0001,16
5932,0.0001,108
5933,0.0001,1575
5934,0.0001,742
5935,0.0001,2311
5936,0.0001,794
5937,0.0001,1386
5938,0.0001,154
5939,0.0001,116
5940,0.0001,247
5941,0.0001,738
5942,0.0001,1757
5943,0.0001,134
5944,0.0001,0
5945,0.0001,694
5946,0.0001,3052
5947,0.0001,219
5948,0.0001,691
5949,0.0001,674
5950,0.0001,171
5951,0.0001,62
5952,0.0001,711
5953,0.0001,314
5954,0.0001,16
5955,0.0001,4018
5956,0.0001,894
5957,0.0001,154
5958,0.0001,1995
5959,0.0001,0
5960,0.0001,0
5961,0.0001,123
5962,0.0001,47
5963,0.0001,93
5964,0.0001,3445
5965,0.0001,925
5966,0.0001,155
5967,0.0001,171
5968,0.0001,1481
5969,0.0001,828
5970,0.0001,1351
5971,0.0001,1178
5972,0.0001,93
5973,0.0001,185
5974,0.0001,89
5975,0.0001,1511
5976,0.0001,888
5977,0.0001,819
5978,0.0001,155
5979,0.0001,111
5980,0.0001,910
5981,0.0001,3680
5982,0.0001,213
5983,0.0001,332
5984,0.0001,1585
5985,0.0001,1461
5986,0.0001,77
5987,0.0001,77
5988,0.0001,340
5989,0.0001,1122
5990,0.0001,241
5991,0.0001,243
5992,0.0001,704
5993,0.0001,4696
5994,0.0001,4522
5995,0.0001,1639
5996,0.0001,54
5997,0.0001,1669
5998,0.0001,769
5999,0.0001,231
6000,0.0001,240
6001,0.0001,109
6002,0.0001,85
6003,0.0001,234
6004,0.0001,1061
6005,0.0001,1000
6006,0.0001,47
6007,0.0001,1579
6008,0.0001,854
6009,0.0001,209
6010,0.0001,242
6011,0.0001,257
6012,0.0001,216
6013,0.0001,4158
6014,0.0001,883
6015,0.0001,994
6016,0.0001,3186
6017,0.0001,4641
6018,0.0001,62
6019,0.0001,767
6020,0.0001,62
6021,0.0001,31
6022,0.0001,208
6023,0.0001,147
6024,0.0001,93
6025,0.0001,164
6026,0.0001,62
6027,0.0001,877
6028,0.0001,2246
6029,0.0001,117
6030,0.0001,991
6031,0.0001,865
6032,0.0001,31
6033,0.0001,741
6034,0.0001,1634
6035,0.0001,78
6036,0.0001,913
6037,0.0001,154
6038,0.0001,114
6039,0.0001,861
6040,0.0001,185
6041,0.0001,864
6042,0.0001,197
6043,0.0001,16
6044,0.0001,915
6045,0.0001,1773
6046,0.0001,1472
6047,0.0001,830
6048,0.0001,1675
6049,0.0001,194
6050,0.0001,77
6051,0.0001,195
6052,0.0001,1742
6053,0.0001,188
6054,0.0001,62
6055,0.0001,786
6056,0.0001,927
6057,0.0001,144
6058,0.0001,119
6059,0.0001,834
6060,0.0001,925
6061,0.0001,170
6062,0.0001,944
6063,0.0001,227
6064,0.0001,93
6065,0.0001,93
6066,0.0001,233
6067,0.0001,940
6068,0.0001,77
6069,0.0001,110
6070,0.0001,251
6071,0.0001,239
6072,0.0001,837
6073,0.0001,680
6074,0.0001,367
6075,0.0001,108
6076,0.0001,31
6077,0.0001,120
6078,0.0001,62
6079,0.0001,2559
6080,0.0001,95
6081,0.0001,186
6082,0.0001,62
6083,0.0001,93
6084,0.0001,102
6085,0.0001,140
6086,0.0001,957
6087,0.0001,47
6088,0.0001,1780
6089,0.0001,94
6090,0.0001,879
6091,0.0001,109
6092,0.0001,779
6093,0.0001,232
6094,0.0001,1530
6095,0.0001,3329
6096,0.0001,77
6097,0.0001,223
6098,0.0001,207
6099,0.0001,700
6100,0.0001,16
6101,0.0001,981
6102,0.0001,2437
6103,0.0001,109
6104,0.0001,1713
6105,0.0001,1039
6106,0.0001,219
6107,0.0001,1598
6108,0.0001,139
6109,0.0001,140
6110,0.0001,372
6111,0.0001,139
6112,0.0001,136
6113,0.0001,1016
6114,0.0001,756
6115,0.0001,1410
6116,0.0001,289
6117,0.0001,3745
6118,0.0001,70
6119,0.0001,908
6120,0.0001,170
6121,0.0001,140
6122,0.0001,163
6123,0.0001,16
6124,0.0001,82
6125,0.0001,2384
6126,0.0001,47
6127,0.0001,3144
6128,0.0001,200
6129,0.0001,116
6130,0.0001,278
6131,0.0001,62
6132,0.0001,835
6133,0.0001,4106
6134,0.0001,789
6135,0.0001,669
6136,0.0001,774
6137,0.0001,1272
6138,0.0001,2460
6139,0.0001,47
6140,0.0001,31
6141,0.0001,329
6142,0.0001,170
6143,0.0001,88
6144,0.0001,179
6145,0.0001,218
6146,0.0001,984
6147,0.0001,92
6148,0.0001,317
6149,0.0001,108
6150,0.0001,817
6151,0.0001,931
6152,0.0001,1359
6153,0.0001,191
6154,0.0001,2272
6155,0.0001,766
6156,0.0001,784
6157,0.0001,2336
6158,0.0001,163
6159,0.0001,193
6160,0.0001,154
6161,0.0001,2414
6162,0.0001,1636
6163,0.0001,77
6164,0.0001,46
6165,0.0001,138
6166,0.0001,109
6167,0.0001,743
6168,0.0001,109
6169,0.0001,825
6170,0.0001,208
6171,0.0001,3198
6172,0.0001,108
6173,0.0001,884
6174,0.0001,1713
6175,0.0001,161
6176,0.0001,3230
6177,0.0001,4546
6178,0.0001,945
6179,0.0001,149
6180,0.0001,46
6181,0.0001,253
6182,0.0001,1404
6183,0.0001,2398
6184,0.0001,62
6185,0.0001,1469
6186,0.0001,903
6187,0.0001,927
6188,0.0001,156
6189,0.0001,1202
6190,0.0001,2049
6191,0.0001,1047
6192,0.0001,928
6193,0.0001,612
6194,0.0001,2487
6195,0.0001,920
6196,0.0001,211
6197,0.0001,175
6198,0.0001,299
6199,0.0001,31
6200,0.0001,182
6201,0.0001,1912
6202,0.0001,1070
6203,0.0001,46
6204,0.0001,139
6205,0.0001,888
6206,0.0001,860
6207,0.0001,923
6208,0.0001,213
6209,0.0001,1608
6210,0.0001,1580
6211,0.0001,212
6212,0.0001,812
6213,0.0001,1351
6214,0.0001,62
6215,0.0001,1511
6216,0.0001,94
6217,0.0001,140
6218,0.0001,751
6219,0.0001,286
6220,0.0001,869
6221,0.0001,3105
6222,0.0001,93
6223,0.0001,2571
6224,0.0001,3867
6225,0.0001,102
6226,0.0001,861
6227,0.0001,1984
6228,0.0001,830
6229,0.0001,891
6230,0.0001,124
6231,0.0001,1380
6232,0.0001,3671
6233,0.0001,974
6234,0.0001,1539
6235,0.0001,23
6236,0.0001,165
6237,0.0001,177
6238,0.0001,1525
6239,0.0001,108
6240,0.0001,2412
6241,0.0001,897
6242,0.0001,46
6243,0.0001,1719
6244,0.0001,1008
6245,0.0001,98
6246,0.0001,815
6247,0.0001,853
6248,0.0001,169
6249,0.0001,1278
6250,0.0001,126
6251,0.0001,1180
6252,0.0001,65
6253,0.0001,1442
6254,0.0001,125
6255,0.0001,709
6256,0.0001,47
6257,0.0001,647
6258,0.0001,887
6259,0.0001,720
6260,0.0001,1018
6261,0.0001,1429
6262,0.0001,865
6263,0.0001,267
6264,0.0001,371
6265,0.0001,903
6266,0.0001,214
6267,0.0001,62
6268,0.0001,1608
6269,0.0001,969
6270,0.0001,678
6271,0.0001,691
6272,0.0001,103
6273,0.0001,855
6274,0.0001,1777
6275,0.0001,144
6276,0.0001,46
6277,0.0001,170
6278,0.0001,139
6279,0.0001,807
6280,0.0001,0
6281,0.0001,910
6282,0.0001,132
6283,0.0001,213
6284,0.0001,39
6285,0.0001,144
6286,0.0001,131
6287,0.0001,179
6288,0.0001,3460
6289,0.0001,206
6290,0.0001,171
6291,0.0001,922
6292,0.0001,1562
6293,0.0001,848
6294,0.0001,62
6295,0.0001,3159
6296,0.0001,1103
6297,0.0001,948
6298,0.0001,1689
6299,0.0001,4126
6300,0.0001,47
6301,0.0001,2110
6302,0.0001,787
6303,0.0001,223
6304,0.0001,3665
6305,0.0001,88
6306,0.0001,401
6307,0.0001,154
6308,0.0001,3120
6309,0.0001,125
6310,0.0001,628
6311,0.0001,211
6312,0.0001,871
6313,0.0001,838
6314,0.0001,216
6315,0.0001,113
6316,0.0001,101
6317,0.0001,255
6318,0.0001,984
6319,0.0001,109
6320,0.0001,948
6321,0.0001,109
6322,0.0001,838
6323,0.0001,1130
6324,0.0001,925
6325,0.0001,1007
6326,0.0001,1701
6327,0.0001,2640
6328,0.0001,2163
6329,0.0001,77
6330,0.0001,200
6331,0.0001,139
6332,0.0001,131
6333,0.0001,69
6334,0.0001,231
6335,0.0001,1063
6336,0.0001,756
6337,0.0001,912
6338,0.0001,139
6339,0.0001,894
6340,0.0001,2394
6341,0.0001,1716
6342,0.0001,907
6343,0.0001,861
6344,0.0001,3819
6345,0.0001,47
6346,0.0001,858
6347,0.0001,1590
6348,0.0001,221
6349,0.0001,877
6350,0.0001,256
6351,0.0001,93
6352,0.0001,244
6353,0.0001,23
6354,0.0001,3688
6355,0.0001,1924
6356,0.0001,77
6357,0.0001,195
6358,0.0001,869
6359,0.0001,157
6360,0.0001,2193
6361,0.0001,674
6362,0.0001,1036
6363,0.0001,190
6364,0.0001,1903
6365,0.0001,140
6366,0.0001,1577
6367,0.0001,62
6368,0.0001,935
6369,0.0001,104
6370,0.0001,717
6371,0.0001,1435
6372,0.0001,16
6373,0.0001,4064
6374,0.0001,1306
6375,0.0001,77
6376,0.0001,139
6377,0.0001,2412
6378,0.0001,108
6379,0.0001,139
6380,0.0001,62
6381,0.0001,309
6382,0.0001,216
6383,0.0001,124
6384,0.0001,804
6385,0.0001,676
6386,0.0001,124
6387,0.0001,16
6388,0.0001,1495
6389,0.0001,1031
6390,0.0001,186
6391,0.0001,1746
6392,0.0001,62
6393,0.0001,140
6394,0.0001,691
6395,0.0001,2406
6396,0.0001,155
6397,0.0001,62
6398,0.0001,659
6399,0.0001,1117
6400,0.0001,1094
6401,0.0001,1757
6402,0.0001,930
6403,0.0001,837
6404,0.0001,183
6405,0.0001,31
6406,0.0001,954
6407,0.0001,124
6408,0.0001,819
6409,0.0001,2355
6410,0.0001,93
6411,0.0001,876
6412,0.0001,31
6413,0.0001,1325
6414,0.0001,249
6415,0.0001,848
6416,0.0001,155
6417,0.0001,0
6418,0.0001,835
6419,0.0001,176
6420,0.0001,145
6421,0.0001,155
6422,0.0001,94
6423,0.0001,1561
6424,0.0001,708
6425,0.0001,645
6426,0.0001,0
6427,0.0001,645
6428,0.0001,23
6429,0.0001,1841
6430,0.0001,62
6431,0.0001,62
6432,0.0001,150
6433,0.0001,69
6434,0.0001,114
6435,0.0001,16
6436,0.0001,88
6437,0.0001,871
6438,0.0001,1568
6439,0.0001,851
6440,0.0001,883
6441,0.0001,2273
6442,0.0001,911
6443,0.0001,201
6444,0.0001,2420
6445,0.0001,801
6446,0.0001,85
6447,0.0001,249
6448,0.0001,116
6449,0.0001,0
6450,0.0001,109
6451,0.0001,2257
6452,0.0001,691
6453,0.0001,2845
6454,0.0001,773
6455,0.0001,753
6456,0.0001,104
6457,0.0001,62
6458,0.0001,103
6459,0.0001,231
6460,0.0001,897
6461,0.0001,47
6462,0.0001,332
6463,0.0001,16
6464,0.0001,329
6465,0.0001,1577
6466,0.0001,0
6467,0.0001,105
6468,0.0001,267
6469,0.0001,78
6470,0.0001,337
6471,0.0001,140
6472,0.0001,971
6473,0.0001,697
6474,0.0001,86
6475,0.0001,689
6476,0.0001,95
6477,0.0001,2220
6478,0.0001,1816
6479,0.0001,729
6480,0.0001,150
6481,0.0001,85
6482,0.0001,217
6483,0.0001,202
6484,0.0001,4414
6485,0.0001,16
6486,0.0001,85
6487,0.0001,169
6488,0.0001,3279
6489,0.0001,54
6490,0.0001,231
6491,0.0001,892
6492,0.0001,93
6493,0.0001,1115
6494,0.0001,139
6495,0.0001,62
6496,0.0001,1854
6497,0.0001,47
6498,0.0001,735
6499,0.0001,1678
6500,0.0001,148
6501,0.0001,257
6502,0.0001,2460
6503,0.0001,16
6504,0.0001,706
6505,0.0001,3281
6506,0.0001,62
6507,0.0001,77
6508,0.0001,804
6509,0.0001,781
6510,0.0001,776
6511,0.0001,1438
6512,0.0001,0
6513,0.0001,942
6514,0.0001,668
6515,0.0001,1624
6516,0.0001,827
6517,0.0001,1787
6518,0.0001,62
6519,0.0001,923
6520,0.0001,910
6521,0.0001,1746
6522,0.0001,846
6523,0.0001,971
6524,0.0001,2409
6525,0.0001,4083
6526,0.0001,337
6527,0.0001,1847
6528,0.0001,140
6529,0.0001,116
6530,0.0001,1659
6531,0.0001,154
6532,0.0001,1230
6533,0.0001,2322
6534,0.0001,818
6535,0.0001,0
6536,0.0001,114
6537,0.0001,1111
6538,0.0001,77
6539,0.0001,1488
6540,0.0001,2358
6541,0.0001,47
6542,0.0001,851
6543,0.0001,750
6544,0.0001,1823
6545,0.0001,208
6546,0.0001,82
6547,0.0001,1099
6548,0.0001,223
6549,0.0001,2485
6550,0.0001,75
6551,0.0001,140
6552,0.0001,77
6553,0.0001,2327
6554,0.0001,132
6555,0.0001,186
6556,0.0001,86
6557,0.0001,263
6558,0.0001,208
6559,0.0001,172
6560,0.0001,7892
6561,0.0001,2408
6562,0.0001,1675
6563,0.0001,876
6564,0.0001,2334
6565,0.0001,932
6566,0.0001,133
6567,0.0001,246
6568,0.0001,853
6569,0.0001,3126
6570,0.0001,2272
6571,0.0001,94
6572,0.0001,62
6573,0.0001,201
6574,0.0001,31
6575,0.0001,767
6576,0.0001,997
6577,0.0001,3314
6578,0.0001,814
6579,0.0001,339
6580,0.0001,216
6581,0.0001,881
6582,0.0001,269
6583,0.0001,799
6584,0.0001,2407
6585,0.0001,3130
6586,0.0001,294
6587,0.0001,850
6588,0.0001,84
6589,0.0001,0
6590,0.0001,1660
6591,0.0001,1488
6592,0.0001,117
6593,0.0001,1884
6594,0.0001,3970
6595,0.0001,137
6596,0.0001,1707
6597,0.0001,86
6598,0.0001,1691
6599,0.0001,2026
6600,0.0001,78
6601,0.0001,39
6602,0.0001,2372
6603,0.0001,756
6604,0.0001,222
6605,0.0001,4212
6606,0.0001,23
6607,0.0001,826
6608,0.0001,1618
6609,0.0001,887
6610,0.0001,114
6611,0.0001,814
6612,0.0001,3511
6613,0.0001,101
6614,0.0001,1594
6615,0.0001,927
6616,0.0001,62
6617,0.0001,864
6618,0.0001,2286
6619,0.0001,1009
6620,0.0001,749
6621,0.0001,1601
6622,0.0001,842
6623,0.0001,179
6624,0.0001,1089
6625,0.0001,1163
6626,0.0001,135
6627,0.0001,23
6628,0.0001,830
6629,0.0001,989
6630,0.0001,185
6631,0.0001,162
6632,0.0001,1343
6633,0.0001,745
6634,0.0001,186
6635,0.0001,1730
6636,0.0001,23
6637,0.0001,6460
6638,0.0001,2695
6639,0.0001,768
6640,0.0001,62
6641,0.0001,263
6642,0.0001,881
6643,0.0001,1228
6644,0.0001,3447
6645,0.0001,180
6646,0.0001,1295
6647,0.0001,1024
6648,0.0001,918
6649,0.0001,139
6650,0.0001,1028
6651,0.0001,1058
6652,0.0001,762
6653,0.0001,116
6654,0.0001,1512
6655,0.0001,898
6656,0.0001,3251
6657,0.0001,108
6658,0.0001,4673
6659,0.0001,2391
6660,0.0001,6510
6661,0.0001,270
6662,0.0001,2117
6663,0.0001,3326
6664,0.0001,833
6665,0.0001,85
6666,0.0001,863
6667,0.0001,1028
6668,0.0001,62
6669,0.0001,202
6670,0.0001,1010
6671,0.0001,946
6672,0.0001,23
6673,0.0001,3234
6674,0.0001,0
6675,0.0001,791
6676,0.0001,92
6677,0.0001,1523
6678,0.0001,1529
6679,0.0001,62
6680,0.0001,873
6681,0.0001,1146
6682,0.0001,2320
6683,0.0001,180
6684,0.0001,225
6685,0.0001,63
6686,0.0001,1023
6687,0.0001,155
6688,0.0001,170
6689,0.0001,2701
6690,0.0001,1616
6691,0.0001,131
6692,0.0001,139
6693,0.0001,2451
6694,0.0001,706
6695,0.0001,113
6696,0.0001,854
6697,0.0001,1488
6698,0.0001,78
6699,0.0001,867
6700,0.0001,2314
6701,0.0001,943
6702,0.0001,94
6703,0.0001,894
6704,0.0001,78
6705,0.0001,894
6706,0.0001,92
6707,0.0001,3337
6708,0.0001,179
6709,0.0001,649
6710,0.0001,21
6711,0.0001,93
6712,0.0001,658
6713,0.0001,727
6714,0.0001,82
6715,0.0001,1001
6716,0.0001,0
6717,0.0001,905
6718,0.0001,47
6719,0.0001,690
6720,0.0001,1573
6721,0.0001,57
6722,0.0001,316
6723,0.0001,1603
6724,0.0001,959
6725,0.0001,144
6726,0.0001,169
6727,0.0001,276
6728,0.0001,0
6729,0.0001,147
6730,0.0001,253
6731,0.0001,31
6732,0.0001,216
6733,0.0001,16
6734,0.0001,7336
6735,0.0001,1298
6736,0.0001,62
6737,0.0001,144
6738,0.0001,254
6739,0.0001,892
6740,0.0001,62
6741,0.0001,139
6742,0.0001,900
6743,0.0001,705
6744,0.0001,158
6745,0.0001,123
6746,0.0001,1752
6747,0.0001,189
6748,0.0001,1577
6749,0.0001,991
6750,0.0001,147
6751,0.0001,0
6752,0.0001,136
6753,0.0001,31
6754,0.0001,1547
6755,0.0001,0
6756,0.0001,738
6757,0.0001,1565
6758,0.0001,891
6759,0.0001,209
6760,0.0001,2323
6761,0.0001,817
6762,0.0001,124
6763,0.0001,62
6764,0.0001,154
6765,0.0001,88
6766,0.0001,826
6767,0.0001,78
6768,0.0001,79
6769,0.0001,1719
6770,0.0001,824
6771,0.0001,776
6772,0.0001,878
6773,0.0001,24
6774,0.0001,169
6775,0.0001,1911
6776,0.0001,117
6777,0.0001,199
6778,0.0001,1668
6779,0.0001,139
6780,0.0001,142
6781,0.0001,169
6782,0.0001,908
6783,0.0001,108
6784,0.0001,2979
6785,0.0001,3680
6786,0.0001,924
6787,0.0001,816
6788,0.0001,118
6789,0.0001,963
6790,0.0001,191
6791,0.0001,279
6792,0.0001,201
6793,0.0001,937
6794,0.0001,2236
6795,0.0001,802
6796,0.0001,699
6797,0.0001,178
6798,0.0001,3425
6799,0.0001,263
6800,0.0001,3498
6801,0.0001,1531
6802,0.0001,246
6803,0.0001,4045
6804,0.0001,2082
6805,0.0001,1022
6806,0.0001,860
6807,0.0001,154
6808,0.0001,943
6809,0.0001,93
6810,0.0001,801
6811,0.0001,938
6812,0.0001,1597
6813,0.0001,82
6814,0.0001,1122
6815,0.0001,1067
6816,0.0001,815
6817,0.0001,1464
6818,0.0001,901
6819,0.0001,895
6820,0.0001,3314
6821,0.0001,93
6822,0.0001,1662
6823,0.0001,109
6824,0.0001,139
6825,0.0001,2402
6826,0.0001,778
6827,0.0001,2541
6828,0.0001,907
6829,0.0001,2142
6830,0.0001,99
6831,0.0001,979
6832,0.0001,47
6833,0.0001,752
6834,0.0001,93
6835,0.0001,2316
6836,0.0001,1765
6837,0.0001,108
6838,0.0001,254
6839,0.0001,1336
6840,0.0001,937
6841,0.0001,994
6842,0.0001,224
6843,0.0001,379
6844,0.0001,0
6845,0.0001,163
6846,0.0001,124
6847,0.0001,4394
6848,0.0001,16
6849,0.0001,749
6850,0.0001,93
6851,0.0001,78
6852,0.0001,1744
6853,0.0001,682
6854,0.0001,1662
6855,0.0001,807
6856,0.0001,2157
6857,0.0001,746
6858,0.0001,1538
6859,0.0001,116
6860,0.0001,134
6861,0.0001,1672
6862,0.0001,1701
6863,0.0001,108
6864,0.0001,638
6865,0.0001,1380
6866,0.0001,259
6867,0.0001,1690
6868,0.0001,806
6869,0.0001,193
6870,0.0001,221
6871,0.0001,197
6872,0.0001,5291
6873,0.0001,31
6874,0.0001,155
6875,0.0001,231
6876,0.0001,871
6877,0.0001,124
6878,0.0001,946
6879,0.0001,1554
6880,0.0001,1564
6881,0.0001,122
6882,0.0001,136
6883,0.0001,46
6884,0.0001,108
6885,0.0001,854
6886,0.0001,1770
6887,0.0001,109
6888,0.0001,85
6889,0.0001,87
6890,0.0001,6782
6891,0.0001,75
6892,0.0001,1562
6893,0.0001,1524
6894,0.0001,221
6895,0.0001,1652
6896,0.0001,742
6897,0.0001,88
6898,0.0001,1777
6899,0.0001,4330
6900,0.0001,212
6901,0.0001,1034
6902,0.0001,799
6903,0.0001,140
6904,0.0001,201
6905,0.0001,217
6906,0.0001,850
6907,0.0001,979
6908,0.0001,190
6909,0.0001,170
6910,0.0001,171
6911,0.0001,85
6912,0.0001,108
6913,0.0001,3314
6914,0.0001,830
6915,0.0001,23
6916,0.0001,739
6917,0.0001,108
6918,0.0001,1744
6919,0.0001,62
6920,0.0001,154
6921,0.0001,2390
6922,0.0001,46
6923,0.0001,832
6924,0.0001,62
6925,0.0001,1232
6926,0.0001,1007
6927,0.0001,860
6928,0.0001,83
6929,0.0001,62
6930,0.0001,23
6931,0.0001,147
6932,0.0001,782
6933,0.0001,735
6934,0.0001,925
6935,0.0001,813
6936,0.0001,3253
6937,0.0001,838
6938,0.0001,125
6939,0.0001,108
6940,0.0001,618
6941,0.0001,0
6942,0.0001,327
6943,0.0001,186
6944,0.0001,897
6945,0.0001,647
6946,0.0001,62
6947,0.0001,93
6948,0.0001,912
6949,0.0001,2368
6950,0.0001,768
6951,0.0001,2680
6952,0.0001,92
6953,0.0001,0
6954,0.0001,3975
6955,0.0001,1469
6956,0.0001,64
6957,0.0001,62
6958,0.0001,3865
6959,0.0001,222
6960,0.0001,899
6961,0.0001,845
6962,0.0001,211
6963,0.0001,108
6964,0.0001,907
6965,0.0001,31
6966,0.0001,0
6967,0.0001,819
6968,0.0001,69
6969,0.0001,254
6970,0.0001,2408
6971,0.0001,177
6972,0.0001,62
6973,0.0001,802
6974,0.0001,1540
6975,0.0001,1971
6976,0.0001,101
6977,0.0001,226
6978,0.0001,113
6979,0.0001,47
6980,0.0001,4003
6981,0.0001,134
6982,0.0001,2259
6983,0.0001,69
6984,0.0001,940
6985,0.0001,996
6986,0.0001,88
6987,0.0001,2093
6988,0.0001,271
6989,0.0001,149
6990,0.0001,882
6991,0.0001,1364
6992,0.0001,969
6993,0.0001,260
6994,0.0001,86
6995,0.0001,232
6996,0.0001,744
6997,0.0001,2305
6998,0.0001,123
6999,0.0001,8092
7000,0.0001,1048
7001,0.0001,201
7002,0.0001,92
7003,0.0001,860
7004,0.0001,783
7005,0.0001,47
7006,0.0001,156
7007,0.0001,924
7008,0.0001,1069
7009,0.0001,190
7010,0.0001,93
7011,0.0001,155
7012,0.0001,46
7013,0.0001,880
7014,0.0001,171
7015,0.0001,3235
7016,0.0001,1026
7017,0.0001,78
7018,0.0001,1675
7019,0.0001,46
7020,0.0001,92
7021,0.0001,175
7022,0.0001,1487
7023,0.0001,169
7024,0.0001,249
7025,0.0001,144
7026,0.0001,225
7027,0.0001,421
7028,0.0001,761
7029,0.0001,249
7030,0.0001,259
7031,0.0001,1188
7032,0.0001,959
7033,0.0001,889
7034,0.0001,794
7035,0.0001,936
7036,0.0001,658
7037,0.0001,70
7038,0.0001,145
7039,0.0001,213
7040,0.0001,3189
7041,0.0001,948
7042,0.0001,216
7043,0.0001,124
7044,0.0001,798
7045,0.0001,124
7046,0.0001,192
7047,0.0001,237
7048,0.0001,93
7049,0.0001,2576
7050,0.0001,124
7051,0.0001,834
7052,0.0001,78
7053,0.0001,16
7054,0.0001,1457
7055,0.0001,3906
7056,0.0001,894
7057,0.0001,2465
7058,0.0001,0
7059,0.0001,1147
7060,0.0001,1030
7061,0.0001,1015
7062,0.0001,1023
7063,0.0001,1526
7064,0.0001,1440
7065,0.0001,1034
7066,0.0001,108
7067,0.0001,233
7068,0.0001,125
7069,0.0001,1622
7070,0.0001,692
7071,0.0001,1596
7072,0.0001,92
7073,0.0001,21
7074,0.0001,2463
7075,0.0001,79
7076,0.0001,123
7077,0.0001,23
7078,0.0001,1415
7079,0.0001,2879
7080,0.0001,1768
7081,0.0001,62
7082,0.0001,970
7083,0.0001,70
7084,0.0001,966
7085,0.0001,155
7086,0.0001,93
7087,0.0001,780
7088,0.0001,1449
7089,0.0001,108
7090,0.0001,4192
7091,0.0001,161
7092,0.0001,185
7093,0.0001,1329
7094,0.0001,1650
7095,0.0001,717
7096,0.0001,643
7097,0.0001,720
7098,0.0001,16
7099,0.0001,1554
7100,0.0001,124
7101,0.0001,63
7102,0.0001,659
7103,0.0001,31
7104,0.0001,844
7105,0.0001,77
7106,0.0001,200
7107,0.0001,1539
7108,0.0001,364
7109,0.0001,6136
7110,0.0001,175
7111,0.0001,779
7112,0.0001,881
7113,0.0001,77
7114,0.0001,2108
7115,0.0001,1928
7116,0.0001,82
7117,0.0001,108
7118,0.0001,2072
7119,0.0001,227
7120,0.0001,94
7121,0.0001,814
7122,0.0001,848
7123,0.0001,72
7124,0.0001,128
7125,0.0001,108
7126,0.0001,2866
7127,0.0001,2390
7128,0.0001,123
7129,0.0001,876
7130,0.0001,125
7131,0.0001,82
7132,0.0001,1480
7133,0.0001,1655
7134,0.0001,773
7135,0.0001,140
7136,0.0001,3042
7137,0.0001,0
7138,0.0001,832
7139,0.0001,139
7140,0.0001,758
7141,0.0001,1051
7142,0.0001,693
7143,0.0001,892
7144,0.0001,986
7145,0.0001,881
7146,0.0001,32
7147,0.0001,62
7148,0.0001,70
7149,0.0001,189
7150,0.0001,70
7151,0.0001,226
7152,0.0001,155
7153,0.0001,191
7154,0.0001,850
7155,0.0001,47
7156,0.0001,139
7157,0.0001,3044
7158,0.0001,161
7159,0.0001,197
7160,0.0001,1611
7161,0.0001,905
7162,0.0001,1058
7163,0.0001,346
7164,0.0001,123
7165,0.0001,338
7166,0.0001,144
7167,0.0001,3213
7168,0.0001,31
7169,0.0001,23
7170,0.0001,915
7171,0.0001,2243
7172,0.0001,1472
7173,0.0001,131
7174,0.0001,106
7175,0.0001,93
7176,0.0001,847
7177,0.0001,881
7178,0.0001,125
7179,0.0001,78
7180,0.0001,188
7181,0.0001,62
7182,0.0001,1517
7183,0.0001,1621
7184,0.0001,0
7185,0.0001,868
7186,0.0001,1715
7187,0.0001,3982
7188,0.0001,70
7189,0.0001,64
7190,0.0001,242
7191,0.0001,190
7192,0.0001,147
7193,0.0001,660
7194,0.0001,31
7195,0.0001,1455
7196,0.0001,237
7197,0.0001,109
7198,0.0001,133
7199,0.0001,92
7200,0.0001,1090
7201,0.0001,1565
7202,0.0001,2039
7203,0.0001,16
7204,0.0001,2205
7205,0.0001,938
7206,0.0001,1657
7207,0.0001,1363
7208,0.0001,812
7209,0.0001,1577
7210,0.0001,93
7211,0.0001,70
7212,0.0001,62
7213,0.0001,1005
7214,0.0001,1577
7215,0.0001,132
7216,0.0001,956
7217,0.0001,710
7218,0.0001,223
7219,0.0001,0
7220,0.0001,101
7221,0.0001,333
7222,0.0001,215
7223,0.0001,928
7224,0.0001,99
7225,0.0001,62
7226,0.0001,176
7227,0.0001,240
7228,0.0001,214
7229,0.0001,894
7230,0.0001,146
7231,0.0001,922
7232,0.0001,1777
7233,0.0001,853
7234,0.0001,1573
7235,0.0001,840
7236,0.0001,77
7237,0.0001,62
7238,0.0001,93
7239,0.0001,1717
7240,0.0001,46
7241,0.0001,2187
7242,0.0001,139
7243,0.0001,817
7244,0.0001,2271
7245,0.0001,23
7246,0.0001,190
7247,0.0001,171
7248,0.0001,786
7249,0.0001,2266
7250,0.0001,263
7251,0.0001,140
7252,0.0001,981
7253,0.0001,884
7254,0.0001,82
7255,0.0001,201
7256,0.0001,857
7257,0.0001,253
7258,0.0001,171
7259,0.0001,123
7260,0.0001,2185
7261,0.0001,250
7262,0.0001,1637
7263,0.0001,1148
7264,0.0001,869
7265,0.0001,93
7266,0.0001,845
7267,0.0001,1636
7268,0.0001,2046
7269,0.0001,690
7270,0.0001,649
7271,0.0001,155
7272,0.0001,1442
7273,0.0001,824
7274,0.0001,108
7275,0.0001,155
7276,0.0001,201
7277,0.0001,82
7278,0.0001,876
7279,0.0001,132
7280,0.0001,163
7281,0.0001,62
7282,0.0001,231
7283,0.0001,94
7284,0.0001,232
7285,0.0001,256
7286,0.0001,2533
7287,0.0001,909
7288,0.0001,1754
7289,0.0001,0
7290,0.0001,2139
7291,0.0001,4098
7292,0.0001,3144
7293,0.0001,70
7294,0.0001,83
7295,0.0001,47
7296,0.0001,616
7297,0.0001,4994
7298,0.0001,876
7299,0.0001,208
7300,0.0001,689
7301,0.0001,83
7302,0.0001,144
7303,0.0001,5111
7304,0.0001,840
7305,0.0001,341
7306,0.0001,1166
7307,0.0001,156
7308,0.0001,2379
7309,0.0001,80
7310,0.0001,308
7311,0.0001,0
7312,0.0001,88
7313,0.0001,825
7314,0.0001,1048
7315,0.0001,905
7316,0.0001,735
7317,0.0001,54
7318,0.0001,31
7319,0.0001,124
7320,0.0001,140
7321,0.0001,814
7322,0.0001,199
7323,0.0001,108
7324,0.0001,178
7325,0.0001,3950
7326,0.0001,770
7327,0.0001,62
7328,0.0001,124
7329,0.0001,1439
7330,0.0001,155
7331,0.0001,85
7332,0.0001,913
7333,0.0001,881
7334,0.0001,1541
7335,0.0001,773
7336,0.0001,1086
7337,0.0001,4088
7338,0.0001,113
7339,0.0001,196
7340,0.0001,128
7341,0.0001,131
7342,0.0001,174
7343,0.0001,1403
7344,0.0001,2474
7345,0.0001,3182
7346,0.0001,3421
7347,0.0001,93
7348,0.0001,647
7349,0.0001,1006
7350,0.0001,1605
7351,0.0001,108
7352,0.0001,227
7353,0.0001,1605
7354,0.0001,46
7355,0.0001,137
7356,0.0001,726
7357,0.0001,46
7358,0.0001,1061
7359,0.0001,2820
7360,0.0001,46
7361,0.0001,139
7362,0.0001,901
7363,0.0001,224
7364,0.0001,197
7365,0.0001,980
7366,0.0001,3180
7367,0.0001,0
7368,0.0001,869
7369,0.0001,800
7370,0.0001,93
7371,0.0001,1989
7372,0.0001,185
7373,0.0001,1005
7374,0.0001,1570
7375,0.0001,1711
7376,0.0001,218
7377,0.0001,871
7378,0.0001,1062
7379,0.0001,198
7380,0.0001,878
7381,0.0001,129
7382,0.0001,62
7383,0.0001,751
7384,0.0001,62
7385,0.0001,773
7386,0.0001,1005
7387,0.0001,44
7388,0.0001,920
7389,0.0001,3493
7390,0.0001,70
7391,0.0001,284
7392,0.0001,712
7393,0.0001,1768
7394,0.0001,2750
7395,0.0001,4050
7396,0.0001,873
7397,0.0001,46
7398,0.0001,1565
7399,0.0001,100
7400,0.0001,93
7401,0.0001,40
7402,0.0001,169
7403,0.0001,31
7404,0.0001,848
7405,0.0001,235
7406,0.0001,169
7407,0.0001,737
7408,0.0001,755
7409,0.0001,85
7410,0.0001,77
7411,0.0001,1535
7412,0.0001,667
7413,0.0001,0
7414,0.0001,16
7415,0.0001,166
7416,0.0001,55
7417,0.0001,23
7418,0.0001,1270
7419,0.0001,2368
7420,0.0001,131
7421,0.0001,876
7422,0.0001,1516
7423,0.0001,101
7424,0.0001,124
7425,0.0001,144
7426,0.0001,185
7427,0.0001,1716
7428,0.0001,139
7429,0.0001,1624
7430,0.0001,170
7431,0.0001,1453
7432,0.0001,2414
7433,0.0001,0
7434,0.0001,921
7435,0.0001,2493
7436,0.0001,0
7437,0.0001,800
7438,0.0001,62
7439,0.0001,0
7440,0.0001,973
7441,0.0001,1677
7442,0.0001,78
7443,0.0001,31
7444,0.0001,0
7445,0.0001,2550
7446,0.0001,2443
7447,0.0001,731
7448,0.0001,117
7449,0.0001,814
7450,0.0001,62
7451,0.0001,47
7452,0.0001,754
7453,0.0001,706
7454,0.0001,205
7455,0.0001,144
7456,0.0001,768
7457,0.0001,742
7458,0.0001,4916
7459,0.0001,1058
7460,0.0001,1016
7461,0.0001,94
7462,0.0001,1664
7463,0.0001,806
7464,0.0001,2593
7465,0.0001,1571
7466,0.0001,206
7467,0.0001,928
7468,0.0001,758
7469,0.0001,1751
7470,0.0001,969
7471,0.0001,0
7472,0.0001,183
7473,0.0001,847
7474,0.0001,614
7475,0.0001,178
7476,0.0001,62
7477,0.0001,109
7478,0.0001,162
7479,0.0001,688
7480,0.0001,155
7481,0.0001,39
7482,0.0001,804
7483,0.0001,354
7484,0.0001,862
7485,0.0001,207
7486,0.0001,46
7487,0.0001,1583
7488,0.0001,835
7489,0.0001,176
7490,0.0001,255
7491,0.0001,108
7492,0.0001,191
7493,0.0001,1658
7494,0.0001,799
7495,0.0001,248
7496,0.0001,159
7497,0.0001,116
7498,0.0001,148
7499,0.0001,242
7500,0.0001,147
7501,0.0001,88
7502,0.0001,298
7503,0.0001,155
7504,0.0001,1813
7505,0.0001,1646
7506,0.0001,633
7507,0.0001,1871
7508,0.0001,281
7509,0.0001,62
7510,0.0001,907
7511,0.0001,82
7512,0.0001,186
7513,0.0001,77
7514,0.0001,124
7515,0.0001,1600
7516,0.0001,1184
7517,0.0001,201
7518,0.0001,78
7519,0.0001,46
7520,0.0001,158
7521,0.0001,312
7522,0.0001,93
7523,0.0001,93
7524,0.0001,1344
7525,0.0001,1679
7526,0.0001,32
7527,0.0001,85
7528,0.0001,31
7529,0.0001,1380
7530,0.0001,1771
7531,0.0001,170
7532,0.0001,922
7533,0.0001,1520
7534,0.0001,1598
7535,0.0001,3325
7536,0.0001,1656
7537,0.0001,917
7538,0.0001,3889
7539,0.0001,2396
7540,0.0001,1725
7541,0.0001,770
7542,0.0001,0
7543,0.0001,1477
7544,0.0001,62
7545,0.0001,1094
7546,0.0001,250
7547,0.0001,369
7548,0.0001,63
7549,0.0001,1017
7550,0.0001,2377
7551,0.0001,1017
7552,0.0001,358
7553,0.0001,682
7554,0.0001,5591
7555,0.0001,3152
7556,0.0001,1648
7557,0.0001,139
7558,0.0001,31
7559,0.0001,186
7560,0.0001,1528
7561,0.0001,155
7562,0.0001,219
7563,0.0001,140
7564,0.0001,131
7565,0.0001,0
7566,0.0001,805
7567,0.0001,203
7568,0.0001,1629
7569,0.0001,70
7570,0.0001,2407
7571,0.0001,1858
7572,0.0001,845
7573,0.0001,943
7574,0.0001,898
7575,0.0001,1020
7576,0.0001,664
7577,0.0001,1536
7578,0.0001,1801
7579,0.0001,1240
7580,0.0001,1559
7581,0.0001,2316
7582,0.0001,93
7583,0.0001,110
7584,0.0001,170
7585,0.0001,1010
7586,0.0001,773
7587,0.0001,93
7588,0.0001,105
7589,0.0001,835
7590,0.0001,232
7591,0.0001,115
7592,0.0001,3916
7593,0.0001,1688
7594,0.0001,205
7595,0.0001,807
7596,0.0001,1726
7597,0.0001,985
7598,0.0001,69
7599,0.0001,2185
7600,0.0001,132
7601,0.0001,805
7602,0.0001,181
7603,0.0001,3027
7604,0.0001,147
7605,0.0001,122
7606,0.0001,155
7607,0.0001,847
7608,0.0001,1056
7609,0.0001,658
7610,0.0001,3334
7611,0.0001,882
7612,0.0001,5702
7613,0.0001,1566
7614,0.0001,85
7615,0.0001,103
7616,0.0001,171
7617,0.0001,144
7618,0.0001,62
7619,0.0001,31
7620,0.0001,920
7621,0.0001,2980
7622,0.0001,359
7623,0.0001,31
7624,0.0001,807
7625,0.0001,832
7626,0.0001,127
7627,0.0001,155
7628,0.0001,92
7629,0.0001,165
7630,0.0001,221
7631,0.0001,3269
7632,0.0001,820
7633,0.0001,2419
7634,0.0001,1050
7635,0.0001,253
7636,0.0001,2635
7637,0.0001,775
7638,0.0001,132
7639,0.0001,0
7640,0.0001,2229
7641,0.0001,819
7642,0.0001,1052
7643,0.0001,775
7644,0.0001,3982
7645,0.0001,864
7646,0.0001,191
7647,0.0001,236
7648,0.0001,2299
7649,0.0001,1678
7650,0.0001,3057
7651,0.0001,878
7652,0.0001,200
7653,0.0001,2292
7654,0.0001,62
7655,0.0001,2244
7656,0.0001,930
7657,0.0001,791
7658,0.0001,62
7659,0.0001,125
7660,0.0001,108
7661,0.0001,0
7662,0.0001,270
7663,0.0001,775
7664,0.0001,906
7665,0.0001,70
7666,0.0001,62
7667,0.0001,2302
7668,0.0001,1743
7669,0.0001,3366
7670,0.0001,884
7671,0.0001,1305
7672,0.0001,150
7673,0.0001,791
7674,0.0001,1425
7675,0.0001,235
7676,0.0001,1232
7677,0.0001,1685
7678,0.0001,2261
7679,0.0001,941
7680,0.0001,62
7681,0.0001,132
7682,0.0001,830
7683,0.0001,77
7684,0.0001,1886
7685,0.0001,0
7686,0.0001,171
7687,0.0001,976
7688,0.0001,54
7689,0.0001,2258
7690,0.0001,939
7691,0.0001,795
7692,0.0001,833
7693,0.0001,116
7694,0.0001,863
7695,0.0001,1597
7696,0.0001,721
7697,0.0001,1995
7698,0.0001,1522
7699,0.0001,844
7700,0.0001,1786
7701,0.0001,177
7702,0.0001,1586
7703,0.0001,232
7704,0.0001,989
7705,0.0001,744
7706,0.0001,912
7707,0.0001,1388
7708,0.0001,107
7709,0.0001,830
7710,0.0001,123
7711,0.0001,1492
7712,0.0001,3835
7713,0.0001,92
7714,0.0001,871
7715,0.0001,186
7716,0.0001,3083
7717,0.0001,63
7718,0.0001,806
7719,0.0001,1007
7720,0.0001,1030
7721,0.0001,678
7722,0.0001,169
7723,0.0001,802
7724,0.0001,5670
7725,0.0001,202
7726,0.0001,832
7727,0.0001,227
7728,0.0001,31
7729,0.0001,88
7730,0.0001,1874
7731,0.0001,1762
7732,0.0001,170
7733,0.0001,224
7734,0.0001,62
7735,0.0001,124
7736,0.0001,32
7737,0.0001,172
7738,0.0001,1575
7739,0.0001,154
7740,0.0001,993
7741,0.0001,110
7742,0.0001,1568
7743,0.0001,116
7744,0.0001,799
7745,0.0001,897
7746,0.0001,62
7747,0.0001,781
7748,0.0001,185
7749,0.0001,1061
7750,0.0001,47
7751,0.0001,831
7752,0.0001,0
7753,0.0001,1538
7754,0.0001,828
7755,0.0001,139
7756,0.0001,797
7757,0.0001,262
7758,0.0001,116
7759,0.0001,1628
7760,0.0001,1661
7761,0.0001,1147
7762,0.0001,62
7763,0.0001,299
7764,0.0001,329
7765,0.0001,69
7766,0.0001,1088
7767,0.0001,2032
7768,0.0001,169
7769,0.0001,62
7770,0.0001,149
7771,0.0001,93
7772,0.0001,46
7773,0.0001,877
7774,0.0001,1270
7775,0.0001,1690
7776,0.0001,928
7777,0.0001,776
7778,0.0001,2655
7779,0.0001,1179
7780,0.0001,749
7781,0.0001,293
7782,0.0001,46
7783,0.0001,170
7784,0.0001,745
7785,0.0001,47
7786,0.0001,62
7787,0.0001,154
7788,0.0001,154
7789,0.0001,1102
7790,0.0001,4094
7791,0.0001,0
7792,0.0001,186
7793,0.0001,437
7794,0.0001,3530
7795,0.0001,2447
7796,0.0001,612
7797,0.0001,3453
7798,0.0001,0
7799,0.0001,62
7800,0.0001,773
7801,0.0001,0
7802,0.0001,883
7803,0.0001,62
7804,0.0001,0
7805,0.0001,62
7806,0.0001,886
7807,0.0001,103
7808,0.0001,1655
7809,0.0001,78
7810,0.0001,16
7811,0.0001,3864
7812,0.0001,865
7813,0.0001,46
7814,0.0001,62
7815,0.0001,129
7816,0.0001,93
7817,0.0001,94
7818,0.0001,3267
7819,0.0001,1513
7820,0.0001,1518
7821,0.0001,3036
7822,0.0001,823
7823,0.0001,93
7824,0.0001,161
7825,0.0001,140
7826,0.0001,139
7827,0.0001,762
7828,0.0001,946
7829,0.0001,93
7830,0.0001,1547
7831,0.0001,1818
7832,0.0001,793
7833,0.0001,728
7834,0.0001,177
7835,0.0001,1537
7836,0.0001,1742
7837,0.0001,891
7838,0.0001,925
7839,0.0001,910
7840,0.0001,938
7841,0.0001,879
7842,0.0001,191
7843,0.0001,47
7844,0.0001,23
7845,0.0001,1590
7846,0.0001,702
7847,0.0001,62
7848,0.0001,938
7849,0.0001,1912
7850,0.0001,1624
7851,0.0001,359
7852,0.0001,155
7853,0.0001,47
7854,0.0001,0
7855,0.0001,98
7856,0.0001,0
7857,0.0001,728
7858,0.0001,139
7859,0.0001,1633
7860,0.0001,178
7861,0.0001,4331
7862,0.0001,223
7863,0.0001,935
7864,0.0001,0
7865,0.0001,283
7866,0.0001,1146
7867,0.0001,971
7868,0.0001,186
7869,0.0001,804
7870,0.0001,902
7871,0.0001,3774
7872,0.0001,114
7873,0.0001,288
7874,0.0001,383
7875,0.0001,185
7876,0.0001,47
7877,0.0001,141
7878,0.0001,814
7879,0.0001,396
7880,0.0001,115
7881,0.0001,47
7882,0.0001,938
7883,0.0001,147
7884,0.0001,108
7885,0.0001,883
7886,0.0001,156
7887,0.0001,1537
7888,0.0001,925
7889,0.0001,1668
7890,0.0001,31
7891,0.0001,364
7892,0.0001,737
7893,0.0001,612
7894,0.0001,907
7895,0.0001,1626
7896,0.0001,1684
7897,0.0001,3864
7898,0.0001,1168
7899,0.0001,887
7900,0.0001,103
7901,0.0001,300
7902,0.0001,0
7903,0.0001,110
7904,0.0001,62
7905,0.0001,218
7906,0.0001,788
7907,0.0001,68
7908,0.0001,0
7909,0.0001,124
7910,0.0001,247
7911,0.0001,867
7912,0.0001,3088
7913,0.0001,1506
7914,0.0001,751
7915,0.0001,969
7916,0.0001,278
7917,0.0001,247
7918,0.0001,281
7919,0.0001,103
7920,0.0001,92
7921,0.0001,54
7922,0.0001,193
7923,0.0001,971
7924,0.0001,108
7925,0.0001,1208
7926,0.0001,140
7927,0.0001,340
7928,0.0001,108
7929,0.0001,48
7930,0.0001,259
7931,0.0001,2330
7932,0.0001,678
7933,0.0001,945
7934,0.0001,1019
7935,0.0001,668
7936,0.0001,943
7937,0.0001,24
7938,0.0001,1664
7939,0.0001,1562
7940,0.0001,736
7941,0.0001,1970
7942,0.0001,86
7943,0.0001,62
7944,0.0001,1582
7945,0.0001,113
7946,0.0001,42
7947,0.0001,139
7948,0.0001,905
7949,0.0001,726
7950,0.0001,109
7951,0.0001,31
7952,0.0001,332
7953,0.0001,125
7954,0.0001,139
7955,0.0001,0
7956,0.0001,23
7957,0.0001,77
7958,0.0001,78
7959,0.0001,1544
7960,0.0001,148
7961,0.0001,1161
7962,0.0001,47
7963,0.0001,377
7964,0.0001,653
7965,0.0001,938
7966,0.0001,2366
7967,0.0001,240
7968,0.0001,139
7969,0.0001,154
7970,0.0001,201
7971,0.0001,999
7972,0.0001,4199
7973,0.0001,148
7974,0.0001,1716
7975,0.0001,31
7976,0.0001,157
7977,0.0001,769
7978,0.0001,0
7979,0.0001,915
7980,0.0001,186
7981,0.0001,93
7982,0.0001,1097
7983,0.0001,961
7984,0.0001,194
7985,0.0001,855
7986,0.0001,894
7987,0.0001,31
7988,0.0001,716
7989,0.0001,206
7990,0.0001,155
7991,0.0001,1577
7992,0.0001,1289
7993,0.0001,93
7994,0.0001,3021
7995,0.0001,868
7996,0.0001,248
7997,0.0001,0
7998,0.0001,85
7999,0.0001,918
8000,0.0001,1940
8001,0.0001,111
8002,0.0001,123
8003,0.0001,647
8004,0.0001,4246
8005,0.0001,720
8006,0.0001,46
8007,0.0001,123
8008,0.0001,1271
8009,0.0001,837
8010,0.0001,39
8011,0.0001,41
8012,0.0001,713
8013,0.0001,148
8014,0.0001,144
8015,0.0001,3355
8016,0.0001,1498
8017,0.0001,832
8018,0.0001,907
8019,0.0001,1572
8020,0.0001,907
8021,0.0001,983
8022,0.0001,892
8023,0.0001,3574
8024,0.0001,2289
8025,0.0001,181
8026,0.0001,1779
8027,0.0001,170
8028,0.0001,988
8029,0.0001,101
8030,0.0001,205
8031,0.0001,953
8032,0.0001,139
8033,0.0001,804
8034,0.0001,123
8035,0.0001,62
8036,0.0001,70
8037,0.0001,93
8038,0.0001,697
8039,0.0001,277
8040,0.0001,933
8041,0.0001,1821
8042,0.0001,2378
8043,0.0001,132
8044,0.0001,1400
8045,0.0001,92
8046,0.0001,1522
8047,0.0001,2352
8048,0.0001,1380
8049,0.0001,62
8050,0.0001,4818
8051,0.0001,309
8052,0.0001,1798
8053,0.0001,63
8054,0.0001,217
8055,0.0001,108
8056,0.0001,158
8057,0.0001,1182
8058,0.0001,1108
8059,0.0001,1195
8060,0.0001,667
8061,0.0001,62
8062,0.0001,154
8063,0.0001,131
8064,0.0001,3901
8065,0.0001,58
8066,0.0001,990
8067,0.0001,109
8068,0.0001,176
8069,0.0001,645
8070,0.0001,1870
8071,0.0001,1624
8072,0.0001,997
8073,0.0001,722
8074,0.0001,2067
8075,0.0001,54
8076,0.0001,1194
8077,0.0001,768
8078,0.0001,1721
8079,0.0001,758
8080,0.0001,140
8081,0.0001,260
8082,0.0001,0
8083,0.0001,31
8084,0.0001,186
8085,0.0001,185
8086,0.0001,213
8087,0.0001,1230
8088,0.0001,2092
8089,0.0001,364
8090,0.0001,822
8091,0.0001,191
8092,0.0001,945
8093,0.0001,1025
8094,0.0001,123
8095,0.0001,0
8096,0.0001,357
8097,0.0001,93
8098,0.0001,1604
8099,0.0001,62
8100,0.0001,976
8101,0.0001,722
8102,0.0001,69
8103,0.0001,2244
8104,0.0001,2510
8105,0.0001,1702
8106,0.0001,92
8107,0.0001,46
8108,0.0001,139
8109,0.0001,2394
8110,0.0001,47
8111,0.0001,78
8112,0.0001,1038
8113,0.0001,248
8114,0.0001,139
8115,0.0001,7098
8116,0.0001,207
8117,0.0001,2350
8118,0.0001,163
8119,0.0001,876
8120,0.0001,2596
8121,0.0001,86
8122,0.0001,969
8123,0.0001,1037
8124,0.0001,31
8125,0.0001,171
8126,0.0001,1693
8127,0.0001,1748
8128,0.0001,315
8129,0.0001,5515
8130,0.0001,165
8131,0.0001,101
8132,0.0001,177
8133,0.0001,71
8134,0.0001,134
8135,0.0001,950
8136,0.0001,165
8137,0.0001,46
8138,0.0001,88
8139,0.0001,147
8140,0.0001,109
8141,0.0001,124
8142,0.0001,93
8143,0.0001,806
8144,0.0001,1389
8145,0.0001,89
8146,0.0001,124
8147,0.0001,47
8148,0.0001,822
8149,0.0001,705
8150,0.0001,77
8151,0.0001,124
8152,0.0001,16
8153,0.0001,62
8154,0.0001,191
8155,0.0001,62
8156,0.0001,31
8157,0.0001,796
8158,0.0001,3105
8159,0.0001,183
8160,0.0001,78
8161,0.0001,786
8162,0.0001,101
8163,0.0001,126
8164,0.0001,896
8165,0.0001,139
8166,0.0001,139
8167,0.0001,768
8168,0.0001,150
8169,0.0001,1588
8170,0.0001,876
8171,0.0001,63
8172,0.0001,2366
8173,0.0001,235
8174,0.0001,2393
8175,0.0001,93
8176,0.0001,124
8177,0.0001,982
8178,0.0001,665
8179,0.0001,921
8180,0.0001,99
8181,0.0001,169
8182,0.0001,1127
8183,0.0001,93
8184,0.0001,933
8185,0.0001,730
8186,0.0001,1773
8187,0.0001,317
8188,0.0001,781
8189,0.0001,131
8190,0.0001,62
8191,0.0001,108
8192,0.0001,31
8193,0.0001,62
8194,0.0001,170
8195,0.0001,31
8196,0.0001,157
8197,0.0001,205
8198,0.0001,175
8199,0.0001,62
8200,0.0001,612
8201,0.0001,806
8202,0.0001,62
8203,0.0001,840
8204,0.0001,211
8205,0.0001,1362
8206,0.0001,1690
8207,0.0001,678
8208,0.0001,707
8209,0.0001,223
8210,0.0001,223
8211,0.0001,1135
8212,0.0001,785
8213,0.0001,791
8214,0.0001,832
8215,0.0001,1015
8216,0.0001,124
8217,0.0001,1788
8218,0.0001,763
8219,0.0001,161
8220,0.0001,933
8221,0.0001,109
8222,0.0001,108
8223,0.0001,1446
8224,0.0001,2373
8225,0.0001,880
8226,0.0001,791
8227,0.0001,1415
8228,0.0001,158
8229,0.0001,190
8230,0.0001,1038
8231,0.0001,131
8232,0.0001,0
8233,0.0001,668
8234,0.0001,1466
8235,0.0001,78
8236,0.0001,1808
8237,0.0001,54
8238,0.0001,116
8239,0.0001,2674
8240,0.0001,3363
8241,0.0001,737
8242,0.0001,1662
8243,0.0001,773
8244,0.0001,1456
8245,0.0001,0
8246,0.0001,3998
8247,0.0001,16
8248,0.0001,697
8249,0.0001,691
8250,0.0001,791
8251,0.0001,62
8252,0.0001,892
8253,0.0001,264
8254,0.0001,868
8255,0.0001,109
8256,0.0001,1632
8257,0.0001,132
8258,0.0001,1208
8259,0.0001,261
8260,0.0001,928
8261,0.0001,159
8262,0.0001,867
8263,0.0001,912
8264,0.0001,1570
8265,0.0001,117
8266,0.0001,54
8267,0.0001,2374
8268,0.0001,117
8269,0.0001,85
8270,0.0001,191
8271,0.0001,0
8272,0.0001,201
8273,0.0001,171
8274,0.0001,958
8275,0.0001,1520
8276,0.0001,2670
8277,0.0001,70
8278,0.0001,31
8279,0.0001,162
8280,0.0001,1700
8281,0.0001,979
8282,0.0001,78
8283,0.0001,880
8284,0.0001,1048
8285,0.0001,175
8286,0.0001,188
8287,0.0001,108
8288,0.0001,688
8289,0.0001,47
8290,0.0001,216
8291,0.0001,906
8292,0.0001,93
8293,0.0001,923
8294,0.0001,108
8295,0.0001,154
8296,0.0001,215
8297,0.0001,2263
8298,0.0001,4154
8299,0.0001,0
8300,0.0001,81
8301,0.0001,3284
8302,0.0001,1352
8303,0.0001,2392
8304,0.0001,2235
8305,0.0001,31
8306,0.0001,1628
8307,0.0001,804
8308,0.0001,147
8309,0.0001,796
8310,0.0001,170
8311,0.0001,85
8312,0.0001,761
8313,0.0001,92
8314,0.0001,46
8315,0.0001,93
8316,0.0001,720
8317,0.0001,2321
8318,0.0001,125
8319,0.0001,124
8320,0.0001,939
8321,0.0001,3251
8322,0.0001,886
8323,0.0001,100
8324,0.0001,1023
8325,0.0001,186
8326,0.0001,164
8327,0.0001,154
8328,0.0001,2066
8329,0.0001,651
8330,0.0001,876
8331,0.0001,201
8332,0.0001,140
8333,0.0001,183
8334,0.0001,1577
8335,0.0001,846
8336,0.0001,1554
8337,0.0001,661
8338,0.0001,85
8339,0.0001,207
8340,0.0001,1064
8341,0.0001,2552
8342,0.0001,123
8343,0.0001,31
8344,0.0001,984
8345,0.0001,139
8346,0.0001,154
8347,0.0001,16
8348,0.0001,1697
8349,0.0001,46
8350,0.0001,935
8351,0.0001,140
8352,0.0001,193
8353,0.0001,2251
8354,0.0001,2385
8355,0.0001,217
8356,0.0001,0
8357,0.0001,965
8358,0.0001,902
8359,0.0001,231
8360,0.0001,2212
8361,0.0001,104
8362,0.0001,1612
8363,0.0001,836
8364,0.0001,170
8365,0.0001,890
8366,0.0001,992
8367,0.0001,1831
8368,0.0001,141
8369,0.0001,782
8370,0.0001,0
8371,0.0001,92
8372,0.0001,62
8373,0.0001,774
8374,0.0001,2216
8375,0.0001,3388
8376,0.0001,147
8377,0.0001,965
8378,0.0001,1422
8379,0.0001,198
8380,0.0001,3196
8381,0.0001,1413
8382,0.0001,93
8383,0.0001,23
8384,0.0001,216
8385,0.0001,245
8386,0.0001,735
8387,0.0001,145
8388,0.0001,223
8389,0.0001,171
8390,0.0001,187
8391,0.0001,999
8392,0.0001,612
8393,0.0001,812
8394,0.0001,2343
8395,0.0001,2056
8396,0.0001,707
8397,0.0001,2929
8398,0.0001,2337
8399,0.0001,879
8400,0.0001,868
8401,0.0001,886
8402,0.0001,31
8403,0.0001,1211
8404,0.0001,217
8405,0.0001,1513
8406,0.0001,840
8407,0.0001,938
8408,0.0001,241
8409,0.0001,1590
8410,0.0001,187
8411,0.0001,824
8412,0.0001,2577
8413,0.0001,984
8414,0.0001,0
8415,0.0001,93
8416,0.0001,1750
8417,0.0001,0
8418,0.0001,720
8419,0.0001,154
8420,0.0001,0
8421,0.0001,1086
8422,0.0001,388
8423,0.0001,2477
8424,0.0001,856
8425,0.0001,108
8426,0.0001,125
8427,0.0001,1611
8428,0.0001,914
8429,0.0001,649
8430,0.0001,78
8431,0.0001,116
8432,0.0001,93
8433,0.0001,1659
8434,0.0001,0
8435,0.0001,62
8436,0.0001,769
8437,0.0001,54
8438,0.0001,793
8439,0.0001,240
8440,0.0001,31
8441,0.0001,1721
8442,0.0001,165
8443,0.0001,187
8444,0.0001,2213
8445,0.0001,78
8446,0.0001,108
8447,0.0001,2023
8448,0.0001,640
8449,0.0001,1541
8450,0.0001,217
8451,0.0001,193
8452,0.0001,866
8453,0.0001,85
8454,0.0001,148
8455,0.0001,83
8456,0.0001,1701
8457,0.0001,155
8458,0.0001,214
8459,0.0001,908
8460,0.0001,1460
8461,0.0001,1009
8462,0.0001,254
8463,0.0001,93
8464,0.0001,2329
8465,0.0001,1446
8466,0.0001,0
8467,0.0001,811
8468,0.0001,0
8469,0.0001,920
8470,0.0001,23
8471,0.0001,1546
8472,0.0001,3426
8473,0.0001,891
8474,0.0001,832
8475,0.0001,16
8476,0.0001,2358
8477,0.0001,136
8478,0.0001,82
8479,0.0001,3977
8480,0.0001,256
8481,0.0001,658
8482,0.0001,108
8483,0.0001,1295
8484,0.0001,1659
8485,0.0001,715
8486,0.0001,155
8487,0.0001,85
8488,0.0001,1458
8489,0.0001,1602
8490,0.0001,31
8491,0.0001,62
8492,0.0001,145
8493,0.0001,70
8494,0.0001,802
8495,0.0001,85
8496,0.0001,1025
8497,0.0001,847
8498,0.0001,2388
8499,0.0001,754
8500,0.0001,1086
8501,0.0001,787
8502,0.0001,969
8503,0.0001,918
8504,0.0001,1677
8505,0.0001,155
8506,0.0001,108
8507,0.0001,737
8508,0.0001,62
8509,0.0001,78
8510,0.0001,1663
8511,0.0001,1021
8512,0.0001,85
8513,0.0001,914
8514,0.0001,108
8515,0.0001,1117
8516,0.0001,123
8517,0.0001,754
8518,0.0001,779
8519,0.0001,645
8520,0.0001,830
8521,0.0001,117
8522,0.0001,2030
8523,0.0001,263
8524,0.0001,47
8525,0.0001,978
8526,0.0001,47
8527,0.0001,39
8528,0.0001,858
8529,0.0001,824
8530,0.0001,1597
8531,0.0001,753
8532,0.0001,868
8533,0.0001,1804
8534,0.0001,676
8535,0.0001,1657
8536,0.0001,1871
8537,0.0001,55
8538,0.0001,1430
8539,0.0001,3076
8540,0.0001,891
8541,0.0001,86
8542,0.0001,270
8543,0.0001,78
8544,0.0001,70
8545,0.0001,278
8546,0.0001,162
8547,0.0001,165
8548,0.0001,285
8549,0.0001,124
8550,0.0001,47
8551,0.0001,78
8552,0.0001,1409
8553,0.0001,3082
8554,0.0001,279
8555,0.0001,1536
8556,0.0001,211
8557,0.0001,674
8558,0.0001,3191
8559,0.0001,32
8560,0.0001,1562
8561,0.0001,226
8562,0.0001,239
8563,0.0001,109
8564,0.0001,932
8565,0.0001,62
8566,0.0001,77
8567,0.0001,41
8568,0.0001,912
8569,0.0001,972
8570,0.0001,77
8571,0.0001,1275
8572,0.0001,1549
8573,0.0001,1668
8574,0.0001,110
8575,0.0001,1137
8576,0.0001,82
8577,0.0001,1446
8578,0.0001,1503
8579,0.0001,62
8580,0.0001,42
8581,0.0001,779
8582,0.0001,1074
8583,0.0001,886
8584,0.0001,0
8585,0.0001,1455
8586,0.0001,162
8587,0.0001,124
8588,0.0001,70
8589,0.0001,1047
8590,0.0001,1564
8591,0.0001,1873
8592,0.0001,1757
8593,0.0001,1411
8594,0.0001,969
8595,0.0001,908
8596,0.0001,70
8597,0.0001,62
8598,0.0001,881
8599,0.0001,1703
8600,0.0001,2289
8601,0.0001,876
8602,0.0001,92
8603,0.0001,124
8604,0.0001,62
8605,0.0001,110
8606,0.0001,233
8607,0.0001,185
8608,0.0001,4194
8609,0.0001,124
8610,0.0001,973
8611,0.0001,62
8612,0.0001,2275
8613,0.0001,1605
8614,0.0001,1870
8615,0.0001,1637
8616,0.0001,870
8617,0.0001,2857
8618,0.0001,1472
8619,0.0001,185
8620,0.0001,116
8621,0.0001,922
8622,0.0001,3931
8623,0.0001,182
8624,0.0001,786
8625,0.0001,73
8626,0.0001,1679
8627,0.0001,92
8628,0.0001,221
8629,0.0001,917
8630,0.0001,1259
8631,0.0001,212
8632,0.0001,2345
8633,0.0001,822
8634,0.0001,906
8635,0.0001,93
8636,0.0001,203
8637,0.0001,185
8638,0.0001,129
8639,0.0001,177
8640,0.0001,192
8641,0.0001,131
8642,0.0001,171
8643,0.0001,1865
8644,0.0001,190
8645,0.0001,109
8646,0.0001,1074
8647,0.0001,113
8648,0.0001,55
8649,0.0001,146
8650,0.0001,1190
8651,0.0001,162
8652,0.0001,1440
8653,0.0001,293
8654,0.0001,93
8655,0.0001,658
8656,0.0001,47
8657,0.0001,131
8658,0.0001,1414
8659,0.0001,961
8660,0.0001,253
8661,0.0001,93
8662,0.0001,80
8663,0.0001,1030
8664,0.0001,161
8665,0.0001,873
8666,0.0001,176
8667,0.0001,901
8668,0.0001,31
8669,0.0001,140
8670,0.0001,140
8671,0.0001,2175
8672,0.0001,891
8673,0.0001,78
8674,0.0001,2091
8675,0.0001,674
8676,0.0001,55
8677,0.0001,346
8678,0.0001,154
8679,0.0001,3480
8680,0.0001,1552
8681,0.0001,232
8682,0.0001,1054
8683,0.0001,894
8684,0.0001,1797
8685,0.0001,237
8686,0.0001,1542
8687,0.0001,233
8688,0.0001,1197
8689,0.0001,154
8690,0.0001,886
8691,0.0001,871
8692,0.0001,894
8693,0.0001,139
8694,0.0001,830
8695,0.0001,291
8696,0.0001,174
8697,0.0001,897
8698,0.0001,688
8699,0.0001,178
8700,0.0001,848
8701,0.0001,183
8702,0.0001,93
8703,0.0001,159
8704,0.0001,86
8705,0.0001,637
8706,0.0001,251
8707,0.0001,93
8708,0.0001,850
8709,0.0001,100
8710,0.0001,273
8711,0.0001,1450
8712,0.0001,658
8713,0.0001,82
8714,0.0001,770
8715,0.0001,16
8716,0.0001,759
8717,0.0001,751
8718,0.0001,2261
8719,0.0001,125
8720,0.0001,645
8721,0.0001,3676
8722,0.0001,1067
8723,0.0001,169
8724,0.0001,93
8725,0.0001,988
8726,0.0001,812
8727,0.0001,3038
8728,0.0001,1065
8729,0.0001,2517
8730,0.0001,316
8731,0.0001,5290
8732,0.0001,1689
8733,0.0001,709
8734,0.0001,133
8735,0.0001,23
8736,0.0001,848
8737,0.0001,23
8738,0.0001,5245
8739,0.0001,46
8740,0.0001,822
8741,0.0001,1034
8742,0.0001,0
8743,0.0001,2396
8744,0.0001,794
8745,0.0001,1634
8746,0.0001,1270
8747,0.0001,124
8748,0.0001,816
8749,0.0001,2396
8750,0.0001,1585
8751,0.0001,892
8752,0.0001,2933
8753,0.0001,190
8754,0.0001,46
8755,0.0001,1411
8756,0.0001,938
8757,0.0001,840
8758,0.0001,3245
8759,0.0001,1479
8760,0.0001,178
8761,0.0001,614
8762,0.0001,79
8763,0.0001,155
8764,0.0001,1609
8765,0.0001,144
8766,0.0001,891
8767,0.0001,1711
8768,0.0001,1832
8769,0.0001,243
8770,0.0001,208
8771,0.0001,817
8772,0.0001,1406
8773,0.0001,911
8774,0.0001,124
8775,0.0001,3210
8776,0.0001,46
8777,0.0001,165
8778,0.0001,1631
8779,0.0001,131
8780,0.0001,944
8781,0.0001,126
8782,0.0001,160
8783,0.0001,73
8784,0.0001,693
8785,0.0001,39
8786,0.0001,177
8787,0.0001,768
8788,0.0001,86
8789,0.0001,288
8790,0.0001,815
8791,0.0001,62
8792,0.0001,172
8793,0.0001,965
8794,0.0001,1384
8795,0.0001,286
8796,0.0001,980
8797,0.0001,62
8798,0.0001,249
8799,0.0001,193
8800,0.0001,3639
8801,0.0001,98
8802,0.0001,2116
8803,0.0001,106
8804,0.0001,32
8805,0.0001,108
8806,0.0001,1707
8807,0.0001,139
8808,0.0001,164
8809,0.0001,1516
8810,0.0001,78
8811,0.0001,78
8812,0.0001,915
8813,0.0001,3959
8814,0.0001,3774
8815,0.0001,674
8816,0.0001,185
8817,0.0001,147
8818,0.0001,894
8819,0.0001,31
8820,0.0001,1760
8821,0.0001,125
8822,0.0001,46
8823,0.0001,77
8824,0.0001,155
8825,0.0001,910
8826,0.0001,3634
8827,0.0001,108
8828,0.0001,198
8829,0.0001,240
8830,0.0001,781
8831,0.0001,237
8832,0.0001,828
8833,0.0001,0
8834,0.0001,912
8835,0.0001,108
8836,0.0001,1050
8837,0.0001,750
8838,0.0001,2136
8839,0.0001,938
8840,0.0001,897
8841,0.0001,124
8842,0.0001,768
8843,0.0001,1665
8844,0.0001,833
8845,0.0001,913
8846,0.0001,73
8847,0.0001,1661
8848,0.0001,905
8849,0.0001,914
8850,0.0001,1026
8851,0.0001,856
8852,0.0001,93
8853,0.0001,77
8854,0.0001,179
8855,0.0001,108
8856,0.0001,156
8857,0.0001,2494
8858,0.0001,832
8859,0.0001,997
8860,0.0001,139
8861,0.0001,874
8862,0.0001,124
8863,0.0001,1626
8864,0.0001,165
8865,0.0001,282
8866,0.0001,2836
8867,0.0001,1853
8868,0.0001,1045
8869,0.0001,77
8870,0.0001,23
8871,0.0001,2142
8872,0.0001,1549
8873,0.0001,2393
8874,0.0001,908
8875,0.0001,0
8876,0.0001,3809
8877,0.0001,428
8878,0.0001,219
8879,0.0001,947
8880,0.0001,168
8881,0.0001,116
8882,0.0001,115
8883,0.0001,146
8884,0.0001,2569
8885,0.0001,1143
8886,0.0001,149
8887,0.0001,94
8888,0.0001,0
8889,0.0001,85
8890,0.0001,1778
8891,0.0001,1590
8892,0.0001,1756
8893,0.0001,1656
8894,0.0001,47
8895,0.0001,804
8896,0.0001,54
8897,0.0001,1664
8898,0.0001,747
8899,0.0001,249
8900,0.0001,2202
8901,0.0001,62
8902,0.0001,124
8903,0.0001,830
8904,0.0001,1771
8905,0.0001,1191
8906,0.0001,207
8907,0.0001,223
8908,0.0001,62
8909,0.0001,1552
8910,0.0001,93
8911,0.0001,1034
8912,0.0001,108
8913,0.0001,162
8914,0.0001,1078
8915,0.0001,847
8916,0.0001,115
8917,0.0001,908
8918,0.0001,3165
8919,0.0001,108
8920,0.0001,23
8921,0.0001,139
8922,0.0001,2386
8923,0.0001,155
8924,0.0001,62
8925,0.0001,240
8926,0.0001,979
8927,0.0001,233
8928,0.0001,3330
8929,0.0001,147
8930,0.0001,1132
8931,0.0001,247
8932,0.0001,3284
8933,0.0001,1505
8934,0.0001,1724
8935,0.0001,744
8936,0.0001,3312
8937,0.0001,1610
8938,0.0001,231
8939,0.0001,630
8940,0.0001,140
8941,0.0001,792
8942,0.0001,178
8943,0.0001,78
8944,0.0001,1093
8945,0.0001,62
8946,0.0001,3163
8947,0.0001,237
8948,0.0001,701
8949,0.0001,2217
8950,0.0001,0
8951,0.0001,62
8952,0.0001,758
8953,0.0001,2296
8954,0.0001,1603
8955,0.0001,210
8956,0.0001,201
8957,0.0001,73
8958,0.0001,1497
8959,0.0001,23
8960,0.0001,1592
8961,0.0001,1606
8962,0.0001,67
8963,0.0001,748
8964,0.0001,201
8965,0.0001,0
8966,0.0001,911
8967,0.0001,46
8968,0.0001,2015
8969,0.0001,3492
8970,0.0001,306
8971,0.0001,217
8972,0.0001,668
8973,0.0001,658
8974,0.0001,0
8975,0.0001,1673
8976,0.0001,113
8977,0.0001,125
8978,0.0001,139
8979,0.0001,3462
8980,0.0001,186
8981,0.0001,141
8982,0.0001,1085
8983,0.0001,155
8984,0.0001,1055
8985,0.0001,94
8986,0.0001,878
8987,0.0001,0
8988,0.0001,0
8989,0.0001,768
8990,0.0001,2414
8991,0.0001,1102
8992,0.0001,892
8993,0.0001,0
8994,0.0001,0
8995,0.0001,938
8996,0.0001,143
8997,0.0001,881
8998,0.0001,155
8999,0.0001,280
9000,0.0001,3159
9001,0.0001,1596
9002,0.0001,806
9003,0.0001,62
9004,0.0001,103
9005,0.0001,123
9006,0.0001,1223
9007,0.0001,930
9008,0.0001,128
9009,0.0001,113
9010,0.0001,124
9011,0.0001,1582
9012,0.0001,158
9013,0.0001,216
9014,0.0001,3993
9015,0.0001,3628
9016,0.0001,0
9017,0.0001,82
9018,0.0001,264
9019,0.0001,390
9020,0.0001,3869
9021,0.0001,908
9022,0.0001,221
9023,0.0001,1723
9024,0.0001,987
9025,0.0001,751
9026,0.0001,93
9027,0.0001,199
9028,0.0001,882
9029,0.0001,47
9030,0.0001,1036
9031,0.0001,963
9032,0.0001,77
9033,0.0001,799
9034,0.0001,163
9035,0.0001,1537
9036,0.0001,147
9037,0.0001,1594
9038,0.0001,1104
9039,0.0001,84
9040,0.0001,109
9041,0.0001,893
9042,0.0001,965
9043,0.0001,1606
9044,0.0001,171
9045,0.0001,1007
9046,0.0001,707
9047,0.0001,203
9048,0.0001,223
9049,0.0001,801
9050,0.0001,967
9051,0.0001,112
9052,0.0001,154
9053,0.0001,1133
9054,0.0001,116
9055,0.0001,159
9056,0.0001,282
9057,0.0001,968
9058,0.0001,224
9059,0.0001,2731
9060,0.0001,956
9061,0.0001,1589
9062,0.0001,2392
9063,0.0001,185
9064,0.0001,121
9065,0.0001,272
9066,0.0001,979
9067,0.0001,3429
9068,0.0001,62
9069,0.0001,16
9070,0.0001,62
9071,0.0001,115
9072,0.0001,4048
9073,0.0001,753
9074,0.0001,1636
9075,0.0001,704
9076,0.0001,139
9077,0.0001,925
9078,0.0001,3496
9079,0.0001,635
9080,0.0001,78
9081,0.0001,858
9082,0.0001,1615
9083,0.0001,77
9084,0.0001,958
9085,0.0001,125
9086,0.0001,1036
9087,0.0001,247
9088,0.0001,147
9089,0.0001,1703
9090,0.0001,879
9091,0.0001,891
9092,0.0001,46
9093,0.0001,77
9094,0.0001,117
9095,0.0001,1413
9096,0.0001,31
9097,0.0001,1519
9098,0.0001,3766
9099,0.0001,987
9100,0.0001,117
9101,0.0001,856
9102,0.0001,78
9103,0.0001,671
9104,0.0001,263
9105,0.0001,864
9106,0.0001,93
9107,0.0001,645
9108,0.0001,944
9109,0.0001,1148
9110,0.0001,280
9111,0.0001,1647
9112,0.0001,139
9113,0.0001,777
9114,0.0001,16
9115,0.0001,1559
9116,0.0001,1125
9117,0.0001,5243
9118,0.0001,1683
9119,0.0001,951
9120,0.0001,134
9121,0.0001,47
9122,0.0001,0
9123,0.0001,124
9124,0.0001,870
9125,0.0001,194
9126,0.0001,129
9127,0.0001,649
9128,0.0001,649
9129,0.0001,2733
9130,0.0001,131
9131,0.0001,3161
9132,0.0001,139
9133,0.0001,866
9134,0.0001,246
9135,0.0001,722
9136,0.0001,108
9137,0.0001,55
9138,0.0001,16
9139,0.0001,154
9140,0.0001,216
9141,0.0001,853
9142,0.0001,825
9143,0.0001,31
9144,0.0001,147
9145,0.0001,77
9146,0.0001,2216
9147,0.0001,2372
9148,0.0001,77
9149,0.0001,945
9150,0.0001,3698
9151,0.0001,814
9152,0.0001,3213
9153,0.0001,761
9154,0.0001,3719
9155,0.0001,988
9156,0.0001,227
9157,0.0001,705
9158,0.0001,942
9159,0.0001,78
9160,0.0001,194
9161,0.0001,188
9162,0.0001,31
9163,0.0001,5550
9164,0.0001,1039
9165,0.0001,779
9166,0.0001,1566
9167,0.0001,1459
9168,0.0001,3183
9169,0.0001,103
9170,0.0001,3752
9171,0.0001,1020
9172,0.0001,31
9173,0.0001,93
9174,0.0001,63
9175,0.0001,1797
9176,0.0001,172
9177,0.0001,935
9178,0.0001,125
9179,0.0001,87
9180,0.0001,93
9181,0.0001,170
9182,0.0001,77
9183,0.0001,31
9184,0.0001,245
9185,0.0001,2710
9186,0.0001,186
9187,0.0001,708
9188,0.0001,93
9189,0.0001,987
9190,0.0001,912
9191,0.0001,47
9192,0.0001,1314
9193,0.0001,4727
9194,0.0001,94
9195,0.0001,2782
9196,0.0001,124
9197,0.0001,817
9198,0.0001,1148
9199,0.0001,92
9200,0.0001,686
9201,0.0001,848
9202,0.0001,752
9203,0.0001,1550
9204,0.0001,3514
9205,0.0001,962
9206,0.0001,62
9207,0.0001,3976
9208,0.0001,802
9209,0.0001,62
9210,0.0001,191
9211,0.0001,1463
9212,0.0001,186
9213,0.0001,797
9214,0.0001,246
9215,0.0001,171
9216,0.0001,93
9217,0.0001,814
9218,0.0001,31
9219,0.0001,269
9220,0.0001,1399
9221,0.0001,1740
9222,0.0001,804
9223,0.0001,2308
9224,0.0001,1693
9225,0.0001,1426
9226,0.0001,4188
9227,0.0001,46
9228,0.0001,3208
9229,0.0001,62
9230,0.0001,1109
9231,0.0001,982
9232,0.0001,728
9233,0.0001,117
9234,0.0001,181
9235,0.0001,139
9236,0.0001,46
9237,0.0001,1718
9238,0.0001,78
9239,0.0001,738
9240,0.0001,113
9241,0.0001,207
9242,0.0001,919
9243,0.0001,171
9244,0.0001,213
9245,0.0001,820
9246,0.0001,2566
9247,0.0001,1869
9248,0.0001,139
9249,0.0001,918
9250,0.0001,163
9251,0.0001,1584
9252,0.0001,124
9253,0.0001,21
9254,0.0001,715
9255,0.0001,2477
9256,0.0001,235
9257,0.0001,769
9258,0.0001,2588
9259,0.0001,698
9260,0.0001,267
9261,0.0001,961
9262,0.0001,94
9263,0.0001,1080
9264,0.0001,124
9265,0.0001,46
9266,0.0001,1053
9267,0.0001,144
9268,0.0001,31
9269,0.0001,3520
9270,0.0001,132
9271,0.0001,47
9272,0.0001,78
9273,0.0001,16
9274,0.0001,190
9275,0.0001,643
9276,0.0001,799
9277,0.0001,1263
9278,0.0001,82
9279,0.0001,678
9280,0.0001,838
9281,0.0001,2353
9282,0.0001,258
9283,0.0001,92
9284,0.0001,3472
9285,0.0001,110
9286,0.0001,2267
9287,0.0001,314
9288,0.0001,55
9289,0.0001,900
9290,0.0001,124
9291,0.0001,2605
9292,0.0001,62
9293,0.0001,31
9294,0.0001,94
9295,0.0001,1090
9296,0.0001,643
9297,0.0001,1467
9298,0.0001,3258
9299,0.0001,1511
9300,0.0001,127
9301,0.0001,1694
9302,0.0001,228
9303,0.0001,682
9304,0.0001,157
9305,0.0001,317
9306,0.0001,108
9307,0.0001,92
9308,0.0001,952
9309,0.0001,215
9310,0.0001,121
9311,0.0001,62
9312,0.0001,70
9313,0.0001,991
9314,0.0001,1682
9315,0.0001,868
9316,0.0001,2035
9317,0.0001,16
9318,0.0001,224
9319,0.0001,1116
9320,0.0001,958
9321,0.0001,740
9322,0.0001,147
9323,0.0001,728
9324,0.0001,709
9325,0.0001,713
9326,0.0001,139
9327,0.0001,1803
9328,0.0001,976
9329,0.0001,16
9330,0.0001,129
9331,0.0001,2437
9332,0.0001,987
9333,0.0001,70
9334,0.0001,967
9335,0.0001,713
9336,0.0001,2494
9337,0.0001,726
9338,0.0001,16
9339,0.0001,77
9340,0.0001,116
9341,0.0001,257
9342,0.0001,108
9343,0.0001,0
9344,0.0001,124
9345,0.0001,838
9346,0.0001,884
9347,0.0001,170
9348,0.0001,892
9349,0.0001,77
9350,0.0001,85
9351,0.0001,1608
9352,0.0001,147
9353,0.0001,125
9354,0.0001,189
9355,0.0001,985
9356,0.0001,23
9357,0.0001,812
9358,0.0001,109
9359,0.0001,225
9360,0.0001,810
9361,0.0001,614
9362,0.0001,868
9363,0.0001,94
9364,0.0001,868
9365,0.0001,62
9366,0.0001,100
9367,0.0001,0
9368,0.0001,1489
9369,0.0001,707
9370,0.0001,929
9371,0.0001,817
9372,0.0001,170
9373,0.0001,2671
9374,0.0001,1336
9375,0.0001,160
9376,0.0001,139
9377,0.0001,1116
9378,0.0001,766
9379,0.0001,3475
9380,0.0001,46
9381,0.0001,193
9382,0.0001,2396
9383,0.0001,116
9384,0.0001,801
9385,0.0001,315
9386,0.0001,216
9387,0.0001,944
9388,0.0001,160
9389,0.0001,674
9390,0.0001,62
9391,0.0001,329
9392,0.0001,616
9393,0.0001,124
9394,0.0001,1442
9395,0.0001,236
9396,0.0001,3543
9397,0.0001,1621
9398,0.0001,108
9399,0.0001,101
9400,0.0001,1047
9401,0.0001,902
9402,0.0001,82
9403,0.0001,139
9404,0.0001,46
9405,0.0001,330
9406,0.0001,1586
9407,0.0001,170
9408,0.0001,144
9409,0.0001,62
9410,0.0001,186
9411,0.0001,2184
9412,0.0001,784
9413,0.0001,224
9414,0.0001,208
9415,0.0001,3133
9416,0.0001,203
9417,0.0001,1660
9418,0.0001,140
9419,0.0001,713
9420,0.0001,139
9421,0.0001,116
9422,0.0001,791
9423,0.0001,62
9424,0.0001,46
9425,0.0001,155
9426,0.0001,100
9427,0.0001,264
9428,0.0001,2957
9429,0.0001,16
9430,0.0001,244
9431,0.0001,3147
9432,0.0001,855
9433,0.0001,1716
9434,0.0001,69
9435,0.0001,23
9436,0.0001,70
9437,0.0001,830
9438,0.0001,1602
9439,0.0001,1788
9440,0.0001,21
9441,0.0001,235
9442,0.0001,1169
9443,0.0001,1687
9444,0.0001,1082
9445,0.0001,981
9446,0.0001,179
9447,0.0001,216
9448,0.0001,82
9449,0.0001,109
9450,0.0001,1903
9451,0.0001,32
9452,0.0001,62
9453,0.0001,1698
9454,0.0001,806
9455,0.0001,139
9456,0.0001,180
9457,0.0001,157
9458,0.0001,850
9459,0.0001,139
9460,0.0001,3373
9461,0.0001,171
9462,0.0001,909
9463,0.0001,2308
9464,0.0001,1400
9465,0.0001,31
9466,0.0001,999
9467,0.0001,96
9468,0.0001,937
9469,0.0001,140
9470,0.0001,55
9471,0.0001,823
9472,0.0001,910
9473,0.0001,710
9474,0.0001,93
9475,0.0001,940
9476,0.0001,0
9477,0.0001,2132
9478,0.0001,2680
9479,0.0001,718
9480,0.0001,62
9481,0.0001,16
9482,0.0001,3283
9483,0.0001,1742
9484,0.0001,426
9485,0.0001,2375
9486,0.0001,4906
9487,0.0001,77
9488,0.0001,3855
9489,0.0001,894
9490,0.0001,155
9491,0.0001,234
9492,0.0001,1012
9493,0.0001,68
9494,0.0001,1295
9495,0.0001,871
9496,0.0001,150
9497,0.0001,83
9498,0.0001,0
9499,0.0001,834
9500,0.0001,170
9501,0.0001,2605
9502,0.0001,2860
9503,0.0001,782
9504,0.0001,793
9505,0.0001,915
9506,0.0001,155
9507,0.0001,250
9508,0.0001,751
9509,0.0001,86
9510,0.0001,39
9511,0.0001,1488
9512,0.0001,683
9513,0.0001,219
9514,0.0001,139
9515,0.0001,963
9516,0.0001,1536
9517,0.0001,233
9518,0.0001,895
9519,0.0001,864
9520,0.0001,77
9521,0.0001,180
9522,0.0001,3284
9523,0.0001,1690
9524,0.0001,1186
9525,0.0001,675
9526,0.0001,1583
9527,0.0001,194
9528,0.0001,909
9529,0.0001,970
9530,0.0001,612
9531,0.0001,1026
9532,0.0001,1456
9533,0.0001,707
9534,0.0001,83
9535,0.0001,1005
9536,0.0001,859
9537,0.0001,969
9538,0.0001,200
9539,0.0001,185
9540,0.0001,923
9541,0.0001,2486
9542,0.0001,333
9543,0.0001,1030
9544,0.0001,0
9545,0.0001,146
9546,0.0001,247
9547,0.0001,62
9548,0.0001,0
9549,0.0001,1573
9550,0.0001,92
9551,0.0001,77
9552,0.0001,1739
9553,0.0001,193
9554,0.0001,871
9555,0.0001,861
9556,0.0001,858
9557,0.0001,31
9558,0.0001,903
9559,0.0001,262
9560,0.0001,876
9561,0.0001,177
9562,0.0001,110
9563,0.0001,0
9564,0.0001,747
9565,0.0001,154
9566,0.0001,899
9567,0.0001,155
9568,0.0001,2501
9569,0.0001,62
9570,0.0001,1539
9571,0.0001,819
9572,0.0001,41
9573,0.0001,78
9574,0.0001,272
9575,0.0001,172
9576,0.0001,109
9577,0.0001,217
9578,0.0001,170
9579,0.0001,163
9580,0.0001,46
9581,0.0001,139
9582,0.0001,2366
9583,0.0001,721
9584,0.0001,1959
9585,0.0001,0
9586,0.0001,4082
9587,0.0001,78
9588,0.0001,1167
9589,0.0001,282
9590,0.0001,1038
9591,0.0001,865
9592,0.0001,164
9593,0.0001,203
9594,0.0001,1875
9595,0.0001,1613
9596,0.0001,3787
9597,0.0001,62
9598,0.0001,3338
9599,0.0001,674
9600,0.0001,31
9601,0.0001,83
9602,0.0001,796
9603,0.0001,85
9604,0.0001,47
9605,0.0001,125
9606,0.0001,92
9607,0.0001,190
9608,0.0001,743
9609,0.0001,902
9610,0.0001,93
9611,0.0001,3078
9612,0.0001,832
9613,0.0001,139
9614,0.0001,705
9615,0.0001,806
9616,0.0001,2258
9617,0.0001,912
9618,0.0001,201
9619,0.0001,2315
9620,0.0001,2413
9621,0.0001,913
9622,0.0001,3603
9623,0.0001,77
9624,0.0001,115
9625,0.0001,146
9626,0.0001,2344
9627,0.0001,2398
9628,0.0001,845
9629,0.0001,441
9630,0.0001,234
9631,0.0001,82
9632,0.0001,77
9633,0.0001,155
9634,0.0001,108
9635,0.0001,697
9636,0.0001,1748
9637,0.0001,133
9638,0.0001,828
9639,0.0001,77
9640,0.0001,744
9641,0.0001,210
9642,0.0001,2202
9643,0.0001,712
9644,0.0001,1118
9645,0.0001,200
9646,0.0001,1624
9647,0.0001,198
9648,0.0001,200
9649,0.0001,140
9650,0.0001,830
9651,0.0001,789
9652,0.0001,742
9653,0.0001,2187
9654,0.0001,951
9655,0.0001,881
9656,0.0001,636
9657,0.0001,0
9658,0.0001,232
9659,0.0001,902
9660,0.0001,163
9661,0.0001,950
9662,0.0001,52
9663,0.0001,2489
9664,0.0001,94
9665,0.0001,614
9666,0.0001,70
9667,0.0001,830
9668,0.0001,31
9669,0.0001,203
9670,0.0001,154
9671,0.0001,169
9672,0.0001,178
9673,0.0001,78
9674,0.0001,861
9675,0.0001,140
9676,0.0001,801
9677,0.0001,73
9678,0.0001,999
9679,0.0001,674
9680,0.0001,154
9681,0.0001,267
9682,0.0001,148
9683,0.0001,144
9684,0.0001,4964
9685,0.0001,614
9686,0.0001,234
9687,0.0001,174
9688,0.0001,23
9689,0.0001,2433
9690,0.0001,108
9691,0.0001,1446
9692,0.0001,111
9693,0.0001,1728
9694,0.0001,243
9695,0.0001,123
9696,0.0001,849
9697,0.0001,62
9698,0.0001,155
9699,0.0001,165
9700,0.0001,42
9701,0.0001,729
9702,0.0001,1707
9703,0.0001,206
9704,0.0001,2379
9705,0.0001,118
9706,0.0001,62
9707,0.0001,1783
9708,0.0001,756
9709,0.0001,1678
9710,0.0001,103
9711,0.0001,796
9712,0.0001,912
9713,0.0001,155
9714,0.0001,200
9715,0.0001,62
9716,0.0001,162
9717,0.0001,866
9718,0.0001,3393
9719,0.0001,103
9720,0.0001,1005
9721,0.0001,165
9722,0.0001,93
9723,0.0001,218
9724,0.0001,0
9725,0.0001,185
9726,0.0001,928
9727,0.0001,129
9728,0.0001,193
9729,0.0001,859
9730,0.0001,1833
9731,0.0001,103
9732,0.0001,108
9733,0.0001,660
9734,0.0001,178
9735,0.0001,894
9736,0.0001,140
9737,0.0001,108
9738,0.0001,5297
9739,0.0001,108
9740,0.0001,152
9741,0.0001,195
9742,0.0001,155
9743,0.0001,1599
9744,0.0001,1487
9745,0.0001,1090
9746,0.0001,108
9747,0.0001,187
9748,0.0001,158
9749,0.0001,940
9750,0.0001,863
9751,0.0001,62
9752,0.0001,140
9753,0.0001,2442
9754,0.0001,129
9755,0.0001,241
9756,0.0001,93
9757,0.0001,887
9758,0.0001,883
9759,0.0001,191
9760,0.0001,155
9761,0.0001,2018
9762,0.0001,335
9763,0.0001,93
9764,0.0001,946
9765,0.0001,884
9766,0.0001,931
9767,0.0001,62
9768,0.0001,2300
9769,0.0001,1613
9770,0.0001,819
9771,0.0001,1013
9772,0.0001,958
9773,0.0001,1112
9774,0.0001,186
9775,0.0001,941
9776,0.0001,991
9777,0.0001,139
9778,0.0001,799
9779,0.0001,93
9780,0.0001,125
9781,0.0001,689
9782,0.0001,643
9783,0.0001,1679
9784,0.0001,2892
9785,0.0001,941
9786,0.0001,720
9787,0.0001,62
9788,0.0001,223
9789,0.0001,866
9790,0.0001,101
9791,0.0001,669
9792,0.0001,2489
9793,0.0001,896
9794,0.0001,1659
9795,0.0001,262
9796,0.0001,0
9797,0.0001,168
9798,0.0001,731
9799,0.0001,5955
9800,0.0001,825
9801,0.0001,62
9802,0.0001,149
9803,0.0001,946
9804,0.0001,4659
9805,0.0001,907
9806,0.0001,86
9807,0.0001,108
9808,0.0001,1711
9809,0.0001,1158
9810,0.0001,831
9811,0.0001,230
9812,0.0001,171
9813,0.0001,157
9814,0.0001,46
9815,0.0001,2363
9816,0.0001,1017
9817,0.0001,324
9818,0.0001,1050
9819,0.0001,193
9820,0.0001,976
9821,0.0001,301
9822,0.0001,154
9823,0.0001,893
9824,0.0001,1657
9825,0.0001,0
9826,0.0001,255
9827,0.0001,278
9828,0.0001,250
9829,0.0001,1030
9830,0.0001,876
9831,0.0001,47
9832,0.0001,1026
9833,0.0001,908
9834,0.0001,32
9835,0.0001,880
9836,0.0001,3520
9837,0.0001,124
9838,0.0001,728
9839,0.0001,1609
9840,0.0001,101
9841,0.0001,178
9842,0.0001,799
9843,0.0001,3237
9844,0.0001,361
9845,0.0001,1544
9846,0.0001,1233
9847,0.0001,178
9848,0.0001,257
9849,0.0001,46
9850,0.0001,77
9851,0.0001,1651
9852,0.0001,2274
9853,0.0001,186
9854,0.0001,2317
9855,0.0001,256
9856,0.0001,1698
9857,0.0001,108
9858,0.0001,876
9859,0.0001,169
9860,0.0001,1033
9861,0.0001,817
9862,0.0001,85
9863,0.0001,1539
9864,0.0001,873
9865,0.0001,124
9866,0.0001,782
9867,0.0001,2343
9868,0.0001,109
9869,0.0001,4581
9870,0.0001,474
9871,0.0001,4980
9872,0.0001,1521
9873,0.0001,2262
9874,0.0001,351
9875,0.0001,62
9876,0.0001,185
9877,0.0001,2236
9878,0.0001,62
9879,0.0001,228
9880,0.0001,792
9881,0.0001,686
9882,0.0001,949
9883,0.0001,910
9884,0.0001,1503
9885,0.0001,931
9886,0.0001,23
9887,0.0001,1488
9888,0.0001,899
9889,0.0001,134
9890,0.0001,1751
9891,0.0001,974
9892,0.0001,812
9893,0.0001,826
9894,0.0001,1282
9895,0.0001,1523
9896,0.0001,118
9897,0.0001,149
9898,0.0001,998
9899,0.0001,186
9900,0.0001,186
9901,0.0001,873
9902,0.0001,82
9903,0.0001,3332
9904,0.0001,1793
9905,0.0001,1619
9906,0.0001,154
9907,0.0001,1102
9908,0.0001,62
9909,0.0001,735
9910,0.0001,992
9911,0.0001,911
9912,0.0001,855
9913,0.0001,373
9914,0.0001,185
9915,0.0001,834
9916,0.0001,770
9917,0.0001,928
9918,0.0001,130
9919,0.0001,797
9920,0.0001,949
9921,0.0001,108
9922,0.0001,827
9923,0.0001,166
9924,0.0001,881
9925,0.0001,1727
9926,0.0001,887
9927,0.0001,705
9928,0.0001,1646
9929,0.0001,287
9930,0.0001,945
9931,0.0001,1613
9932,0.0001,62
9933,0.0001,158
9934,0.0001,4251
9935,0.0001,659
9936,0.0001,31
9937,0.0001,966
9938,0.0001,1175
9939,0.0001,994
9940,0.0001,308
9941,0.0001,162
9942,0.0001,165
9943,0.0001,945
9944,0.0001,186
9945,0.0001,3280
9946,0.0001,116
9947,0.0001,218
9948,0.0001,218
9949,0.0001,1728
9950,0.0001,773
9951,0.0001,3528
9952,0.0001,116
9953,0.0001,139
9954,0.0001,16
9955,0.0001,1507
9956,0.0001,968
9957,0.0001,709
9958,0.0001,798
9959,0.0001,1754
9960,0.0001,83
9961,0.0001,705
9962,0.0001,108
9963,0.0001,848
9964,0.0001,155
9965,0.0001,1355
9966,0.0001,194
9967,0.0001,739
9968,0.0001,1307
9969,0.0001,31
9970,0.0001,1577
9971,0.0001,1123
9972,0.0001,186
9973,0.0001,1030
9974,0.0001,682
9975,0.0001,154
9976,0.0001,62
9977,0.0001,923
9978,0.0001,62
9979,0.0001,612
9980,0.0001,46
9981,0.0001,1672
9982,0.0001,0
9983,0.0001,31
9984,0.0001,878
9985,0.0001,248
9986,0.0001,62
9987,0.0001,1026
9988,0.0001,849
9989,0.0001,715
9990,0.0001,946
9991,0.0001,187
9992,0.0001,85
9993,0.0001,848
9994,0.0001,368
9995,0.0001,236
9996,0.0001,1451
9997,0.0001,62
9998,0.0001,1048
9999,0.0001,62
