simulation_id,probability,payoutMultiplier
0,0.0001,2
1,0.0001,6
2,0.0001,1
3,0.0001,9
4,0.0001,8
5,0.0001,2
6,0.0001,8
7,0.0001,1
8,0.0001,0
9,0.0001,6
10,0.0001,8
11,0.0001,0
12,0.0001,9
13,0.0001,6
14,0.0001,20
15,0.0001,0
16,0.0001,1
17,0.0001,1
18,0.0001,1
19,0.0001,32
20,0.0001,0
21,0.0001,2
22,0.0001,1
23,0.0001,10
24,0.0001,0
25,0.0001,8
26,0.0001,7
27,0.0001,15
28,0.0001,20
29,0.0001,0
30,0.0001,10
31,0.0001,1
32,0.0001,18
33,0.0001,1
34,0.0001,6
35,0.0001,0
36,0.0001,1
37,0.0001,0
38,0.0001,16
39,0.0001,0
40,0.0001,0
41,0.0001,11
42,0.0001,1
43,0.0001,1
44,0.0001,0
45,0.0001,1
46,0.0001,0
47,0.0001,1
48,0.0001,24
49,0.0001,1
50,0.0001,9
51,0.0001,0
52,0.0001,0
53,0.0001,0
54,0.0001,8
55,0.0001,1
56,0.0001,1
57,0.0001,17
58,0.0001,0
59,0.0001,1
60,0.0001,22
61,0.0001,23
62,0.0001,14
63,0.0001,1
64,0.0001,1
65,0.0001,0
66,0.0001,0
67,0.0001,13
68,0.0001,2
69,0.0001,1
70,0.0001,0
71,0.0001,1
72,0.0001,1
73,0.0001,1
74,0.0001,1
75,0.0001,9
76,0.0001,0
77,0.0001,10
78,0.0001,8
79,0.0001,9
80,0.0001,1
81,0.0001,1
82,0.0001,7
83,0.0001,7
84,0.0001,1
85,0.0001,1
86,0.0001,0
87,0.0001,8
88,0.0001,0
89,0.0001,1
90,0.0001,0
91,0.0001,1
92,0.0001,1
93,0.0001,1
94,0.0001,1
95,0.0001,1
96,0.0001,14
97,0.0001,1
98,0.0001,1
99,0.0001,0
100,0.0001,1
101,0.0001,9
102,0.0001,0
103,0.0001,1
104,0.0001,30
105,0.0001,2
106,0.0001,8
107,0.0001,7
108,0.0001,0
109,0.0001,0
110,0.0001,1
111,0.0001,1
112,0.0001,1
113,0.0001,1
114,0.0001,9
115,0.0001,0
116,0.0001,11
117,0.0001,1
118,0.0001,1
119,0.0001,7
120,0.0001,0
121,0.0001,6
122,0.0001,0
123,0.0001,1
124,0.0001,0
125,0.0001,1
126,0.0001,18
127,0.0001,16
128,0.0001,9
129,0.0001,7
130,0.0001,1
131,0.0001,1
132,0.0001,1
133,0.0001,0
134,0.0001,8
135,0.0001,1
136,0.0001,37
137,0.0001,17
138,0.0001,0
139,0.0001,1
140,0.0001,0
141,0.0001,8
142,0.0001,1
143,0.0001,1
144,0.0001,11
145,0.0001,8
146,0.0001,1
147,0.0001,15
148,0.0001,0
149,0.0001,7
150,0.0001,1
151,0.0001,17
152,0.0001,9
153,0.0001,8
154,0.0001,9
155,0.0001,0
156,0.0001,0
157,0.0001,2
158,0.0001,0
159,0.0001,1
160,0.0001,0
161,0.0001,1
162,0.0001,1
163,0.0001,7
164,0.0001,2
165,0.0001,26
166,0.0001,1
167,0.0001,9
168,0.0001,16
169,0.0001,36
170,0.0001,16
171,0.0001,1
172,0.0001,0
173,0.0001,9
174,0.0001,2
175,0.0001,8
176,0.0001,0
177,0.0001,9
178,0.0001,1
179,0.0001,0
180,0.0001,9
181,0.0001,1
182,0.0001,0
183,0.0001,0
184,0.0001,8
185,0.0001,0
186,0.0001,1
187,0.0001,1
188,0.0001,1
189,0.0001,1
190,0.0001,18
191,0.0001,1
192,0.0001,1
193,0.0001,0
194,0.0001,8
195,0.0001,1
196,0.0001,2
197,0.0001,1
198,0.0001,0
199,0.0001,0
200,0.0001,3
201,0.0001,1
202,0.0001,1
203,0.0001,0
204,0.0001,1
205,0.0001,0
206,0.0001,1
207,0.0001,1
208,0.0001,0
209,0.0001,0
210,0.0001,23
211,0.0001,23
212,0.0001,1
213,0.0001,0
214,0.0001,9
215,0.0001,1
216,0.0001,0
217,0.0001,1
218,0.0001,0
219,0.0001,8
220,0.0001,9
221,0.0001,2
222,0.0001,1
223,0.0001,14
224,0.0001,13
225,0.0001,1
226,0.0001,0
227,0.0001,11
228,0.0001,1
229,0.0001,0
230,0.0001,0
231,0.0001,9
232,0.0001,2
233,0.0001,1
234,0.0001,6
235,0.0001,2
236,0.0001,1
237,0.0001,0
238,0.0001,0
239,0.0001,15
240,0.0001,16
241,0.0001,0
242,0.0001,36
243,0.0001,1
244,0.0001,1
245,0.0001,0
246,0.0001,0
247,0.0001,0
248,0.0001,1
249,0.0001,0
250,0.0001,2
251,0.0001,12
252,0.0001,16
253,0.0001,39
254,0.0001,2
255,0.0001,8
256,0.0001,0
257,0.0001,0
258,0.0001,19
259,0.0001,1
260,0.0001,22
261,0.0001,9
262,0.0001,15
263,0.0001,8
264,0.0001,0
265,0.0001,9
266,0.0001,16
267,0.0001,1
268,0.0001,1
269,0.0001,8
270,0.0001,1
271,0.0001,0
272,0.0001,2
273,0.0001,8
274,0.0001,2
275,0.0001,1
276,0.0001,1
277,0.0001,0
278,0.0001,6
279,0.0001,1
280,0.0001,1
281,0.0001,1
282,0.0001,0
283,0.0001,0
284,0.0001,9
285,0.0001,14
286,0.0001,9
287,0.0001,1
288,0.0001,0
289,0.0001,0
290,0.0001,1
291,0.0001,8
292,0.0001,1
293,0.0001,8
294,0.0001,9
295,0.0001,0
296,0.0001,0
297,0.0001,1
298,0.0001,7
299,0.0001,9
300,0.0001,16
301,0.0001,1
302,0.0001,2
303,0.0001,0
304,0.0001,1
305,0.0001,7
306,0.0001,0
307,0.0001,0
308,0.0001,7
309,0.0001,1
310,0.0001,27
311,0.0001,28
312,0.0001,1
313,0.0001,1
314,0.0001,1
315,0.0001,1
316,0.0001,9
317,0.0001,0
318,0.0001,0
319,0.0001,7
320,0.0001,1
321,0.0001,0
322,0.0001,1
323,0.0001,2
324,0.0001,1
325,0.0001,10
326,0.0001,9
327,0.0001,15
328,0.0001,7
329,0.0001,24
330,0.0001,0
331,0.0001,0
332,0.0001,1
333,0.0001,14
334,0.0001,0
335,0.0001,0
336,0.0001,1
337,0.0001,8
338,0.0001,1
339,0.0001,0
340,0.0001,1
341,0.0001,1
342,0.0001,8
343,0.0001,1
344,0.0001,2
345,0.0001,23
346,0.0001,1
347,0.0001,0
348,0.0001,0
349,0.0001,0
350,0.0001,14
351,0.0001,6
352,0.0001,1
353,0.0001,1
354,0.0001,16
355,0.0001,9
356,0.0001,1
357,0.0001,1
358,0.0001,0
359,0.0001,24
360,0.0001,8
361,0.0001,2
362,0.0001,0
363,0.0001,1
364,0.0001,1
365,0.0001,1
366,0.0001,1
367,0.0001,0
368,0.0001,7
369,0.0001,0
370,0.0001,1
371,0.0001,0
372,0.0001,7
373,0.0001,0
374,0.0001,6
375,0.0001,2
376,0.0001,15
377,0.0001,1
378,0.0001,0
379,0.0001,22
380,0.0001,0
381,0.0001,0
382,0.0001,2
383,0.0001,1
384,0.0001,7
385,0.0001,2
386,0.0001,16
387,0.0001,22
388,0.0001,11
389,0.0001,1
390,0.0001,1
391,0.0001,1
392,0.0001,31
393,0.0001,0
394,0.0001,0
395,0.0001,8
396,0.0001,1
397,0.0001,1
398,0.0001,2
399,0.0001,7
400,0.0001,1
401,0.0001,0
402,0.0001,0
403,0.0001,1
404,0.0001,0
405,0.0001,0
406,0.0001,0
407,0.0001,1
408,0.0001,7
409,0.0001,0
410,0.0001,0
411,0.0001,0
412,0.0001,1
413,0.0001,0
414,0.0001,1
415,0.0001,0
416,0.0001,2
417,0.0001,2
418,0.0001,1
419,0.0001,8
420,0.0001,9
421,0.0001,7
422,0.0001,0
423,0.0001,1
424,0.0001,1
425,0.0001,7
426,0.0001,1
427,0.0001,1
428,0.0001,8
429,0.0001,1
430,0.0001,1
431,0.0001,0
432,0.0001,0
433,0.0001,1
434,0.0001,1
435,0.0001,0
436,0.0001,11
437,0.0001,8
438,0.0001,1
439,0.0001,16
440,0.0001,8
441,0.0001,16
442,0.0001,8
443,0.0001,0
444,0.0001,0
445,0.0001,0
446,0.0001,14
447,0.0001,1
448,0.0001,1
449,0.0001,1
450,0.0001,10
451,0.0001,1
452,0.0001,1
453,0.0001,0
454,0.0001,23
455,0.0001,6
456,0.0001,8
457,0.0001,9
458,0.0001,11
459,0.0001,0
460,0.0001,8
461,0.0001,1
462,0.0001,9
463,0.0001,1
464,0.0001,34
465,0.0001,16
466,0.0001,8
467,0.0001,15
468,0.0001,1
469,0.0001,0
470,0.0001,8
471,0.0001,1
472,0.0001,2
473,0.0001,3
474,0.0001,0
475,0.0001,1
476,0.0001,0
477,0.0001,0
478,0.0001,1
479,0.0001,18
480,0.0001,9
481,0.0001,0
482,0.0001,24
483,0.0001,0
484,0.0001,0
485,0.0001,0
486,0.0001,0
487,0.0001,2
488,0.0001,1
489,0.0001,0
490,0.0001,13
491,0.0001,1
492,0.0001,1
493,0.0001,1
494,0.0001,0
495,0.0001,1
496,0.0001,0
497,0.0001,7
498,0.0001,0
499,0.0001,0
500,0.0001,16
501,0.0001,1
502,0.0001,0
503,0.0001,0
504,0.0001,8
505,0.0001,9
506,0.0001,1
507,0.0001,16
508,0.0001,2
509,0.0001,0
510,0.0001,1
511,0.0001,9
512,0.0001,8
513,0.0001,1
514,0.0001,1
515,0.0001,1
516,0.0001,0
517,0.0001,0
518,0.0001,1
519,0.0001,0
520,0.0001,7
521,0.0001,9
522,0.0001,1
523,0.0001,32
524,0.0001,16
525,0.0001,8
526,0.0001,1
527,0.0001,1
528,0.0001,8
529,0.0001,31
530,0.0001,9
531,0.0001,0
532,0.0001,1
533,0.0001,2
534,0.0001,0
535,0.0001,9
536,0.0001,1
537,0.0001,2
538,0.0001,0
539,0.0001,14
540,0.0001,0
541,0.0001,15
542,0.0001,16
543,0.0001,8
544,0.0001,0
545,0.0001,1
546,0.0001,1
547,0.0001,2
548,0.0001,0
549,0.0001,13
550,0.0001,1
551,0.0001,16
552,0.0001,17
553,0.0001,1
554,0.0001,1
555,0.0001,0
556,0.0001,0
557,0.0001,0
558,0.0001,1
559,0.0001,15
560,0.0001,16
561,0.0001,1
562,0.0001,0
563,0.0001,0
564,0.0001,0
565,0.0001,16
566,0.0001,1
567,0.0001,0
568,0.0001,0
569,0.0001,0
570,0.0001,2
571,0.0001,0
572,0.0001,14
573,0.0001,6
574,0.0001,8
575,0.0001,7
576,0.0001,74
577,0.0001,1
578,0.0001,0
579,0.0001,1
580,0.0001,0
581,0.0001,0
582,0.0001,1
583,0.0001,1
584,0.0001,0
585,0.0001,2
586,0.0001,33
587,0.0001,8
588,0.0001,42
589,0.0001,11
590,0.0001,8
591,0.0001,1
592,0.0001,16
593,0.0001,0
594,0.0001,0
595,0.0001,7
596,0.0001,1
597,0.0001,0
598,0.0001,1
599,0.0001,8
600,0.0001,1
601,0.0001,0
602,0.0001,1
603,0.0001,1
604,0.0001,1
605,0.0001,0
606,0.0001,0
607,0.0001,0
608,0.0001,0
609,0.0001,1
610,0.0001,2
611,0.0001,9
612,0.0001,6
613,0.0001,0
614,0.0001,11
615,0.0001,3
616,0.0001,0
617,0.0001,1
618,0.0001,0
619,0.0001,1
620,0.0001,1
621,0.0001,23
622,0.0001,8
623,0.0001,0
624,0.0001,1
625,0.0001,0
626,0.0001,1
627,0.0001,0
628,0.0001,0
629,0.0001,24
630,0.0001,0
631,0.0001,0
632,0.0001,1
633,0.0001,0
634,0.0001,1
635,0.0001,11
636,0.0001,1
637,0.0001,8
638,0.0001,0
639,0.0001,1
640,0.0001,1
641,0.0001,1
642,0.0001,8
643,0.0001,7
644,0.0001,9
645,0.0001,1
646,0.0001,8
647,0.0001,1
648,0.0001,8
649,0.0001,0
650,0.0001,1
651,0.0001,1
652,0.0001,16
653,0.0001,1
654,0.0001,1
655,0.0001,0
656,0.0001,1
657,0.0001,1
658,0.0001,9
659,0.0001,1
660,0.0001,0
661,0.0001,2
662,0.0001,15
663,0.0001,31
664,0.0001,16
665,0.0001,22
666,0.0001,1
667,0.0001,1
668,0.0001,7
669,0.0001,1
670,0.0001,1
671,0.0001,1
672,0.0001,1
673,0.0001,0
674,0.0001,0
675,0.0001,1
676,0.0001,10
677,0.0001,2
678,0.0001,2
679,0.0001,0
680,0.0001,0
681,0.0001,11
682,0.0001,0
683,0.0001,32
684,0.0001,1
685,0.0001,29
686,0.0001,0
687,0.0001,14
688,0.0001,8
689,0.0001,7
690,0.0001,1
691,0.0001,0
692,0.0001,10
693,0.0001,8
694,0.0001,1
695,0.0001,1
696,0.0001,0
697,0.0001,2
698,0.0001,8
699,0.0001,0
700,0.0001,7
701,0.0001,1
702,0.0001,0
703,0.0001,1
704,0.0001,8
705,0.0001,1
706,0.0001,0
707,0.0001,1
708,0.0001,8
709,0.0001,7
710,0.0001,1
711,0.0001,0
712,0.0001,5
713,0.0001,0
714,0.0001,2
715,0.0001,1
716,0.0001,1
717,0.0001,9
718,0.0001,7
719,0.0001,7
720,0.0001,8
721,0.0001,1
722,0.0001,8
723,0.0001,1
724,0.0001,1
725,0.0001,1
726,0.0001,0
727,0.0001,1
728,0.0001,1
729,0.0001,32
730,0.0001,1
731,0.0001,0
732,0.0001,3
733,0.0001,8
734,0.0001,0
735,0.0001,14
736,0.0001,1
737,0.0001,1
738,0.0001,0
739,0.0001,0
740,0.0001,1
741,0.0001,1
742,0.0001,6
743,0.0001,9
744,0.0001,0
745,0.0001,1
746,0.0001,1
747,0.0001,13
748,0.0001,9
749,0.0001,1
750,0.0001,1
751,0.0001,1
752,0.0001,0
753,0.0001,0
754,0.0001,0
755,0.0001,1
756,0.0001,0
757,0.0001,7
758,0.0001,1
759,0.0001,1
760,0.0001,1
761,0.0001,1
762,0.0001,9
763,0.0001,32
764,0.0001,0
765,0.0001,0
766,0.0001,0
767,0.0001,0
768,0.0001,1
769,0.0001,0
770,0.0001,2
771,0.0001,1
772,0.0001,1
773,0.0001,2
774,0.0001,17
775,0.0001,15
776,0.0001,8
777,0.0001,8
778,0.0001,0
779,0.0001,0
780,0.0001,11
781,0.0001,0
782,0.0001,1
783,0.0001,0
784,0.0001,22
785,0.0001,22
786,0.0001,0
787,0.0001,3
788,0.0001,0
789,0.0001,1
790,0.0001,2
791,0.0001,1
792,0.0001,36
793,0.0001,0
794,0.0001,1
795,0.0001,10
796,0.0001,6
797,0.0001,21
798,0.0001,9
799,0.0001,1
800,0.0001,19
801,0.0001,14
802,0.0001,1
803,0.0001,9
804,0.0001,6
805,0.0001,0
806,0.0001,1
807,0.0001,8
808,0.0001,0
809,0.0001,0
810,0.0001,2
811,0.0001,1
812,0.0001,1
813,0.0001,26
814,0.0001,8
815,0.0001,9
816,0.0001,1
817,0.0001,8
818,0.0001,8
819,0.0001,9
820,0.0001,8
821,0.0001,7
822,0.0001,0
823,0.0001,1
824,0.0001,0
825,0.0001,0
826,0.0001,1
827,0.0001,1
828,0.0001,1
829,0.0001,6
830,0.0001,0
831,0.0001,0
832,0.0001,9
833,0.0001,1
834,0.0001,8
835,0.0001,1
836,0.0001,0
837,0.0001,1
838,0.0001,0
839,0.0001,1
840,0.0001,0
841,0.0001,0
842,0.0001,7
843,0.0001,1
844,0.0001,1
845,0.0001,0
846,0.0001,22
847,0.0001,0
848,0.0001,0
849,0.0001,0
850,0.0001,1
851,0.0001,2
852,0.0001,10
853,0.0001,0
854,0.0001,0
855,0.0001,1
856,0.0001,10
857,0.0001,1
858,0.0001,1
859,0.0001,0
860,0.0001,9
861,0.0001,0
862,0.0001,0
863,0.0001,9
864,0.0001,0
865,0.0001,15
866,0.0001,18
867,0.0001,1
868,0.0001,1
869,0.0001,1
870,0.0001,0
871,0.0001,1
872,0.0001,8
873,0.0001,8
874,0.0001,0
875,0.0001,1
876,0.0001,1
877,0.0001,1
878,0.0001,0
879,0.0001,0
880,0.0001,8
881,0.0001,0
882,0.0001,9
883,0.0001,1
884,0.0001,1
885,0.0001,12
886,0.0001,1
887,0.0001,0
888,0.0001,6
889,0.0001,6
890,0.0001,0
891,0.0001,0
892,0.0001,7
893,0.0001,7
894,0.0001,0
895,0.0001,8
896,0.0001,1
897,0.0001,0
898,0.0001,0
899,0.0001,8
900,0.0001,1
901,0.0001,1
902,0.0001,7
903,0.0001,0
904,0.0001,16
905,0.0001,8
906,0.0001,2
907,0.0001,1
908,0.0001,6
909,0.0001,0
910,0.0001,1
911,0.0001,0
912,0.0001,2
913,0.0001,0
914,0.0001,1
915,0.0001,2
916,0.0001,0
917,0.0001,50
918,0.0001,2
919,0.0001,0
920,0.0001,9
921,0.0001,16
922,0.0001,1
923,0.0001,0
924,0.0001,1
925,0.0001,0
926,0.0001,0
927,0.0001,1
928,0.0001,0
929,0.0001,6
930,0.0001,1
931,0.0001,8
932,0.0001,0
933,0.0001,1
934,0.0001,28
935,0.0001,0
936,0.0001,6
937,0.0001,1
938,0.0001,2
939,0.0001,1
940,0.0001,2
941,0.0001,1
942,0.0001,2
943,0.0001,11
944,0.0001,8
945,0.0001,0
946,0.0001,0
947,0.0001,1
948,0.0001,7
949,0.0001,1
950,0.0001,2
951,0.0001,9
952,0.0001,1
953,0.0001,1
954,0.0001,6
955,0.0001,1
956,0.0001,0
957,0.0001,2
958,0.0001,2
959,0.0001,1
960,0.0001,1
961,0.0001,0
962,0.0001,1
963,0.0001,6
964,0.0001,1
965,0.0001,7
966,0.0001,1
967,0.0001,1
968,0.0001,7
969,0.0001,1
970,0.0001,1
971,0.0001,18
972,0.0001,0
973,0.0001,1
974,0.0001,2
975,0.0001,9
976,0.0001,0
977,0.0001,1
978,0.0001,15
979,0.0001,0
980,0.0001,7
981,0.0001,7
982,0.0001,9
983,0.0001,7
984,0.0001,9
985,0.0001,7
986,0.0001,1
987,0.0001,1
988,0.0001,1
989,0.0001,8
990,0.0001,1
991,0.0001,1
992,0.0001,7
993,0.0001,0
994,0.0001,0
995,0.0001,1
996,0.0001,1
997,0.0001,0
998,0.0001,7
999,0.0001,9
1000,0.0001,8
1001,0.0001,7
1002,0.0001,1
1003,0.0001,0
1004,0.0001,0
1005,0.0001,17
1006,0.0001,1
1007,0.0001,0
1008,0.0001,1
1009,0.0001,6
1010,0.0001,6
1011,0.0001,8
1012,0.0001,9
1013,0.0001,0
1014,0.0001,8
1015,0.0001,6
1016,0.0001,10
1017,0.0001,0
1018,0.0001,1
1019,0.0001,34
1020,0.0001,0
1021,0.0001,0
1022,0.0001,1
1023,0.0001,8
1024,0.0001,7
1025,0.0001,7
1026,0.0001,1
1027,0.0001,0
1028,0.0001,15
1029,0.0001,1
1030,0.0001,8
1031,0.0001,16
1032,0.0001,18
1033,0.0001,6
1034,0.0001,1
1035,0.0001,2
1036,0.0001,15
1037,0.0001,1
1038,0.0001,1
1039,0.0001,2
1040,0.0001,0
1041,0.0001,21
1042,0.0001,1
1043,0.0001,0
1044,0.0001,0
1045,0.0001,1
1046,0.0001,0
1047,0.0001,7
1048,0.0001,8
1049,0.0001,0
1050,0.0001,1
1051,0.0001,2
1052,0.0001,6
1053,0.0001,1
1054,0.0001,1
1055,0.0001,0
1056,0.0001,0
1057,0.0001,7
1058,0.0001,1
1059,0.0001,8
1060,0.0001,1
1061,0.0001,7
1062,0.0001,1
1063,0.0001,2
1064,0.0001,2
1065,0.0001,0
1066,0.0001,1
1067,0.0001,1
1068,0.0001,1
1069,0.0001,8
1070,0.0001,1
1071,0.0001,1
1072,0.0001,9
1073,0.0001,1
1074,0.0001,8
1075,0.0001,2
1076,0.0001,1
1077,0.0001,8
1078,0.0001,0
1079,0.0001,0
1080,0.0001,8
1081,0.0001,0
1082,0.0001,1
1083,0.0001,9
1084,0.0001,3
1085,0.0001,8
1086,0.0001,16
1087,0.0001,0
1088,0.0001,1
1089,0.0001,15
1090,0.0001,1
1091,0.0001,1
1092,0.0001,1
1093,0.0001,1
1094,0.0001,1
1095,0.0001,1
1096,0.0001,7
1097,0.0001,0
1098,0.0001,1
1099,0.0001,0
1100,0.0001,8
1101,0.0001,9
1102,0.0001,0
1103,0.0001,8
1104,0.0001,0
1105,0.0001,1
1106,0.0001,2
1107,0.0001,13
1108,0.0001,0
1109,0.0001,1
1110,0.0001,9
1111,0.0001,0
1112,0.0001,9
1113,0.0001,18
1114,0.0001,0
1115,0.0001,1
1116,0.0001,0
1117,0.0001,0
1118,0.0001,6
1119,0.0001,9
1120,0.0001,0
1121,0.0001,0
1122,0.0001,1
1123,0.0001,0
1124,0.0001,1
1125,0.0001,0
1126,0.0001,1
1127,0.0001,8
1128,0.0001,6
1129,0.0001,2
1130,0.0001,8
1131,0.0001,0
1132,0.0001,2
1133,0.0001,0
1134,0.0001,2
1135,0.0001,9
1136,0.0001,10
1137,0.0001,0
1138,0.0001,9
1139,0.0001,2
1140,0.0001,0
1141,0.0001,0
1142,0.0001,8
1143,0.0001,1
1144,0.0001,2
1145,0.0001,0
1146,0.0001,8
1147,0.0001,0
1148,0.0001,0
1149,0.0001,1
1150,0.0001,8
1151,0.0001,1
1152,0.0001,6
1153,0.0001,2
1154,0.0001,2
1155,0.0001,1
1156,0.0001,1
1157,0.0001,16
1158,0.0001,1
1159,0.0001,33
1160,0.0001,1
1161,0.0001,2
1162,0.0001,8
1163,0.0001,0
1164,0.0001,9
1165,0.0001,1
1166,0.0001,1
1167,0.0001,1
1168,0.0001,0
1169,0.0001,7
1170,0.0001,15
1171,0.0001,12
1172,0.0001,1
1173,0.0001,12
1174,0.0001,8
1175,0.0001,0
1176,0.0001,1
1177,0.0001,2
1178,0.0001,2
1179,0.0001,0
1180,0.0001,1
1181,0.0001,1
1182,0.0001,0
1183,0.0001,17
1184,0.0001,2
1185,0.0001,2
1186,0.0001,0
1187,0.0001,0
1188,0.0001,0
1189,0.0001,15
1190,0.0001,10
1191,0.0001,0
1192,0.0001,0
1193,0.0001,13
1194,0.0001,8
1195,0.0001,6
1196,0.0001,10
1197,0.0001,1
1198,0.0001,0
1199,0.0001,1
1200,0.0001,0
1201,0.0001,1
1202,0.0001,8
1203,0.0001,1
1204,0.0001,0
1205,0.0001,1
1206,0.0001,0
1207,0.0001,0
1208,0.0001,23
1209,0.0001,1
1210,0.0001,0
1211,0.0001,1
1212,0.0001,14
1213,0.0001,32
1214,0.0001,14
1215,0.0001,0
1216,0.0001,0
1217,0.0001,1
1218,0.0001,8
1219,0.0001,0
1220,0.0001,0
1221,0.0001,21
1222,0.0001,0
1223,0.0001,28
1224,0.0001,9
1225,0.0001,2
1226,0.0001,2
1227,0.0001,0
1228,0.0001,1
1229,0.0001,34
1230,0.0001,9
1231,0.0001,7
1232,0.0001,9
1233,0.0001,6
1234,0.0001,1
1235,0.0001,15
1236,0.0001,8
1237,0.0001,15
1238,0.0001,6
1239,0.0001,2
1240,0.0001,9
1241,0.0001,0
1242,0.0001,0
1243,0.0001,0
1244,0.0001,0
1245,0.0001,1
1246,0.0001,1
1247,0.0001,8
1248,0.0001,0
1249,0.0001,8
1250,0.0001,0
1251,0.0001,1
1252,0.0001,8
1253,0.0001,0
1254,0.0001,9
1255,0.0001,29
1256,0.0001,1
1257,0.0001,0
1258,0.0001,2
1259,0.0001,9
1260,0.0001,10
1261,0.0001,0
1262,0.0001,17
1263,0.0001,1
1264,0.0001,1
1265,0.0001,0
1266,0.0001,8
1267,0.0001,1
1268,0.0001,6
1269,0.0001,10
1270,0.0001,9
1271,0.0001,23
1272,0.0001,2
1273,0.0001,1
1274,0.0001,0
1275,0.0001,11
1276,0.0001,1
1277,0.0001,15
1278,0.0001,1
1279,0.0001,0
1280,0.0001,0
1281,0.0001,2
1282,0.0001,8
1283,0.0001,15
1284,0.0001,9
1285,0.0001,8
1286,0.0001,1
1287,0.0001,1
1288,0.0001,2
1289,0.0001,1
1290,0.0001,0
1291,0.0001,9
1292,0.0001,1
1293,0.0001,0
1294,0.0001,1
1295,0.0001,2
1296,0.0001,1
1297,0.0001,0
1298,0.0001,0
1299,0.0001,1
1300,0.0001,1
1301,0.0001,14
1302,0.0001,0
1303,0.0001,1
1304,0.0001,0
1305,0.0001,0
1306,0.0001,1
1307,0.0001,0
1308,0.0001,1
1309,0.0001,1
1310,0.0001,2
1311,0.0001,10
1312,0.0001,0
1313,0.0001,0
1314,0.0001,0
1315,0.0001,29
1316,0.0001,9
1317,0.0001,8
1318,0.0001,1
1319,0.0001,8
1320,0.0001,2
1321,0.0001,1
1322,0.0001,1
1323,0.0001,1
1324,0.0001,7
1325,0.0001,2
1326,0.0001,0
1327,0.0001,2
1328,0.0001,0
1329,0.0001,16
1330,0.0001,24
1331,0.0001,0
1332,0.0001,0
1333,0.0001,3
1334,0.0001,1
1335,0.0001,1
1336,0.0001,1
1337,0.0001,1
1338,0.0001,2
1339,0.0001,0
1340,0.0001,8
1341,0.0001,2
1342,0.0001,9
1343,0.0001,0
1344,0.0001,1
1345,0.0001,1
1346,0.0001,1
1347,0.0001,1
1348,0.0001,0
1349,0.0001,0
1350,0.0001,15
1351,0.0001,9
1352,0.0001,26
1353,0.0001,1
1354,0.0001,2
1355,0.0001,1
1356,0.0001,0
1357,0.0001,1
1358,0.0001,1
1359,0.0001,1
1360,0.0001,10
1361,0.0001,6
1362,0.0001,1
1363,0.0001,33
1364,0.0001,2
1365,0.0001,13
1366,0.0001,7
1367,0.0001,0
1368,0.0001,7
1369,0.0001,1
1370,0.0001,1
1371,0.0001,0
1372,0.0001,0
1373,0.0001,17
1374,0.0001,9
1375,0.0001,1
1376,0.0001,7
1377,0.0001,0
1378,0.0001,1
1379,0.0001,6
1380,0.0001,0
1381,0.0001,2
1382,0.0001,0
1383,0.0001,16
1384,0.0001,1
1385,0.0001,0
1386,0.0001,0
1387,0.0001,10
1388,0.0001,0
1389,0.0001,9
1390,0.0001,9
1391,0.0001,1
1392,0.0001,0
1393,0.0001,1
1394,0.0001,0
1395,0.0001,2
1396,0.0001,8
1397,0.0001,9
1398,0.0001,0
1399,0.0001,1
1400,0.0001,15
1401,0.0001,1
1402,0.0001,31
1403,0.0001,0
1404,0.0001,1
1405,0.0001,6
1406,0.0001,41
1407,0.0001,1
1408,0.0001,2
1409,0.0001,8
1410,0.0001,8
1411,0.0001,1
1412,0.0001,9
1413,0.0001,1
1414,0.0001,11
1415,0.0001,1
1416,0.0001,0
1417,0.0001,4
1418,0.0001,2
1419,0.0001,1
1420,0.0001,0
1421,0.0001,0
1422,0.0001,0
1423,0.0001,40
1424,0.0001,0
1425,0.0001,0
1426,0.0001,0
1427,0.0001,0
1428,0.0001,0
1429,0.0001,6
1430,0.0001,0
1431,0.0001,9
1432,0.0001,0
1433,0.0001,0
1434,0.0001,3
1435,0.0001,2
1436,0.0001,1
1437,0.0001,16
1438,0.0001,11
1439,0.0001,1
1440,0.0001,1
1441,0.0001,8
1442,0.0001,1
1443,0.0001,1
1444,0.0001,0
1445,0.0001,9
1446,0.0001,8
1447,0.0001,13
1448,0.0001,1
1449,0.0001,1
1450,0.0001,15
1451,0.0001,2
1452,0.0001,9
1453,0.0001,34
1454,0.0001,1
1455,0.0001,11
1456,0.0001,7
1457,0.0001,1
1458,0.0001,1
1459,0.0001,22
1460,0.0001,1
1461,0.0001,45
1462,0.0001,7
1463,0.0001,0
1464,0.0001,0
1465,0.0001,1
1466,0.0001,1
1467,0.0001,14
1468,0.0001,0
1469,0.0001,1
1470,0.0001,8
1471,0.0001,3
1472,0.0001,0
1473,0.0001,7
1474,0.0001,1
1475,0.0001,0
1476,0.0001,8
1477,0.0001,24
1478,0.0001,23
1479,0.0001,1
1480,0.0001,17
1481,0.0001,1
1482,0.0001,1
1483,0.0001,1
1484,0.0001,8
1485,0.0001,6
1486,0.0001,0
1487,0.0001,0
1488,0.0001,9
1489,0.0001,8
1490,0.0001,16
1491,0.0001,0
1492,0.0001,2
1493,0.0001,17
1494,0.0001,0
1495,0.0001,1
1496,0.0001,2
1497,0.0001,0
1498,0.0001,0
1499,0.0001,2
1500,0.0001,1
1501,0.0001,1
1502,0.0001,1
1503,0.0001,3
1504,0.0001,1
1505,0.0001,6
1506,0.0001,8
1507,0.0001,0
1508,0.0001,14
1509,0.0001,1
1510,0.0001,1
1511,0.0001,9
1512,0.0001,1
1513,0.0001,1
1514,0.0001,0
1515,0.0001,8
1516,0.0001,8
1517,0.0001,19
1518,0.0001,1
1519,0.0001,1
1520,0.0001,6
1521,0.0001,0
1522,0.0001,18
1523,0.0001,0
1524,0.0001,1
1525,0.0001,3
1526,0.0001,32
1527,0.0001,1
1528,0.0001,7
1529,0.0001,2
1530,0.0001,0
1531,0.0001,17
1532,0.0001,8
1533,0.0001,44
1534,0.0001,1
1535,0.0001,1
1536,0.0001,23
1537,0.0001,15
1538,0.0001,9
1539,0.0001,0
1540,0.0001,0
1541,0.0001,1
1542,0.0001,0
1543,0.0001,0
1544,0.0001,8
1545,0.0001,1
1546,0.0001,14
1547,0.0001,0
1548,0.0001,0
1549,0.0001,1
1550,0.0001,31
1551,0.0001,1
1552,0.0001,1
1553,0.0001,1
1554,0.0001,1
1555,0.0001,1
1556,0.0001,0
1557,0.0001,8
1558,0.0001,1
1559,0.0001,15
1560,0.0001,0
1561,0.0001,0
1562,0.0001,1
1563,0.0001,15
1564,0.0001,1
1565,0.0001,1
1566,0.0001,0
1567,0.0001,0
1568,0.0001,0
1569,0.0001,8
1570,0.0001,8
1571,0.0001,9
1572,0.0001,0
1573,0.0001,8
1574,0.0001,0
1575,0.0001,1
1576,0.0001,0
1577,0.0001,9
1578,0.0001,0
1579,0.0001,1
1580,0.0001,16
1581,0.0001,1
1582,0.0001,14
1583,0.0001,0
1584,0.0001,1
1585,0.0001,0
1586,0.0001,3
1587,0.0001,1
1588,0.0001,0
1589,0.0001,0
1590,0.0001,0
1591,0.0001,0
1592,0.0001,6
1593,0.0001,1
1594,0.0001,2
1595,0.0001,1
1596,0.0001,0
1597,0.0001,0
1598,0.0001,0
1599,0.0001,0
1600,0.0001,2
1601,0.0001,8
1602,0.0001,1
1603,0.0001,1
1604,0.0001,15
1605,0.0001,8
1606,0.0001,0
1607,0.0001,7
1608,0.0001,16
1609,0.0001,2
1610,0.0001,2
1611,0.0001,8
1612,0.0001,17
1613,0.0001,0
1614,0.0001,3
1615,0.0001,1
1616,0.0001,0
1617,0.0001,6
1618,0.0001,1
1619,0.0001,1
1620,0.0001,0
1621,0.0001,9
1622,0.0001,2
1623,0.0001,1
1624,0.0001,1
1625,0.0001,1
1626,0.0001,0
1627,0.0001,16
1628,0.0001,1
1629,0.0001,15
1630,0.0001,1
1631,0.0001,1
1632,0.0001,0
1633,0.0001,6
1634,0.0001,2
1635,0.0001,9
1636,0.0001,34
1637,0.0001,0
1638,0.0001,0
1639,0.0001,8
1640,0.0001,0
1641,0.0001,9
1642,0.0001,7
1643,0.0001,1
1644,0.0001,2
1645,0.0001,0
1646,0.0001,8
1647,0.0001,8
1648,0.0001,1
1649,0.0001,1
1650,0.0001,1
1651,0.0001,1
1652,0.0001,12
1653,0.0001,0
1654,0.0001,1
1655,0.0001,0
1656,0.0001,8
1657,0.0001,1
1658,0.0001,0
1659,0.0001,8
1660,0.0001,0
1661,0.0001,1
1662,0.0001,8
1663,0.0001,0
1664,0.0001,1
1665,0.0001,1
1666,0.0001,9
1667,0.0001,8
1668,0.0001,0
1669,0.0001,0
1670,0.0001,0
1671,0.0001,0
1672,0.0001,1
1673,0.0001,1
1674,0.0001,0
1675,0.0001,9
1676,0.0001,0
1677,0.0001,0
1678,0.0001,0
1679,0.0001,8
1680,0.0001,0
1681,0.0001,0
1682,0.0001,9
1683,0.0001,8
1684,0.0001,0
1685,0.0001,0
1686,0.0001,1
1687,0.0001,9
1688,0.0001,1
1689,0.0001,1
1690,0.0001,7
1691,0.0001,0
1692,0.0001,2
1693,0.0001,1
1694,0.0001,1
1695,0.0001,1
1696,0.0001,2
1697,0.0001,26
1698,0.0001,1
1699,0.0001,8
1700,0.0001,9
1701,0.0001,9
1702,0.0001,8
1703,0.0001,1
1704,0.0001,1
1705,0.0001,1
1706,0.0001,1
1707,0.0001,8
1708,0.0001,7
1709,0.0001,1
1710,0.0001,0
1711,0.0001,1
1712,0.0001,9
1713,0.0001,2
1714,0.0001,34
1715,0.0001,6
1716,0.0001,1
1717,0.0001,0
1718,0.0001,1
1719,0.0001,1
1720,0.0001,1
1721,0.0001,1
1722,0.0001,0
1723,0.0001,1
1724,0.0001,8
1725,0.0001,7
1726,0.0001,0
1727,0.0001,0
1728,0.0001,7
1729,0.0001,7
1730,0.0001,0
1731,0.0001,7
1732,0.0001,0
1733,0.0001,9
1734,0.0001,0
1735,0.0001,1
1736,0.0001,1
1737,0.0001,1
1738,0.0001,18
1739,0.0001,2
1740,0.0001,11
1741,0.0001,0
1742,0.0001,0
1743,0.0001,1
1744,0.0001,1
1745,0.0001,0
1746,0.0001,3
1747,0.0001,8
1748,0.0001,1
1749,0.0001,11
1750,0.0001,0
1751,0.0001,7
1752,0.0001,0
1753,0.0001,1
1754,0.0001,0
1755,0.0001,1
1756,0.0001,8
1757,0.0001,0
1758,0.0001,7
1759,0.0001,0
1760,0.0001,6
1761,0.0001,0
1762,0.0001,1
1763,0.0001,0
1764,0.0001,1
1765,0.0001,1
1766,0.0001,1
1767,0.0001,8
1768,0.0001,9
1769,0.0001,24
1770,0.0001,9
1771,0.0001,1
1772,0.0001,0
1773,0.0001,16
1774,0.0001,3
1775,0.0001,15
1776,0.0001,17
1777,0.0001,1
1778,0.0001,7
1779,0.0001,9
1780,0.0001,9
1781,0.0001,0
1782,0.0001,0
1783,0.0001,1
1784,0.0001,0
1785,0.0001,0
1786,0.0001,0
1787,0.0001,15
1788,0.0001,20
1789,0.0001,0
1790,0.0001,1
1791,0.0001,9
1792,0.0001,8
1793,0.0001,7
1794,0.0001,1
1795,0.0001,1
1796,0.0001,2
1797,0.0001,0
1798,0.0001,1
1799,0.0001,2
1800,0.0001,1
1801,0.0001,1
1802,0.0001,1
1803,0.0001,10
1804,0.0001,1
1805,0.0001,1
1806,0.0001,2
1807,0.0001,9
1808,0.0001,2
1809,0.0001,0
1810,0.0001,0
1811,0.0001,1
1812,0.0001,26
1813,0.0001,1
1814,0.0001,23
1815,0.0001,0
1816,0.0001,25
1817,0.0001,1
1818,0.0001,8
1819,0.0001,8
1820,0.0001,1
1821,0.0001,1
1822,0.0001,7
1823,0.0001,0
1824,0.0001,1
1825,0.0001,1
1826,0.0001,1
1827,0.0001,0
1828,0.0001,0
1829,0.0001,1
1830,0.0001,14
1831,0.0001,9
1832,0.0001,1
1833,0.0001,1
1834,0.0001,9
1835,0.0001,8
1836,0.0001,1
1837,0.0001,0
1838,0.0001,8
1839,0.0001,1
1840,0.0001,7
1841,0.0001,1
1842,0.0001,2
1843,0.0001,14
1844,0.0001,7
1845,0.0001,1
1846,0.0001,10
1847,0.0001,8
1848,0.0001,8
1849,0.0001,3
1850,0.0001,0
1851,0.0001,23
1852,0.0001,1
1853,0.0001,0
1854,0.0001,0
1855,0.0001,16
1856,0.0001,16
1857,0.0001,17
1858,0.0001,15
1859,0.0001,2
1860,0.0001,1
1861,0.0001,19
1862,0.0001,8
1863,0.0001,0
1864,0.0001,0
1865,0.0001,1
1866,0.0001,0
1867,0.0001,22
1868,0.0001,8
1869,0.0001,0
1870,0.0001,0
1871,0.0001,1
1872,0.0001,0
1873,0.0001,0
1874,0.0001,2
1875,0.0001,22
1876,0.0001,9
1877,0.0001,1
1878,0.0001,0
1879,0.0001,2
1880,0.0001,2
1881,0.0001,0
1882,0.0001,25
1883,0.0001,1
1884,0.0001,1
1885,0.0001,1
1886,0.0001,8
1887,0.0001,6
1888,0.0001,0
1889,0.0001,0
1890,0.0001,1
1891,0.0001,1
1892,0.0001,17
1893,0.0001,1
1894,0.0001,2
1895,0.0001,1
1896,0.0001,10
1897,0.0001,7
1898,0.0001,2
1899,0.0001,0
1900,0.0001,9
1901,0.0001,0
1902,0.0001,9
1903,0.0001,2
1904,0.0001,8
1905,0.0001,0
1906,0.0001,0
1907,0.0001,1
1908,0.0001,0
1909,0.0001,9
1910,0.0001,1
1911,0.0001,0
1912,0.0001,46
1913,0.0001,0
1914,0.0001,15
1915,0.0001,7
1916,0.0001,52
1917,0.0001,0
1918,0.0001,1
1919,0.0001,0
1920,0.0001,9
1921,0.0001,1
1922,0.0001,2
1923,0.0001,8
1924,0.0001,0
1925,0.0001,1
1926,0.0001,2
1927,0.0001,8
1928,0.0001,1
1929,0.0001,1
1930,0.0001,2
1931,0.0001,1
1932,0.0001,1
1933,0.0001,14
1934,0.0001,1
1935,0.0001,1
1936,0.0001,2
1937,0.0001,0
1938,0.0001,7
1939,0.0001,1
1940,0.0001,9
1941,0.0001,8
1942,0.0001,1
1943,0.0001,1
1944,0.0001,15
1945,0.0001,16
1946,0.0001,8
1947,0.0001,1
1948,0.0001,2
1949,0.0001,1
1950,0.0001,8
1951,0.0001,9
1952,0.0001,1
1953,0.0001,9
1954,0.0001,0
1955,0.0001,0
1956,0.0001,0
1957,0.0001,0
1958,0.0001,7
1959,0.0001,7
1960,0.0001,2
1961,0.0001,1
1962,0.0001,1
1963,0.0001,9
1964,0.0001,1
1965,0.0001,14
1966,0.0001,1
1967,0.0001,7
1968,0.0001,8
1969,0.0001,9
1970,0.0001,2
1971,0.0001,3
1972,0.0001,32
1973,0.0001,1
1974,0.0001,22
1975,0.0001,0
1976,0.0001,1
1977,0.0001,6
1978,0.0001,2
1979,0.0001,17
1980,0.0001,8
1981,0.0001,0
1982,0.0001,1
1983,0.0001,0
1984,0.0001,8
1985,0.0001,8
1986,0.0001,0
1987,0.0001,1
1988,0.0001,16
1989,0.0001,1
1990,0.0001,39
1991,0.0001,0
1992,0.0001,0
1993,0.0001,1
1994,0.0001,16
1995,0.0001,0
1996,0.0001,0
1997,0.0001,2
1998,0.0001,9
1999,0.0001,2
2000,0.0001,16
2001,0.0001,16
2002,0.0001,1
2003,0.0001,0
2004,0.0001,1
2005,0.0001,1
2006,0.0001,1
2007,0.0001,16
2008,0.0001,1
2009,0.0001,1
2010,0.0001,1
2011,0.0001,19
2012,0.0001,2
2013,0.0001,40
2014,0.0001,7
2015,0.0001,0
2016,0.0001,1
2017,0.0001,0
2018,0.0001,8
2019,0.0001,1
2020,0.0001,1
2021,0.0001,0
2022,0.0001,2
2023,0.0001,0
2024,0.0001,1
2025,0.0001,0
2026,0.0001,8
2027,0.0001,1
2028,0.0001,0
2029,0.0001,9
2030,0.0001,1
2031,0.0001,1
2032,0.0001,1
2033,0.0001,9
2034,0.0001,1
2035,0.0001,8
2036,0.0001,7
2037,0.0001,8
2038,0.0001,9
2039,0.0001,0
2040,0.0001,1
2041,0.0001,8
2042,0.0001,1
2043,0.0001,1
2044,0.0001,1
2045,0.0001,6
2046,0.0001,0
2047,0.0001,15
2048,0.0001,1
2049,0.0001,10
2050,0.0001,14
2051,0.0001,8
2052,0.0001,7
2053,0.0001,0
2054,0.0001,7
2055,0.0001,9
2056,0.0001,9
2057,0.0001,0
2058,0.0001,1
2059,0.0001,0
2060,0.0001,8
2061,0.0001,6
2062,0.0001,2
2063,0.0001,0
2064,0.0001,1
2065,0.0001,1
2066,0.0001,7
2067,0.0001,9
2068,0.0001,33
2069,0.0001,0
2070,0.0001,1
2071,0.0001,0
2072,0.0001,0
2073,0.0001,6
2074,0.0001,1
2075,0.0001,0
2076,0.0001,0
2077,0.0001,8
2078,0.0001,0
2079,0.0001,0
2080,0.0001,1
2081,0.0001,1
2082,0.0001,0
2083,0.0001,1
2084,0.0001,22
2085,0.0001,0
2086,0.0001,6
2087,0.0001,17
2088,0.0001,8
2089,0.0001,8
2090,0.0001,0
2091,0.0001,1
2092,0.0001,1
2093,0.0001,2
2094,0.0001,1
2095,0.0001,2
2096,0.0001,17
2097,0.0001,0
2098,0.0001,1
2099,0.0001,1
2100,0.0001,0
2101,0.0001,11
2102,0.0001,0
2103,0.0001,9
2104,0.0001,1
2105,0.0001,2
2106,0.0001,1
2107,0.0001,1
2108,0.0001,1
2109,0.0001,1
2110,0.0001,2
2111,0.0001,6
2112,0.0001,1
2113,0.0001,1
2114,0.0001,1
2115,0.0001,0
2116,0.0001,1
2117,0.0001,0
2118,0.0001,1
2119,0.0001,0
2120,0.0001,23
2121,0.0001,1
2122,0.0001,0
2123,0.0001,1
2124,0.0001,11
2125,0.0001,1
2126,0.0001,1
2127,0.0001,9
2128,0.0001,1
2129,0.0001,0
2130,0.0001,0
2131,0.0001,0
2132,0.0001,0
2133,0.0001,1
2134,0.0001,1
2135,0.0001,1
2136,0.0001,14
2137,0.0001,8
2138,0.0001,2
2139,0.0001,31
2140,0.0001,1
2141,0.0001,0
2142,0.0001,7
2143,0.0001,0
2144,0.0001,10
2145,0.0001,1
2146,0.0001,50
2147,0.0001,1
2148,0.0001,7
2149,0.0001,0
2150,0.0001,0
2151,0.0001,8
2152,0.0001,9
2153,0.0001,16
2154,0.0001,0
2155,0.0001,8
2156,0.0001,10
2157,0.0001,13
2158,0.0001,1
2159,0.0001,8
2160,0.0001,0
2161,0.0001,9
2162,0.0001,1
2163,0.0001,24
2164,0.0001,1
2165,0.0001,2
2166,0.0001,1
2167,0.0001,1
2168,0.0001,1
2169,0.0001,7
2170,0.0001,0
2171,0.0001,0
2172,0.0001,8
2173,0.0001,2
2174,0.0001,1
2175,0.0001,1
2176,0.0001,1
2177,0.0001,2
2178,0.0001,8
2179,0.0001,8
2180,0.0001,6
2181,0.0001,1
2182,0.0001,1
2183,0.0001,7
2184,0.0001,1
2185,0.0001,8
2186,0.0001,8
2187,0.0001,0
2188,0.0001,1
2189,0.0001,1
2190,0.0001,0
2191,0.0001,2
2192,0.0001,33
2193,0.0001,1
2194,0.0001,7
2195,0.0001,1
2196,0.0001,0
2197,0.0001,1
2198,0.0001,0
2199,0.0001,9
2200,0.0001,1
2201,0.0001,7
2202,0.0001,7
2203,0.0001,39
2204,0.0001,1
2205,0.0001,7
2206,0.0001,8
2207,0.0001,0
2208,0.0001,8
2209,0.0001,32
2210,0.0001,1
2211,0.0001,1
2212,0.0001,1
2213,0.0001,8
2214,0.0001,9
2215,0.0001,0
2216,0.0001,2
2217,0.0001,1
2218,0.0001,10
2219,0.0001,2
2220,0.0001,0
2221,0.0001,1
2222,0.0001,1
2223,0.0001,6
2224,0.0001,0
2225,0.0001,1
2226,0.0001,0
2227,0.0001,1
2228,0.0001,1
2229,0.0001,0
2230,0.0001,11
2231,0.0001,0
2232,0.0001,2
2233,0.0001,0
2234,0.0001,0
2235,0.0001,0
2236,0.0001,15
2237,0.0001,0
2238,0.0001,1
2239,0.0001,6
2240,0.0001,8
2241,0.0001,9
2242,0.0001,1
2243,0.0001,2
2244,0.0001,1
2245,0.0001,8
2246,0.0001,24
2247,0.0001,1
2248,0.0001,0
2249,0.0001,1
2250,0.0001,0
2251,0.0001,9
2252,0.0001,0
2253,0.0001,1
2254,0.0001,0
2255,0.0001,16
2256,0.0001,1
2257,0.0001,7
2258,0.0001,0
2259,0.0001,0
2260,0.0001,7
2261,0.0001,1
2262,0.0001,16
2263,0.0001,7
2264,0.0001,1
2265,0.0001,9
2266,0.0001,1
2267,0.0001,24
2268,0.0001,22
2269,0.0001,10
2270,0.0001,9
2271,0.0001,2
2272,0.0001,9
2273,0.0001,15
2274,0.0001,1
2275,0.0001,0
2276,0.0001,1
2277,0.0001,17
2278,0.0001,0
2279,0.0001,8
2280,0.0001,1
2281,0.0001,15
2282,0.0001,1
2283,0.0001,0
2284,0.0001,23
2285,0.0001,0
2286,0.0001,7
2287,0.0001,1
2288,0.0001,1
2289,0.0001,1
2290,0.0001,0
2291,0.0001,7
2292,0.0001,1
2293,0.0001,0
2294,0.0001,15
2295,0.0001,7
2296,0.0001,1
2297,0.0001,1
2298,0.0001,1
2299,0.0001,2
2300,0.0001,7
2301,0.0001,7
2302,0.0001,8
2303,0.0001,8
2304,0.0001,1
2305,0.0001,1
2306,0.0001,0
2307,0.0001,12
2308,0.0001,0
2309,0.0001,0
2310,0.0001,32
2311,0.0001,0
2312,0.0001,16
2313,0.0001,17
2314,0.0001,0
2315,0.0001,0
2316,0.0001,0
2317,0.0001,6
2318,0.0001,16
2319,0.0001,14
2320,0.0001,8
2321,0.0001,1
2322,0.0001,0
2323,0.0001,32
2324,0.0001,1
2325,0.0001,1
2326,0.0001,0
2327,0.0001,11
2328,0.0001,2
2329,0.0001,7
2330,0.0001,1
2331,0.0001,1
2332,0.0001,1
2333,0.0001,0
2334,0.0001,7
2335,0.0001,10
2336,0.0001,1
2337,0.0001,0
2338,0.0001,16
2339,0.0001,0
2340,0.0001,40
2341,0.0001,8
2342,0.0001,1
2343,0.0001,0
2344,0.0001,0
2345,0.0001,8
2346,0.0001,1
2347,0.0001,1
2348,0.0001,29
2349,0.0001,1
2350,0.0001,7
2351,0.0001,1
2352,0.0001,1
2353,0.0001,0
2354,0.0001,1
2355,0.0001,1
2356,0.0001,2
2357,0.0001,0
2358,0.0001,0
2359,0.0001,8
2360,0.0001,8
2361,0.0001,8
2362,0.0001,3
2363,0.0001,7
2364,0.0001,8
2365,0.0001,2
2366,0.0001,1
2367,0.0001,0
2368,0.0001,0
2369,0.0001,1
2370,0.0001,31
2371,0.0001,1
2372,0.0001,1
2373,0.0001,40
2374,0.0001,1
2375,0.0001,1
2376,0.0001,8
2377,0.0001,8
2378,0.0001,1
2379,0.0001,0
2380,0.0001,1
2381,0.0001,26
2382,0.0001,1
2383,0.0001,34
2384,0.0001,0
2385,0.0001,0
2386,0.0001,1
2387,0.0001,40
2388,0.0001,6
2389,0.0001,16
2390,0.0001,15
2391,0.0001,8
2392,0.0001,1
2393,0.0001,21
2394,0.0001,1
2395,0.0001,1
2396,0.0001,2
2397,0.0001,0
2398,0.0001,1
2399,0.0001,1
2400,0.0001,0
2401,0.0001,0
2402,0.0001,1
2403,0.0001,0
2404,0.0001,8
2405,0.0001,2
2406,0.0001,0
2407,0.0001,1
2408,0.0001,0
2409,0.0001,10
2410,0.0001,10
2411,0.0001,8
2412,0.0001,0
2413,0.0001,1
2414,0.0001,1
2415,0.0001,9
2416,0.0001,1
2417,0.0001,0
2418,0.0001,0
2419,0.0001,0
2420,0.0001,1
2421,0.0001,0
2422,0.0001,1
2423,0.0001,0
2424,0.0001,8
2425,0.0001,2
2426,0.0001,2
2427,0.0001,8
2428,0.0001,2
2429,0.0001,1
2430,0.0001,9
2431,0.0001,0
2432,0.0001,1
2433,0.0001,0
2434,0.0001,1
2435,0.0001,11
2436,0.0001,10
2437,0.0001,33
2438,0.0001,10
2439,0.0001,0
2440,0.0001,1
2441,0.0001,1
2442,0.0001,1
2443,0.0001,0
2444,0.0001,8
2445,0.0001,2
2446,0.0001,1
2447,0.0001,1
2448,0.0001,9
2449,0.0001,8
2450,0.0001,1
2451,0.0001,0
2452,0.0001,1
2453,0.0001,1
2454,0.0001,9
2455,0.0001,0
2456,0.0001,1
2457,0.0001,2
2458,0.0001,7
2459,0.0001,8
2460,0.0001,2
2461,0.0001,9
2462,0.0001,0
2463,0.0001,1
2464,0.0001,9
2465,0.0001,1
2466,0.0001,0
2467,0.0001,8
2468,0.0001,1
2469,0.0001,1
2470,0.0001,0
2471,0.0001,1
2472,0.0001,1
2473,0.0001,0
2474,0.0001,0
2475,0.0001,0
2476,0.0001,0
2477,0.0001,32
2478,0.0001,0
2479,0.0001,1
2480,0.0001,8
2481,0.0001,1
2482,0.0001,1
2483,0.0001,8
2484,0.0001,22
2485,0.0001,7
2486,0.0001,0
2487,0.0001,35
2488,0.0001,16
2489,0.0001,1
2490,0.0001,0
2491,0.0001,1
2492,0.0001,1
2493,0.0001,0
2494,0.0001,2
2495,0.0001,0
2496,0.0001,8
2497,0.0001,0
2498,0.0001,0
2499,0.0001,8
2500,0.0001,8
2501,0.0001,2
2502,0.0001,1
2503,0.0001,2
2504,0.0001,8
2505,0.0001,2
2506,0.0001,9
2507,0.0001,0
2508,0.0001,2
2509,0.0001,24
2510,0.0001,15
2511,0.0001,1
2512,0.0001,2
2513,0.0001,1
2514,0.0001,0
2515,0.0001,0
2516,0.0001,0
2517,0.0001,1
2518,0.0001,1
2519,0.0001,0
2520,0.0001,1
2521,0.0001,0
2522,0.0001,1
2523,0.0001,1
2524,0.0001,1
2525,0.0001,6
2526,0.0001,1
2527,0.0001,0
2528,0.0001,1
2529,0.0001,2
2530,0.0001,14
2531,0.0001,12
2532,0.0001,1
2533,0.0001,1
2534,0.0001,8
2535,0.0001,0
2536,0.0001,1
2537,0.0001,0
2538,0.0001,9
2539,0.0001,9
2540,0.0001,1
2541,0.0001,1
2542,0.0001,1
2543,0.0001,9
2544,0.0001,0
2545,0.0001,14
2546,0.0001,1
2547,0.0001,13
2548,0.0001,1
2549,0.0001,0
2550,0.0001,27
2551,0.0001,32
2552,0.0001,0
2553,0.0001,1
2554,0.0001,0
2555,0.0001,1
2556,0.0001,1
2557,0.0001,1
2558,0.0001,0
2559,0.0001,1
2560,0.0001,0
2561,0.0001,1
2562,0.0001,2
2563,0.0001,0
2564,0.0001,8
2565,0.0001,8
2566,0.0001,7
2567,0.0001,11
2568,0.0001,0
2569,0.0001,0
2570,0.0001,1
2571,0.0001,7
2572,0.0001,0
2573,0.0001,8
2574,0.0001,1
2575,0.0001,1
2576,0.0001,0
2577,0.0001,1
2578,0.0001,1
2579,0.0001,1
2580,0.0001,0
2581,0.0001,7
2582,0.0001,0
2583,0.0001,1
2584,0.0001,1
2585,0.0001,0
2586,0.0001,32
2587,0.0001,10
2588,0.0001,1
2589,0.0001,8
2590,0.0001,0
2591,0.0001,0
2592,0.0001,1
2593,0.0001,0
2594,0.0001,0
2595,0.0001,0
2596,0.0001,8
2597,0.0001,0
2598,0.0001,1
2599,0.0001,6
2600,0.0001,1
2601,0.0001,0
2602,0.0001,0
2603,0.0001,1
2604,0.0001,25
2605,0.0001,0
2606,0.0001,1
2607,0.0001,0
2608,0.0001,1
2609,0.0001,38
2610,0.0001,1
2611,0.0001,0
2612,0.0001,17
2613,0.0001,1
2614,0.0001,1
2615,0.0001,7
2616,0.0001,1
2617,0.0001,1
2618,0.0001,1
2619,0.0001,6
2620,0.0001,8
2621,0.0001,6
2622,0.0001,1
2623,0.0001,9
2624,0.0001,0
2625,0.0001,10
2626,0.0001,0
2627,0.0001,2
2628,0.0001,10
2629,0.0001,0
2630,0.0001,7
2631,0.0001,1
2632,0.0001,1
2633,0.0001,1
2634,0.0001,3
2635,0.0001,2
2636,0.0001,0
2637,0.0001,6
2638,0.0001,1
2639,0.0001,1
2640,0.0001,0
2641,0.0001,0
2642,0.0001,0
2643,0.0001,1
2644,0.0001,17
2645,0.0001,7
2646,0.0001,32
2647,0.0001,1
2648,0.0001,0
2649,0.0001,1
2650,0.0001,8
2651,0.0001,2
2652,0.0001,15
2653,0.0001,35
2654,0.0001,0
2655,0.0001,0
2656,0.0001,22
2657,0.0001,9
2658,0.0001,0
2659,0.0001,6
2660,0.0001,2
2661,0.0001,1
2662,0.0001,14
2663,0.0001,20
2664,0.0001,0
2665,0.0001,1
2666,0.0001,11
2667,0.0001,16
2668,0.0001,0
2669,0.0001,0
2670,0.0001,1
2671,0.0001,1
2672,0.0001,0
2673,0.0001,21
2674,0.0001,2
2675,0.0001,1
2676,0.0001,0
2677,0.0001,7
2678,0.0001,1
2679,0.0001,12
2680,0.0001,1
2681,0.0001,2
2682,0.0001,8
2683,0.0001,0
2684,0.0001,0
2685,0.0001,1
2686,0.0001,0
2687,0.0001,0
2688,0.0001,1
2689,0.0001,0
2690,0.0001,1
2691,0.0001,1
2692,0.0001,0
2693,0.0001,9
2694,0.0001,17
2695,0.0001,1
2696,0.0001,6
2697,0.0001,1
2698,0.0001,0
2699,0.0001,1
2700,0.0001,34
2701,0.0001,11
2702,0.0001,12
2703,0.0001,3
2704,0.0001,0
2705,0.0001,17
2706,0.0001,0
2707,0.0001,0
2708,0.0001,1
2709,0.0001,1
2710,0.0001,0
2711,0.0001,8
2712,0.0001,2
2713,0.0001,1
2714,0.0001,1
2715,0.0001,0
2716,0.0001,8
2717,0.0001,8
2718,0.0001,2
2719,0.0001,8
2720,0.0001,0
2721,0.0001,0
2722,0.0001,9
2723,0.0001,1
2724,0.0001,11
2725,0.0001,0
2726,0.0001,0
2727,0.0001,0
2728,0.0001,17
2729,0.0001,2
2730,0.0001,2
2731,0.0001,8
2732,0.0001,1
2733,0.0001,1
2734,0.0001,0
2735,0.0001,0
2736,0.0001,0
2737,0.0001,3
2738,0.0001,0
2739,0.0001,0
2740,0.0001,1
2741,0.0001,1
2742,0.0001,42
2743,0.0001,0
2744,0.0001,11
2745,0.0001,1
2746,0.0001,1
2747,0.0001,0
2748,0.0001,7
2749,0.0001,2
2750,0.0001,1
2751,0.0001,7
2752,0.0001,0
2753,0.0001,0
2754,0.0001,40
2755,0.0001,15
2756,0.0001,0
2757,0.0001,8
2758,0.0001,1
2759,0.0001,15
2760,0.0001,1
2761,0.0001,6
2762,0.0001,9
2763,0.0001,0
2764,0.0001,0
2765,0.0001,0
2766,0.0001,2
2767,0.0001,0
2768,0.0001,1
2769,0.0001,14
2770,0.0001,0
2771,0.0001,1
2772,0.0001,1
2773,0.0001,0
2774,0.0001,32
2775,0.0001,0
2776,0.0001,0
2777,0.0001,14
2778,0.0001,1
2779,0.0001,2
2780,0.0001,30
2781,0.0001,1
2782,0.0001,6
2783,0.0001,1
2784,0.0001,1
2785,0.0001,7
2786,0.0001,2
2787,0.0001,19
2788,0.0001,2
2789,0.0001,8
2790,0.0001,1
2791,0.0001,9
2792,0.0001,16
2793,0.0001,2
2794,0.0001,8
2795,0.0001,0
2796,0.0001,1
2797,0.0001,1
2798,0.0001,0
2799,0.0001,2
2800,0.0001,0
2801,0.0001,16
2802,0.0001,0
2803,0.0001,11
2804,0.0001,0
2805,0.0001,0
2806,0.0001,2
2807,0.0001,16
2808,0.0001,9
2809,0.0001,8
2810,0.0001,6
2811,0.0001,0
2812,0.0001,14
2813,0.0001,34
2814,0.0001,9
2815,0.0001,9
2816,0.0001,0
2817,0.0001,9
2818,0.0001,7
2819,0.0001,1
2820,0.0001,0
2821,0.0001,1
2822,0.0001,0
2823,0.0001,2
2824,0.0001,8
2825,0.0001,1
2826,0.0001,0
2827,0.0001,9
2828,0.0001,0
2829,0.0001,8
2830,0.0001,1
2831,0.0001,1
2832,0.0001,0
2833,0.0001,7
2834,0.0001,0
2835,0.0001,8
2836,0.0001,1
2837,0.0001,2
2838,0.0001,1
2839,0.0001,16
2840,0.0001,1
2841,0.0001,7
2842,0.0001,0
2843,0.0001,14
2844,0.0001,1
2845,0.0001,1
2846,0.0001,1
2847,0.0001,0
2848,0.0001,1
2849,0.0001,9
2850,0.0001,0
2851,0.0001,1
2852,0.0001,1
2853,0.0001,0
2854,0.0001,0
2855,0.0001,7
2856,0.0001,1
2857,0.0001,10
2858,0.0001,1
2859,0.0001,1
2860,0.0001,9
2861,0.0001,1
2862,0.0001,0
2863,0.0001,1
2864,0.0001,1
2865,0.0001,8
2866,0.0001,0
2867,0.0001,8
2868,0.0001,0
2869,0.0001,8
2870,0.0001,16
2871,0.0001,1
2872,0.0001,17
2873,0.0001,10
2874,0.0001,0
2875,0.0001,7
2876,0.0001,1
2877,0.0001,1
2878,0.0001,1
2879,0.0001,1
2880,0.0001,8
2881,0.0001,0
2882,0.0001,14
2883,0.0001,2
2884,0.0001,0
2885,0.0001,0
2886,0.0001,0
2887,0.0001,1
2888,0.0001,37
2889,0.0001,7
2890,0.0001,1
2891,0.0001,8
2892,0.0001,0
2893,0.0001,7
2894,0.0001,1
2895,0.0001,0
2896,0.0001,15
2897,0.0001,0
2898,0.0001,0
2899,0.0001,0
2900,0.0001,12
2901,0.0001,1
2902,0.0001,0
2903,0.0001,7
2904,0.0001,1
2905,0.0001,8
2906,0.0001,17
2907,0.0001,0
2908,0.0001,1
2909,0.0001,1
2910,0.0001,11
2911,0.0001,1
2912,0.0001,1
2913,0.0001,7
2914,0.0001,0
2915,0.0001,0
2916,0.0001,1
2917,0.0001,16
2918,0.0001,6
2919,0.0001,0
2920,0.0001,1
2921,0.0001,9
2922,0.0001,1
2923,0.0001,6
2924,0.0001,1
2925,0.0001,0
2926,0.0001,23
2927,0.0001,1
2928,0.0001,10
2929,0.0001,1
2930,0.0001,1
2931,0.0001,9
2932,0.0001,16
2933,0.0001,10
2934,0.0001,1
2935,0.0001,0
2936,0.0001,8
2937,0.0001,8
2938,0.0001,1
2939,0.0001,16
2940,0.0001,15
2941,0.0001,1
2942,0.0001,8
2943,0.0001,6
2944,0.0001,7
2945,0.0001,1
2946,0.0001,1
2947,0.0001,0
2948,0.0001,11
2949,0.0001,1
2950,0.0001,18
2951,0.0001,0
2952,0.0001,1
2953,0.0001,1
2954,0.0001,9
2955,0.0001,0
2956,0.0001,0
2957,0.0001,16
2958,0.0001,1
2959,0.0001,0
2960,0.0001,0
2961,0.0001,0
2962,0.0001,2
2963,0.0001,1
2964,0.0001,0
2965,0.0001,1
2966,0.0001,0
2967,0.0001,16
2968,0.0001,1
2969,0.0001,2
2970,0.0001,2
2971,0.0001,1
2972,0.0001,0
2973,0.0001,0
2974,0.0001,1
2975,0.0001,10
2976,0.0001,0
2977,0.0001,0
2978,0.0001,1
2979,0.0001,11
2980,0.0001,1
2981,0.0001,15
2982,0.0001,1
2983,0.0001,8
2984,0.0001,9
2985,0.0001,1
2986,0.0001,0
2987,0.0001,15
2988,0.0001,1
2989,0.0001,7
2990,0.0001,1
2991,0.0001,15
2992,0.0001,31
2993,0.0001,8
2994,0.0001,1
2995,0.0001,13
2996,0.0001,8
2997,0.0001,0
2998,0.0001,14
2999,0.0001,0
3000,0.0001,1
3001,0.0001,0
3002,0.0001,0
3003,0.0001,1
3004,0.0001,8
3005,0.0001,0
3006,0.0001,6
3007,0.0001,1
3008,0.0001,6
3009,0.0001,1
3010,0.0001,9
3011,0.0001,0
3012,0.0001,24
3013,0.0001,2
3014,0.0001,9
3015,0.0001,2
3016,0.0001,2
3017,0.0001,2
3018,0.0001,14
3019,0.0001,0
3020,0.0001,7
3021,0.0001,16
3022,0.0001,1
3023,0.0001,32
3024,0.0001,7
3025,0.0001,0
3026,0.0001,1
3027,0.0001,0
3028,0.0001,2
3029,0.0001,0
3030,0.0001,16
3031,0.0001,8
3032,0.0001,0
3033,0.0001,0
3034,0.0001,0
3035,0.0001,9
3036,0.0001,1
3037,0.0001,1
3038,0.0001,0
3039,0.0001,8
3040,0.0001,17
3041,0.0001,17
3042,0.0001,0
3043,0.0001,10
3044,0.0001,8
3045,0.0001,0
3046,0.0001,9
3047,0.0001,0
3048,0.0001,1
3049,0.0001,8
3050,0.0001,1
3051,0.0001,0
3052,0.0001,2
3053,0.0001,8
3054,0.0001,0
3055,0.0001,8
3056,0.0001,0
3057,0.0001,0
3058,0.0001,17
3059,0.0001,14
3060,0.0001,0
3061,0.0001,12
3062,0.0001,8
3063,0.0001,0
3064,0.0001,0
3065,0.0001,0
3066,0.0001,1
3067,0.0001,12
3068,0.0001,0
3069,0.0001,8
3070,0.0001,2
3071,0.0001,1
3072,0.0001,8
3073,0.0001,0
3074,0.0001,11
3075,0.0001,0
3076,0.0001,15
3077,0.0001,2
3078,0.0001,15
3079,0.0001,0
3080,0.0001,1
3081,0.0001,1
3082,0.0001,1
3083,0.0001,1
3084,0.0001,1
3085,0.0001,1
3086,0.0001,20
3087,0.0001,1
3088,0.0001,1
3089,0.0001,11
3090,0.0001,2
3091,0.0001,2
3092,0.0001,1
3093,0.0001,14
3094,0.0001,0
3095,0.0001,16
3096,0.0001,0
3097,0.0001,1
3098,0.0001,0
3099,0.0001,0
3100,0.0001,1
3101,0.0001,15
3102,0.0001,0
3103,0.0001,10
3104,0.0001,1
3105,0.0001,0
3106,0.0001,24
3107,0.0001,1
3108,0.0001,11
3109,0.0001,7
3110,0.0001,2
3111,0.0001,0
3112,0.0001,3
3113,0.0001,1
3114,0.0001,6
3115,0.0001,6
3116,0.0001,0
3117,0.0001,1
3118,0.0001,0
3119,0.0001,0
3120,0.0001,0
3121,0.0001,0
3122,0.0001,1
3123,0.0001,6
3124,0.0001,15
3125,0.0001,1
3126,0.0001,1
3127,0.0001,1
3128,0.0001,22
3129,0.0001,1
3130,0.0001,1
3131,0.0001,0
3132,0.0001,0
3133,0.0001,1
3134,0.0001,0
3135,0.0001,0
3136,0.0001,1
3137,0.0001,1
3138,0.0001,16
3139,0.0001,10
3140,0.0001,1
3141,0.0001,1
3142,0.0001,2
3143,0.0001,1
3144,0.0001,0
3145,0.0001,9
3146,0.0001,2
3147,0.0001,0
3148,0.0001,15
3149,0.0001,1
3150,0.0001,1
3151,0.0001,8
3152,0.0001,1
3153,0.0001,16
3154,0.0001,1
3155,0.0001,0
3156,0.0001,1
3157,0.0001,2
3158,0.0001,1
3159,0.0001,10
3160,0.0001,19
3161,0.0001,1
3162,0.0001,1
3163,0.0001,0
3164,0.0001,7
3165,0.0001,10
3166,0.0001,0
3167,0.0001,2
3168,0.0001,1
3169,0.0001,16
3170,0.0001,6
3171,0.0001,0
3172,0.0001,0
3173,0.0001,13
3174,0.0001,0
3175,0.0001,8
3176,0.0001,18
3177,0.0001,0
3178,0.0001,25
3179,0.0001,15
3180,0.0001,1
3181,0.0001,10
3182,0.0001,1
3183,0.0001,1
3184,0.0001,1
3185,0.0001,0
3186,0.0001,1
3187,0.0001,14
3188,0.0001,0
3189,0.0001,1
3190,0.0001,0
3191,0.0001,1
3192,0.0001,2
3193,0.0001,1
3194,0.0001,8
3195,0.0001,18
3196,0.0001,0
3197,0.0001,7
3198,0.0001,1
3199,0.0001,2
3200,0.0001,8
3201,0.0001,19
3202,0.0001,2
3203,0.0001,8
3204,0.0001,1
3205,0.0001,12
3206,0.0001,9
3207,0.0001,0
3208,0.0001,1
3209,0.0001,23
3210,0.0001,9
3211,0.0001,1
3212,0.0001,1
3213,0.0001,7
3214,0.0001,8
3215,0.0001,0
3216,0.0001,9
3217,0.0001,0
3218,0.0001,1
3219,0.0001,1
3220,0.0001,1
3221,0.0001,0
3222,0.0001,6
3223,0.0001,1
3224,0.0001,6
3225,0.0001,0
3226,0.0001,1
3227,0.0001,0
3228,0.0001,27
3229,0.0001,7
3230,0.0001,2
3231,0.0001,0
3232,0.0001,1
3233,0.0001,2
3234,0.0001,1
3235,0.0001,1
3236,0.0001,0
3237,0.0001,0
3238,0.0001,15
3239,0.0001,1
3240,0.0001,0
3241,0.0001,12
3242,0.0001,22
3243,0.0001,0
3244,0.0001,9
3245,0.0001,1
3246,0.0001,9
3247,0.0001,8
3248,0.0001,8
3249,0.0001,0
3250,0.0001,7
3251,0.0001,7
3252,0.0001,0
3253,0.0001,1
3254,0.0001,6
3255,0.0001,1
3256,0.0001,1
3257,0.0001,1
3258,0.0001,1
3259,0.0001,1
3260,0.0001,1
3261,0.0001,24
3262,0.0001,10
3263,0.0001,0
3264,0.0001,0
3265,0.0001,1
3266,0.0001,0
3267,0.0001,8
3268,0.0001,9
3269,0.0001,3
3270,0.0001,0
3271,0.0001,19
3272,0.0001,0
3273,0.0001,23
3274,0.0001,0
3275,0.0001,2
3276,0.0001,18
3277,0.0001,15
3278,0.0001,34
3279,0.0001,0
3280,0.0001,0
3281,0.0001,1
3282,0.0001,0
3283,0.0001,1
3284,0.0001,16
3285,0.0001,8
3286,0.0001,3
3287,0.0001,8
3288,0.0001,0
3289,0.0001,0
3290,0.0001,9
3291,0.0001,19
3292,0.0001,2
3293,0.0001,22
3294,0.0001,8
3295,0.0001,12
3296,0.0001,2
3297,0.0001,1
3298,0.0001,2
3299,0.0001,6
3300,0.0001,7
3301,0.0001,1
3302,0.0001,6
3303,0.0001,0
3304,0.0001,7
3305,0.0001,1
3306,0.0001,0
3307,0.0001,0
3308,0.0001,1
3309,0.0001,11
3310,0.0001,24
3311,0.0001,1
3312,0.0001,0
3313,0.0001,8
3314,0.0001,13
3315,0.0001,1
3316,0.0001,1
3317,0.0001,7
3318,0.0001,0
3319,0.0001,1
3320,0.0001,1
3321,0.0001,7
3322,0.0001,34
3323,0.0001,1
3324,0.0001,1
3325,0.0001,16
3326,0.0001,7
3327,0.0001,1
3328,0.0001,8
3329,0.0001,6
3330,0.0001,9
3331,0.0001,8
3332,0.0001,8
3333,0.0001,16
3334,0.0001,0
3335,0.0001,0
3336,0.0001,0
3337,0.0001,1
3338,0.0001,0
3339,0.0001,0
3340,0.0001,8
3341,0.0001,1
3342,0.0001,7
3343,0.0001,1
3344,0.0001,1
3345,0.0001,0
3346,0.0001,0
3347,0.0001,0
3348,0.0001,2
3349,0.0001,0
3350,0.0001,0
3351,0.0001,1
3352,0.0001,14
3353,0.0001,0
3354,0.0001,1
3355,0.0001,0
3356,0.0001,6
3357,0.0001,0
3358,0.0001,1
3359,0.0001,0
3360,0.0001,9
3361,0.0001,1
3362,0.0001,1
3363,0.0001,0
3364,0.0001,7
3365,0.0001,0
3366,0.0001,1
3367,0.0001,0
3368,0.0001,0
3369,0.0001,2
3370,0.0001,7
3371,0.0001,9
3372,0.0001,0
3373,0.0001,0
3374,0.0001,1
3375,0.0001,1
3376,0.0001,2
3377,0.0001,8
3378,0.0001,0
3379,0.0001,0
3380,0.0001,0
3381,0.0001,0
3382,0.0001,8
3383,0.0001,1
3384,0.0001,1
3385,0.0001,1
3386,0.0001,1
3387,0.0001,0
3388,0.0001,17
3389,0.0001,0
3390,0.0001,0
3391,0.0001,6
3392,0.0001,6
3393,0.0001,0
3394,0.0001,0
3395,0.0001,1
3396,0.0001,23
3397,0.0001,17
3398,0.0001,32
3399,0.0001,1
3400,0.0001,2
3401,0.0001,6
3402,0.0001,0
3403,0.0001,7
3404,0.0001,7
3405,0.0001,1
3406,0.0001,23
3407,0.0001,0
3408,0.0001,11
3409,0.0001,8
3410,0.0001,0
3411,0.0001,0
3412,0.0001,7
3413,0.0001,0
3414,0.0001,0
3415,0.0001,0
3416,0.0001,0
3417,0.0001,0
3418,0.0001,8
3419,0.0001,1
3420,0.0001,0
3421,0.0001,1
3422,0.0001,0
3423,0.0001,0
3424,0.0001,7
3425,0.0001,0
3426,0.0001,1
3427,0.0001,1
3428,0.0001,1
3429,0.0001,0
3430,0.0001,13
3431,0.0001,7
3432,0.0001,8
3433,0.0001,7
3434,0.0001,0
3435,0.0001,1
3436,0.0001,2
3437,0.0001,0
3438,0.0001,0
3439,0.0001,9
3440,0.0001,0
3441,0.0001,1
3442,0.0001,0
3443,0.0001,1
3444,0.0001,2
3445,0.0001,0
3446,0.0001,1
3447,0.0001,0
3448,0.0001,1
3449,0.0001,1
3450,0.0001,9
3451,0.0001,0
3452,0.0001,0
3453,0.0001,0
3454,0.0001,9
3455,0.0001,1
3456,0.0001,0
3457,0.0001,1
3458,0.0001,0
3459,0.0001,1
3460,0.0001,1
3461,0.0001,9
3462,0.0001,0
3463,0.0001,0
3464,0.0001,1
3465,0.0001,1
3466,0.0001,16
3467,0.0001,2
3468,0.0001,0
3469,0.0001,6
3470,0.0001,8
3471,0.0001,2
3472,0.0001,32
3473,0.0001,0
3474,0.0001,39
3475,0.0001,8
3476,0.0001,2
3477,0.0001,1
3478,0.0001,2
3479,0.0001,0
3480,0.0001,22
3481,0.0001,1
3482,0.0001,15
3483,0.0001,1
3484,0.0001,0
3485,0.0001,1
3486,0.0001,0
3487,0.0001,0
3488,0.0001,0
3489,0.0001,6
3490,0.0001,0
3491,0.0001,18
3492,0.0001,6
3493,0.0001,1
3494,0.0001,1
3495,0.0001,1
3496,0.0001,9
3497,0.0001,0
3498,0.0001,1
3499,0.0001,0
3500,0.0001,3
3501,0.0001,0
3502,0.0001,7
3503,0.0001,8
3504,0.0001,7
3505,0.0001,6
3506,0.0001,1
3507,0.0001,1
3508,0.0001,2
3509,0.0001,0
3510,0.0001,1
3511,0.0001,8
3512,0.0001,7
3513,0.0001,0
3514,0.0001,9
3515,0.0001,0
3516,0.0001,0
3517,0.0001,0
3518,0.0001,8
3519,0.0001,23
3520,0.0001,0
3521,0.0001,2
3522,0.0001,22
3523,0.0001,1
3524,0.0001,1
3525,0.0001,1
3526,0.0001,0
3527,0.0001,0
3528,0.0001,1
3529,0.0001,1
3530,0.0001,10
3531,0.0001,1
3532,0.0001,1
3533,0.0001,16
3534,0.0001,1
3535,0.0001,8
3536,0.0001,8
3537,0.0001,0
3538,0.0001,1
3539,0.0001,1
3540,0.0001,6
3541,0.0001,2
3542,0.0001,8
3543,0.0001,1
3544,0.0001,0
3545,0.0001,1
3546,0.0001,0
3547,0.0001,0
3548,0.0001,1
3549,0.0001,2
3550,0.0001,1
3551,0.0001,1
3552,0.0001,0
3553,0.0001,6
3554,0.0001,0
3555,0.0001,11
3556,0.0001,0
3557,0.0001,2
3558,0.0001,0
3559,0.0001,0
3560,0.0001,0
3561,0.0001,18
3562,0.0001,0
3563,0.0001,0
3564,0.0001,0
3565,0.0001,2
3566,0.0001,8
3567,0.0001,32
3568,0.0001,0
3569,0.0001,33
3570,0.0001,16
3571,0.0001,0
3572,0.0001,10
3573,0.0001,0
3574,0.0001,1
3575,0.0001,7
3576,0.0001,1
3577,0.0001,1
3578,0.0001,1
3579,0.0001,2
3580,0.0001,0
3581,0.0001,1
3582,0.0001,8
3583,0.0001,0
3584,0.0001,9
3585,0.0001,7
3586,0.0001,0
3587,0.0001,1
3588,0.0001,0
3589,0.0001,11
3590,0.0001,1
3591,0.0001,0
3592,0.0001,1
3593,0.0001,0
3594,0.0001,16
3595,0.0001,8
3596,0.0001,16
3597,0.0001,8
3598,0.0001,15
3599,0.0001,16
3600,0.0001,11
3601,0.0001,0
3602,0.0001,8
3603,0.0001,0
3604,0.0001,1
3605,0.0001,2
3606,0.0001,1
3607,0.0001,8
3608,0.0001,0
3609,0.0001,0
3610,0.0001,8
3611,0.0001,1
3612,0.0001,1
3613,0.0001,1
3614,0.0001,0
3615,0.0001,0
3616,0.0001,1
3617,0.0001,10
3618,0.0001,1
3619,0.0001,0
3620,0.0001,1
3621,0.0001,0
3622,0.0001,1
3623,0.0001,32
3624,0.0001,15
3625,0.0001,8
3626,0.0001,1
3627,0.0001,7
3628,0.0001,1
3629,0.0001,0
3630,0.0001,16
3631,0.0001,1
3632,0.0001,2
3633,0.0001,1
3634,0.0001,10
3635,0.0001,8
3636,0.0001,2
3637,0.0001,10
3638,0.0001,8
3639,0.0001,7
3640,0.0001,6
3641,0.0001,1
3642,0.0001,1
3643,0.0001,0
3644,0.0001,7
3645,0.0001,0
3646,0.0001,1
3647,0.0001,0
3648,0.0001,1
3649,0.0001,8
3650,0.0001,8
3651,0.0001,8
3652,0.0001,2
3653,0.0001,1
3654,0.0001,8
3655,0.0001,0
3656,0.0001,8
3657,0.0001,7
3658,0.0001,9
3659,0.0001,24
3660,0.0001,10
3661,0.0001,9
3662,0.0001,0
3663,0.0001,0
3664,0.0001,8
3665,0.0001,1
3666,0.0001,2
3667,0.0001,1
3668,0.0001,26
3669,0.0001,1
3670,0.0001,7
3671,0.0001,0
3672,0.0001,9
3673,0.0001,15
3674,0.0001,34
3675,0.0001,35
3676,0.0001,0
3677,0.0001,1
3678,0.0001,1
3679,0.0001,1
3680,0.0001,0
3681,0.0001,0
3682,0.0001,9
3683,0.0001,9
3684,0.0001,6
3685,0.0001,0
3686,0.0001,0
3687,0.0001,1
3688,0.0001,1
3689,0.0001,7
3690,0.0001,2
3691,0.0001,7
3692,0.0001,2
3693,0.0001,2
3694,0.0001,1
3695,0.0001,7
3696,0.0001,0
3697,0.0001,1
3698,0.0001,0
3699,0.0001,1
3700,0.0001,8
3701,0.0001,7
3702,0.0001,7
3703,0.0001,24
3704,0.0001,0
3705,0.0001,0
3706,0.0001,1
3707,0.0001,16
3708,0.0001,1
3709,0.0001,1
3710,0.0001,1
3711,0.0001,1
3712,0.0001,0
3713,0.0001,17
3714,0.0001,9
3715,0.0001,0
3716,0.0001,1
3717,0.0001,1
3718,0.0001,9
3719,0.0001,2
3720,0.0001,1
3721,0.0001,15
3722,0.0001,8
3723,0.0001,32
3724,0.0001,1
3725,0.0001,1
3726,0.0001,1
3727,0.0001,1
3728,0.0001,0
3729,0.0001,8
3730,0.0001,0
3731,0.0001,1
3732,0.0001,2
3733,0.0001,1
3734,0.0001,48
3735,0.0001,1
3736,0.0001,0
3737,0.0001,44
3738,0.0001,1
3739,0.0001,1
3740,0.0001,16
3741,0.0001,1
3742,0.0001,9
3743,0.0001,1
3744,0.0001,9
3745,0.0001,14
3746,0.0001,2
3747,0.0001,1
3748,0.0001,0
3749,0.0001,2
3750,0.0001,1
3751,0.0001,6
3752,0.0001,7
3753,0.0001,0
3754,0.0001,8
3755,0.0001,1
3756,0.0001,0
3757,0.0001,0
3758,0.0001,0
3759,0.0001,0
3760,0.0001,3
3761,0.0001,0
3762,0.0001,0
3763,0.0001,1
3764,0.0001,0
3765,0.0001,1
3766,0.0001,8
3767,0.0001,10
3768,0.0001,1
3769,0.0001,23
3770,0.0001,1
3771,0.0001,0
3772,0.0001,0
3773,0.0001,1
3774,0.0001,0
3775,0.0001,1
3776,0.0001,1
3777,0.0001,1
3778,0.0001,7
3779,0.0001,1
3780,0.0001,0
3781,0.0001,1
3782,0.0001,1
3783,0.0001,14
3784,0.0001,0
3785,0.0001,9
3786,0.0001,1
3787,0.0001,1
3788,0.0001,1
3789,0.0001,0
3790,0.0001,16
3791,0.0001,1
3792,0.0001,1
3793,0.0001,0
3794,0.0001,7
3795,0.0001,19
3796,0.0001,7
3797,0.0001,8
3798,0.0001,8
3799,0.0001,2
3800,0.0001,15
3801,0.0001,0
3802,0.0001,2
3803,0.0001,8
3804,0.0001,2
3805,0.0001,0
3806,0.0001,7
3807,0.0001,0
3808,0.0001,8
3809,0.0001,1
3810,0.0001,0
3811,0.0001,0
3812,0.0001,0
3813,0.0001,24
3814,0.0001,2
3815,0.0001,1
3816,0.0001,0
3817,0.0001,0
3818,0.0001,7
3819,0.0001,6
3820,0.0001,15
3821,0.0001,0
3822,0.0001,7
3823,0.0001,8
3824,0.0001,0
3825,0.0001,7
3826,0.0001,26
3827,0.0001,1
3828,0.0001,15
3829,0.0001,8
3830,0.0001,0
3831,0.0001,9
3832,0.0001,0
3833,0.0001,1
3834,0.0001,10
3835,0.0001,1
3836,0.0001,0
3837,0.0001,1
3838,0.0001,1
3839,0.0001,8
3840,0.0001,1
3841,0.0001,2
3842,0.0001,1
3843,0.0001,2
3844,0.0001,2
3845,0.0001,24
3846,0.0001,0
3847,0.0001,8
3848,0.0001,16
3849,0.0001,1
3850,0.0001,1
3851,0.0001,0
3852,0.0001,1
3853,0.0001,0
3854,0.0001,7
3855,0.0001,8
3856,0.0001,0
3857,0.0001,2
3858,0.0001,1
3859,0.0001,0
3860,0.0001,1
3861,0.0001,0
3862,0.0001,0
3863,0.0001,1
3864,0.0001,7
3865,0.0001,11
3866,0.0001,7
3867,0.0001,8
3868,0.0001,9
3869,0.0001,1
3870,0.0001,9
3871,0.0001,0
3872,0.0001,1
3873,0.0001,1
3874,0.0001,0
3875,0.0001,1
3876,0.0001,1
3877,0.0001,8
3878,0.0001,2
3879,0.0001,1
3880,0.0001,1
3881,0.0001,11
3882,0.0001,1
3883,0.0001,7
3884,0.0001,0
3885,0.0001,1
3886,0.0001,1
3887,0.0001,1
3888,0.0001,1
3889,0.0001,1
3890,0.0001,1
3891,0.0001,1
3892,0.0001,8
3893,0.0001,1
3894,0.0001,0
3895,0.0001,17
3896,0.0001,1
3897,0.0001,16
3898,0.0001,8
3899,0.0001,0
3900,0.0001,0
3901,0.0001,0
3902,0.0001,24
3903,0.0001,1
3904,0.0001,1
3905,0.0001,14
3906,0.0001,1
3907,0.0001,0
3908,0.0001,7
3909,0.0001,8
3910,0.0001,1
3911,0.0001,0
3912,0.0001,0
3913,0.0001,8
3914,0.0001,7
3915,0.0001,0
3916,0.0001,8
3917,0.0001,9
3918,0.0001,2
3919,0.0001,8
3920,0.0001,0
3921,0.0001,7
3922,0.0001,0
3923,0.0001,0
3924,0.0001,9
3925,0.0001,0
3926,0.0001,1
3927,0.0001,0
3928,0.0001,1
3929,0.0001,2
3930,0.0001,0
3931,0.0001,1
3932,0.0001,1
3933,0.0001,1
3934,0.0001,1
3935,0.0001,1
3936,0.0001,1
3937,0.0001,0
3938,0.0001,1
3939,0.0001,0
3940,0.0001,1
3941,0.0001,15
3942,0.0001,0
3943,0.0001,1
3944,0.0001,11
3945,0.0001,18
3946,0.0001,1
3947,0.0001,1
3948,0.0001,16
3949,0.0001,0
3950,0.0001,0
3951,0.0001,1
3952,0.0001,0
3953,0.0001,0
3954,0.0001,1
3955,0.0001,1
3956,0.0001,0
3957,0.0001,6
3958,0.0001,1
3959,0.0001,9
3960,0.0001,9
3961,0.0001,0
3962,0.0001,30
3963,0.0001,1
3964,0.0001,0
3965,0.0001,1
3966,0.0001,1
3967,0.0001,1
3968,0.0001,1
3969,0.0001,15
3970,0.0001,0
3971,0.0001,1
3972,0.0001,1
3973,0.0001,6
3974,0.0001,0
3975,0.0001,0
3976,0.0001,1
3977,0.0001,0
3978,0.0001,1
3979,0.0001,33
3980,0.0001,2
3981,0.0001,0
3982,0.0001,0
3983,0.0001,0
3984,0.0001,0
3985,0.0001,8
3986,0.0001,0
3987,0.0001,9
3988,0.0001,8
3989,0.0001,7
3990,0.0001,8
3991,0.0001,0
3992,0.0001,1
3993,0.0001,0
3994,0.0001,2
3995,0.0001,8
3996,0.0001,2
3997,0.0001,8
3998,0.0001,2
3999,0.0001,0
4000,0.0001,2
4001,0.0001,16
4002,0.0001,2
4003,0.0001,0
4004,0.0001,7
4005,0.0001,1
4006,0.0001,0
4007,0.0001,0
4008,0.0001,1
4009,0.0001,9
4010,0.0001,10
4011,0.0001,1
4012,0.0001,1
4013,0.0001,1
4014,0.0001,0
4015,0.0001,2
4016,0.0001,1
4017,0.0001,2
4018,0.0001,11
4019,0.0001,7
4020,0.0001,2
4021,0.0001,2
4022,0.0001,0
4023,0.0001,1
4024,0.0001,1
4025,0.0001,7
4026,0.0001,0
4027,0.0001,0
4028,0.0001,9
4029,0.0001,31
4030,0.0001,0
4031,0.0001,0
4032,0.0001,0
4033,0.0001,1
4034,0.0001,15
4035,0.0001,1
4036,0.0001,1
4037,0.0001,1
4038,0.0001,0
4039,0.0001,0
4040,0.0001,7
4041,0.0001,0
4042,0.0001,38
4043,0.0001,1
4044,0.0001,0
4045,0.0001,0
4046,0.0001,0
4047,0.0001,8
4048,0.0001,1
4049,0.0001,9
4050,0.0001,8
4051,0.0001,0
4052,0.0001,9
4053,0.0001,8
4054,0.0001,0
4055,0.0001,1
4056,0.0001,2
4057,0.0001,0
4058,0.0001,9
4059,0.0001,0
4060,0.0001,0
4061,0.0001,1
4062,0.0001,7
4063,0.0001,0
4064,0.0001,0
4065,0.0001,8
4066,0.0001,8
4067,0.0001,0
4068,0.0001,8
4069,0.0001,0
4070,0.0001,9
4071,0.0001,1
4072,0.0001,1
4073,0.0001,1
4074,0.0001,0
4075,0.0001,0
4076,0.0001,1
4077,0.0001,1
4078,0.0001,2
4079,0.0001,1
4080,0.0001,1
4081,0.0001,1
4082,0.0001,0
4083,0.0001,7
4084,0.0001,0
4085,0.0001,1
4086,0.0001,1
4087,0.0001,1
4088,0.0001,0
4089,0.0001,1
4090,0.0001,8
4091,0.0001,17
4092,0.0001,0
4093,0.0001,1
4094,0.0001,2
4095,0.0001,8
4096,0.0001,9
4097,0.0001,0
4098,0.0001,8
4099,0.0001,9
4100,0.0001,9
4101,0.0001,1
4102,0.0001,1
4103,0.0001,1
4104,0.0001,9
4105,0.0001,1
4106,0.0001,8
4107,0.0001,0
4108,0.0001,9
4109,0.0001,1
4110,0.0001,1
4111,0.0001,0
4112,0.0001,0
4113,0.0001,14
4114,0.0001,31
4115,0.0001,0
4116,0.0001,6
4117,0.0001,19
4118,0.0001,1
4119,0.0001,1
4120,0.0001,0
4121,0.0001,0
4122,0.0001,1
4123,0.0001,1
4124,0.0001,9
4125,0.0001,1
4126,0.0001,7
4127,0.0001,10
4128,0.0001,1
4129,0.0001,0
4130,0.0001,9
4131,0.0001,1
4132,0.0001,1
4133,0.0001,9
4134,0.0001,12
4135,0.0001,13
4136,0.0001,3
4137,0.0001,8
4138,0.0001,1
4139,0.0001,0
4140,0.0001,8
4141,0.0001,0
4142,0.0001,7
4143,0.0001,25
4144,0.0001,23
4145,0.0001,1
4146,0.0001,0
4147,0.0001,1
4148,0.0001,1
4149,0.0001,1
4150,0.0001,1
4151,0.0001,0
4152,0.0001,9
4153,0.0001,0
4154,0.0001,0
4155,0.0001,1
4156,0.0001,2
4157,0.0001,1
4158,0.0001,1
4159,0.0001,16
4160,0.0001,0
4161,0.0001,1
4162,0.0001,1
4163,0.0001,1
4164,0.0001,0
4165,0.0001,22
4166,0.0001,0
4167,0.0001,0
4168,0.0001,1
4169,0.0001,0
4170,0.0001,0
4171,0.0001,1
4172,0.0001,1
4173,0.0001,44
4174,0.0001,1
4175,0.0001,1
4176,0.0001,15
4177,0.0001,2
4178,0.0001,2
4179,0.0001,8
4180,0.0001,0
4181,0.0001,1
4182,0.0001,32
4183,0.0001,0
4184,0.0001,1
4185,0.0001,0
4186,0.0001,0
4187,0.0001,9
4188,0.0001,7
4189,0.0001,8
4190,0.0001,8
4191,0.0001,2
4192,0.0001,1
4193,0.0001,6
4194,0.0001,9
4195,0.0001,2
4196,0.0001,15
4197,0.0001,1
4198,0.0001,1
4199,0.0001,0
4200,0.0001,1
4201,0.0001,1
4202,0.0001,1
4203,0.0001,1
4204,0.0001,1
4205,0.0001,6
4206,0.0001,0
4207,0.0001,0
4208,0.0001,14
4209,0.0001,1
4210,0.0001,0
4211,0.0001,1
4212,0.0001,1
4213,0.0001,9
4214,0.0001,1
4215,0.0001,0
4216,0.0001,1
4217,0.0001,7
4218,0.0001,6
4219,0.0001,0
4220,0.0001,1
4221,0.0001,1
4222,0.0001,1
4223,0.0001,0
4224,0.0001,0
4225,0.0001,9
4226,0.0001,14
4227,0.0001,1
4228,0.0001,2
4229,0.0001,1
4230,0.0001,8
4231,0.0001,1
4232,0.0001,1
4233,0.0001,9
4234,0.0001,9
4235,0.0001,0
4236,0.0001,8
4237,0.0001,0
4238,0.0001,0
4239,0.0001,8
4240,0.0001,1
4241,0.0001,15
4242,0.0001,2
4243,0.0001,1
4244,0.0001,0
4245,0.0001,1
4246,0.0001,35
4247,0.0001,0
4248,0.0001,7
4249,0.0001,8
4250,0.0001,0
4251,0.0001,0
4252,0.0001,2
4253,0.0001,0
4254,0.0001,0
4255,0.0001,8
4256,0.0001,2
4257,0.0001,1
4258,0.0001,1
4259,0.0001,10
4260,0.0001,0
4261,0.0001,0
4262,0.0001,15
4263,0.0001,6
4264,0.0001,2
4265,0.0001,8
4266,0.0001,0
4267,0.0001,7
4268,0.0001,0
4269,0.0001,0
4270,0.0001,10
4271,0.0001,9
4272,0.0001,1
4273,0.0001,0
4274,0.0001,1
4275,0.0001,10
4276,0.0001,40
4277,0.0001,11
4278,0.0001,19
4279,0.0001,17
4280,0.0001,15
4281,0.0001,7
4282,0.0001,0
4283,0.0001,1
4284,0.0001,12
4285,0.0001,1
4286,0.0001,7
4287,0.0001,1
4288,0.0001,3
4289,0.0001,2
4290,0.0001,9
4291,0.0001,16
4292,0.0001,0
4293,0.0001,0
4294,0.0001,1
4295,0.0001,8
4296,0.0001,2
4297,0.0001,0
4298,0.0001,9
4299,0.0001,0
4300,0.0001,0
4301,0.0001,1
4302,0.0001,0
4303,0.0001,0
4304,0.0001,1
4305,0.0001,0
4306,0.0001,0
4307,0.0001,9
4308,0.0001,1
4309,0.0001,0
4310,0.0001,41
4311,0.0001,26
4312,0.0001,0
4313,0.0001,1
4314,0.0001,6
4315,0.0001,1
4316,0.0001,8
4317,0.0001,0
4318,0.0001,1
4319,0.0001,1
4320,0.0001,0
4321,0.0001,10
4322,0.0001,6
4323,0.0001,1
4324,0.0001,0
4325,0.0001,8
4326,0.0001,8
4327,0.0001,11
4328,0.0001,1
4329,0.0001,7
4330,0.0001,2
4331,0.0001,9
4332,0.0001,15
4333,0.0001,29
4334,0.0001,21
4335,0.0001,18
4336,0.0001,0
4337,0.0001,0
4338,0.0001,10
4339,0.0001,1
4340,0.0001,0
4341,0.0001,0
4342,0.0001,15
4343,0.0001,1
4344,0.0001,1
4345,0.0001,1
4346,0.0001,1
4347,0.0001,1
4348,0.0001,19
4349,0.0001,0
4350,0.0001,0
4351,0.0001,1
4352,0.0001,0
4353,0.0001,0
4354,0.0001,0
4355,0.0001,1
4356,0.0001,1
4357,0.0001,2
4358,0.0001,8
4359,0.0001,1
4360,0.0001,32
4361,0.0001,8
4362,0.0001,6
4363,0.0001,0
4364,0.0001,7
4365,0.0001,2
4366,0.0001,10
4367,0.0001,8
4368,0.0001,1
4369,0.0001,2
4370,0.0001,1
4371,0.0001,1
4372,0.0001,8
4373,0.0001,0
4374,0.0001,10
4375,0.0001,1
4376,0.0001,0
4377,0.0001,0
4378,0.0001,7
4379,0.0001,1
4380,0.0001,7
4381,0.0001,7
4382,0.0001,0
4383,0.0001,0
4384,0.0001,9
4385,0.0001,8
4386,0.0001,1
4387,0.0001,25
4388,0.0001,9
4389,0.0001,14
4390,0.0001,1
4391,0.0001,1
4392,0.0001,2
4393,0.0001,0
4394,0.0001,32
4395,0.0001,9
4396,0.0001,9
4397,0.0001,0
4398,0.0001,1
4399,0.0001,1
4400,0.0001,1
4401,0.0001,0
4402,0.0001,2
4403,0.0001,8
4404,0.0001,8
4405,0.0001,16
4406,0.0001,1
4407,0.0001,0
4408,0.0001,0
4409,0.0001,7
4410,0.0001,0
4411,0.0001,1
4412,0.0001,8
4413,0.0001,1
4414,0.0001,0
4415,0.0001,2
4416,0.0001,1
4417,0.0001,9
4418,0.0001,0
4419,0.0001,19
4420,0.0001,1
4421,0.0001,8
4422,0.0001,7
4423,0.0001,53
4424,0.0001,0
4425,0.0001,11
4426,0.0001,9
4427,0.0001,0
4428,0.0001,16
4429,0.0001,1
4430,0.0001,6
4431,0.0001,0
4432,0.0001,1
4433,0.0001,1
4434,0.0001,0
4435,0.0001,22
4436,0.0001,30
4437,0.0001,0
4438,0.0001,0
4439,0.0001,15
4440,0.0001,1
4441,0.0001,9
4442,0.0001,9
4443,0.0001,1
4444,0.0001,1
4445,0.0001,0
4446,0.0001,1
4447,0.0001,8
4448,0.0001,0
4449,0.0001,1
4450,0.0001,0
4451,0.0001,17
4452,0.0001,6
4453,0.0001,0
4454,0.0001,0
4455,0.0001,1
4456,0.0001,0
4457,0.0001,1
4458,0.0001,0
4459,0.0001,1
4460,0.0001,1
4461,0.0001,0
4462,0.0001,0
4463,0.0001,1
4464,0.0001,16
4465,0.0001,0
4466,0.0001,9
4467,0.0001,0
4468,0.0001,1
4469,0.0001,8
4470,0.0001,8
4471,0.0001,0
4472,0.0001,0
4473,0.0001,0
4474,0.0001,1
4475,0.0001,9
4476,0.0001,8
4477,0.0001,0
4478,0.0001,1
4479,0.0001,8
4480,0.0001,0
4481,0.0001,1
4482,0.0001,1
4483,0.0001,10
4484,0.0001,9
4485,0.0001,1
4486,0.0001,1
4487,0.0001,9
4488,0.0001,1
4489,0.0001,16
4490,0.0001,7
4491,0.0001,17
4492,0.0001,1
4493,0.0001,1
4494,0.0001,1
4495,0.0001,10
4496,0.0001,0
4497,0.0001,6
4498,0.0001,1
4499,0.0001,9
4500,0.0001,6
4501,0.0001,1
4502,0.0001,0
4503,0.0001,8
4504,0.0001,1
4505,0.0001,0
4506,0.0001,1
4507,0.0001,8
4508,0.0001,1
4509,0.0001,1
4510,0.0001,1
4511,0.0001,0
4512,0.0001,1
4513,0.0001,33
4514,0.0001,19
4515,0.0001,2
4516,0.0001,1
4517,0.0001,7
4518,0.0001,0
4519,0.0001,8
4520,0.0001,17
4521,0.0001,0
4522,0.0001,8
4523,0.0001,1
4524,0.0001,0
4525,0.0001,15
4526,0.0001,1
4527,0.0001,0
4528,0.0001,9
4529,0.0001,0
4530,0.0001,6
4531,0.0001,1
4532,0.0001,3
4533,0.0001,22
4534,0.0001,1
4535,0.0001,1
4536,0.0001,32
4537,0.0001,0
4538,0.0001,1
4539,0.0001,1
4540,0.0001,1
4541,0.0001,0
4542,0.0001,15
4543,0.0001,16
4544,0.0001,0
4545,0.0001,8
4546,0.0001,1
4547,0.0001,1
4548,0.0001,1
4549,0.0001,1
4550,0.0001,1
4551,0.0001,0
4552,0.0001,1
4553,0.0001,0
4554,0.0001,0
4555,0.0001,17
4556,0.0001,0
4557,0.0001,2
4558,0.0001,1
4559,0.0001,0
4560,0.0001,1
4561,0.0001,0
4562,0.0001,9
4563,0.0001,1
4564,0.0001,2
4565,0.0001,0
4566,0.0001,2
4567,0.0001,6
4568,0.0001,0
4569,0.0001,1
4570,0.0001,9
4571,0.0001,8
4572,0.0001,1
4573,0.0001,3
4574,0.0001,1
4575,0.0001,0
4576,0.0001,1
4577,0.0001,2
4578,0.0001,16
4579,0.0001,0
4580,0.0001,10
4581,0.0001,2
4582,0.0001,1
4583,0.0001,7
4584,0.0001,0
4585,0.0001,0
4586,0.0001,0
4587,0.0001,1
4588,0.0001,1
4589,0.0001,1
4590,0.0001,1
4591,0.0001,18
4592,0.0001,8
4593,0.0001,0
4594,0.0001,1
4595,0.0001,8
4596,0.0001,1
4597,0.0001,6
4598,0.0001,15
4599,0.0001,0
4600,0.0001,0
4601,0.0001,2
4602,0.0001,1
4603,0.0001,0
4604,0.0001,0
4605,0.0001,0
4606,0.0001,8
4607,0.0001,1
4608,0.0001,0
4609,0.0001,0
4610,0.0001,3
4611,0.0001,0
4612,0.0001,0
4613,0.0001,2
4614,0.0001,7
4615,0.0001,2
4616,0.0001,0
4617,0.0001,1
4618,0.0001,1
4619,0.0001,0
4620,0.0001,31
4621,0.0001,0
4622,0.0001,0
4623,0.0001,0
4624,0.0001,1
4625,0.0001,8
4626,0.0001,6
4627,0.0001,8
4628,0.0001,0
4629,0.0001,1
4630,0.0001,0
4631,0.0001,2
4632,0.0001,1
4633,0.0001,7
4634,0.0001,1
4635,0.0001,0
4636,0.0001,8
4637,0.0001,6
4638,0.0001,0
4639,0.0001,0
4640,0.0001,2
4641,0.0001,7
4642,0.0001,18
4643,0.0001,3
4644,0.0001,1
4645,0.0001,1
4646,0.0001,0
4647,0.0001,8
4648,0.0001,12
4649,0.0001,0
4650,0.0001,8
4651,0.0001,2
4652,0.0001,14
4653,0.0001,9
4654,0.0001,1
4655,0.0001,0
4656,0.0001,7
4657,0.0001,1
4658,0.0001,10
4659,0.0001,0
4660,0.0001,16
4661,0.0001,0
4662,0.0001,1
4663,0.0001,0
4664,0.0001,8
4665,0.0001,1
4666,0.0001,8
4667,0.0001,0
4668,0.0001,16
4669,0.0001,7
4670,0.0001,0
4671,0.0001,7
4672,0.0001,8
4673,0.0001,1
4674,0.0001,0
4675,0.0001,14
4676,0.0001,1
4677,0.0001,0
4678,0.0001,1
4679,0.0001,0
4680,0.0001,8
4681,0.0001,8
4682,0.0001,2
4683,0.0001,1
4684,0.0001,6
4685,0.0001,1
4686,0.0001,2
4687,0.0001,16
4688,0.0001,3
4689,0.0001,1
4690,0.0001,0
4691,0.0001,0
4692,0.0001,0
4693,0.0001,0
4694,0.0001,0
4695,0.0001,31
4696,0.0001,0
4697,0.0001,0
4698,0.0001,1
4699,0.0001,15
4700,0.0001,0
4701,0.0001,0
4702,0.0001,0
4703,0.0001,6
4704,0.0001,8
4705,0.0001,8
4706,0.0001,1
4707,0.0001,2
4708,0.0001,1
4709,0.0001,0
4710,0.0001,0
4711,0.0001,0
4712,0.0001,7
4713,0.0001,2
4714,0.0001,0
4715,0.0001,1
4716,0.0001,0
4717,0.0001,8
4718,0.0001,1
4719,0.0001,1
4720,0.0001,1
4721,0.0001,7
4722,0.0001,0
4723,0.0001,1
4724,0.0001,1
4725,0.0001,7
4726,0.0001,13
4727,0.0001,0
4728,0.0001,10
4729,0.0001,0
4730,0.0001,1
4731,0.0001,8
4732,0.0001,17
4733,0.0001,0
4734,0.0001,1
4735,0.0001,2
4736,0.0001,1
4737,0.0001,2
4738,0.0001,7
4739,0.0001,8
4740,0.0001,0
4741,0.0001,1
4742,0.0001,1
4743,0.0001,2
4744,0.0001,0
4745,0.0001,2
4746,0.0001,0
4747,0.0001,0
4748,0.0001,1
4749,0.0001,9
4750,0.0001,1
4751,0.0001,1
4752,0.0001,25
4753,0.0001,0
4754,0.0001,1
4755,0.0001,8
4756,0.0001,1
4757,0.0001,7
4758,0.0001,1
4759,0.0001,16
4760,0.0001,31
4761,0.0001,0
4762,0.0001,1
4763,0.0001,1
4764,0.0001,0
4765,0.0001,1
4766,0.0001,1
4767,0.0001,7
4768,0.0001,8
4769,0.0001,14
4770,0.0001,1
4771,0.0001,2
4772,0.0001,13
4773,0.0001,1
4774,0.0001,2
4775,0.0001,15
4776,0.0001,9
4777,0.0001,0
4778,0.0001,1
4779,0.0001,1
4780,0.0001,1
4781,0.0001,1
4782,0.0001,8
4783,0.0001,0
4784,0.0001,0
4785,0.0001,9
4786,0.0001,0
4787,0.0001,9
4788,0.0001,2
4789,0.0001,10
4790,0.0001,15
4791,0.0001,2
4792,0.0001,9
4793,0.0001,1
4794,0.0001,8
4795,0.0001,0
4796,0.0001,1
4797,0.0001,0
4798,0.0001,1
4799,0.0001,16
4800,0.0001,0
4801,0.0001,0
4802,0.0001,9
4803,0.0001,1
4804,0.0001,0
4805,0.0001,1
4806,0.0001,1
4807,0.0001,8
4808,0.0001,0
4809,0.0001,9
4810,0.0001,8
4811,0.0001,6
4812,0.0001,0
4813,0.0001,0
4814,0.0001,0
4815,0.0001,0
4816,0.0001,7
4817,0.0001,1
4818,0.0001,1
4819,0.0001,0
4820,0.0001,1
4821,0.0001,0
4822,0.0001,0
4823,0.0001,1
4824,0.0001,14
4825,0.0001,12
4826,0.0001,8
4827,0.0001,17
4828,0.0001,1
4829,0.0001,1
4830,0.0001,1
4831,0.0001,0
4832,0.0001,8
4833,0.0001,0
4834,0.0001,1
4835,0.0001,1
4836,0.0001,1
4837,0.0001,7
4838,0.0001,1
4839,0.0001,1
4840,0.0001,1
4841,0.0001,1
4842,0.0001,33
4843,0.0001,1
4844,0.0001,0
4845,0.0001,1
4846,0.0001,1
4847,0.0001,1
4848,0.0001,0
4849,0.0001,16
4850,0.0001,8
4851,0.0001,1
4852,0.0001,0
4853,0.0001,2
4854,0.0001,11
4855,0.0001,0
4856,0.0001,15
4857,0.0001,1
4858,0.0001,0
4859,0.0001,0
4860,0.0001,1
4861,0.0001,31
4862,0.0001,0
4863,0.0001,1
4864,0.0001,17
4865,0.0001,0
4866,0.0001,8
4867,0.0001,0
4868,0.0001,1
4869,0.0001,1
4870,0.0001,1
4871,0.0001,0
4872,0.0001,0
4873,0.0001,18
4874,0.0001,1
4875,0.0001,1
4876,0.0001,2
4877,0.0001,16
4878,0.0001,34
4879,0.0001,14
4880,0.0001,1
4881,0.0001,1
4882,0.0001,1
4883,0.0001,1
4884,0.0001,8
4885,0.0001,1
4886,0.0001,1
4887,0.0001,9
4888,0.0001,0
4889,0.0001,0
4890,0.0001,0
4891,0.0001,0
4892,0.0001,0
4893,0.0001,9
4894,0.0001,0
4895,0.0001,0
4896,0.0001,31
4897,0.0001,0
4898,0.0001,1
4899,0.0001,0
4900,0.0001,8
4901,0.0001,0
4902,0.0001,10
4903,0.0001,1
4904,0.0001,17
4905,0.0001,0
4906,0.0001,9
4907,0.0001,1
4908,0.0001,1
4909,0.0001,1
4910,0.0001,8
4911,0.0001,1
4912,0.0001,8
4913,0.0001,0
4914,0.0001,10
4915,0.0001,0
4916,0.0001,1
4917,0.0001,0
4918,0.0001,2
4919,0.0001,6
4920,0.0001,30
4921,0.0001,8
4922,0.0001,9
4923,0.0001,2
4924,0.0001,7
4925,0.0001,2
4926,0.0001,8
4927,0.0001,1
4928,0.0001,1
4929,0.0001,2
4930,0.0001,1
4931,0.0001,15
4932,0.0001,17
4933,0.0001,2
4934,0.0001,6
4935,0.0001,2
4936,0.0001,0
4937,0.0001,1
4938,0.0001,1
4939,0.0001,0
4940,0.0001,1
4941,0.0001,0
4942,0.0001,0
4943,0.0001,2
4944,0.0001,0
4945,0.0001,7
4946,0.0001,1
4947,0.0001,2
4948,0.0001,0
4949,0.0001,9
4950,0.0001,0
4951,0.0001,1
4952,0.0001,10
4953,0.0001,3
4954,0.0001,1
4955,0.0001,0
4956,0.0001,0
4957,0.0001,14
4958,0.0001,0
4959,0.0001,2
4960,0.0001,8
4961,0.0001,8
4962,0.0001,0
4963,0.0001,0
4964,0.0001,9
4965,0.0001,0
4966,0.0001,8
4967,0.0001,1
4968,0.0001,6
4969,0.0001,1
4970,0.0001,8
4971,0.0001,0
4972,0.0001,2
4973,0.0001,0
4974,0.0001,21
4975,0.0001,8
4976,0.0001,1
4977,0.0001,1
4978,0.0001,1
4979,0.0001,8
4980,0.0001,1
4981,0.0001,1
4982,0.0001,9
4983,0.0001,1
4984,0.0001,0
4985,0.0001,16
4986,0.0001,8
4987,0.0001,8
4988,0.0001,0
4989,0.0001,0
4990,0.0001,12
4991,0.0001,1
4992,0.0001,1
4993,0.0001,1
4994,0.0001,0
4995,0.0001,15
4996,0.0001,7
4997,0.0001,0
4998,0.0001,0
4999,0.0001,1
5000,0.0001,1
5001,0.0001,1
5002,0.0001,1
5003,0.0001,1
5004,0.0001,0
5005,0.0001,23
5006,0.0001,0
5007,0.0001,0
5008,0.0001,6
5009,0.0001,1
5010,0.0001,0
5011,0.0001,1
5012,0.0001,8
5013,0.0001,0
5014,0.0001,0
5015,0.0001,1
5016,0.0001,3
5017,0.0001,1
5018,0.0001,11
5019,0.0001,9
5020,0.0001,0
5021,0.0001,0
5022,0.0001,0
5023,0.0001,9
5024,0.0001,9
5025,0.0001,2
5026,0.0001,1
5027,0.0001,9
5028,0.0001,0
5029,0.0001,1
5030,0.0001,16
5031,0.0001,0
5032,0.0001,1
5033,0.0001,1
5034,0.0001,8
5035,0.0001,15
5036,0.0001,7
5037,0.0001,1
5038,0.0001,15
5039,0.0001,0
5040,0.0001,9
5041,0.0001,1
5042,0.0001,8
5043,0.0001,23
5044,0.0001,2
5045,0.0001,0
5046,0.0001,1
5047,0.0001,1
5048,0.0001,0
5049,0.0001,0
5050,0.0001,9
5051,0.0001,2
5052,0.0001,7
5053,0.0001,1
5054,0.0001,0
5055,0.0001,0
5056,0.0001,1
5057,0.0001,1
5058,0.0001,1
5059,0.0001,9
5060,0.0001,1
5061,0.0001,0
5062,0.0001,1
5063,0.0001,0
5064,0.0001,1
5065,0.0001,1
5066,0.0001,1
5067,0.0001,8
5068,0.0001,1
5069,0.0001,1
5070,0.0001,7
5071,0.0001,1
5072,0.0001,9
5073,0.0001,24
5074,0.0001,0
5075,0.0001,8
5076,0.0001,15
5077,0.0001,8
5078,0.0001,1
5079,0.0001,0
5080,0.0001,0
5081,0.0001,1
5082,0.0001,1
5083,0.0001,2
5084,0.0001,1
5085,0.0001,11
5086,0.0001,1
5087,0.0001,1
5088,0.0001,16
5089,0.0001,8
5090,0.0001,17
5091,0.0001,9
5092,0.0001,15
5093,0.0001,1
5094,0.0001,6
5095,0.0001,0
5096,0.0001,1
5097,0.0001,1
5098,0.0001,1
5099,0.0001,2
5100,0.0001,1
5101,0.0001,0
5102,0.0001,1
5103,0.0001,1
5104,0.0001,0
5105,0.0001,32
5106,0.0001,6
5107,0.0001,2
5108,0.0001,0
5109,0.0001,1
5110,0.0001,0
5111,0.0001,2
5112,0.0001,39
5113,0.0001,8
5114,0.0001,0
5115,0.0001,7
5116,0.0001,8
5117,0.0001,1
5118,0.0001,1
5119,0.0001,0
5120,0.0001,0
5121,0.0001,0
5122,0.0001,1
5123,0.0001,8
5124,0.0001,1
5125,0.0001,0
5126,0.0001,0
5127,0.0001,0
5128,0.0001,8
5129,0.0001,8
5130,0.0001,1
5131,0.0001,7
5132,0.0001,7
5133,0.0001,8
5134,0.0001,1
5135,0.0001,1
5136,0.0001,2
5137,0.0001,1
5138,0.0001,2
5139,0.0001,1
5140,0.0001,9
5141,0.0001,1
5142,0.0001,47
5143,0.0001,0
5144,0.0001,14
5145,0.0001,7
5146,0.0001,16
5147,0.0001,1
5148,0.0001,0
5149,0.0001,1
5150,0.0001,31
5151,0.0001,0
5152,0.0001,32
5153,0.0001,1
5154,0.0001,0
5155,0.0001,8
5156,0.0001,1
5157,0.0001,0
5158,0.0001,0
5159,0.0001,8
5160,0.0001,1
5161,0.0001,7
5162,0.0001,0
5163,0.0001,0
5164,0.0001,1
5165,0.0001,17
5166,0.0001,23
5167,0.0001,0
5168,0.0001,39
5169,0.0001,0
5170,0.0001,0
5171,0.0001,0
5172,0.0001,1
5173,0.0001,8
5174,0.0001,1
5175,0.0001,1
5176,0.0001,2
5177,0.0001,2
5178,0.0001,9
5179,0.0001,0
5180,0.0001,1
5181,0.0001,0
5182,0.0001,8
5183,0.0001,0
5184,0.0001,9
5185,0.0001,1
5186,0.0001,1
5187,0.0001,8
5188,0.0001,1
5189,0.0001,0
5190,0.0001,0
5191,0.0001,1
5192,0.0001,1
5193,0.0001,1
5194,0.0001,1
5195,0.0001,1
5196,0.0001,1
5197,0.0001,6
5198,0.0001,41
5199,0.0001,0
5200,0.0001,0
5201,0.0001,2
5202,0.0001,1
5203,0.0001,0
5204,0.0001,1
5205,0.0001,1
5206,0.0001,1
5207,0.0001,0
5208,0.0001,1
5209,0.0001,1
5210,0.0001,9
5211,0.0001,1
5212,0.0001,0
5213,0.0001,0
5214,0.0001,8
5215,0.0001,1
5216,0.0001,15
5217,0.0001,0
5218,0.0001,2
5219,0.0001,9
5220,0.0001,9
5221,0.0001,1
5222,0.0001,9
5223,0.0001,8
5224,0.0001,0
5225,0.0001,21
5226,0.0001,1
5227,0.0001,0
5228,0.0001,1
5229,0.0001,1
5230,0.0001,7
5231,0.0001,1
5232,0.0001,1
5233,0.0001,1
5234,0.0001,0
5235,0.0001,7
5236,0.0001,1
5237,0.0001,0
5238,0.0001,0
5239,0.0001,3
5240,0.0001,9
5241,0.0001,0
5242,0.0001,1
5243,0.0001,0
5244,0.0001,0
5245,0.0001,8
5246,0.0001,8
5247,0.0001,8
5248,0.0001,0
5249,0.0001,7
5250,0.0001,1
5251,0.0001,0
5252,0.0001,6
5253,0.0001,1
5254,0.0001,0
5255,0.0001,0
5256,0.0001,8
5257,0.0001,0
5258,0.0001,1
5259,0.0001,1
5260,0.0001,9
5261,0.0001,1
5262,0.0001,0
5263,0.0001,1
5264,0.0001,0
5265,0.0001,1
5266,0.0001,0
5267,0.0001,15
5268,0.0001,20
5269,0.0001,1
5270,0.0001,9
5271,0.0001,1
5272,0.0001,0
5273,0.0001,10
5274,0.0001,1
5275,0.0001,0
5276,0.0001,14
5277,0.0001,8
5278,0.0001,11
5279,0.0001,12
5280,0.0001,1
5281,0.0001,0
5282,0.0001,2
5283,0.0001,11
5284,0.0001,1
5285,0.0001,0
5286,0.0001,2
5287,0.0001,1
5288,0.0001,18
5289,0.0001,1
5290,0.0001,0
5291,0.0001,8
5292,0.0001,7
5293,0.0001,0
5294,0.0001,1
5295,0.0001,0
5296,0.0001,1
5297,0.0001,0
5298,0.0001,1
5299,0.0001,1
5300,0.0001,24
5301,0.0001,1
5302,0.0001,8
5303,0.0001,0
5304,0.0001,9
5305,0.0001,11
5306,0.0001,6
5307,0.0001,14
5308,0.0001,1
5309,0.0001,11
5310,0.0001,11
5311,0.0001,1
5312,0.0001,1
5313,0.0001,2
5314,0.0001,0
5315,0.0001,1
5316,0.0001,9
5317,0.0001,2
5318,0.0001,0
5319,0.0001,1
5320,0.0001,1
5321,0.0001,0
5322,0.0001,1
5323,0.0001,1
5324,0.0001,1
5325,0.0001,2
5326,0.0001,0
5327,0.0001,0
5328,0.0001,0
5329,0.0001,8
5330,0.0001,0
5331,0.0001,1
5332,0.0001,0
5333,0.0001,12
5334,0.0001,6
5335,0.0001,2
5336,0.0001,7
5337,0.0001,2
5338,0.0001,0
5339,0.0001,1
5340,0.0001,1
5341,0.0001,1
5342,0.0001,2
5343,0.0001,7
5344,0.0001,1
5345,0.0001,9
5346,0.0001,0
5347,0.0001,0
5348,0.0001,6
5349,0.0001,0
5350,0.0001,0
5351,0.0001,1
5352,0.0001,0
5353,0.0001,9
5354,0.0001,7
5355,0.0001,1
5356,0.0001,1
5357,0.0001,0
5358,0.0001,0
5359,0.0001,9
5360,0.0001,11
5361,0.0001,7
5362,0.0001,0
5363,0.0001,0
5364,0.0001,1
5365,0.0001,1
5366,0.0001,1
5367,0.0001,0
5368,0.0001,1
5369,0.0001,1
5370,0.0001,1
5371,0.0001,7
5372,0.0001,1
5373,0.0001,0
5374,0.0001,0
5375,0.0001,0
5376,0.0001,1
5377,0.0001,23
5378,0.0001,0
5379,0.0001,0
5380,0.0001,0
5381,0.0001,1
5382,0.0001,0
5383,0.0001,2
5384,0.0001,0
5385,0.0001,7
5386,0.0001,0
5387,0.0001,14
5388,0.0001,0
5389,0.0001,16
5390,0.0001,0
5391,0.0001,1
5392,0.0001,16
5393,0.0001,2
5394,0.0001,1
5395,0.0001,0
5396,0.0001,9
5397,0.0001,0
5398,0.0001,1
5399,0.0001,1
5400,0.0001,9
5401,0.0001,0
5402,0.0001,25
5403,0.0001,7
5404,0.0001,1
5405,0.0001,1
5406,0.0001,1
5407,0.0001,10
5408,0.0001,1
5409,0.0001,8
5410,0.0001,0
5411,0.0001,0
5412,0.0001,1
5413,0.0001,1
5414,0.0001,8
5415,0.0001,2
5416,0.0001,0
5417,0.0001,1
5418,0.0001,1
5419,0.0001,8
5420,0.0001,1
5421,0.0001,0
5422,0.0001,1
5423,0.0001,1
5424,0.0001,1
5425,0.0001,0
5426,0.0001,0
5427,0.0001,0
5428,0.0001,0
5429,0.0001,0
5430,0.0001,1
5431,0.0001,1
5432,0.0001,1
5433,0.0001,0
5434,0.0001,0
5435,0.0001,1
5436,0.0001,15
5437,0.0001,1
5438,0.0001,7
5439,0.0001,16
5440,0.0001,16
5441,0.0001,1
5442,0.0001,1
5443,0.0001,8
5444,0.0001,7
5445,0.0001,0
5446,0.0001,1
5447,0.0001,0
5448,0.0001,2
5449,0.0001,8
5450,0.0001,0
5451,0.0001,2
5452,0.0001,1
5453,0.0001,1
5454,0.0001,1
5455,0.0001,1
5456,0.0001,35
5457,0.0001,14
5458,0.0001,1
5459,0.0001,2
5460,0.0001,1
5461,0.0001,0
5462,0.0001,1
5463,0.0001,1
5464,0.0001,2
5465,0.0001,0
5466,0.0001,0
5467,0.0001,0
5468,0.0001,1
5469,0.0001,1
5470,0.0001,0
5471,0.0001,37
5472,0.0001,8
5473,0.0001,0
5474,0.0001,12
5475,0.0001,7
5476,0.0001,1
5477,0.0001,1
5478,0.0001,8
5479,0.0001,1
5480,0.0001,1
5481,0.0001,7
5482,0.0001,0
5483,0.0001,3
5484,0.0001,1
5485,0.0001,0
5486,0.0001,6
5487,0.0001,14
5488,0.0001,0
5489,0.0001,0
5490,0.0001,1
5491,0.0001,1
5492,0.0001,9
5493,0.0001,7
5494,0.0001,1
5495,0.0001,0
5496,0.0001,1
5497,0.0001,0
5498,0.0001,0
5499,0.0001,0
5500,0.0001,16
5501,0.0001,15
5502,0.0001,7
5503,0.0001,0
5504,0.0001,1
5505,0.0001,1
5506,0.0001,1
5507,0.0001,1
5508,0.0001,1
5509,0.0001,16
5510,0.0001,1
5511,0.0001,1
5512,0.0001,0
5513,0.0001,1
5514,0.0001,2
5515,0.0001,1
5516,0.0001,8
5517,0.0001,0
5518,0.0001,2
5519,0.0001,2
5520,0.0001,9
5521,0.0001,8
5522,0.0001,0
5523,0.0001,2
5524,0.0001,0
5525,0.0001,8
5526,0.0001,0
5527,0.0001,1
5528,0.0001,1
5529,0.0001,1
5530,0.0001,1
5531,0.0001,1
5532,0.0001,0
5533,0.0001,1
5534,0.0001,9
5535,0.0001,1
5536,0.0001,1
5537,0.0001,1
5538,0.0001,0
5539,0.0001,1
5540,0.0001,0
5541,0.0001,1
5542,0.0001,0
5543,0.0001,0
5544,0.0001,0
5545,0.0001,16
5546,0.0001,1
5547,0.0001,2
5548,0.0001,0
5549,0.0001,8
5550,0.0001,1
5551,0.0001,0
5552,0.0001,1
5553,0.0001,0
5554,0.0001,2
5555,0.0001,0
5556,0.0001,0
5557,0.0001,2
5558,0.0001,1
5559,0.0001,9
5560,0.0001,8
5561,0.0001,1
5562,0.0001,1
5563,0.0001,0
5564,0.0001,1
5565,0.0001,0
5566,0.0001,1
5567,0.0001,1
5568,0.0001,15
5569,0.0001,2
5570,0.0001,17
5571,0.0001,10
5572,0.0001,6
5573,0.0001,8
5574,0.0001,1
5575,0.0001,1
5576,0.0001,0
5577,0.0001,2
5578,0.0001,0
5579,0.0001,24
5580,0.0001,1
5581,0.0001,2
5582,0.0001,1
5583,0.0001,0
5584,0.0001,1
5585,0.0001,2
5586,0.0001,0
5587,0.0001,2
5588,0.0001,2
5589,0.0001,1
5590,0.0001,1
5591,0.0001,10
5592,0.0001,9
5593,0.0001,24
5594,0.0001,7
5595,0.0001,0
5596,0.0001,0
5597,0.0001,1
5598,0.0001,0
5599,0.0001,0
5600,0.0001,1
5601,0.0001,9
5602,0.0001,0
5603,0.0001,1
5604,0.0001,0
5605,0.0001,10
5606,0.0001,1
5607,0.0001,9
5608,0.0001,25
5609,0.0001,1
5610,0.0001,1
5611,0.0001,9
5612,0.0001,0
5613,0.0001,1
5614,0.0001,1
5615,0.0001,1
5616,0.0001,1
5617,0.0001,0
5618,0.0001,1
5619,0.0001,0
5620,0.0001,2
5621,0.0001,0
5622,0.0001,1
5623,0.0001,0
5624,0.0001,2
5625,0.0001,1
5626,0.0001,7
5627,0.0001,11
5628,0.0001,1
5629,0.0001,1
5630,0.0001,1
5631,0.0001,32
5632,0.0001,0
5633,0.0001,0
5634,0.0001,10
5635,0.0001,0
5636,0.0001,9
5637,0.0001,0
5638,0.0001,6
5639,0.0001,24
5640,0.0001,8
5641,0.0001,14
5642,0.0001,1
5643,0.0001,8
5644,0.0001,1
5645,0.0001,1
5646,0.0001,16
5647,0.0001,8
5648,0.0001,1
5649,0.0001,1
5650,0.0001,1
5651,0.0001,10
5652,0.0001,1
5653,0.0001,9
5654,0.0001,7
5655,0.0001,1
5656,0.0001,1
5657,0.0001,1
5658,0.0001,0
5659,0.0001,1
5660,0.0001,15
5661,0.0001,1
5662,0.0001,1
5663,0.0001,0
5664,0.0001,0
5665,0.0001,8
5666,0.0001,47
5667,0.0001,0
5668,0.0001,0
5669,0.0001,8
5670,0.0001,0
5671,0.0001,0
5672,0.0001,9
5673,0.0001,2
5674,0.0001,23
5675,0.0001,6
5676,0.0001,0
5677,0.0001,1
5678,0.0001,1
5679,0.0001,8
5680,0.0001,7
5681,0.0001,1
5682,0.0001,1
5683,0.0001,0
5684,0.0001,1
5685,0.0001,0
5686,0.0001,1
5687,0.0001,7
5688,0.0001,9
5689,0.0001,17
5690,0.0001,8
5691,0.0001,1
5692,0.0001,20
5693,0.0001,8
5694,0.0001,0
5695,0.0001,16
5696,0.0001,1
5697,0.0001,1
5698,0.0001,6
5699,0.0001,0
5700,0.0001,15
5701,0.0001,1
5702,0.0001,20
5703,0.0001,0
5704,0.0001,1
5705,0.0001,1
5706,0.0001,0
5707,0.0001,0
5708,0.0001,0
5709,0.0001,8
5710,0.0001,1
5711,0.0001,1
5712,0.0001,24
5713,0.0001,11
5714,0.0001,1
5715,0.0001,0
5716,0.0001,14
5717,0.0001,1
5718,0.0001,3
5719,0.0001,7
5720,0.0001,1
5721,0.0001,16
5722,0.0001,8
5723,0.0001,1
5724,0.0001,2
5725,0.0001,8
5726,0.0001,17
5727,0.0001,7
5728,0.0001,22
5729,0.0001,7
5730,0.0001,0
5731,0.0001,20
5732,0.0001,1
5733,0.0001,1
5734,0.0001,1
5735,0.0001,0
5736,0.0001,0
5737,0.0001,0
5738,0.0001,0
5739,0.0001,3
5740,0.0001,0
5741,0.0001,8
5742,0.0001,0
5743,0.0001,1
5744,0.0001,1
5745,0.0001,0
5746,0.0001,3
5747,0.0001,1
5748,0.0001,17
5749,0.0001,1
5750,0.0001,8
5751,0.0001,7
5752,0.0001,7
5753,0.0001,1
5754,0.0001,16
5755,0.0001,1
5756,0.0001,3
5757,0.0001,1
5758,0.0001,7
5759,0.0001,1
5760,0.0001,8
5761,0.0001,1
5762,0.0001,0
5763,0.0001,1
5764,0.0001,1
5765,0.0001,2
5766,0.0001,8
5767,0.0001,10
5768,0.0001,0
5769,0.0001,2
5770,0.0001,0
5771,0.0001,0
5772,0.0001,0
5773,0.0001,0
5774,0.0001,8
5775,0.0001,1
5776,0.0001,8
5777,0.0001,8
5778,0.0001,1
5779,0.0001,2
5780,0.0001,0
5781,0.0001,24
5782,0.0001,1
5783,0.0001,0
5784,0.0001,14
5785,0.0001,1
5786,0.0001,3
5787,0.0001,24
5788,0.0001,11
5789,0.0001,2
5790,0.0001,0
5791,0.0001,1
5792,0.0001,1
5793,0.0001,1
5794,0.0001,1
5795,0.0001,1
5796,0.0001,0
5797,0.0001,1
5798,0.0001,8
5799,0.0001,6
5800,0.0001,1
5801,0.0001,1
5802,0.0001,1
5803,0.0001,0
5804,0.0001,17
5805,0.0001,9
5806,0.0001,17
5807,0.0001,8
5808,0.0001,1
5809,0.0001,7
5810,0.0001,0
5811,0.0001,0
5812,0.0001,1
5813,0.0001,8
5814,0.0001,1
5815,0.0001,2
5816,0.0001,37
5817,0.0001,15
5818,0.0001,7
5819,0.0001,1
5820,0.0001,17
5821,0.0001,2
5822,0.0001,8
5823,0.0001,0
5824,0.0001,8
5825,0.0001,1
5826,0.0001,0
5827,0.0001,9
5828,0.0001,1
5829,0.0001,1
5830,0.0001,1
5831,0.0001,0
5832,0.0001,18
5833,0.0001,0
5834,0.0001,0
5835,0.0001,0
5836,0.0001,1
5837,0.0001,2
5838,0.0001,11
5839,0.0001,1
5840,0.0001,31
5841,0.0001,1
5842,0.0001,23
5843,0.0001,22
5844,0.0001,1
5845,0.0001,8
5846,0.0001,2
5847,0.0001,1
5848,0.0001,1
5849,0.0001,14
5850,0.0001,2
5851,0.0001,9
5852,0.0001,2
5853,0.0001,0
5854,0.0001,1
5855,0.0001,1
5856,0.0001,1
5857,0.0001,1
5858,0.0001,10
5859,0.0001,16
5860,0.0001,8
5861,0.0001,0
5862,0.0001,1
5863,0.0001,1
5864,0.0001,2
5865,0.0001,8
5866,0.0001,1
5867,0.0001,1
5868,0.0001,9
5869,0.0001,1
5870,0.0001,7
5871,0.0001,0
5872,0.0001,6
5873,0.0001,7
5874,0.0001,0
5875,0.0001,0
5876,0.0001,23
5877,0.0001,23
5878,0.0001,1
5879,0.0001,1
5880,0.0001,0
5881,0.0001,11
5882,0.0001,0
5883,0.0001,8
5884,0.0001,0
5885,0.0001,1
5886,0.0001,1
5887,0.0001,2
5888,0.0001,0
5889,0.0001,2
5890,0.0001,0
5891,0.0001,0
5892,0.0001,41
5893,0.0001,1
5894,0.0001,0
5895,0.0001,6
5896,0.0001,0
5897,0.0001,0
5898,0.0001,0
5899,0.0001,0
5900,0.0001,1
5901,0.0001,1
5902,0.0001,6
5903,0.0001,0
5904,0.0001,1
5905,0.0001,1
5906,0.0001,1
5907,0.0001,0
5908,0.0001,8
5909,0.0001,9
5910,0.0001,0
5911,0.0001,32
5912,0.0001,0
5913,0.0001,8
5914,0.0001,1
5915,0.0001,8
5916,0.0001,0
5917,0.0001,14
5918,0.0001,1
5919,0.0001,9
5920,0.0001,2
5921,0.0001,0
5922,0.0001,0
5923,0.0001,1
5924,0.0001,16
5925,0.0001,0
5926,0.0001,1
5927,0.0001,1
5928,0.0001,8
5929,0.0001,2
5930,0.0001,1
5931,0.0001,0
5932,0.0001,1
5933,0.0001,17
5934,0.0001,2
5935,0.0001,1
5936,0.0001,1
5937,0.0001,0
5938,0.0001,0
5939,0.0001,1
5940,0.0001,6
5941,0.0001,1
5942,0.0001,0
5943,0.0001,1
5944,0.0001,1
5945,0.0001,1
5946,0.0001,16
5947,0.0001,0
5948,0.0001,0
5949,0.0001,2
5950,0.0001,17
5951,0.0001,1
5952,0.0001,8
5953,0.0001,0
5954,0.0001,2
5955,0.0001,7
5956,0.0001,9
5957,0.0001,1
5958,0.0001,2
5959,0.0001,0
5960,0.0001,17
5961,0.0001,0
5962,0.0001,22
5963,0.0001,2
5964,0.0001,1
5965,0.0001,1
5966,0.0001,0
5967,0.0001,7
5968,0.0001,1
5969,0.0001,1
5970,0.0001,17
5971,0.0001,1
5972,0.0001,0
5973,0.0001,9
5974,0.0001,0
5975,0.0001,1
5976,0.0001,0
5977,0.0001,50
5978,0.0001,8
5979,0.0001,1
5980,0.0001,0
5981,0.0001,6
5982,0.0001,10
5983,0.0001,0
5984,0.0001,7
5985,0.0001,16
5986,0.0001,1
5987,0.0001,1
5988,0.0001,15
5989,0.0001,1
5990,0.0001,1
5991,0.0001,0
5992,0.0001,0
5993,0.0001,7
5994,0.0001,0
5995,0.0001,0
5996,0.0001,14
5997,0.0001,1
5998,0.0001,8
5999,0.0001,1
6000,0.0001,1
6001,0.0001,0
6002,0.0001,2
6003,0.0001,1
6004,0.0001,0
6005,0.0001,7
6006,0.0001,0
6007,0.0001,1
6008,0.0001,14
6009,0.0001,0
6010,0.0001,1
6011,0.0001,0
6012,0.0001,0
6013,0.0001,8
6014,0.0001,1
6015,0.0001,1
6016,0.0001,1
6017,0.0001,0
6018,0.0001,0
6019,0.0001,0
6020,0.0001,1
6021,0.0001,0
6022,0.0001,9
6023,0.0001,8
6024,0.0001,0
6025,0.0001,2
6026,0.0001,8
6027,0.0001,8
6028,0.0001,0
6029,0.0001,0
6030,0.0001,1
6031,0.0001,0
6032,0.0001,8
6033,0.0001,6
6034,0.0001,42
6035,0.0001,0
6036,0.0001,24
6037,0.0001,8
6038,0.0001,1
6039,0.0001,0
6040,0.0001,10
6041,0.0001,2
6042,0.0001,9
6043,0.0001,8
6044,0.0001,2
6045,0.0001,11
6046,0.0001,8
6047,0.0001,0
6048,0.0001,7
6049,0.0001,0
6050,0.0001,1
6051,0.0001,1
6052,0.0001,0
6053,0.0001,0
6054,0.0001,8
6055,0.0001,1
6056,0.0001,1
6057,0.0001,8
6058,0.0001,8
6059,0.0001,2
6060,0.0001,1
6061,0.0001,41
6062,0.0001,22
6063,0.0001,11
6064,0.0001,8
6065,0.0001,1
6066,0.0001,1
6067,0.0001,22
6068,0.0001,1
6069,0.0001,1
6070,0.0001,9
6071,0.0001,0
6072,0.0001,0
6073,0.0001,0
6074,0.0001,1
6075,0.0001,0
6076,0.0001,1
6077,0.0001,14
6078,0.0001,1
6079,0.0001,0
6080,0.0001,1
6081,0.0001,0
6082,0.0001,7
6083,0.0001,1
6084,0.0001,0
6085,0.0001,23
6086,0.0001,0
6087,0.0001,8
6088,0.0001,8
6089,0.0001,1
6090,0.0001,0
6091,0.0001,0
6092,0.0001,0
6093,0.0001,0
6094,0.0001,9
6095,0.0001,0
6096,0.0001,2
6097,0.0001,0
6098,0.0001,1
6099,0.0001,1
6100,0.0001,1
6101,0.0001,8
6102,0.0001,1
6103,0.0001,0
6104,0.0001,1
6105,0.0001,2
6106,0.0001,0
6107,0.0001,7
6108,0.0001,8
6109,0.0001,25
6110,0.0001,0
6111,0.0001,1
6112,0.0001,8
6113,0.0001,8
6114,0.0001,15
6115,0.0001,1
6116,0.0001,1
6117,0.0001,8
6118,0.0001,2
6119,0.0001,0
6120,0.0001,6
6121,0.0001,0
6122,0.0001,7
6123,0.0001,2
6124,0.0001,1
6125,0.0001,23
6126,0.0001,0
6127,0.0001,16
6128,0.0001,7
6129,0.0001,0
6130,0.0001,8
6131,0.0001,8
6132,0.0001,0
6133,0.0001,11
6134,0.0001,0
6135,0.0001,1
6136,0.0001,1
6137,0.0001,1
6138,0.0001,7
6139,0.0001,9
6140,0.0001,1
6141,0.0001,0
6142,0.0001,1
6143,0.0001,0
6144,0.0001,1
6145,0.0001,1
6146,0.0001,0
6147,0.0001,15
6148,0.0001,23
6149,0.0001,0
6150,0.0001,0
6151,0.0001,1
6152,0.0001,0
6153,0.0001,0
6154,0.0001,15
6155,0.0001,1
6156,0.0001,0
6157,0.0001,0
6158,0.0001,1
6159,0.0001,8
6160,0.0001,25
6161,0.0001,8
6162,0.0001,1
6163,0.0001,1
6164,0.0001,0
6165,0.0001,2
6166,0.0001,9
6167,0.0001,2
6168,0.0001,8
6169,0.0001,2
6170,0.0001,1
6171,0.0001,1
6172,0.0001,1
6173,0.0001,0
6174,0.0001,1
6175,0.0001,1
6176,0.0001,1
6177,0.0001,1
6178,0.0001,1
6179,0.0001,12
6180,0.0001,17
6181,0.0001,0
6182,0.0001,0
6183,0.0001,0
6184,0.0001,7
6185,0.0001,0
6186,0.0001,8
6187,0.0001,1
6188,0.0001,1
6189,0.0001,1
6190,0.0001,1
6191,0.0001,1
6192,0.0001,1
6193,0.0001,9
6194,0.0001,10
6195,0.0001,0
6196,0.0001,8
6197,0.0001,0
6198,0.0001,1
6199,0.0001,0
6200,0.0001,1
6201,0.0001,2
6202,0.0001,1
6203,0.0001,1
6204,0.0001,9
6205,0.0001,1
6206,0.0001,0
6207,0.0001,1
6208,0.0001,1
6209,0.0001,0
6210,0.0001,0
6211,0.0001,0
6212,0.0001,1
6213,0.0001,0
6214,0.0001,1
6215,0.0001,6
6216,0.0001,0
6217,0.0001,9
6218,0.0001,0
6219,0.0001,9
6220,0.0001,1
6221,0.0001,0
6222,0.0001,1
6223,0.0001,8
6224,0.0001,1
6225,0.0001,8
6226,0.0001,8
6227,0.0001,7
6228,0.0001,2
6229,0.0001,0
6230,0.0001,15
6231,0.0001,9
6232,0.0001,23
6233,0.0001,15
6234,0.0001,11
6235,0.0001,9
6236,0.0001,0
6237,0.0001,1
6238,0.0001,6
6239,0.0001,0
6240,0.0001,9
6241,0.0001,1
6242,0.0001,1
6243,0.0001,1
6244,0.0001,1
6245,0.0001,1
6246,0.0001,0
6247,0.0001,21
6248,0.0001,0
6249,0.0001,1
6250,0.0001,8
6251,0.0001,17
6252,0.0001,12
6253,0.0001,16
6254,0.0001,1
6255,0.0001,11
6256,0.0001,1
6257,0.0001,1
6258,0.0001,1
6259,0.0001,6
6260,0.0001,1
6261,0.0001,9
6262,0.0001,0
6263,0.0001,0
6264,0.0001,8
6265,0.0001,1
6266,0.0001,1
6267,0.0001,1
6268,0.0001,16
6269,0.0001,0
6270,0.0001,1
6271,0.0001,1
6272,0.0001,1
6273,0.0001,7
6274,0.0001,2
6275,0.0001,1
6276,0.0001,2
6277,0.0001,1
6278,0.0001,1
6279,0.0001,2
6280,0.0001,8
6281,0.0001,9
6282,0.0001,1
6283,0.0001,2
6284,0.0001,6
6285,0.0001,0
6286,0.0001,0
6287,0.0001,1
6288,0.0001,7
6289,0.0001,1
6290,0.0001,0
6291,0.0001,1
6292,0.0001,1
6293,0.0001,0
6294,0.0001,0
6295,0.0001,0
6296,0.0001,1
6297,0.0001,8
6298,0.0001,1
6299,0.0001,2
6300,0.0001,1
6301,0.0001,2
6302,0.0001,2
6303,0.0001,0
6304,0.0001,1
6305,0.0001,1
6306,0.0001,8
6307,0.0001,16
6308,0.0001,1
6309,0.0001,1
6310,0.0001,9
6311,0.0001,0
6312,0.0001,2
6313,0.0001,1
6314,0.0001,2
6315,0.0001,15
6316,0.0001,1
6317,0.0001,0
6318,0.0001,22
6319,0.0001,8
6320,0.0001,1
6321,0.0001,0
6322,0.0001,0
6323,0.0001,0
6324,0.0001,0
6325,0.0001,1
6326,0.0001,0
6327,0.0001,0
6328,0.0001,1
6329,0.0001,6
6330,0.0001,0
6331,0.0001,8
6332,0.0001,18
6333,0.0001,0
6334,0.0001,0
6335,0.0001,2
6336,0.0001,1
6337,0.0001,1
6338,0.0001,27
6339,0.0001,1
6340,0.0001,0
6341,0.0001,2
6342,0.0001,1
6343,0.0001,0
6344,0.0001,0
6345,0.0001,2
6346,0.0001,1
6347,0.0001,1
6348,0.0001,1
6349,0.0001,0
6350,0.0001,0
6351,0.0001,1
6352,0.0001,0
6353,0.0001,0
6354,0.0001,1
6355,0.0001,16
6356,0.0001,0
6357,0.0001,9
6358,0.0001,1
6359,0.0001,8
6360,0.0001,1
6361,0.0001,0
6362,0.0001,0
6363,0.0001,1
6364,0.0001,12
6365,0.0001,1
6366,0.0001,8
6367,0.0001,0
6368,0.0001,1
6369,0.0001,1
6370,0.0001,0
6371,0.0001,1
6372,0.0001,1
6373,0.0001,0
6374,0.0001,0
6375,0.0001,1
6376,0.0001,1
6377,0.0001,1
6378,0.0001,15
6379,0.0001,2
6380,0.0001,8
6381,0.0001,0
6382,0.0001,0
6383,0.0001,2
6384,0.0001,0
6385,0.0001,1
6386,0.0001,1
6387,0.0001,2
6388,0.0001,18
6389,0.0001,0
6390,0.0001,1
6391,0.0001,16
6392,0.0001,0
6393,0.0001,1
6394,0.0001,6
6395,0.0001,1
6396,0.0001,7
6397,0.0001,12
6398,0.0001,8
6399,0.0001,14
6400,0.0001,2
6401,0.0001,1
6402,0.0001,1
6403,0.0001,39
6404,0.0001,0
6405,0.0001,0
6406,0.0001,17
6407,0.0001,0
6408,0.0001,34
6409,0.0001,1
6410,0.0001,0
6411,0.0001,1
6412,0.0001,0
6413,0.0001,10
6414,0.0001,0
6415,0.0001,1
6416,0.0001,23
6417,0.0001,1
6418,0.0001,1
6419,0.0001,0
6420,0.0001,8
6421,0.0001,0
6422,0.0001,1
6423,0.0001,46
6424,0.0001,1
6425,0.0001,2
6426,0.0001,0
6427,0.0001,0
6428,0.0001,2
6429,0.0001,2
6430,0.0001,0
6431,0.0001,0
6432,0.0001,7
6433,0.0001,0
6434,0.0001,8
6435,0.0001,0
6436,0.0001,9
6437,0.0001,7
6438,0.0001,1
6439,0.0001,10
6440,0.0001,1
6441,0.0001,0
6442,0.0001,0
6443,0.0001,8
6444,0.0001,1
6445,0.0001,0
6446,0.0001,1
6447,0.0001,0
6448,0.0001,1
6449,0.0001,1
6450,0.0001,31
6451,0.0001,1
6452,0.0001,0
6453,0.0001,0
6454,0.0001,0
6455,0.0001,1
6456,0.0001,0
6457,0.0001,6
6458,0.0001,7
6459,0.0001,7
6460,0.0001,15
6461,0.0001,1
6462,0.0001,19
6463,0.0001,0
6464,0.0001,1
6465,0.0001,0
6466,0.0001,2
6467,0.0001,0
6468,0.0001,8
6469,0.0001,10
6470,0.0001,1
6471,0.0001,10
6472,0.0001,1
6473,0.0001,1
6474,0.0001,21
6475,0.0001,9
6476,0.0001,1
6477,0.0001,1
6478,0.0001,0
6479,0.0001,0
6480,0.0001,8
6481,0.0001,21
6482,0.0001,8
6483,0.0001,0
6484,0.0001,9
6485,0.0001,1
6486,0.0001,0
6487,0.0001,10
6488,0.0001,13
6489,0.0001,0
6490,0.0001,0
6491,0.0001,1
6492,0.0001,2
6493,0.0001,9
6494,0.0001,0
6495,0.0001,6
6496,0.0001,1
6497,0.0001,30
6498,0.0001,9
6499,0.0001,0
6500,0.0001,0
6501,0.0001,9
6502,0.0001,1
6503,0.0001,7
6504,0.0001,1
6505,0.0001,0
6506,0.0001,1
6507,0.0001,9
6508,0.0001,10
6509,0.0001,10
6510,0.0001,1
6511,0.0001,0
6512,0.0001,0
6513,0.0001,1
6514,0.0001,10
6515,0.0001,1
6516,0.0001,0
6517,0.0001,0
6518,0.0001,9
6519,0.0001,1
6520,0.0001,2
6521,0.0001,8
6522,0.0001,7
6523,0.0001,1
6524,0.0001,1
6525,0.0001,3
6526,0.0001,0
6527,0.0001,1
6528,0.0001,0
6529,0.0001,7
6530,0.0001,1
6531,0.0001,2
6532,0.0001,9
6533,0.0001,1
6534,0.0001,8
6535,0.0001,2
6536,0.0001,1
6537,0.0001,16
6538,0.0001,0
6539,0.0001,1
6540,0.0001,1
6541,0.0001,1
6542,0.0001,2
6543,0.0001,0
6544,0.0001,8
6545,0.0001,1
6546,0.0001,8
6547,0.0001,9
6548,0.0001,0
6549,0.0001,0
6550,0.0001,9
6551,0.0001,34
6552,0.0001,8
6553,0.0001,1
6554,0.0001,0
6555,0.0001,1
6556,0.0001,9
6557,0.0001,2
6558,0.0001,0
6559,0.0001,8
6560,0.0001,1
6561,0.0001,1
6562,0.0001,8
6563,0.0001,1
6564,0.0001,0
6565,0.0001,1
6566,0.0001,0
6567,0.0001,0
6568,0.0001,0
6569,0.0001,0
6570,0.0001,7
6571,0.0001,1
6572,0.0001,0
6573,0.0001,13
6574,0.0001,1
6575,0.0001,0
6576,0.0001,2
6577,0.0001,1
6578,0.0001,1
6579,0.0001,16
6580,0.0001,0
6581,0.0001,0
6582,0.0001,1
6583,0.0001,1
6584,0.0001,9
6585,0.0001,8
6586,0.0001,1
6587,0.0001,1
6588,0.0001,1
6589,0.0001,15
6590,0.0001,1
6591,0.0001,0
6592,0.0001,7
6593,0.0001,1
6594,0.0001,9
6595,0.0001,10
6596,0.0001,0
6597,0.0001,9
6598,0.0001,7
6599,0.0001,1
6600,0.0001,0
6601,0.0001,9
6602,0.0001,11
6603,0.0001,0
6604,0.0001,17
6605,0.0001,1
6606,0.0001,0
6607,0.0001,0
6608,0.0001,0
6609,0.0001,1
6610,0.0001,1
6611,0.0001,0
6612,0.0001,1
6613,0.0001,15
6614,0.0001,1
6615,0.0001,16
6616,0.0001,1
6617,0.0001,0
6618,0.0001,1
6619,0.0001,11
6620,0.0001,1
6621,0.0001,0
6622,0.0001,1
6623,0.0001,8
6624,0.0001,6
6625,0.0001,1
6626,0.0001,0
6627,0.0001,1
6628,0.0001,1
6629,0.0001,1
6630,0.0001,28
6631,0.0001,8
6632,0.0001,6
6633,0.0001,16
6634,0.0001,2
6635,0.0001,8
6636,0.0001,8
6637,0.0001,34
6638,0.0001,0
6639,0.0001,1
6640,0.0001,0
6641,0.0001,24
6642,0.0001,0
6643,0.0001,2
6644,0.0001,8
6645,0.0001,2
6646,0.0001,1
6647,0.0001,1
6648,0.0001,1
6649,0.0001,6
6650,0.0001,0
6651,0.0001,8
6652,0.0001,10
6653,0.0001,1
6654,0.0001,1
6655,0.0001,0
6656,0.0001,7
6657,0.0001,1
6658,0.0001,0
6659,0.0001,1
6660,0.0001,16
6661,0.0001,7
6662,0.0001,1
6663,0.0001,8
6664,0.0001,1
6665,0.0001,15
6666,0.0001,1
6667,0.0001,0
6668,0.0001,1
6669,0.0001,1
6670,0.0001,6
6671,0.0001,0
6672,0.0001,7
6673,0.0001,6
6674,0.0001,1
6675,0.0001,1
6676,0.0001,9
6677,0.0001,1
6678,0.0001,2
6679,0.0001,6
6680,0.0001,0
6681,0.0001,1
6682,0.0001,1
6683,0.0001,9
6684,0.0001,1
6685,0.0001,8
6686,0.0001,0
6687,0.0001,0
6688,0.0001,0
6689,0.0001,2
6690,0.0001,0
6691,0.0001,0
6692,0.0001,16
6693,0.0001,2
6694,0.0001,0
6695,0.0001,0
6696,0.0001,16
6697,0.0001,0
6698,0.0001,1
6699,0.0001,0
6700,0.0001,1
6701,0.0001,0
6702,0.0001,1
6703,0.0001,1
6704,0.0001,1
6705,0.0001,0
6706,0.0001,44
6707,0.0001,0
6708,0.0001,8
6709,0.0001,1
6710,0.0001,15
6711,0.0001,0
6712,0.0001,22
6713,0.0001,0
6714,0.0001,1
6715,0.0001,7
6716,0.0001,30
6717,0.0001,8
6718,0.0001,1
6719,0.0001,0
6720,0.0001,1
6721,0.0001,0
6722,0.0001,8
6723,0.0001,9
6724,0.0001,8
6725,0.0001,9
6726,0.0001,0
6727,0.0001,1
6728,0.0001,1
6729,0.0001,15
6730,0.0001,6
6731,0.0001,8
6732,0.0001,0
6733,0.0001,9
6734,0.0001,1
6735,0.0001,9
6736,0.0001,0
6737,0.0001,7
6738,0.0001,1
6739,0.0001,23
6740,0.0001,14
6741,0.0001,2
6742,0.0001,39
6743,0.0001,17
6744,0.0001,1
6745,0.0001,8
6746,0.0001,1
6747,0.0001,7
6748,0.0001,0
6749,0.0001,1
6750,0.0001,1
6751,0.0001,1
6752,0.0001,32
6753,0.0001,1
6754,0.0001,11
6755,0.0001,10
6756,0.0001,0
6757,0.0001,1
6758,0.0001,0
6759,0.0001,0
6760,0.0001,13
6761,0.0001,8
6762,0.0001,2
6763,0.0001,10
6764,0.0001,8
6765,0.0001,1
6766,0.0001,0
6767,0.0001,11
6768,0.0001,0
6769,0.0001,9
6770,0.0001,0
6771,0.0001,0
6772,0.0001,2
6773,0.0001,8
6774,0.0001,0
6775,0.0001,1
6776,0.0001,8
6777,0.0001,1
6778,0.0001,31
6779,0.0001,10
6780,0.0001,0
6781,0.0001,22
6782,0.0001,0
6783,0.0001,2
6784,0.0001,0
6785,0.0001,16
6786,0.0001,17
6787,0.0001,18
6788,0.0001,0
6789,0.0001,3
6790,0.0001,1
6791,0.0001,1
6792,0.0001,0
6793,0.0001,2
6794,0.0001,2
6795,0.0001,0
6796,0.0001,0
6797,0.0001,1
6798,0.0001,1
6799,0.0001,15
6800,0.0001,0
6801,0.0001,0
6802,0.0001,1
6803,0.0001,1
6804,0.0001,1
6805,0.0001,9
6806,0.0001,1
6807,0.0001,2
6808,0.0001,1
6809,0.0001,8
6810,0.0001,1
6811,0.0001,1
6812,0.0001,0
6813,0.0001,8
6814,0.0001,1
6815,0.0001,8
6816,0.0001,7
6817,0.0001,2
6818,0.0001,8
6819,0.0001,0
6820,0.0001,8
6821,0.0001,9
6822,0.0001,0
6823,0.0001,0
6824,0.0001,1
6825,0.0001,11
6826,0.0001,11
6827,0.0001,0
6828,0.0001,1
6829,0.0001,1
6830,0.0001,11
6831,0.0001,11
6832,0.0001,9
6833,0.0001,31
6834,0.0001,1
6835,0.0001,0
6836,0.0001,7
6837,0.0001,1
6838,0.0001,0
6839,0.0001,1
6840,0.0001,11
6841,0.0001,10
6842,0.0001,2
6843,0.0001,1
6844,0.0001,9
6845,0.0001,8
6846,0.0001,1
6847,0.0001,15
6848,0.0001,0
6849,0.0001,0
6850,0.0001,1
6851,0.0001,16
6852,0.0001,0
6853,0.0001,0
6854,0.0001,1
6855,0.0001,1
6856,0.0001,8
6857,0.0001,2
6858,0.0001,0
6859,0.0001,1
6860,0.0001,0
6861,0.0001,0
6862,0.0001,53
6863,0.0001,0
6864,0.0001,13
6865,0.0001,17
6866,0.0001,7
6867,0.0001,8
6868,0.0001,1
6869,0.0001,0
6870,0.0001,1
6871,0.0001,3
6872,0.0001,7
6873,0.0001,1
6874,0.0001,2
6875,0.0001,2
6876,0.0001,6
6877,0.0001,8
6878,0.0001,0
6879,0.0001,30
6880,0.0001,1
6881,0.0001,1
6882,0.0001,0
6883,0.0001,9
6884,0.0001,0
6885,0.0001,1
6886,0.0001,0
6887,0.0001,23
6888,0.0001,8
6889,0.0001,8
6890,0.0001,8
6891,0.0001,8
6892,0.0001,0
6893,0.0001,0
6894,0.0001,7
6895,0.0001,0
6896,0.0001,1
6897,0.0001,9
6898,0.0001,8
6899,0.0001,7
6900,0.0001,10
6901,0.0001,2
6902,0.0001,9
6903,0.0001,7
6904,0.0001,0
6905,0.0001,8
6906,0.0001,0
6907,0.0001,1
6908,0.0001,1
6909,0.0001,0
6910,0.0001,0
6911,0.0001,8
6912,0.0001,7
6913,0.0001,0
6914,0.0001,12
6915,0.0001,38
6916,0.0001,15
6917,0.0001,16
6918,0.0001,2
6919,0.0001,1
6920,0.0001,1
6921,0.0001,1
6922,0.0001,1
6923,0.0001,8
6924,0.0001,1
6925,0.0001,0
6926,0.0001,33
6927,0.0001,1
6928,0.0001,9
6929,0.0001,1
6930,0.0001,2
6931,0.0001,1
6932,0.0001,0
6933,0.0001,16
6934,0.0001,0
6935,0.0001,1
6936,0.0001,1
6937,0.0001,6
6938,0.0001,8
6939,0.0001,1
6940,0.0001,1
6941,0.0001,0
6942,0.0001,0
6943,0.0001,7
6944,0.0001,0
6945,0.0001,7
6946,0.0001,0
6947,0.0001,1
6948,0.0001,1
6949,0.0001,2
6950,0.0001,1
6951,0.0001,7
6952,0.0001,0
6953,0.0001,0
6954,0.0001,0
6955,0.0001,1
6956,0.0001,0
6957,0.0001,0
6958,0.0001,17
6959,0.0001,1
6960,0.0001,1
6961,0.0001,2
6962,0.0001,9
6963,0.0001,1
6964,0.0001,1
6965,0.0001,0
6966,0.0001,0
6967,0.0001,8
6968,0.0001,0
6969,0.0001,2
6970,0.0001,0
6971,0.0001,0
6972,0.0001,1
6973,0.0001,1
6974,0.0001,0
6975,0.0001,6
6976,0.0001,0
6977,0.0001,10
6978,0.0001,0
6979,0.0001,0
6980,0.0001,1
6981,0.0001,1
6982,0.0001,8
6983,0.0001,1
6984,0.0001,9
6985,0.0001,0
6986,0.0001,15
6987,0.0001,1
6988,0.0001,6
6989,0.0001,1
6990,0.0001,15
6991,0.0001,0
6992,0.0001,6
6993,0.0001,0
6994,0.0001,1
6995,0.0001,8
6996,0.0001,2
6997,0.0001,6
6998,0.0001,7
6999,0.0001,2
7000,0.0001,2
7001,0.0001,0
7002,0.0001,1
7003,0.0001,0
7004,0.0001,15
7005,0.0001,1
7006,0.0001,1
7007,0.0001,0
7008,0.0001,9
7009,0.0001,0
7010,0.0001,8
7011,0.0001,17
7012,0.0001,18
7013,0.0001,1
7014,0.0001,7
7015,0.0001,11
7016,0.0001,10
7017,0.0001,0
7018,0.0001,0
7019,0.0001,1
7020,0.0001,1
7021,0.0001,0
7022,0.0001,3
7023,0.0001,1
7024,0.0001,1
7025,0.0001,8
7026,0.0001,0
7027,0.0001,0
7028,0.0001,0
7029,0.0001,0
7030,0.0001,8
7031,0.0001,0
7032,0.0001,0
7033,0.0001,1
7034,0.0001,0
7035,0.0001,24
7036,0.0001,15
7037,0.0001,9
7038,0.0001,2
7039,0.0001,0
7040,0.0001,16
7041,0.0001,0
7042,0.0001,1
7043,0.0001,9
7044,0.0001,1
7045,0.0001,1
7046,0.0001,0
7047,0.0001,0
7048,0.0001,2
7049,0.0001,12
7050,0.0001,0
7051,0.0001,9
7052,0.0001,10
7053,0.0001,0
7054,0.0001,0
7055,0.0001,0
7056,0.0001,2
7057,0.0001,15
7058,0.0001,7
7059,0.0001,0
7060,0.0001,0
7061,0.0001,0
7062,0.0001,0
7063,0.0001,0
7064,0.0001,1
7065,0.0001,1
7066,0.0001,29
7067,0.0001,1
7068,0.0001,3
7069,0.0001,7
7070,0.0001,1
7071,0.0001,0
7072,0.0001,0
7073,0.0001,1
7074,0.0001,1
7075,0.0001,0
7076,0.0001,1
7077,0.0001,8
7078,0.0001,2
7079,0.0001,0
7080,0.0001,0
7081,0.0001,14
7082,0.0001,1
7083,0.0001,7
7084,0.0001,17
7085,0.0001,9
7086,0.0001,6
7087,0.0001,1
7088,0.0001,1
7089,0.0001,8
7090,0.0001,0
7091,0.0001,0
7092,0.0001,1
7093,0.0001,32
7094,0.0001,8
7095,0.0001,7
7096,0.0001,1
7097,0.0001,14
7098,0.0001,6
7099,0.0001,7
7100,0.0001,9
7101,0.0001,1
7102,0.0001,8
7103,0.0001,0
7104,0.0001,0
7105,0.0001,6
7106,0.0001,15
7107,0.0001,1
7108,0.0001,6
7109,0.0001,6
7110,0.0001,1
7111,0.0001,2
7112,0.0001,9
7113,0.0001,11
7114,0.0001,1
7115,0.0001,1
7116,0.0001,1
7117,0.0001,9
7118,0.0001,0
7119,0.0001,10
7120,0.0001,2
7121,0.0001,1
7122,0.0001,0
7123,0.0001,51
7124,0.0001,0
7125,0.0001,8
7126,0.0001,0
7127,0.0001,6
7128,0.0001,2
7129,0.0001,1
7130,0.0001,7
7131,0.0001,9
7132,0.0001,8
7133,0.0001,0
7134,0.0001,1
7135,0.0001,1
7136,0.0001,0
7137,0.0001,1
7138,0.0001,1
7139,0.0001,0
7140,0.0001,0
7141,0.0001,0
7142,0.0001,2
7143,0.0001,7
7144,0.0001,8
7145,0.0001,0
7146,0.0001,0
7147,0.0001,8
7148,0.0001,7
7149,0.0001,1
7150,0.0001,1
7151,0.0001,0
7152,0.0001,0
7153,0.0001,15
7154,0.0001,0
7155,0.0001,7
7156,0.0001,0
7157,0.0001,1
7158,0.0001,1
7159,0.0001,0
7160,0.0001,1
7161,0.0001,2
7162,0.0001,0
7163,0.0001,0
7164,0.0001,24
7165,0.0001,0
7166,0.0001,1
7167,0.0001,14
7168,0.0001,0
7169,0.0001,1
7170,0.0001,8
7171,0.0001,18
7172,0.0001,8
7173,0.0001,0
7174,0.0001,0
7175,0.0001,0
7176,0.0001,0
7177,0.0001,2
7178,0.0001,1
7179,0.0001,0
7180,0.0001,0
7181,0.0001,0
7182,0.0001,0
7183,0.0001,11
7184,0.0001,1
7185,0.0001,1
7186,0.0001,21
7187,0.0001,6
7188,0.0001,1
7189,0.0001,1
7190,0.0001,8
7191,0.0001,2
7192,0.0001,1
7193,0.0001,8
7194,0.0001,25
7195,0.0001,39
7196,0.0001,1
7197,0.0001,2
7198,0.0001,2
7199,0.0001,0
7200,0.0001,1
7201,0.0001,8
7202,0.0001,0
7203,0.0001,0
7204,0.0001,8
7205,0.0001,13
7206,0.0001,2
7207,0.0001,8
7208,0.0001,17
7209,0.0001,1
7210,0.0001,42
7211,0.0001,0
7212,0.0001,0
7213,0.0001,2
7214,0.0001,7
7215,0.0001,0
7216,0.0001,1
7217,0.0001,0
7218,0.0001,7
7219,0.0001,7
7220,0.0001,0
7221,0.0001,1
7222,0.0001,1
7223,0.0001,9
7224,0.0001,1
7225,0.0001,1
7226,0.0001,1
7227,0.0001,1
7228,0.0001,1
7229,0.0001,2
7230,0.0001,8
7231,0.0001,1
7232,0.0001,1
7233,0.0001,1
7234,0.0001,2
7235,0.0001,0
7236,0.0001,2
7237,0.0001,9
7238,0.0001,0
7239,0.0001,16
7240,0.0001,8
7241,0.0001,2
7242,0.0001,16
7243,0.0001,14
7244,0.0001,10
7245,0.0001,0
7246,0.0001,0
7247,0.0001,1
7248,0.0001,1
7249,0.0001,1
7250,0.0001,27
7251,0.0001,23
7252,0.0001,8
7253,0.0001,1
7254,0.0001,17
7255,0.0001,1
7256,0.0001,9
7257,0.0001,10
7258,0.0001,0
7259,0.0001,0
7260,0.0001,11
7261,0.0001,1
7262,0.0001,8
7263,0.0001,1
7264,0.0001,13
7265,0.0001,2
7266,0.0001,9
7267,0.0001,1
7268,0.0001,28
7269,0.0001,1
7270,0.0001,1
7271,0.0001,7
7272,0.0001,9
7273,0.0001,14
7274,0.0001,1
7275,0.0001,0
7276,0.0001,0
7277,0.0001,0
7278,0.0001,1
7279,0.0001,0
7280,0.0001,1
7281,0.0001,0
7282,0.0001,14
7283,0.0001,0
7284,0.0001,1
7285,0.0001,1
7286,0.0001,0
7287,0.0001,9
7288,0.0001,8
7289,0.0001,8
7290,0.0001,0
7291,0.0001,1
7292,0.0001,9
7293,0.0001,1
7294,0.0001,8
7295,0.0001,0
7296,0.0001,8
7297,0.0001,0
7298,0.0001,6
7299,0.0001,1
7300,0.0001,6
7301,0.0001,1
7302,0.0001,1
7303,0.0001,0
7304,0.0001,8
7305,0.0001,0
7306,0.0001,7
7307,0.0001,1
7308,0.0001,9
7309,0.0001,7
7310,0.0001,8
7311,0.0001,1
7312,0.0001,1
7313,0.0001,0
7314,0.0001,0
7315,0.0001,16
7316,0.0001,1
7317,0.0001,22
7318,0.0001,0
7319,0.0001,2
7320,0.0001,8
7321,0.0001,11
7322,0.0001,1
7323,0.0001,0
7324,0.0001,1
7325,0.0001,1
7326,0.0001,1
7327,0.0001,9
7328,0.0001,0
7329,0.0001,1
7330,0.0001,0
7331,0.0001,0
7332,0.0001,9
7333,0.0001,1
7334,0.0001,0
7335,0.0001,1
7336,0.0001,0
7337,0.0001,1
7338,0.0001,1
7339,0.0001,1
7340,0.0001,1
7341,0.0001,0
7342,0.0001,1
7343,0.0001,1
7344,0.0001,0
7345,0.0001,0
7346,0.0001,7
7347,0.0001,0
7348,0.0001,1
7349,0.0001,0
7350,0.0001,1
7351,0.0001,9
7352,0.0001,7
7353,0.0001,1
7354,0.0001,1
7355,0.0001,32
7356,0.0001,1
7357,0.0001,8
7358,0.0001,2
7359,0.0001,0
7360,0.0001,0
7361,0.0001,9
7362,0.0001,0
7363,0.0001,0
7364,0.0001,0
7365,0.0001,7
7366,0.0001,0
7367,0.0001,1
7368,0.0001,9
7369,0.0001,0
7370,0.0001,0
7371,0.0001,7
7372,0.0001,0
7373,0.0001,0
7374,0.0001,0
7375,0.0001,0
7376,0.0001,16
7377,0.0001,16
7378,0.0001,0
7379,0.0001,7
7380,0.0001,7
7381,0.0001,17
7382,0.0001,2
7383,0.0001,0
7384,0.0001,0
7385,0.0001,8
7386,0.0001,2
7387,0.0001,8
7388,0.0001,23
7389,0.0001,1
7390,0.0001,1
7391,0.0001,0
7392,0.0001,8
7393,0.0001,2
7394,0.0001,2
7395,0.0001,0
7396,0.0001,2
7397,0.0001,16
7398,0.0001,1
7399,0.0001,1
7400,0.0001,9
7401,0.0001,10
7402,0.0001,0
7403,0.0001,1
7404,0.0001,0
7405,0.0001,8
7406,0.0001,16
7407,0.0001,0
7408,0.0001,1
7409,0.0001,31
7410,0.0001,0
7411,0.0001,0
7412,0.0001,1
7413,0.0001,1
7414,0.0001,15
7415,0.0001,9
7416,0.0001,0
7417,0.0001,0
7418,0.0001,33
7419,0.0001,1
7420,0.0001,0
7421,0.0001,10
7422,0.0001,1
7423,0.0001,6
7424,0.0001,8
7425,0.0001,0
7426,0.0001,8
7427,0.0001,0
7428,0.0001,0
7429,0.0001,6
7430,0.0001,1
7431,0.0001,9
7432,0.0001,8
7433,0.0001,7
7434,0.0001,8
7435,0.0001,2
7436,0.0001,1
7437,0.0001,10
7438,0.0001,1
7439,0.0001,0
7440,0.0001,8
7441,0.0001,9
7442,0.0001,36
7443,0.0001,2
7444,0.0001,9
7445,0.0001,0
7446,0.0001,8
7447,0.0001,9
7448,0.0001,8
7449,0.0001,1
7450,0.0001,0
7451,0.0001,1
7452,0.0001,0
7453,0.0001,1
7454,0.0001,30
7455,0.0001,10
7456,0.0001,0
7457,0.0001,7
7458,0.0001,2
7459,0.0001,0
7460,0.0001,20
7461,0.0001,0
7462,0.0001,9
7463,0.0001,1
7464,0.0001,1
7465,0.0001,1
7466,0.0001,1
7467,0.0001,7
7468,0.0001,6
7469,0.0001,17
7470,0.0001,1
7471,0.0001,1
7472,0.0001,1
7473,0.0001,0
7474,0.0001,1
7475,0.0001,9
7476,0.0001,33
7477,0.0001,8
7478,0.0001,8
7479,0.0001,8
7480,0.0001,2
7481,0.0001,0
7482,0.0001,0
7483,0.0001,1
7484,0.0001,9
7485,0.0001,1
7486,0.0001,7
7487,0.0001,0
7488,0.0001,6
7489,0.0001,6
7490,0.0001,0
7491,0.0001,16
7492,0.0001,8
7493,0.0001,13
7494,0.0001,9
7495,0.0001,50
7496,0.0001,0
7497,0.0001,0
7498,0.0001,1
7499,0.0001,7
7500,0.0001,1
7501,0.0001,1
7502,0.0001,10
7503,0.0001,2
7504,0.0001,2
7505,0.0001,8
7506,0.0001,0
7507,0.0001,0
7508,0.0001,3
7509,0.0001,2
7510,0.0001,9
7511,0.0001,1
7512,0.0001,0
7513,0.0001,0
7514,0.0001,0
7515,0.0001,0
7516,0.0001,3
7517,0.0001,1
7518,0.0001,2
7519,0.0001,0
7520,0.0001,18
7521,0.0001,7
7522,0.0001,14
7523,0.0001,1
7524,0.0001,0
7525,0.0001,0
7526,0.0001,1
7527,0.0001,0
7528,0.0001,0
7529,0.0001,0
7530,0.0001,0
7531,0.0001,0
7532,0.0001,1
7533,0.0001,9
7534,0.0001,0
7535,0.0001,2
7536,0.0001,8
7537,0.0001,8
7538,0.0001,0
7539,0.0001,0
7540,0.0001,8
7541,0.0001,9
7542,0.0001,0
7543,0.0001,1
7544,0.0001,8
7545,0.0001,0
7546,0.0001,9
7547,0.0001,0
7548,0.0001,1
7549,0.0001,25
7550,0.0001,1
7551,0.0001,1
7552,0.0001,2
7553,0.0001,1
7554,0.0001,1
7555,0.0001,14
7556,0.0001,0
7557,0.0001,0
7558,0.0001,0
7559,0.0001,8
7560,0.0001,8
7561,0.0001,1
7562,0.0001,6
7563,0.0001,1
7564,0.0001,1
7565,0.0001,1
7566,0.0001,8
7567,0.0001,1
7568,0.0001,1
7569,0.0001,2
7570,0.0001,1
7571,0.0001,17
7572,0.0001,2
7573,0.0001,1
7574,0.0001,1
7575,0.0001,1
7576,0.0001,9
7577,0.0001,7
7578,0.0001,8
7579,0.0001,2
7580,0.0001,0
7581,0.0001,1
7582,0.0001,7
7583,0.0001,0
7584,0.0001,1
7585,0.0001,1
7586,0.0001,1
7587,0.0001,1
7588,0.0001,0
7589,0.0001,0
7590,0.0001,0
7591,0.0001,8
7592,0.0001,9
7593,0.0001,8
7594,0.0001,10
7595,0.0001,23
7596,0.0001,0
7597,0.0001,16
7598,0.0001,8
7599,0.0001,1
7600,0.0001,14
7601,0.0001,2
7602,0.0001,7
7603,0.0001,1
7604,0.0001,0
7605,0.0001,1
7606,0.0001,0
7607,0.0001,14
7608,0.0001,1
7609,0.0001,7
7610,0.0001,1
7611,0.0001,7
7612,0.0001,0
7613,0.0001,1
7614,0.0001,9
7615,0.0001,1
7616,0.0001,0
7617,0.0001,8
7618,0.0001,1
7619,0.0001,2
7620,0.0001,0
7621,0.0001,1
7622,0.0001,1
7623,0.0001,1
7624,0.0001,1
7625,0.0001,8
7626,0.0001,1
7627,0.0001,31
7628,0.0001,35
7629,0.0001,0
7630,0.0001,1
7631,0.0001,2
7632,0.0001,0
7633,0.0001,23
7634,0.0001,16
7635,0.0001,1
7636,0.0001,11
7637,0.0001,1
7638,0.0001,0
7639,0.0001,17
7640,0.0001,0
7641,0.0001,1
7642,0.0001,1
7643,0.0001,9
7644,0.0001,0
7645,0.0001,0
7646,0.0001,0
7647,0.0001,1
7648,0.0001,1
7649,0.0001,0
7650,0.0001,9
7651,0.0001,1
7652,0.0001,10
7653,0.0001,8
7654,0.0001,0
7655,0.0001,0
7656,0.0001,8
7657,0.0001,9
7658,0.0001,9
7659,0.0001,7
7660,0.0001,7
7661,0.0001,0
7662,0.0001,6
7663,0.0001,1
7664,0.0001,0
7665,0.0001,8
7666,0.0001,0
7667,0.0001,15
7668,0.0001,8
7669,0.0001,10
7670,0.0001,0
7671,0.0001,10
7672,0.0001,0
7673,0.0001,7
7674,0.0001,1
7675,0.0001,8
7676,0.0001,9
7677,0.0001,1
7678,0.0001,6
7679,0.0001,7
7680,0.0001,15
7681,0.0001,0
7682,0.0001,0
7683,0.0001,1
7684,0.0001,0
7685,0.0001,0
7686,0.0001,1
7687,0.0001,2
7688,0.0001,1
7689,0.0001,1
7690,0.0001,2
7691,0.0001,0
7692,0.0001,8
7693,0.0001,16
7694,0.0001,0
7695,0.0001,0
7696,0.0001,1
7697,0.0001,0
7698,0.0001,1
7699,0.0001,1
7700,0.0001,8
7701,0.0001,2
7702,0.0001,6
7703,0.0001,0
7704,0.0001,1
7705,0.0001,1
7706,0.0001,16
7707,0.0001,1
7708,0.0001,2
7709,0.0001,1
7710,0.0001,15
7711,0.0001,8
7712,0.0001,1
7713,0.0001,17
7714,0.0001,1
7715,0.0001,0
7716,0.0001,0
7717,0.0001,0
7718,0.0001,1
7719,0.0001,10
7720,0.0001,1
7721,0.0001,0
7722,0.0001,1
7723,0.0001,19
7724,0.0001,7
7725,0.0001,2
7726,0.0001,0
7727,0.0001,1
7728,0.0001,0
7729,0.0001,1
7730,0.0001,0
7731,0.0001,1
7732,0.0001,1
7733,0.0001,9
7734,0.0001,1
7735,0.0001,1
7736,0.0001,24
7737,0.0001,0
7738,0.0001,2
7739,0.0001,1
7740,0.0001,7
7741,0.0001,0
7742,0.0001,8
7743,0.0001,0
7744,0.0001,15
7745,0.0001,31
7746,0.0001,1
7747,0.0001,8
7748,0.0001,1
7749,0.0001,1
7750,0.0001,1
7751,0.0001,0
7752,0.0001,15
7753,0.0001,0
7754,0.0001,0
7755,0.0001,0
7756,0.0001,8
7757,0.0001,0
7758,0.0001,1
7759,0.0001,16
7760,0.0001,0
7761,0.0001,1
7762,0.0001,16
7763,0.0001,0
7764,0.0001,1
7765,0.0001,1
7766,0.0001,1
7767,0.0001,1
7768,0.0001,1
7769,0.0001,9
7770,0.0001,7
7771,0.0001,0
7772,0.0001,2
7773,0.0001,1
7774,0.0001,23
7775,0.0001,9
7776,0.0001,6
7777,0.0001,14
7778,0.0001,8
7779,0.0001,8
7780,0.0001,0
7781,0.0001,15
7782,0.0001,0
7783,0.0001,10
7784,0.0001,1
7785,0.0001,10
7786,0.0001,0
7787,0.0001,27
7788,0.0001,1
7789,0.0001,0
7790,0.0001,0
7791,0.0001,1
7792,0.0001,1
7793,0.0001,1
7794,0.0001,1
7795,0.0001,0
7796,0.0001,8
7797,0.0001,0
7798,0.0001,8
7799,0.0001,1
7800,0.0001,9
7801,0.0001,0
7802,0.0001,0
7803,0.0001,1
7804,0.0001,0
7805,0.0001,0
7806,0.0001,0
7807,0.0001,59
7808,0.0001,1
7809,0.0001,1
7810,0.0001,3
7811,0.0001,9
7812,0.0001,0
7813,0.0001,8
7814,0.0001,1
7815,0.0001,7
7816,0.0001,7
7817,0.0001,0
7818,0.0001,0
7819,0.0001,0
7820,0.0001,16
7821,0.0001,9
7822,0.0001,1
7823,0.0001,0
7824,0.0001,1
7825,0.0001,7
7826,0.0001,15
7827,0.0001,1
7828,0.0001,9
7829,0.0001,9
7830,0.0001,0
7831,0.0001,1
7832,0.0001,2
7833,0.0001,0
7834,0.0001,1
7835,0.0001,9
7836,0.0001,0
7837,0.0001,0
7838,0.0001,1
7839,0.0001,1
7840,0.0001,28
7841,0.0001,23
7842,0.0001,1
7843,0.0001,9
7844,0.0001,1
7845,0.0001,0
7846,0.0001,0
7847,0.0001,1
7848,0.0001,10
7849,0.0001,9
7850,0.0001,7
7851,0.0001,15
7852,0.0001,6
7853,0.0001,1
7854,0.0001,24
7855,0.0001,2
7856,0.0001,13
7857,0.0001,3
7858,0.0001,2
7859,0.0001,1
7860,0.0001,0
7861,0.0001,7
7862,0.0001,17
7863,0.0001,8
7864,0.0001,8
7865,0.0001,0
7866,0.0001,0
7867,0.0001,0
7868,0.0001,2
7869,0.0001,15
7870,0.0001,2
7871,0.0001,1
7872,0.0001,1
7873,0.0001,0
7874,0.0001,2
7875,0.0001,1
7876,0.0001,1
7877,0.0001,0
7878,0.0001,15
7879,0.0001,1
7880,0.0001,0
7881,0.0001,1
7882,0.0001,1
7883,0.0001,1
7884,0.0001,8
7885,0.0001,7
7886,0.0001,8
7887,0.0001,9
7888,0.0001,27
7889,0.0001,0
7890,0.0001,8
7891,0.0001,1
7892,0.0001,6
7893,0.0001,0
7894,0.0001,8
7895,0.0001,8
7896,0.0001,0
7897,0.0001,22
7898,0.0001,0
7899,0.0001,9
7900,0.0001,1
7901,0.0001,0
7902,0.0001,0
7903,0.0001,16
7904,0.0001,1
7905,0.0001,0
7906,0.0001,0
7907,0.0001,8
7908,0.0001,7
7909,0.0001,1
7910,0.0001,1
7911,0.0001,0
7912,0.0001,2
7913,0.0001,6
7914,0.0001,1
7915,0.0001,1
7916,0.0001,0
7917,0.0001,7
7918,0.0001,2
7919,0.0001,6
7920,0.0001,1
7921,0.0001,25
7922,0.0001,2
7923,0.0001,9
7924,0.0001,1
7925,0.0001,0
7926,0.0001,7
7927,0.0001,1
7928,0.0001,14
7929,0.0001,1
7930,0.0001,1
7931,0.0001,0
7932,0.0001,3
7933,0.0001,6
7934,0.0001,0
7935,0.0001,1
7936,0.0001,6
7937,0.0001,1
7938,0.0001,1
7939,0.0001,8
7940,0.0001,1
7941,0.0001,1
7942,0.0001,10
7943,0.0001,7
7944,0.0001,1
7945,0.0001,0
7946,0.0001,8
7947,0.0001,0
7948,0.0001,1
7949,0.0001,0
7950,0.0001,1
7951,0.0001,2
7952,0.0001,0
7953,0.0001,1
7954,0.0001,16
7955,0.0001,0
7956,0.0001,1
7957,0.0001,1
7958,0.0001,1
7959,0.0001,1
7960,0.0001,8
7961,0.0001,2
7962,0.0001,0
7963,0.0001,1
7964,0.0001,8
7965,0.0001,1
7966,0.0001,8
7967,0.0001,40
7968,0.0001,0
7969,0.0001,1
7970,0.0001,9
7971,0.0001,0
7972,0.0001,14
7973,0.0001,10
7974,0.0001,0
7975,0.0001,11
7976,0.0001,1
7977,0.0001,8
7978,0.0001,7
7979,0.0001,0
7980,0.0001,0
7981,0.0001,1
7982,0.0001,1
7983,0.0001,1
7984,0.0001,1
7985,0.0001,10
7986,0.0001,1
7987,0.0001,2
7988,0.0001,2
7989,0.0001,1
7990,0.0001,12
7991,0.0001,34
7992,0.0001,0
7993,0.0001,1
7994,0.0001,0
7995,0.0001,1
7996,0.0001,1
7997,0.0001,1
7998,0.0001,10
7999,0.0001,0
8000,0.0001,8
8001,0.0001,0
8002,0.0001,1
8003,0.0001,27
8004,0.0001,6
8005,0.0001,1
8006,0.0001,0
8007,0.0001,0
8008,0.0001,0
8009,0.0001,2
8010,0.0001,2
8011,0.0001,0
8012,0.0001,0
8013,0.0001,0
8014,0.0001,2
8015,0.0001,0
8016,0.0001,0
8017,0.0001,1
8018,0.0001,1
8019,0.0001,8
8020,0.0001,10
8021,0.0001,1
8022,0.0001,2
8023,0.0001,1
8024,0.0001,1
8025,0.0001,1
8026,0.0001,1
8027,0.0001,0
8028,0.0001,7
8029,0.0001,1
8030,0.0001,1
8031,0.0001,15
8032,0.0001,9
8033,0.0001,9
8034,0.0001,9
8035,0.0001,1
8036,0.0001,8
8037,0.0001,8
8038,0.0001,1
8039,0.0001,8
8040,0.0001,0
8041,0.0001,1
8042,0.0001,11
8043,0.0001,9
8044,0.0001,1
8045,0.0001,0
8046,0.0001,0
8047,0.0001,1
8048,0.0001,1
8049,0.0001,9
8050,0.0001,2
8051,0.0001,10
8052,0.0001,37
8053,0.0001,0
8054,0.0001,1
8055,0.0001,0
8056,0.0001,8
8057,0.0001,0
8058,0.0001,8
8059,0.0001,0
8060,0.0001,3
8061,0.0001,15
8062,0.0001,0
8063,0.0001,1
8064,0.0001,1
8065,0.0001,0
8066,0.0001,0
8067,0.0001,1
8068,0.0001,2
8069,0.0001,1
8070,0.0001,2
8071,0.0001,1
8072,0.0001,17
8073,0.0001,1
8074,0.0001,0
8075,0.0001,1
8076,0.0001,0
8077,0.0001,0
8078,0.0001,0
8079,0.0001,1
8080,0.0001,8
8081,0.0001,39
8082,0.0001,0
8083,0.0001,16
8084,0.0001,1
8085,0.0001,9
8086,0.0001,1
8087,0.0001,3
8088,0.0001,0
8089,0.0001,0
8090,0.0001,7
8091,0.0001,9
8092,0.0001,1
8093,0.0001,7
8094,0.0001,13
8095,0.0001,9
8096,0.0001,16
8097,0.0001,0
8098,0.0001,1
8099,0.0001,8
8100,0.0001,6
8101,0.0001,1
8102,0.0001,18
8103,0.0001,1
8104,0.0001,6
8105,0.0001,0
8106,0.0001,8
8107,0.0001,1
8108,0.0001,34
8109,0.0001,6
8110,0.0001,0
8111,0.0001,8
8112,0.0001,8
8113,0.0001,9
8114,0.0001,8
8115,0.0001,6
8116,0.0001,0
8117,0.0001,1
8118,0.0001,0
8119,0.0001,0
8120,0.0001,2
8121,0.0001,1
8122,0.0001,0
8123,0.0001,0
8124,0.0001,0
8125,0.0001,8
8126,0.0001,2
8127,0.0001,8
8128,0.0001,9
8129,0.0001,2
8130,0.0001,17
8131,0.0001,8
8132,0.0001,0
8133,0.0001,21
8134,0.0001,0
8135,0.0001,0
8136,0.0001,8
8137,0.0001,0
8138,0.0001,0
8139,0.0001,14
8140,0.0001,9
8141,0.0001,10
8142,0.0001,0
8143,0.0001,1
8144,0.0001,0
8145,0.0001,1
8146,0.0001,0
8147,0.0001,8
8148,0.0001,1
8149,0.0001,7
8150,0.0001,6
8151,0.0001,2
8152,0.0001,0
8153,0.0001,0
8154,0.0001,9
8155,0.0001,1
8156,0.0001,8
8157,0.0001,1
8158,0.0001,1
8159,0.0001,0
8160,0.0001,0
8161,0.0001,0
8162,0.0001,19
8163,0.0001,0
8164,0.0001,16
8165,0.0001,0
8166,0.0001,2
8167,0.0001,0
8168,0.0001,0
8169,0.0001,1
8170,0.0001,8
8171,0.0001,1
8172,0.0001,1
8173,0.0001,0
8174,0.0001,0
8175,0.0001,8
8176,0.0001,9
8177,0.0001,17
8178,0.0001,1
8179,0.0001,7
8180,0.0001,0
8181,0.0001,1
8182,0.0001,8
8183,0.0001,14
8184,0.0001,1
8185,0.0001,0
8186,0.0001,2
8187,0.0001,17
8188,0.0001,1
8189,0.0001,2
8190,0.0001,8
8191,0.0001,1
8192,0.0001,1
8193,0.0001,1
8194,0.0001,1
8195,0.0001,30
8196,0.0001,1
8197,0.0001,1
8198,0.0001,0
8199,0.0001,1
8200,0.0001,0
8201,0.0001,0
8202,0.0001,1
8203,0.0001,1
8204,0.0001,0
8205,0.0001,1
8206,0.0001,0
8207,0.0001,0
8208,0.0001,0
8209,0.0001,1
8210,0.0001,0
8211,0.0001,1
8212,0.0001,0
8213,0.0001,8
8214,0.0001,0
8215,0.0001,1
8216,0.0001,1
8217,0.0001,2
8218,0.0001,1
8219,0.0001,20
8220,0.0001,0
8221,0.0001,11
8222,0.0001,1
8223,0.0001,2
8224,0.0001,0
8225,0.0001,8
8226,0.0001,1
8227,0.0001,1
8228,0.0001,1
8229,0.0001,0
8230,0.0001,7
8231,0.0001,9
8232,0.0001,1
8233,0.0001,0
8234,0.0001,2
8235,0.0001,24
8236,0.0001,0
8237,0.0001,8
8238,0.0001,1
8239,0.0001,0
8240,0.0001,1
8241,0.0001,1
8242,0.0001,2
8243,0.0001,1
8244,0.0001,0
8245,0.0001,1
8246,0.0001,8
8247,0.0001,0
8248,0.0001,9
8249,0.0001,15
8250,0.0001,23
8251,0.0001,0
8252,0.0001,6
8253,0.0001,8
8254,0.0001,2
8255,0.0001,2
8256,0.0001,1
8257,0.0001,1
8258,0.0001,9
8259,0.0001,1
8260,0.0001,6
8261,0.0001,0
8262,0.0001,9
8263,0.0001,2
8264,0.0001,1
8265,0.0001,1
8266,0.0001,1
8267,0.0001,9
8268,0.0001,0
8269,0.0001,0
8270,0.0001,0
8271,0.0001,0
8272,0.0001,9
8273,0.0001,0
8274,0.0001,1
8275,0.0001,2
8276,0.0001,1
8277,0.0001,0
8278,0.0001,9
8279,0.0001,6
8280,0.0001,1
8281,0.0001,2
8282,0.0001,1
8283,0.0001,0
8284,0.0001,0
8285,0.0001,1
8286,0.0001,8
8287,0.0001,1
8288,0.0001,0
8289,0.0001,2
8290,0.0001,9
8291,0.0001,1
8292,0.0001,1
8293,0.0001,0
8294,0.0001,0
8295,0.0001,1
8296,0.0001,1
8297,0.0001,9
8298,0.0001,8
8299,0.0001,1
8300,0.0001,1
8301,0.0001,38
8302,0.0001,32
8303,0.0001,8
8304,0.0001,1
8305,0.0001,8
8306,0.0001,11
8307,0.0001,1
8308,0.0001,16
8309,0.0001,1
8310,0.0001,23
8311,0.0001,8
8312,0.0001,10
8313,0.0001,1
8314,0.0001,1
8315,0.0001,6
8316,0.0001,0
8317,0.0001,24
8318,0.0001,1
8319,0.0001,8
8320,0.0001,1
8321,0.0001,10
8322,0.0001,1
8323,0.0001,1
8324,0.0001,2
8325,0.0001,1
8326,0.0001,1
8327,0.0001,1
8328,0.0001,25
8329,0.0001,0
8330,0.0001,11
8331,0.0001,0
8332,0.0001,66
8333,0.0001,7
8334,0.0001,9
8335,0.0001,8
8336,0.0001,0
8337,0.0001,32
8338,0.0001,0
8339,0.0001,0
8340,0.0001,1
8341,0.0001,0
8342,0.0001,1
8343,0.0001,1
8344,0.0001,0
8345,0.0001,2
8346,0.0001,2
8347,0.0001,7
8348,0.0001,0
8349,0.0001,0
8350,0.0001,15
8351,0.0001,7
8352,0.0001,2
8353,0.0001,9
8354,0.0001,24
8355,0.0001,1
8356,0.0001,7
8357,0.0001,6
8358,0.0001,8
8359,0.0001,1
8360,0.0001,15
8361,0.0001,31
8362,0.0001,1
8363,0.0001,1
8364,0.0001,9
8365,0.0001,7
8366,0.0001,0
8367,0.0001,16
8368,0.0001,9
8369,0.0001,16
8370,0.0001,2
8371,0.0001,38
8372,0.0001,0
8373,0.0001,9
8374,0.0001,7
8375,0.0001,0
8376,0.0001,6
8377,0.0001,0
8378,0.0001,1
8379,0.0001,1
8380,0.0001,1
8381,0.0001,2
8382,0.0001,1
8383,0.0001,8
8384,0.0001,9
8385,0.0001,8
8386,0.0001,12
8387,0.0001,0
8388,0.0001,0
8389,0.0001,1
8390,0.0001,1
8391,0.0001,1
8392,0.0001,9
8393,0.0001,6
8394,0.0001,0
8395,0.0001,1
8396,0.0001,1
8397,0.0001,1
8398,0.0001,7
8399,0.0001,1
8400,0.0001,8
8401,0.0001,8
8402,0.0001,0
8403,0.0001,9
8404,0.0001,0
8405,0.0001,15
8406,0.0001,1
8407,0.0001,1
8408,0.0001,8
8409,0.0001,1
8410,0.0001,7
8411,0.0001,0
8412,0.0001,0
8413,0.0001,1
8414,0.0001,0
8415,0.0001,1
8416,0.0001,8
8417,0.0001,0
8418,0.0001,0
8419,0.0001,0
8420,0.0001,16
8421,0.0001,1
8422,0.0001,9
8423,0.0001,7
8424,0.0001,23
8425,0.0001,1
8426,0.0001,0
8427,0.0001,0
8428,0.0001,9
8429,0.0001,9
8430,0.0001,9
8431,0.0001,0
8432,0.0001,9
8433,0.0001,8
8434,0.0001,8
8435,0.0001,6
8436,0.0001,2
8437,0.0001,2
8438,0.0001,9
8439,0.0001,0
8440,0.0001,1
8441,0.0001,1
8442,0.0001,0
8443,0.0001,2
8444,0.0001,8
8445,0.0001,0
8446,0.0001,1
8447,0.0001,2
8448,0.0001,15
8449,0.0001,1
8450,0.0001,9
8451,0.0001,1
8452,0.0001,0
8453,0.0001,0
8454,0.0001,0
8455,0.0001,0
8456,0.0001,9
8457,0.0001,7
8458,0.0001,25
8459,0.0001,11
8460,0.0001,1
8461,0.0001,0
8462,0.0001,1
8463,0.0001,0
8464,0.0001,0
8465,0.0001,8
8466,0.0001,15
8467,0.0001,1
8468,0.0001,6
8469,0.0001,0
8470,0.0001,9
8471,0.0001,1
8472,0.0001,9
8473,0.0001,13
8474,0.0001,1
8475,0.0001,1
8476,0.0001,0
8477,0.0001,1
8478,0.0001,0
8479,0.0001,0
8480,0.0001,22
8481,0.0001,17
8482,0.0001,0
8483,0.0001,0
8484,0.0001,0
8485,0.0001,0
8486,0.0001,0
8487,0.0001,0
8488,0.0001,47
8489,0.0001,27
8490,0.0001,8
8491,0.0001,0
8492,0.0001,1
8493,0.0001,2
8494,0.0001,48
8495,0.0001,8
8496,0.0001,7
8497,0.0001,7
8498,0.0001,2
8499,0.0001,2
8500,0.0001,1
8501,0.0001,0
8502,0.0001,8
8503,0.0001,0
8504,0.0001,9
8505,0.0001,2
8506,0.0001,32
8507,0.0001,1
8508,0.0001,1
8509,0.0001,3
8510,0.0001,1
8511,0.0001,8
8512,0.0001,13
8513,0.0001,0
8514,0.0001,8
8515,0.0001,16
8516,0.0001,0
8517,0.0001,14
8518,0.0001,0
8519,0.0001,2
8520,0.0001,1
8521,0.0001,1
8522,0.0001,9
8523,0.0001,0
8524,0.0001,1
8525,0.0001,7
8526,0.0001,1
8527,0.0001,0
8528,0.0001,1
8529,0.0001,1
8530,0.0001,9
8531,0.0001,0
8532,0.0001,1
8533,0.0001,1
8534,0.0001,1
8535,0.0001,0
8536,0.0001,0
8537,0.0001,1
8538,0.0001,1
8539,0.0001,9
8540,0.0001,1
8541,0.0001,1
8542,0.0001,9
8543,0.0001,0
8544,0.0001,2
8545,0.0001,1
8546,0.0001,1
8547,0.0001,1
8548,0.0001,1
8549,0.0001,1
8550,0.0001,0
8551,0.0001,1
8552,0.0001,10
8553,0.0001,0
8554,0.0001,8
8555,0.0001,8
8556,0.0001,10
8557,0.0001,1
8558,0.0001,1
8559,0.0001,8
8560,0.0001,8
8561,0.0001,1
8562,0.0001,9
8563,0.0001,8
8564,0.0001,2
8565,0.0001,0
8566,0.0001,1
8567,0.0001,0
8568,0.0001,0
8569,0.0001,0
8570,0.0001,1
8571,0.0001,0
8572,0.0001,0
8573,0.0001,1
8574,0.0001,1
8575,0.0001,30
8576,0.0001,0
8577,0.0001,7
8578,0.0001,0
8579,0.0001,9
8580,0.0001,10
8581,0.0001,1
8582,0.0001,1
8583,0.0001,0
8584,0.0001,0
8585,0.0001,1
8586,0.0001,1
8587,0.0001,9
8588,0.0001,1
8589,0.0001,1
8590,0.0001,8
8591,0.0001,1
8592,0.0001,1
8593,0.0001,1
8594,0.0001,0
8595,0.0001,0
8596,0.0001,17
8597,0.0001,0
8598,0.0001,0
8599,0.0001,1
8600,0.0001,8
8601,0.0001,0
8602,0.0001,8
8603,0.0001,8
8604,0.0001,29
8605,0.0001,1
8606,0.0001,1
8607,0.0001,17
8608,0.0001,9
8609,0.0001,1
8610,0.0001,1
8611,0.0001,37
8612,0.0001,8
8613,0.0001,2
8614,0.0001,1
8615,0.0001,1
8616,0.0001,0
8617,0.0001,0
8618,0.0001,7
8619,0.0001,1
8620,0.0001,0
8621,0.0001,1
8622,0.0001,0
8623,0.0001,9
8624,0.0001,0
8625,0.0001,1
8626,0.0001,12
8627,0.0001,0
8628,0.0001,0
8629,0.0001,0
8630,0.0001,10
8631,0.0001,1
8632,0.0001,1
8633,0.0001,0
8634,0.0001,2
8635,0.0001,0
8636,0.0001,22
8637,0.0001,1
8638,0.0001,21
8639,0.0001,1
8640,0.0001,1
8641,0.0001,10
8642,0.0001,0
8643,0.0001,0
8644,0.0001,0
8645,0.0001,23
8646,0.0001,1
8647,0.0001,33
8648,0.0001,0
8649,0.0001,9
8650,0.0001,1
8651,0.0001,0
8652,0.0001,6
8653,0.0001,1
8654,0.0001,0
8655,0.0001,8
8656,0.0001,1
8657,0.0001,0
8658,0.0001,2
8659,0.0001,1
8660,0.0001,0
8661,0.0001,3
8662,0.0001,2
8663,0.0001,1
8664,0.0001,22
8665,0.0001,1
8666,0.0001,1
8667,0.0001,1
8668,0.0001,1
8669,0.0001,0
8670,0.0001,1
8671,0.0001,0
8672,0.0001,1
8673,0.0001,0
8674,0.0001,0
8675,0.0001,1
8676,0.0001,1
8677,0.0001,8
8678,0.0001,0
8679,0.0001,0
8680,0.0001,1
8681,0.0001,1
8682,0.0001,0
8683,0.0001,1
8684,0.0001,0
8685,0.0001,0
8686,0.0001,1
8687,0.0001,16
8688,0.0001,19
8689,0.0001,0
8690,0.0001,0
8691,0.0001,9
8692,0.0001,0
8693,0.0001,0
8694,0.0001,6
8695,0.0001,1
8696,0.0001,1
8697,0.0001,1
8698,0.0001,1
8699,0.0001,1
8700,0.0001,15
8701,0.0001,33
8702,0.0001,25
8703,0.0001,8
8704,0.0001,1
8705,0.0001,0
8706,0.0001,7
8707,0.0001,0
8708,0.0001,15
8709,0.0001,0
8710,0.0001,6
8711,0.0001,1
8712,0.0001,1
8713,0.0001,7
8714,0.0001,0
8715,0.0001,0
8716,0.0001,10
8717,0.0001,0
8718,0.0001,1
8719,0.0001,2
8720,0.0001,9
8721,0.0001,1
8722,0.0001,0
8723,0.0001,8
8724,0.0001,0
8725,0.0001,8
8726,0.0001,8
8727,0.0001,0
8728,0.0001,0
8729,0.0001,1
8730,0.0001,17
8731,0.0001,16
8732,0.0001,1
8733,0.0001,1
8734,0.0001,1
8735,0.0001,0
8736,0.0001,1
8737,0.0001,0
8738,0.0001,1
8739,0.0001,9
8740,0.0001,6
8741,0.0001,10
8742,0.0001,0
8743,0.0001,0
8744,0.0001,2
8745,0.0001,1
8746,0.0001,15
8747,0.0001,1
8748,0.0001,8
8749,0.0001,1
8750,0.0001,8
8751,0.0001,9
8752,0.0001,0
8753,0.0001,0
8754,0.0001,1
8755,0.0001,1
8756,0.0001,0
8757,0.0001,6
8758,0.0001,0
8759,0.0001,8
8760,0.0001,1
8761,0.0001,11
8762,0.0001,1
8763,0.0001,0
8764,0.0001,1
8765,0.0001,8
8766,0.0001,41
8767,0.0001,16
8768,0.0001,0
8769,0.0001,32
8770,0.0001,1
8771,0.0001,0
8772,0.0001,0
8773,0.0001,0
8774,0.0001,0
8775,0.0001,0
8776,0.0001,1
8777,0.0001,1
8778,0.0001,25
8779,0.0001,2
8780,0.0001,10
8781,0.0001,0
8782,0.0001,0
8783,0.0001,0
8784,0.0001,2
8785,0.0001,1
8786,0.0001,18
8787,0.0001,16
8788,0.0001,0
8789,0.0001,6
8790,0.0001,14
8791,0.0001,23
8792,0.0001,2
8793,0.0001,0
8794,0.0001,0
8795,0.0001,1
8796,0.0001,8
8797,0.0001,0
8798,0.0001,0
8799,0.0001,9
8800,0.0001,0
8801,0.0001,8
8802,0.0001,10
8803,0.0001,7
8804,0.0001,6
8805,0.0001,10
8806,0.0001,18
8807,0.0001,9
8808,0.0001,7
8809,0.0001,7
8810,0.0001,0
8811,0.0001,2
8812,0.0001,16
8813,0.0001,1
8814,0.0001,1
8815,0.0001,6
8816,0.0001,0
8817,0.0001,7
8818,0.0001,9
8819,0.0001,0
8820,0.0001,9
8821,0.0001,2
8822,0.0001,1
8823,0.0001,1
8824,0.0001,0
8825,0.0001,0
8826,0.0001,0
8827,0.0001,0
8828,0.0001,1
8829,0.0001,8
8830,0.0001,9
8831,0.0001,0
8832,0.0001,8
8833,0.0001,0
8834,0.0001,1
8835,0.0001,1
8836,0.0001,0
8837,0.0001,1
8838,0.0001,13
8839,0.0001,8
8840,0.0001,9
8841,0.0001,8
8842,0.0001,1
8843,0.0001,0
8844,0.0001,1
8845,0.0001,0
8846,0.0001,0
8847,0.0001,1
8848,0.0001,0
8849,0.0001,2
8850,0.0001,1
8851,0.0001,17
8852,0.0001,0
8853,0.0001,0
8854,0.0001,17
8855,0.0001,8
8856,0.0001,1
8857,0.0001,0
8858,0.0001,1
8859,0.0001,1
8860,0.0001,6
8861,0.0001,0
8862,0.0001,1
8863,0.0001,1
8864,0.0001,2
8865,0.0001,8
8866,0.0001,0
8867,0.0001,1
8868,0.0001,1
8869,0.0001,0
8870,0.0001,1
8871,0.0001,0
8872,0.0001,8
8873,0.0001,2
8874,0.0001,0
8875,0.0001,1
8876,0.0001,15
8877,0.0001,1
8878,0.0001,1
8879,0.0001,0
8880,0.0001,2
8881,0.0001,1
8882,0.0001,0
8883,0.0001,1
8884,0.0001,0
8885,0.0001,0
8886,0.0001,1
8887,0.0001,1
8888,0.0001,0
8889,0.0001,2
8890,0.0001,1
8891,0.0001,1
8892,0.0001,1
8893,0.0001,15
8894,0.0001,34
8895,0.0001,33
8896,0.0001,0
8897,0.0001,33
8898,0.0001,0
8899,0.0001,1
8900,0.0001,9
8901,0.0001,1
8902,0.0001,0
8903,0.0001,7
8904,0.0001,1
8905,0.0001,1
8906,0.0001,1
8907,0.0001,1
8908,0.0001,34
8909,0.0001,1
8910,0.0001,1
8911,0.0001,0
8912,0.0001,1
8913,0.0001,0
8914,0.0001,1
8915,0.0001,0
8916,0.0001,0
8917,0.0001,0
8918,0.0001,0
8919,0.0001,1
8920,0.0001,9
8921,0.0001,1
8922,0.0001,1
8923,0.0001,1
8924,0.0001,1
8925,0.0001,1
8926,0.0001,0
8927,0.0001,0
8928,0.0001,0
8929,0.0001,0
8930,0.0001,1
8931,0.0001,0
8932,0.0001,0
8933,0.0001,34
8934,0.0001,7
8935,0.0001,0
8936,0.0001,1
8937,0.0001,22
8938,0.0001,0
8939,0.0001,0
8940,0.0001,0
8941,0.0001,8
8942,0.0001,1
8943,0.0001,7
8944,0.0001,1
8945,0.0001,0
8946,0.0001,14
8947,0.0001,8
8948,0.0001,7
8949,0.0001,8
8950,0.0001,55
8951,0.0001,0
8952,0.0001,0
8953,0.0001,0
8954,0.0001,0
8955,0.0001,1
8956,0.0001,2
8957,0.0001,1
8958,0.0001,7
8959,0.0001,2
8960,0.0001,1
8961,0.0001,8
8962,0.0001,2
8963,0.0001,0
8964,0.0001,0
8965,0.0001,0
8966,0.0001,0
8967,0.0001,1
8968,0.0001,0
8969,0.0001,1
8970,0.0001,0
8971,0.0001,0
8972,0.0001,0
8973,0.0001,1
8974,0.0001,1
8975,0.0001,7
8976,0.0001,1
8977,0.0001,0
8978,0.0001,15
8979,0.0001,1
8980,0.0001,0
8981,0.0001,1
8982,0.0001,0
8983,0.0001,1
8984,0.0001,1
8985,0.0001,1
8986,0.0001,1
8987,0.0001,1
8988,0.0001,32
8989,0.0001,0
8990,0.0001,0
8991,0.0001,32
8992,0.0001,1
8993,0.0001,1
8994,0.0001,1
8995,0.0001,1
8996,0.0001,8
8997,0.0001,10
8998,0.0001,0
8999,0.0001,0
9000,0.0001,0
9001,0.0001,2
9002,0.0001,1
9003,0.0001,0
9004,0.0001,0
9005,0.0001,0
9006,0.0001,7
9007,0.0001,0
9008,0.0001,16
9009,0.0001,7
9010,0.0001,1
9011,0.0001,2
9012,0.0001,0
9013,0.0001,1
9014,0.0001,1
9015,0.0001,0
9016,0.0001,2
9017,0.0001,1
9018,0.0001,1
9019,0.0001,2
9020,0.0001,1
9021,0.0001,2
9022,0.0001,8
9023,0.0001,17
9024,0.0001,1
9025,0.0001,32
9026,0.0001,16
9027,0.0001,1
9028,0.0001,1
9029,0.0001,0
9030,0.0001,1
9031,0.0001,7
9032,0.0001,0
9033,0.0001,1
9034,0.0001,0
9035,0.0001,0
9036,0.0001,1
9037,0.0001,1
9038,0.0001,9
9039,0.0001,0
9040,0.0001,1
9041,0.0001,10
9042,0.0001,24
9043,0.0001,17
9044,0.0001,0
9045,0.0001,1
9046,0.0001,21
9047,0.0001,1
9048,0.0001,1
9049,0.0001,6
9050,0.0001,1
9051,0.0001,0
9052,0.0001,1
9053,0.0001,1
9054,0.0001,9
9055,0.0001,0
9056,0.0001,9
9057,0.0001,11
9058,0.0001,1
9059,0.0001,31
9060,0.0001,9
9061,0.0001,9
9062,0.0001,0
9063,0.0001,1
9064,0.0001,9
9065,0.0001,9
9066,0.0001,7
9067,0.0001,0
9068,0.0001,0
9069,0.0001,9
9070,0.0001,1
9071,0.0001,1
9072,0.0001,1
9073,0.0001,14
9074,0.0001,1
9075,0.0001,1
9076,0.0001,0
9077,0.0001,7
9078,0.0001,0
9079,0.0001,0
9080,0.0001,8
9081,0.0001,1
9082,0.0001,0
9083,0.0001,0
9084,0.0001,1
9085,0.0001,0
9086,0.0001,2
9087,0.0001,8
9088,0.0001,15
9089,0.0001,34
9090,0.0001,1
9091,0.0001,32
9092,0.0001,2
9093,0.0001,1
9094,0.0001,1
9095,0.0001,1
9096,0.0001,8
9097,0.0001,0
9098,0.0001,0
9099,0.0001,0
9100,0.0001,1
9101,0.0001,1
9102,0.0001,1
9103,0.0001,8
9104,0.0001,18
9105,0.0001,0
9106,0.0001,3
9107,0.0001,18
9108,0.0001,10
9109,0.0001,14
9110,0.0001,9
9111,0.0001,15
9112,0.0001,6
9113,0.0001,1
9114,0.0001,1
9115,0.0001,0
9116,0.0001,0
9117,0.0001,1
9118,0.0001,0
9119,0.0001,0
9120,0.0001,11
9121,0.0001,1
9122,0.0001,8
9123,0.0001,1
9124,0.0001,7
9125,0.0001,15
9126,0.0001,0
9127,0.0001,15
9128,0.0001,1
9129,0.0001,0
9130,0.0001,1
9131,0.0001,0
9132,0.0001,0
9133,0.0001,1
9134,0.0001,11
9135,0.0001,16
9136,0.0001,0
9137,0.0001,16
9138,0.0001,9
9139,0.0001,7
9140,0.0001,0
9141,0.0001,8
9142,0.0001,3
9143,0.0001,16
9144,0.0001,11
9145,0.0001,0
9146,0.0001,2
9147,0.0001,1
9148,0.0001,0
9149,0.0001,1
9150,0.0001,1
9151,0.0001,10
9152,0.0001,7
9153,0.0001,0
9154,0.0001,6
9155,0.0001,17
9156,0.0001,17
9157,0.0001,1
9158,0.0001,42
9159,0.0001,8
9160,0.0001,0
9161,0.0001,0
9162,0.0001,1
9163,0.0001,0
9164,0.0001,6
9165,0.0001,1
9166,0.0001,1
9167,0.0001,7
9168,0.0001,0
9169,0.0001,1
9170,0.0001,1
9171,0.0001,1
9172,0.0001,8
9173,0.0001,0
9174,0.0001,1
9175,0.0001,0
9176,0.0001,0
9177,0.0001,1
9178,0.0001,1
9179,0.0001,8
9180,0.0001,1
9181,0.0001,0
9182,0.0001,8
9183,0.0001,1
9184,0.0001,8
9185,0.0001,8
9186,0.0001,22
9187,0.0001,1
9188,0.0001,7
9189,0.0001,6
9190,0.0001,1
9191,0.0001,2
9192,0.0001,1
9193,0.0001,1
9194,0.0001,1
9195,0.0001,1
9196,0.0001,8
9197,0.0001,2
9198,0.0001,9
9199,0.0001,0
9200,0.0001,7
9201,0.0001,0
9202,0.0001,2
9203,0.0001,0
9204,0.0001,33
9205,0.0001,1
9206,0.0001,1
9207,0.0001,15
9208,0.0001,1
9209,0.0001,7
9210,0.0001,1
9211,0.0001,8
9212,0.0001,0
9213,0.0001,1
9214,0.0001,11
9215,0.0001,8
9216,0.0001,1
9217,0.0001,7
9218,0.0001,19
9219,0.0001,0
9220,0.0001,14
9221,0.0001,3
9222,0.0001,0
9223,0.0001,8
9224,0.0001,7
9225,0.0001,2
9226,0.0001,1
9227,0.0001,0
9228,0.0001,0
9229,0.0001,1
9230,0.0001,0
9231,0.0001,1
9232,0.0001,1
9233,0.0001,1
9234,0.0001,1
9235,0.0001,1
9236,0.0001,2
9237,0.0001,0
9238,0.0001,0
9239,0.0001,1
9240,0.0001,15
9241,0.0001,9
9242,0.0001,0
9243,0.0001,0
9244,0.0001,12
9245,0.0001,1
9246,0.0001,21
9247,0.0001,2
9248,0.0001,0
9249,0.0001,8
9250,0.0001,1
9251,0.0001,0
9252,0.0001,15
9253,0.0001,0
9254,0.0001,0
9255,0.0001,0
9256,0.0001,0
9257,0.0001,24
9258,0.0001,2
9259,0.0001,0
9260,0.0001,1
9261,0.0001,8
9262,0.0001,2
9263,0.0001,8
9264,0.0001,0
9265,0.0001,8
9266,0.0001,6
9267,0.0001,8
9268,0.0001,2
9269,0.0001,1
9270,0.0001,2
9271,0.0001,8
9272,0.0001,0
9273,0.0001,0
9274,0.0001,1
9275,0.0001,7
9276,0.0001,0
9277,0.0001,1
9278,0.0001,8
9279,0.0001,1
9280,0.0001,0
9281,0.0001,0
9282,0.0001,1
9283,0.0001,1
9284,0.0001,0
9285,0.0001,1
9286,0.0001,9
9287,0.0001,1
9288,0.0001,0
9289,0.0001,18
9290,0.0001,1
9291,0.0001,1
9292,0.0001,1
9293,0.0001,1
9294,0.0001,1
9295,0.0001,0
9296,0.0001,0
9297,0.0001,0
9298,0.0001,6
9299,0.0001,11
9300,0.0001,9
9301,0.0001,1
9302,0.0001,1
9303,0.0001,1
9304,0.0001,2
9305,0.0001,0
9306,0.0001,1
9307,0.0001,0
9308,0.0001,0
9309,0.0001,0
9310,0.0001,8
9311,0.0001,0
9312,0.0001,1
9313,0.0001,7
9314,0.0001,17
9315,0.0001,1
9316,0.0001,16
9317,0.0001,19
9318,0.0001,1
9319,0.0001,1
9320,0.0001,1
9321,0.0001,2
9322,0.0001,1
9323,0.0001,8
9324,0.0001,1
9325,0.0001,1
9326,0.0001,1
9327,0.0001,0
9328,0.0001,35
9329,0.0001,1
9330,0.0001,11
9331,0.0001,0
9332,0.0001,0
9333,0.0001,0
9334,0.0001,0
9335,0.0001,1
9336,0.0001,1
9337,0.0001,12
9338,0.0001,10
9339,0.0001,0
9340,0.0001,2
9341,0.0001,1
9342,0.0001,8
9343,0.0001,1
9344,0.0001,24
9345,0.0001,1
9346,0.0001,2
9347,0.0001,0
9348,0.0001,1
9349,0.0001,0
9350,0.0001,0
9351,0.0001,1
9352,0.0001,1
9353,0.0001,7
9354,0.0001,25
9355,0.0001,1
9356,0.0001,2
9357,0.0001,8
9358,0.0001,1
9359,0.0001,0
9360,0.0001,0
9361,0.0001,1
9362,0.0001,1
9363,0.0001,0
9364,0.0001,1
9365,0.0001,0
9366,0.0001,1
9367,0.0001,7
9368,0.0001,2
9369,0.0001,0
9370,0.0001,1
9371,0.0001,1
9372,0.0001,0
9373,0.0001,1
9374,0.0001,2
9375,0.0001,8
9376,0.0001,0
9377,0.0001,7
9378,0.0001,1
9379,0.0001,9
9380,0.0001,1
9381,0.0001,7
9382,0.0001,1
9383,0.0001,0
9384,0.0001,1
9385,0.0001,0
9386,0.0001,0
9387,0.0001,7
9388,0.0001,1
9389,0.0001,2
9390,0.0001,2
9391,0.0001,1
9392,0.0001,0
9393,0.0001,8
9394,0.0001,1
9395,0.0001,0
9396,0.0001,15
9397,0.0001,23
9398,0.0001,0
9399,0.0001,6
9400,0.0001,1
9401,0.0001,1
9402,0.0001,0
9403,0.0001,9
9404,0.0001,1
9405,0.0001,1
9406,0.0001,0
9407,0.0001,1
9408,0.0001,0
9409,0.0001,8
9410,0.0001,0
9411,0.0001,1
9412,0.0001,0
9413,0.0001,1
9414,0.0001,0
9415,0.0001,1
9416,0.0001,8
9417,0.0001,0
9418,0.0001,8
9419,0.0001,10
9420,0.0001,44
9421,0.0001,8
9422,0.0001,13
9423,0.0001,1
9424,0.0001,7
9425,0.0001,0
9426,0.0001,0
9427,0.0001,7
9428,0.0001,6
9429,0.0001,0
9430,0.0001,1
9431,0.0001,8
9432,0.0001,1
9433,0.0001,0
9434,0.0001,1
9435,0.0001,1
9436,0.0001,8
9437,0.0001,9
9438,0.0001,1
9439,0.0001,6
9440,0.0001,1
9441,0.0001,1
9442,0.0001,1
9443,0.0001,0
9444,0.0001,0
9445,0.0001,0
9446,0.0001,0
9447,0.0001,1
9448,0.0001,0
9449,0.0001,1
9450,0.0001,1
9451,0.0001,2
9452,0.0001,15
9453,0.0001,1
9454,0.0001,1
9455,0.0001,1
9456,0.0001,0
9457,0.0001,0
9458,0.0001,1
9459,0.0001,1
9460,0.0001,2
9461,0.0001,1
9462,0.0001,0
9463,0.0001,0
9464,0.0001,0
9465,0.0001,8
9466,0.0001,0
9467,0.0001,7
9468,0.0001,6
9469,0.0001,0
9470,0.0001,8
9471,0.0001,1
9472,0.0001,1
9473,0.0001,1
9474,0.0001,0
9475,0.0001,1
9476,0.0001,0
9477,0.0001,2
9478,0.0001,1
9479,0.0001,0
9480,0.0001,10
9481,0.0001,7
9482,0.0001,1
9483,0.0001,0
9484,0.0001,1
9485,0.0001,8
9486,0.0001,1
9487,0.0001,1
9488,0.0001,0
9489,0.0001,0
9490,0.0001,0
9491,0.0001,1
9492,0.0001,1
9493,0.0001,8
9494,0.0001,0
9495,0.0001,0
9496,0.0001,1
9497,0.0001,2
9498,0.0001,2
9499,0.0001,49
9500,0.0001,1
9501,0.0001,9
9502,0.0001,1
9503,0.0001,9
9504,0.0001,2
9505,0.0001,1
9506,0.0001,14
9507,0.0001,0
9508,0.0001,0
9509,0.0001,0
9510,0.0001,0
9511,0.0001,12
9512,0.0001,12
9513,0.0001,0
9514,0.0001,7
9515,0.0001,0
9516,0.0001,9
9517,0.0001,0
9518,0.0001,1
9519,0.0001,0
9520,0.0001,1
9521,0.0001,8
9522,0.0001,1
9523,0.0001,0
9524,0.0001,8
9525,0.0001,0
9526,0.0001,1
9527,0.0001,1
9528,0.0001,1
9529,0.0001,7
9530,0.0001,0
9531,0.0001,0
9532,0.0001,22
9533,0.0001,9
9534,0.0001,2
9535,0.0001,1
9536,0.0001,0
9537,0.0001,16
9538,0.0001,0
9539,0.0001,0
9540,0.0001,2
9541,0.0001,9
9542,0.0001,11
9543,0.0001,7
9544,0.0001,9
9545,0.0001,1
9546,0.0001,0
9547,0.0001,1
9548,0.0001,1
9549,0.0001,1
9550,0.0001,11
9551,0.0001,2
9552,0.0001,8
9553,0.0001,8
9554,0.0001,9
9555,0.0001,9
9556,0.0001,0
9557,0.0001,1
9558,0.0001,10
9559,0.0001,0
9560,0.0001,8
9561,0.0001,16
9562,0.0001,1
9563,0.0001,1
9564,0.0001,1
9565,0.0001,1
9566,0.0001,7
9567,0.0001,2
9568,0.0001,31
9569,0.0001,1
9570,0.0001,1
9571,0.0001,16
9572,0.0001,8
9573,0.0001,1
9574,0.0001,9
9575,0.0001,1
9576,0.0001,1
9577,0.0001,14
9578,0.0001,0
9579,0.0001,0
9580,0.0001,0
9581,0.0001,1
9582,0.0001,0
9583,0.0001,1
9584,0.0001,7
9585,0.0001,1
9586,0.0001,1
9587,0.0001,1
9588,0.0001,9
9589,0.0001,1
9590,0.0001,25
9591,0.0001,1
9592,0.0001,9
9593,0.0001,16
9594,0.0001,8
9595,0.0001,8
9596,0.0001,0
9597,0.0001,0
9598,0.0001,0
9599,0.0001,0
9600,0.0001,1
9601,0.0001,1
9602,0.0001,0
9603,0.0001,0
9604,0.0001,0
9605,0.0001,7
9606,0.0001,1
9607,0.0001,9
9608,0.0001,0
9609,0.0001,12
9610,0.0001,11
9611,0.0001,8
9612,0.0001,0
9613,0.0001,3
9614,0.0001,14
9615,0.0001,0
9616,0.0001,0
9617,0.0001,7
9618,0.0001,6
9619,0.0001,1
9620,0.0001,11
9621,0.0001,8
9622,0.0001,0
9623,0.0001,1
9624,0.0001,1
9625,0.0001,1
9626,0.0001,1
9627,0.0001,0
9628,0.0001,1
9629,0.0001,1
9630,0.0001,1
9631,0.0001,0
9632,0.0001,16
9633,0.0001,0
9634,0.0001,1
9635,0.0001,1
9636,0.0001,1
9637,0.0001,9
9638,0.0001,2
9639,0.0001,0
9640,0.0001,0
9641,0.0001,1
9642,0.0001,0
9643,0.0001,9
9644,0.0001,0
9645,0.0001,28
9646,0.0001,17
9647,0.0001,2
9648,0.0001,2
9649,0.0001,1
9650,0.0001,1
9651,0.0001,1
9652,0.0001,9
9653,0.0001,8
9654,0.0001,1
9655,0.0001,33
9656,0.0001,0
9657,0.0001,0
9658,0.0001,15
9659,0.0001,8
9660,0.0001,0
9661,0.0001,2
9662,0.0001,0
9663,0.0001,1
9664,0.0001,1
9665,0.0001,6
9666,0.0001,9
9667,0.0001,7
9668,0.0001,0
9669,0.0001,1
9670,0.0001,0
9671,0.0001,1
9672,0.0001,2
9673,0.0001,1
9674,0.0001,0
9675,0.0001,15
9676,0.0001,8
9677,0.0001,0
9678,0.0001,2
9679,0.0001,0
9680,0.0001,16
9681,0.0001,9
9682,0.0001,1
9683,0.0001,0
9684,0.0001,0
9685,0.0001,1
9686,0.0001,45
9687,0.0001,8
9688,0.0001,19
9689,0.0001,1
9690,0.0001,0
9691,0.0001,0
9692,0.0001,11
9693,0.0001,1
9694,0.0001,9
9695,0.0001,0
9696,0.0001,0
9697,0.0001,1
9698,0.0001,8
9699,0.0001,0
9700,0.0001,7
9701,0.0001,11
9702,0.0001,1
9703,0.0001,8
9704,0.0001,0
9705,0.0001,0
9706,0.0001,1
9707,0.0001,0
9708,0.0001,1
9709,0.0001,1
9710,0.0001,9
9711,0.0001,9
9712,0.0001,16
9713,0.0001,0
9714,0.0001,0
9715,0.0001,7
9716,0.0001,7
9717,0.0001,0
9718,0.0001,0
9719,0.0001,0
9720,0.0001,0
9721,0.0001,1
9722,0.0001,2
9723,0.0001,8
9724,0.0001,0
9725,0.0001,0
9726,0.0001,8
9727,0.0001,10
9728,0.0001,1
9729,0.0001,1
9730,0.0001,9
9731,0.0001,1
9732,0.0001,2
9733,0.0001,8
9734,0.0001,8
9735,0.0001,0
9736,0.0001,3
9737,0.0001,2
9738,0.0001,0
9739,0.0001,9
9740,0.0001,0
9741,0.0001,34
9742,0.0001,2
9743,0.0001,8
9744,0.0001,0
9745,0.0001,1
9746,0.0001,32
9747,0.0001,1
9748,0.0001,7
9749,0.0001,6
9750,0.0001,2
9751,0.0001,1
9752,0.0001,1
9753,0.0001,7
9754,0.0001,1
9755,0.0001,3
9756,0.0001,9
9757,0.0001,1
9758,0.0001,1
9759,0.0001,2
9760,0.0001,1
9761,0.0001,26
9762,0.0001,15
9763,0.0001,0
9764,0.0001,3
9765,0.0001,2
9766,0.0001,34
9767,0.0001,1
9768,0.0001,17
9769,0.0001,0
9770,0.0001,9
9771,0.0001,8
9772,0.0001,0
9773,0.0001,1
9774,0.0001,11
9775,0.0001,1
9776,0.0001,0
9777,0.0001,0
9778,0.0001,2
9779,0.0001,1
9780,0.0001,0
9781,0.0001,39
9782,0.0001,0
9783,0.0001,16
9784,0.0001,8
9785,0.0001,0
9786,0.0001,32
9787,0.0001,1
9788,0.0001,1
9789,0.0001,2
9790,0.0001,8
9791,0.0001,0
9792,0.0001,7
9793,0.0001,15
9794,0.0001,7
9795,0.0001,0
9796,0.0001,10
9797,0.0001,0
9798,0.0001,0
9799,0.0001,28
9800,0.0001,8
9801,0.0001,10
9802,0.0001,0
9803,0.0001,1
9804,0.0001,16
9805,0.0001,0
9806,0.0001,7
9807,0.0001,2
9808,0.0001,10
9809,0.0001,1
9810,0.0001,19
9811,0.0001,1
9812,0.0001,8
9813,0.0001,1
9814,0.0001,8
9815,0.0001,2
9816,0.0001,42
9817,0.0001,0
9818,0.0001,1
9819,0.0001,7
9820,0.0001,0
9821,0.0001,1
9822,0.0001,0
9823,0.0001,0
9824,0.0001,0
9825,0.0001,1
9826,0.0001,0
9827,0.0001,8
9828,0.0001,0
9829,0.0001,0
9830,0.0001,2
9831,0.0001,6
9832,0.0001,20
9833,0.0001,0
9834,0.0001,0
9835,0.0001,9
9836,0.0001,23
9837,0.0001,2
9838,0.0001,16
9839,0.0001,6
9840,0.0001,24
9841,0.0001,6
9842,0.0001,1
9843,0.0001,17
9844,0.0001,7
9845,0.0001,2
9846,0.0001,1
9847,0.0001,0
9848,0.0001,0
9849,0.0001,0
9850,0.0001,1
9851,0.0001,0
9852,0.0001,8
9853,0.0001,8
9854,0.0001,0
9855,0.0001,0
9856,0.0001,0
9857,0.0001,0
9858,0.0001,1
9859,0.0001,0
9860,0.0001,1
9861,0.0001,0
9862,0.0001,0
9863,0.0001,6
9864,0.0001,10
9865,0.0001,1
9866,0.0001,1
9867,0.0001,1
9868,0.0001,1
9869,0.0001,1
9870,0.0001,0
9871,0.0001,1
9872,0.0001,9
9873,0.0001,8
9874,0.0001,0
9875,0.0001,0
9876,0.0001,1
9877,0.0001,0
9878,0.0001,1
9879,0.0001,0
9880,0.0001,29
9881,0.0001,0
9882,0.0001,0
9883,0.0001,10
9884,0.0001,0
9885,0.0001,3
9886,0.0001,1
9887,0.0001,8
9888,0.0001,0
9889,0.0001,1
9890,0.0001,0
9891,0.0001,0
9892,0.0001,0
9893,0.0001,1
9894,0.0001,16
9895,0.0001,1
9896,0.0001,1
9897,0.0001,1
9898,0.0001,8
9899,0.0001,1
9900,0.0001,0
9901,0.0001,1
9902,0.0001,1
9903,0.0001,1
9904,0.0001,1
9905,0.0001,6
9906,0.0001,17
9907,0.0001,10
9908,0.0001,6
9909,0.0001,0
9910,0.0001,0
9911,0.0001,1
9912,0.0001,7
9913,0.0001,1
9914,0.0001,1
9915,0.0001,1
9916,0.0001,1
9917,0.0001,2
9918,0.0001,16
9919,0.0001,1
9920,0.0001,2
9921,0.0001,8
9922,0.0001,14
9923,0.0001,9
9924,0.0001,2
9925,0.0001,15
9926,0.0001,1
9927,0.0001,1
9928,0.0001,2
9929,0.0001,34
9930,0.0001,34
9931,0.0001,0
9932,0.0001,0
9933,0.0001,1
9934,0.0001,1
9935,0.0001,1
9936,0.0001,1
9937,0.0001,1
9938,0.0001,1
9939,0.0001,6
9940,0.0001,1
9941,0.0001,1
9942,0.0001,9
9943,0.0001,2
9944,0.0001,8
9945,0.0001,1
9946,0.0001,0
9947,0.0001,9
9948,0.0001,0
9949,0.0001,0
9950,0.0001,0
9951,0.0001,8
9952,0.0001,13
9953,0.0001,0
9954,0.0001,0
9955,0.0001,1
9956,0.0001,0
9957,0.0001,1
9958,0.0001,0
9959,0.0001,2
9960,0.0001,0
9961,0.0001,9
9962,0.0001,0
9963,0.0001,2
9964,0.0001,11
9965,0.0001,0
9966,0.0001,6
9967,0.0001,1
9968,0.0001,0
9969,0.0001,1
9970,0.0001,0
9971,0.0001,1
9972,0.0001,19
9973,0.0001,0
9974,0.0001,0
9975,0.0001,1
9976,0.0001,8
9977,0.0001,0
9978,0.0001,0
9979,0.0001,8
9980,0.0001,9
9981,0.0001,8
9982,0.0001,1
9983,0.0001,1
9984,0.0001,10
9985,0.0001,1
9986,0.0001,1
9987,0.0001,0
9988,0.0001,17
9989,0.0001,0
9990,0.0001,1
9991,0.0001,3
9992,0.0001,1
9993,0.0001,1
9994,0.0001,17
9995,0.0001,0
9996,0.0001,7
9997,0.0001,11
9998,0.0001,1
9999,0.0001,0
